run_id,arm,strategy,task_short,source_network_seed,pruning_seed,pruning_pct,amount,post_acc_sequence,baseline_acc_sequence,sequence_retention,post_rec_weight_nz_count,post_rec_ct_abscissa,prune_prob_control,prune_kept_amp_mean,prune_kept_amp_max,prune_gain_restore_factor,prune_gain_restore_offdiag_l1_ratio,prune_leak_shift
ctrl_full_ctxdlydm1intseq_netseed0_lnp_rescale_p50_pruneseed0,lnp_rescale,noise_prune,ctxdlydm1intseq,0,0.0,50,0.5,0.6906514400304706,0.7247518563973683,0.9529488388806541,116331.0,0.6163246035575867,none,2.238339044516307,368.1098647237685,,,1.0
ctrl_full_ctxdlydm1intseq_netseed0_lnp_rescale_p50_pruneseed1,lnp_rescale,noise_prune,ctxdlydm1intseq,0,1.0,50,0.5,0.6778641908190937,0.7247518563973683,0.9353052149306025,116415.0,0.7255923748016357,none,2.2514701862367437,337.5333967584961,,,1.0
ctrl_full_ctxdlydm1intseq_netseed0_lnp_rescale_p50_pruneseed2,lnp_rescale,noise_prune,ctxdlydm1intseq,0,2.0,50,0.5,0.666912992665562,0.7247518563973683,0.9201949422809146,116235.0,0.7517489790916443,none,2.2495748569953844,544.631300721233,,,1.0
ctrl_full_ctxdlydm1intseq_netseed0_lnp_rescale_p60_pruneseed0,lnp_rescale,noise_prune,ctxdlydm1intseq,0,0.0,60,0.6,0.5959938928514459,0.7247518563973683,0.8223420024255491,96173.0,0.9048108458518982,none,2.6982588338841453,423.1868135480892,,,1.0
ctrl_full_ctxdlydm1intseq_netseed0_lnp_rescale_p60_pruneseed1,lnp_rescale,noise_prune,ctxdlydm1intseq,0,1.0,60,0.6,0.6111445694883473,0.7247518563973683,0.8432466424111755,96259.0,0.9020323157310486,none,2.7260418149536108,421.91674594812014,,,1.0
ctrl_full_ctxdlydm1intseq_netseed0_lnp_rescale_p60_pruneseed2,lnp_rescale,noise_prune,ctxdlydm1intseq,0,2.0,60,0.6,0.576360517089273,0.7247518563973683,0.7952522121906301,95975.0,0.8639426827430725,none,2.713041202805954,680.7891259015411,,,1.0
ctrl_full_ctxdlydm1intseq_netseed0_lnp_rescale_p70_pruneseed0,lnp_rescale,noise_prune,ctxdlydm1intseq,0,0.0,70,0.7,0.3564966583219665,0.7247518563973683,0.491887885729686,73945.0,1.326725959777832,none,3.5158202629295356,564.2490847307856,,,1.0
ctrl_full_ctxdlydm1intseq_netseed0_lnp_rescale_p70_pruneseed1,lnp_rescale,noise_prune,ctxdlydm1intseq,0,1.0,70,0.7,0.3510991890774494,0.7247518563973683,0.4844405515878363,74182.0,1.3381531238555908,none,3.5362748526833374,473.8488491497817,,,1.0
ctrl_full_ctxdlydm1intseq_netseed0_lnp_rescale_p70_pruneseed2,lnp_rescale,noise_prune,ctxdlydm1intseq,0,2.0,70,0.7,0.360777522047262,0.7247518563973683,0.49779454700624354,73953.0,1.223476529121399,none,3.5215270985589684,907.7188345353882,,,1.0
ctrl_full_ctxdlydm1intseq_netseed0_lnp_rescale_p80_pruneseed0,lnp_rescale,noise_prune,ctxdlydm1intseq,0,0.0,80,0.8,0.1516662814431882,0.7247518563973683,0.2092664959798769,50440.0,1.980204939842224,none,5.142019948820679,846.3736270961787,,,1.0
ctrl_full_ctxdlydm1intseq_netseed0_lnp_rescale_p80_pruneseed1,lnp_rescale,noise_prune,ctxdlydm1intseq,0,1.0,80,0.8,0.1137212262477171,0.7247518563973683,0.156910569105691,50590.0,2.0483081340789795,none,5.21003476983669,710.7732737246728,,,1.0
ctrl_full_ctxdlydm1intseq_netseed0_lnp_rescale_p80_pruneseed2,lnp_rescale,noise_prune,ctxdlydm1intseq,0,2.0,80,0.8,0.1479583698210501,0.7247518563973683,0.20415038404527688,50429.0,1.9013088941574097,none,5.219600843687666,1361.5782518030826,,,1.0
ctrl_full_ctxdlydm1intseq_netseed0_snp_rescale_p50_pruneseed0,snp_rescale,simulation_noise_prune_rescale,ctxdlydm1intseq,0,0.0,50,0.5,0.6310448888440365,0.7247518563973683,0.8707047567713246,119440.0,0.6729455590248108,none,2.215005508621225,1033.153454451336,,,0.0
ctrl_full_ctxdlydm1intseq_netseed0_snp_rescale_p50_pruneseed1,snp_rescale,simulation_noise_prune_rescale,ctxdlydm1intseq,0,1.0,50,0.5,0.6664018933462682,0.7247518563973683,0.9194897363338276,119302.0,0.8588631749153137,none,2.20435030186644,548.1689573757884,,,0.0
ctrl_full_ctxdlydm1intseq_netseed0_snp_rescale_p50_pruneseed2,snp_rescale,simulation_noise_prune_rescale,ctxdlydm1intseq,0,2.0,50,0.5,0.6748496814581632,0.7247518563973683,0.931145847370076,119220.0,0.6565676927566528,none,2.171727373641164,234.4178484424551,,,0.0
ctrl_full_ctxdlydm1intseq_netseed0_snp_rescale_p60_pruneseed0,snp_rescale,simulation_noise_prune_rescale,ctxdlydm1intseq,0,0.0,60,0.6,0.5787434769728597,0.7247518563973683,0.7985401787719535,99054.0,0.9771041870117188,none,2.665678338966323,1291.44181806417,,,0.0
ctrl_full_ctxdlydm1intseq_netseed0_snp_rescale_p60_pruneseed1,snp_rescale,simulation_noise_prune_rescale,ctxdlydm1intseq,0,1.0,60,0.6,0.5751853141958649,0.7247518563973683,0.7936306876880923,99243.0,0.9118223190307616,none,2.640968039613064,685.2111967197354,,,0.0
ctrl_full_ctxdlydm1intseq_netseed0_snp_rescale_p60_pruneseed2,snp_rescale,simulation_noise_prune_rescale,ctxdlydm1intseq,0,2.0,60,0.6,0.5832033882303919,0.7247518563973683,0.8046938867178728,99091.0,0.860493540763855,none,2.6142355844650096,293.02231055306885,,,0.0
ctrl_full_ctxdlydm1intseq_netseed0_snp_rescale_p70_pruneseed0,snp_rescale,simulation_noise_prune_rescale,ctxdlydm1intseq,0,0.0,70,0.7,0.3659406017950329,0.7247518563973683,0.5049184745991107,76322.0,1.246288180351257,none,3.447879194172348,1721.92242408556,,,0.0
ctrl_full_ctxdlydm1intseq_netseed0_snp_rescale_p70_pruneseed1,snp_rescale,simulation_noise_prune_rescale,ctxdlydm1intseq,0,1.0,70,0.7,0.3441065690911872,0.7247518563973683,0.4747922562098548,76334.0,1.4792373180389404,none,3.433826620022073,913.6149289596474,,,0.0
ctrl_full_ctxdlydm1intseq_netseed0_snp_rescale_p70_pruneseed2,snp_rescale,simulation_noise_prune_rescale,ctxdlydm1intseq,0,2.0,70,0.7,0.355702338360771,0.7247518563973683,0.4907918968692449,76461.0,1.1900633573532104,none,3.3948312107645195,390.69641407075846,,,0.0
ctrl_full_ctxdlydm1intseq_netseed0_snp_rescale_p80_pruneseed0,snp_rescale,simulation_noise_prune_rescale,ctxdlydm1intseq,0,0.0,80,0.8,0.1371243664158916,0.7247518563973683,0.1892018146700804,51946.0,2.0367043018341064,none,5.056810575264811,918.4532263397824,,,0.0
ctrl_full_ctxdlydm1intseq_netseed0_snp_rescale_p80_pruneseed1,snp_rescale,simulation_noise_prune_rescale,ctxdlydm1intseq,0,1.0,80,0.8,0.1343637790097694,0.7247518563973683,0.18539280420428503,51741.0,2.0349738597869873,none,5.062142877851831,1370.4223934394713,,,0.0
ctrl_full_ctxdlydm1intseq_netseed0_snp_rescale_p80_pruneseed2,snp_rescale,simulation_noise_prune_rescale,ctxdlydm1intseq,0,2.0,80,0.8,0.1561685130265218,0.7247518563973683,0.215478596774918,52038.0,1.946974515914917,none,5.002962796804626,586.0446211061378,,,0.0
ctrl_full_ctxdlydm1intseq_netseed0_lnp_shuffled_p50_pruneseed0,lnp_shuffled,noise_prune_shuffled_rescale,ctxdlydm1intseq,0,0.0,50,0.5,0.0776382653875076,0.7247518563973683,0.10712392759286696,116153.0,4.132801055908203,shuffle,2.251907709772012,1430.0032585765243,,,1.0
ctrl_full_ctxdlydm1intseq_netseed0_lnp_shuffled_p50_pruneseed1,lnp_shuffled,noise_prune_shuffled_rescale,ctxdlydm1intseq,0,1.0,50,0.5,0.0599809232992925,0.7247518563973683,0.08276063423617648,116613.0,3.4212241172790527,shuffle,2.2457681658091206,341.0552051129921,,,1.0
ctrl_full_ctxdlydm1intseq_netseed0_lnp_shuffled_p50_pruneseed2,lnp_shuffled,noise_prune_shuffled_rescale,ctxdlydm1intseq,0,2.0,50,0.5,0.0762709933231547,0.7247518563973683,0.10523738939046844,115855.0,3.332387685775757,shuffle,2.245192799090367,921.6419267334376,,,1.0
ctrl_full_ctxdlydm1intseq_netseed0_lnp_shuffled_p60_pruneseed0,lnp_shuffled,noise_prune_shuffled_rescale,ctxdlydm1intseq,0,0.0,60,0.6,0.0576500499705385,0.7247518563973683,0.07954453577684943,96222.0,5.12615966796875,shuffle,2.721076719372926,1787.5040732206553,,,1.0
ctrl_full_ctxdlydm1intseq_netseed0_lnp_shuffled_p60_pruneseed1,lnp_shuffled,noise_prune_shuffled_rescale,ctxdlydm1intseq,0,1.0,60,0.6,0.0422389405594747,0.7247518563973683,0.058280555181242415,96276.0,3.723473310470581,shuffle,2.7059730516672587,426.3190063912401,,,1.0
ctrl_full_ctxdlydm1intseq_netseed0_lnp_shuffled_p60_pruneseed2,lnp_shuffled,noise_prune_shuffled_rescale,ctxdlydm1intseq,0,2.0,60,0.6,0.0812322376709497,0.7247518563973683,0.11208282801060056,95993.0,4.307753086090088,shuffle,2.7161988318588723,1152.052408416797,,,1.0
ctrl_full_ctxdlydm1intseq_netseed0_lnp_shuffled_p70_pruneseed0,lnp_shuffled,noise_prune_shuffled_rescale,ctxdlydm1intseq,0,0.0,70,0.7,0.0490297251457609,0.7247518563973683,0.0676503615864887,73942.0,5.669267177581787,shuffle,3.5115936541407584,1450.51987027644,,,1.0
ctrl_full_ctxdlydm1intseq_netseed0_lnp_shuffled_p70_pruneseed1,lnp_shuffled,noise_prune_shuffled_rescale,ctxdlydm1intseq,0,1.0,70,0.7,0.0740898688395441,0.7247518563973683,0.10222791178188025,74171.0,4.338586807250977,shuffle,3.5190558003130765,306.9914491767934,,,1.0
ctrl_full_ctxdlydm1intseq_netseed0_lnp_shuffled_p70_pruneseed2,lnp_shuffled,noise_prune_shuffled_rescale,ctxdlydm1intseq,0,2.0,70,0.7,0.0610486976733587,0.7247518563973683,0.08423393073709742,74047.0,4.247369289398193,shuffle,3.5102367609026652,362.6760262975473,,,1.0
ctrl_full_ctxdlydm1intseq_netseed0_lnp_shuffled_p80_pruneseed0,lnp_shuffled,noise_prune_shuffled_rescale,ctxdlydm1intseq,0,0.0,80,0.8,0.0404159111403374,0.7247518563973683,0.05576517091137755,50432.0,5.174063205718994,shuffle,5.111721327325102,465.60520470743216,,,1.0
ctrl_full_ctxdlydm1intseq_netseed0_lnp_shuffled_p80_pruneseed1,lnp_shuffled,noise_prune_shuffled_rescale,ctxdlydm1intseq,0,1.0,80,0.8,0.0549155058418326,0.7247518563973683,0.0757714593720522,50472.0,5.663146018981934,shuffle,5.140441356712161,460.4871737651902,,,1.0
ctrl_full_ctxdlydm1intseq_netseed0_lnp_shuffled_p80_pruneseed2,lnp_shuffled,noise_prune_shuffled_rescale,ctxdlydm1intseq,0,2.0,80,0.8,0.0608468622733828,0.7247518563973683,0.0839554417643624,50587.0,6.52416467666626,shuffle,5.166012512419564,544.0140394463211,,,1.0
ctrl_full_ctxdlydm1intseq_netseed0_lnp_uniform_p50_pruneseed0,lnp_uniform,noise_prune_uniform_rescale,ctxdlydm1intseq,0,0.0,50,0.5,0.3784999723290177,0.7247518563973683,0.5222476755154292,116310.0,1.3383889198303225,uniform,2.249232863822847,2.249232863822847,,,1.0
ctrl_full_ctxdlydm1intseq_netseed0_lnp_uniform_p50_pruneseed1,lnp_uniform,noise_prune_uniform_rescale,ctxdlydm1intseq,0,1.0,50,0.5,0.307838049879387,0.7247518563973683,0.4247495845124197,116577.0,1.322110652923584,uniform,2.249232863822847,2.249232863822847,,,1.0
ctrl_full_ctxdlydm1intseq_netseed0_lnp_uniform_p50_pruneseed2,lnp_uniform,noise_prune_uniform_rescale,ctxdlydm1intseq,0,2.0,50,0.5,0.2010248029663293,0.7247518563973683,0.27737052508646637,116267.0,1.3165102005004885,uniform,2.2492328638228476,2.2492328638228476,,,1.0
ctrl_full_ctxdlydm1intseq_netseed0_lnp_uniform_p60_pruneseed0,lnp_uniform,noise_prune_uniform_rescale,ctxdlydm1intseq,0,0.0,60,0.6,0.2632031277976177,0.7247518563973683,0.363163095719355,96135.0,1.6112509965896606,uniform,2.720234361225216,2.7202343612252156,,,1.0
ctrl_full_ctxdlydm1intseq_netseed0_lnp_uniform_p60_pruneseed1,lnp_uniform,noise_prune_uniform_rescale,ctxdlydm1intseq,0,1.0,60,0.6,0.1913139158997464,0.7247518563973683,0.2639716120918115,96607.0,1.5151164531707764,uniform,2.7202343612252164,2.7202343612252156,,,1.0
ctrl_full_ctxdlydm1intseq_netseed0_lnp_uniform_p60_pruneseed2,lnp_uniform,noise_prune_uniform_rescale,ctxdlydm1intseq,0,2.0,60,0.6,0.1462623013793171,0.7247518563973683,0.20181017832277773,96243.0,1.6053637266159058,uniform,2.720234361225216,2.7202343612252156,,,1.0
ctrl_full_ctxdlydm1intseq_netseed0_lnp_uniform_p70_pruneseed0,lnp_uniform,noise_prune_uniform_rescale,ctxdlydm1intseq,0,0.0,70,0.7,0.1316259794713865,0.7247518563973683,0.18161523604186308,73854.0,2.1974408626556396,uniform,3.5354172160192965,3.5354172160192947,,,1.0
ctrl_full_ctxdlydm1intseq_netseed0_lnp_uniform_p70_pruneseed1,lnp_uniform,noise_prune_uniform_rescale,ctxdlydm1intseq,0,1.0,70,0.7,0.103567603465058,0.7247518563973683,0.142900777074069,74266.0,2.049448728561402,uniform,3.5354172160192965,3.5354172160192947,,,1.0
ctrl_full_ctxdlydm1intseq_netseed0_lnp_uniform_p70_pruneseed2,lnp_uniform,noise_prune_uniform_rescale,ctxdlydm1intseq,0,2.0,70,0.7,0.1010186176879429,0.7247518563973683,0.1393837308538831,74038.0,1.9854862689971924,uniform,3.5354172160192965,3.5354172160192947,,,1.0
ctrl_full_ctxdlydm1intseq_netseed0_lnp_uniform_p80_pruneseed0,lnp_uniform,noise_prune_uniform_rescale,ctxdlydm1intseq,0,0.0,80,0.8,0.0546550730676702,0.7247518563973683,0.0754121187620716,50573.0,2.8298304080963135,uniform,5.184749153736299,5.184749153736298,,,1.0
ctrl_full_ctxdlydm1intseq_netseed0_lnp_uniform_p80_pruneseed1,lnp_uniform,noise_prune_uniform_rescale,ctxdlydm1intseq,0,1.0,80,0.8,0.0737317737750707,0.7247518563973683,0.10173381844315678,50541.0,2.762874126434326,uniform,5.184749153736299,5.184749153736298,,,1.0
ctrl_full_ctxdlydm1intseq_netseed0_lnp_uniform_p80_pruneseed2,lnp_uniform,noise_prune_uniform_rescale,ctxdlydm1intseq,0,2.0,80,0.8,0.0539160950709842,0.7247518563973683,0.0743924897812514,50483.0,2.8266186714172363,uniform,5.184749153736299,5.184749153736298,,,1.0
ctrl_full_ctxdlydm1intseq_netseed0_snp_shuffled_p50_pruneseed0,snp_shuffled,simulation_noise_prune_shuffled_rescale,ctxdlydm1intseq,0,0.0,50,0.5,0.056015834312669,0.7247518563973683,0.07728967344922058,119286.0,3.648930788040161,shuffle,2.3043851132842064,10031.444955714993,,,0.0
ctrl_full_ctxdlydm1intseq_netseed0_snp_shuffled_p50_pruneseed1,snp_shuffled,simulation_noise_prune_shuffled_rescale,ctxdlydm1intseq,0,1.0,50,0.5,0.0727193413655141,0.7247518563973683,0.10033688182185684,119248.0,3.4894964694976807,shuffle,2.1940969985691834,1196.907147165053,,,0.0
ctrl_full_ctxdlydm1intseq_netseed0_snp_shuffled_p50_pruneseed2,snp_shuffled,simulation_noise_prune_shuffled_rescale,ctxdlydm1intseq,0,2.0,50,0.5,0.071752484691436,0.7247518563973683,0.09900282980730361,119547.0,2.826846122741699,shuffle,2.1799774611436664,339.95249734976846,,,0.0
ctrl_full_ctxdlydm1intseq_netseed0_snp_shuffled_p60_pruneseed0,snp_shuffled,simulation_noise_prune_shuffled_rescale,ctxdlydm1intseq,0,0.0,60,0.6,0.0621360045054869,0.7247518563973683,0.08573417778376666,99255.0,4.2620134353637695,shuffle,2.8085268404844905,12539.306194643736,,,0.0
ctrl_full_ctxdlydm1intseq_netseed0_snp_shuffled_p60_pruneseed1,snp_shuffled,simulation_noise_prune_shuffled_rescale,ctxdlydm1intseq,0,1.0,60,0.6,0.0690439838401463,0.7247518563973683,0.09526568746350439,99159.0,4.117387771606445,shuffle,2.6425419239499774,1496.1339339563162,,,0.0
ctrl_full_ctxdlydm1intseq_netseed0_snp_shuffled_p60_pruneseed2,snp_shuffled,simulation_noise_prune_shuffled_rescale,ctxdlydm1intseq,0,2.0,60,0.6,0.074080102610513,0.7247518563973683,0.10221443650900595,99424.0,3.7581698894500737,shuffle,2.6256816491207857,424.94062168721064,,,0.0
ctrl_full_ctxdlydm1intseq_netseed0_snp_shuffled_p70_pruneseed0,snp_shuffled,simulation_noise_prune_shuffled_rescale,ctxdlydm1intseq,0,0.0,70,0.7,0.0646296483180925,0.7247518563973683,0.08917486412433173,76374.0,5.369943618774414,shuffle,3.72484259971848,16719.074926191654,,,0.0
ctrl_full_ctxdlydm1intseq_netseed0_snp_shuffled_p70_pruneseed1,snp_shuffled,simulation_noise_prune_shuffled_rescale,ctxdlydm1intseq,0,1.0,70,0.7,0.0718957227172253,0.7247518563973683,0.09920046714279292,76475.0,4.135707378387451,shuffle,3.4149385162371875,536.8898929342997,,,0.0
ctrl_full_ctxdlydm1intseq_netseed0_snp_shuffled_p70_pruneseed2,snp_shuffled,simulation_noise_prune_shuffled_rescale,ctxdlydm1intseq,0,2.0,70,0.7,0.0561427952900732,0.7247518563973683,0.07746485199658616,76601.0,4.260618686676025,shuffle,3.407259863162621,566.5874955829474,,,0.0
ctrl_full_ctxdlydm1intseq_netseed0_snp_shuffled_p80_pruneseed0,snp_shuffled,simulation_noise_prune_shuffled_rescale,ctxdlydm1intseq,0,0.0,80,0.8,0.0449767400978576,0.7247518563973683,0.062058123343664354,51780.0,6.4355363845825195,shuffle,5.679029271812403,25078.61238928749,,,0.0
ctrl_full_ctxdlydm1intseq_netseed0_snp_shuffled_p80_pruneseed1,snp_shuffled,simulation_noise_prune_shuffled_rescale,ctxdlydm1intseq,0,1.0,80,0.8,0.0694509100497752,0.7247518563973683,0.09582715716659929,51886.0,6.431457042694092,shuffle,5.0494527118502655,805.3348394014498,,,0.0
ctrl_full_ctxdlydm1intseq_netseed0_snp_shuffled_p80_pruneseed2,snp_shuffled,simulation_noise_prune_shuffled_rescale,ctxdlydm1intseq,0,2.0,80,0.8,0.0670646947565116,0.7247518563973683,0.09253469882765122,52029.0,5.496697902679443,shuffle,5.03007733955264,849.8812433744215,,,0.0
ctrl_full_ctxdlydm1intseq_netseed0_snp_uniform_p50_pruneseed0,snp_uniform,simulation_noise_prune_uniform_rescale,ctxdlydm1intseq,0,0.0,50,0.5,0.2178813142739948,0.7247518563973683,0.3006288460674662,119477.0,1.4647129774093628,uniform,2.1938940947732917,2.19389409477329,,,0.0
ctrl_full_ctxdlydm1intseq_netseed0_snp_uniform_p50_pruneseed1,snp_uniform,simulation_noise_prune_uniform_rescale,ctxdlydm1intseq,0,1.0,50,0.5,0.2585251040917244,0.7247518563973683,0.35670844001257695,119361.0,1.5432374477386477,uniform,2.1935986343573854,2.1935986343573854,,,0.0
ctrl_full_ctxdlydm1intseq_netseed0_snp_uniform_p50_pruneseed2,snp_uniform,simulation_noise_prune_uniform_rescale,ctxdlydm1intseq,0,2.0,50,0.5,0.2442436218385902,0.7247518563973683,0.337003099312761,119565.0,1.293607234954834,uniform,2.193435287640192,2.1934352876401935,,,0.0
ctrl_full_ctxdlydm1intseq_netseed0_snp_uniform_p60_pruneseed0,snp_uniform,simulation_noise_prune_uniform_rescale,ctxdlydm1intseq,0,0.0,60,0.6,0.1537464882268109,0.7247518563973683,0.21213672910209766,99395.0,1.8912434577941897,uniform,2.63903790870414,2.6390379087041413,,,0.0
ctrl_full_ctxdlydm1intseq_netseed0_snp_uniform_p60_pruneseed1,snp_uniform,simulation_noise_prune_uniform_rescale,ctxdlydm1intseq,0,1.0,60,0.6,0.1997389161439021,0.7247518563973683,0.2755962808246867,99155.0,1.7947146892547607,uniform,2.6387711255308166,2.638771125530818,,,0.0
ctrl_full_ctxdlydm1intseq_netseed0_snp_uniform_p60_pruneseed2,snp_uniform,simulation_noise_prune_uniform_rescale,ctxdlydm1intseq,0,2.0,60,0.6,0.1962751602475413,0.7247518563973683,0.2708170507119435,99615.0,1.5064879655838013,uniform,2.638544590157899,2.6385445901579003,,,0.0
ctrl_full_ctxdlydm1intseq_netseed0_snp_uniform_p70_pruneseed0,snp_uniform,simulation_noise_prune_uniform_rescale,ctxdlydm1intseq,0,0.0,70,0.7,0.0952370101015362,0.7247518563973683,0.13140636931231187,76513.0,2.1835360527038574,uniform,3.4231035719971454,3.4231035719971454,,,0.0
ctrl_full_ctxdlydm1intseq_netseed0_snp_uniform_p70_pruneseed1,snp_uniform,simulation_noise_prune_uniform_rescale,ctxdlydm1intseq,0,1.0,70,0.7,0.1088413671418479,0.7247518563973683,0.15017742442617787,76413.0,1.9743921756744385,uniform,3.4228329377712403,3.4228329377712403,,,0.0
ctrl_full_ctxdlydm1intseq_netseed0_snp_uniform_p70_pruneseed2,snp_uniform,simulation_noise_prune_uniform_rescale,ctxdlydm1intseq,0,2.0,70,0.7,0.1228461395724345,0.7247518563973683,0.16950096572788934,76541.0,2.0721516609191895,uniform,3.42257067774517,3.422570677745169,,,0.0
ctrl_full_ctxdlydm1intseq_netseed0_snp_uniform_p80_pruneseed0,snp_uniform,simulation_noise_prune_uniform_rescale,ctxdlydm1intseq,0,0.0,80,0.8,0.0451948525462186,0.7247518563973683,0.062359071104523094,51838.0,2.6078453063964844,uniform,5.041232051006931,5.041232051006933,,,0.0
ctrl_full_ctxdlydm1intseq_netseed0_snp_uniform_p80_pruneseed1,snp_uniform,simulation_noise_prune_uniform_rescale,ctxdlydm1intseq,0,1.0,80,0.8,0.073770838691195,0.7247518563973683,0.10178771953465378,51897.0,2.67394757270813,uniform,5.0410518939478335,5.0410518939478335,,,0.0
ctrl_full_ctxdlydm1intseq_netseed0_snp_uniform_p80_pruneseed2,snp_uniform,simulation_noise_prune_uniform_rescale,ctxdlydm1intseq,0,2.0,80,0.8,0.0669442445984614,0.7247518563973683,0.09236850379553507,52042.0,3.299558162689209,uniform,5.040800095536013,5.040800095536013,,,0.0
ctrl_full_ctxdlydm1intseq_netseed0_magnitude_p50_pruneseed0,magnitude,l1_unstructured,ctxdlydm1intseq,0,0.0,50,0.5,0.5016000338562606,0.7247518563973683,0.6920989983380497,131072.0,0.6610217690467834,,,,,,
ctrl_full_ctxdlydm1intseq_netseed0_magnitude_p60_pruneseed0,magnitude,l1_unstructured,ctxdlydm1intseq,0,0.0,60,0.6,0.2090884527363346,0.7247518563973683,0.2884966087229933,104858.0,0.7176993489265442,,,,,,
ctrl_full_ctxdlydm1intseq_netseed0_magnitude_p70_pruneseed0,magnitude,l1_unstructured,ctxdlydm1intseq,0,0.0,70,0.7,0.0734680855912312,0.7247518563973683,0.10136998607555134,78643.0,0.707459032535553,,,,,,
ctrl_full_ctxdlydm1intseq_netseed0_magnitude_p80_pruneseed0,magnitude,l1_unstructured,ctxdlydm1intseq,0,0.0,80,0.8,0.0317793092671747,0.7247518563973683,0.0438485379328931,52429.0,0.8361716866493225,,,,,,
ctrl_full_ctxdlydm1intseq_netseed0_magnitude_gain_invdensity_p50_pruneseed0,magnitude_gain_invdensity,l1_unstructured_gain,ctxdlydm1intseq,0,0.0,50,0.5,0.0440359267011957,0.7247518563973683,0.06076000539010914,131072.0,2.3155550956726074,,,,1.99609375,1.573810185667169,
ctrl_full_ctxdlydm1intseq_netseed0_magnitude_gain_invdensity_p60_pruneseed0,magnitude_gain_invdensity,l1_unstructured_gain,ctxdlydm1intseq,0,0.0,60,0.6,0.045549692201015,0.7247518563973683,0.06284867268562183,104858.0,3.2858448028564453,,,,2.495107669419596,1.7251875233513514,
ctrl_full_ctxdlydm1intseq_netseed0_magnitude_gain_invdensity_p70_pruneseed0,magnitude_gain_invdensity,l1_unstructured_gain,ctxdlydm1intseq,0,0.0,70,0.7,0.0460705577493399,0.7247518563973683,0.06356735390558317,78643.0,4.6804280281066895,,,,3.326831377236372,1.9060417347157692,
ctrl_full_ctxdlydm1intseq_netseed0_magnitude_gain_invdensity_p80_pruneseed0,magnitude_gain_invdensity,l1_unstructured_gain,ctxdlydm1intseq,0,0.0,80,0.8,0.0425579707078237,0.7247518563973683,0.05872074742846873,52429.0,8.16289234161377,,,,4.990215338839192,2.1412389903558395,
ctrl_full_ctxdlydm1intseq_netseed0_magnitude_gain_matchl1_p50_pruneseed0,magnitude_gain_matchl1,l1_unstructured_gain,ctxdlydm1intseq,0,0.0,50,0.5,0.0884462255152499,0.7247518563973683,0.12203656290706545,131072.0,1.106705904006958,,,,1.268319262642031,1.0,
ctrl_full_ctxdlydm1intseq_netseed0_magnitude_gain_matchl1_p60_pruneseed0,magnitude_gain_matchl1,l1_unstructured_gain,ctxdlydm1intseq,0,0.0,60,0.6,0.0616607146926404,0.7247518563973683,0.08507838117055191,104858.0,1.4842777252197266,,,,1.4462820344215748,1.0000000596268148,
ctrl_full_ctxdlydm1intseq_netseed0_magnitude_gain_matchl1_p70_pruneseed0,magnitude_gain_matchl1,l1_unstructured_gain,ctxdlydm1intseq,0,0.0,70,0.7,0.054850397648292,0.7247518563973683,0.07568162421955704,78643.0,1.9802223443984983,,,,1.7454136389096515,1.0,
ctrl_full_ctxdlydm1intseq_netseed0_magnitude_gain_matchl1_p80_pruneseed0,magnitude_gain_matchl1,l1_unstructured_gain,ctxdlydm1intseq,0,0.0,80,0.8,0.0588968718768413,0.7247518563973683,0.08126487894713195,52429.0,3.279247760772705,,,,2.3305269977267224,1.0000000596268148,
ctrl_full_ctxdlydm1intseq_netseed0_random_p50_pruneseed0,random,random_unstructured,ctxdlydm1intseq,0,0.0,50,0.5,0.0531836278936522,0.7247518563973683,0.07338184431568062,130812.0,0.2047466337680816,,,,,,
ctrl_full_ctxdlydm1intseq_netseed0_random_p50_pruneseed1,random,random_unstructured,ctxdlydm1intseq,0,1.0,50,0.5,0.0494203743070046,0.7247518563973683,0.06818937250145973,130803.0,0.0289184544235467,,,,,,
ctrl_full_ctxdlydm1intseq_netseed0_random_p50_pruneseed2,random,random_unstructured,ctxdlydm1intseq,0,2.0,50,0.5,0.0533594200162119,0.7247518563973683,0.07362439922741763,130825.0,0.0426177941262722,,,,,,
ctrl_full_ctxdlydm1intseq_netseed0_random_p60_pruneseed0,random,random_unstructured,ctxdlydm1intseq,0,0.0,60,0.6,0.066787984933964,0.7247518563973683,0.09215289942954677,104643.0,-0.0593786314129829,,,,,,
ctrl_full_ctxdlydm1intseq_netseed0_random_p60_pruneseed1,random,random_unstructured,ctxdlydm1intseq,0,1.0,60,0.6,0.0644929211116573,0.7247518563973683,0.08898621030409201,104641.0,-0.0495219230651855,,,,,,
ctrl_full_ctxdlydm1intseq_netseed0_random_p60_pruneseed2,random,random_unstructured,ctxdlydm1intseq,0,2.0,60,0.6,0.0665601062565718,0.7247518563973683,0.0918384763958136,104657.0,0.0238991659134626,,,,,,
ctrl_full_ctxdlydm1intseq_netseed0_random_p70_pruneseed0,random,random_unstructured,ctxdlydm1intseq,0,0.0,70,0.7,0.0710330391528121,0.7247518563973683,0.09801015137223185,78486.0,-0.0337386801838874,,,,,,
ctrl_full_ctxdlydm1intseq_netseed0_random_p70_pruneseed1,random,random_unstructured,ctxdlydm1intseq,0,1.0,70,0.7,0.0681520015886399,0.7247518563973683,0.0940349458743206,78481.0,-0.1319926977157592,,,,,,
ctrl_full_ctxdlydm1intseq_netseed0_random_p70_pruneseed2,random,random_unstructured,ctxdlydm1intseq,0,2.0,70,0.7,0.0688454038498474,0.7247518563973683,0.09499169024839409,78487.0,-0.0985729768872261,,,,,,
ctrl_full_ctxdlydm1intseq_netseed0_random_p80_pruneseed0,random,random_unstructured,ctxdlydm1intseq,0,0.0,80,0.8,0.0487627815522444,0.7247518563973683,0.06728203746125853,52325.0,-0.2282667458057403,,,,,,
ctrl_full_ctxdlydm1intseq_netseed0_random_p80_pruneseed1,random,random_unstructured,ctxdlydm1intseq,0,1.0,80,0.8,0.0427630615174766,0.7247518563973683,0.05900372815882846,52319.0,-0.251119464635849,,,,,,
ctrl_full_ctxdlydm1intseq_netseed0_random_p80_pruneseed2,random,random_unstructured,ctxdlydm1intseq,0,2.0,80,0.8,0.0453511122107161,0.7247518563973683,0.06257467547051154,52322.0,-0.2401841133832931,,,,,,
ctrl_full_ctxdlydm1intseq_netseed0_random_gain_invdensity_p50_pruneseed0,random_gain_invdensity,random_unstructured_gain,ctxdlydm1intseq,0,0.0,50,0.5,0.2482282432832759,0.7247518563973683,0.34250101064546545,130812.0,1.40956711769104,,,,2.0000611564688255,0.9992739242756148,
ctrl_full_ctxdlydm1intseq_netseed0_random_gain_invdensity_p50_pruneseed1,random_gain_invdensity,random_unstructured_gain,ctxdlydm1intseq,0,1.0,50,0.5,0.4059756300031577,0.7247518563973683,0.5601581098683914,130803.0,1.0580415725708008,,,,2.0001987721994143,0.997751532438955,
ctrl_full_ctxdlydm1intseq_netseed0_random_gain_invdensity_p50_pruneseed2,random_gain_invdensity,random_unstructured_gain,ctxdlydm1intseq,0,2.0,50,0.5,0.3075906387439327,0.7247518563973683,0.42440821093293807,130825.0,1.0850921869277954,,,,1.999862411618574,1.0000410828754291,
ctrl_full_ctxdlydm1intseq_netseed0_random_gain_invdensity_p60_pruneseed0,random_gain_invdensity,random_unstructured_gain,ctxdlydm1intseq,0,0.0,60,0.6,0.1498725507111442,0.7247518563973683,0.2067915375286349,104643.0,1.3517736196517944,,,,2.500234129373202,0.999590661916079,
ctrl_full_ctxdlydm1intseq_netseed0_random_gain_invdensity_p60_pruneseed1,random_gain_invdensity,random_unstructured_gain,ctxdlydm1intseq,0,1.0,60,0.6,0.1917696732545307,0.7247518563973683,0.26460045815927774,104641.0,1.3764630556106567,,,,2.5002819162660908,0.996584218284706,
ctrl_full_ctxdlydm1intseq_netseed0_random_gain_invdensity_p60_pruneseed2,random_gain_invdensity,random_unstructured_gain,ctxdlydm1intseq,0,2.0,60,0.6,0.1884100904678349,0.7247518563973683,0.2599649642905269,104657.0,1.559645175933838,,,,2.4998996722627247,1.0008344176469612,
ctrl_full_ctxdlydm1intseq_netseed0_random_gain_invdensity_p70_pruneseed0,random_gain_invdensity,random_unstructured_gain,ctxdlydm1intseq,0,0.0,70,0.7,0.0986812335398348,0.7247518563973683,0.13615864887930645,78486.0,2.2210187911987305,,,,3.3334862268430037,1.0009665506686611,
ctrl_full_ctxdlydm1intseq_netseed0_random_gain_invdensity_p70_pruneseed1,random_gain_invdensity,random_unstructured_gain,ctxdlydm1intseq,0,1.0,70,0.7,0.1028156038296639,0.7247518563973683,0.1418631810627498,78481.0,1.893674612045288,,,,3.3336986022094517,0.9965592942761,
ctrl_full_ctxdlydm1intseq_netseed0_random_gain_invdensity_p70_pruneseed2,random_gain_invdensity,random_unstructured_gain,ctxdlydm1intseq,0,2.0,70,0.7,0.1063867882453667,0.7247518563973683,0.14679063917710997,78487.0,2.0048561096191406,,,,3.333443755016754,1.0010043540692737,
ctrl_full_ctxdlydm1intseq_netseed0_random_gain_invdensity_p80_pruneseed0,random_gain_invdensity,random_unstructured_gain,ctxdlydm1intseq,0,0.0,80,0.8,0.0762905257812169,0.7247518563973683,0.10526433993621699,52325.0,2.858769655227661,,,,5.000133779264214,1.000346789555147,
ctrl_full_ctxdlydm1intseq_netseed0_random_gain_invdensity_p80_pruneseed1,random_gain_invdensity,random_unstructured_gain,ctxdlydm1intseq,0,1.0,80,0.8,0.0513182781487136,0.7247518563973683,0.07080806719669404,52319.0,2.7449324131011963,,,,5.000707200061163,0.9958658344194358,
ctrl_full_ctxdlydm1intseq_netseed0_random_gain_invdensity_p80_pruneseed2,random_gain_invdensity,random_unstructured_gain,ctxdlydm1intseq,0,2.0,80,0.8,0.0752813487813373,0.7247518563973683,0.10387189507254177,52322.0,2.799398899078369,,,,5.0004204732235005,0.9991680866792624,
ctrl_full_ctxdlydm1intseq_netseed1_lnp_rescale_p50_pruneseed0,lnp_rescale,noise_prune,ctxdlydm1intseq,1,0.0,50,0.5,0.5210250633991035,0.6834211751377852,0.7623776996579877,112045.0,0.8465477228164673,none,2.3306562319456616,445.75797194291965,,,1.0
ctrl_full_ctxdlydm1intseq_netseed1_lnp_rescale_p50_pruneseed1,lnp_rescale,noise_prune,ctxdlydm1intseq,1,1.0,50,0.5,0.6186775874809965,0.6834211751377852,0.9052654643840445,112257.0,0.8587583899497986,none,2.313046314098226,321.2868483907923,,,1.0
ctrl_full_ctxdlydm1intseq_netseed1_lnp_rescale_p50_pruneseed2,lnp_rescale,noise_prune,ctxdlydm1intseq,1,2.0,50,0.5,0.5228220495408245,0.6834211751377852,0.7650070974687282,112424.0,0.8374093174934387,none,2.3479036512091636,2751.992722007411,,,1.0
ctrl_full_ctxdlydm1intseq_netseed1_lnp_rescale_p60_pruneseed0,lnp_rescale,noise_prune,ctxdlydm1intseq,1,0.0,60,0.6,0.3958936262333933,0.6834211751377852,0.5792820600760238,92878.0,1.0702221393585205,none,2.799349821183625,557.1974649286495,,,1.0
ctrl_full_ctxdlydm1intseq_netseed1_lnp_rescale_p60_pruneseed1,lnp_rescale,noise_prune,ctxdlydm1intseq,1,1.0,60,0.6,0.4814392817264089,0.6834211751377852,0.7044547333923995,93439.0,1.0220329761505127,none,2.7895620962404983,401.6085604884903,,,1.0
ctrl_full_ctxdlydm1intseq_netseed1_lnp_rescale_p60_pruneseed2,lnp_rescale,noise_prune,ctxdlydm1intseq,1,2.0,60,0.6,0.36531881854672,0.6834211751377852,0.5345441900787866,93192.0,1.0593526363372805,none,2.7977711376026986,549.2409393790197,,,1.0
ctrl_full_ctxdlydm1intseq_netseed1_lnp_rescale_p70_pruneseed0,lnp_rescale,noise_prune,ctxdlydm1intseq,1,0.0,70,0.7,0.2392009922488695,0.6834211751377852,0.3500052397420141,72258.0,1.4267916679382324,none,3.621600833219408,742.9299532381995,,,1.0
ctrl_full_ctxdlydm1intseq_netseed1_lnp_rescale_p70_pruneseed1,lnp_rescale,noise_prune,ctxdlydm1intseq,1,1.0,70,0.7,0.3289428708155777,0.6834211751377852,0.4813179380186153,72729.0,1.4384677410125732,none,3.5993770074441267,535.4780806513204,,,1.0
ctrl_full_ctxdlydm1intseq_netseed1_lnp_rescale_p70_pruneseed2,lnp_rescale,noise_prune,ctxdlydm1intseq,1,2.0,70,0.7,0.220124291541469,0.6834211751377852,0.32209170501205137,72318.0,1.3869763612747192,none,3.620815821696158,732.3212525053596,,,1.0
ctrl_full_ctxdlydm1intseq_netseed1_lnp_rescale_p80_pruneseed0,lnp_rescale,noise_prune,ctxdlydm1intseq,1,0.0,80,0.8,0.1293569589264961,0.6834211751377852,0.1892785351586689,50138.0,2.1639082431793213,none,5.219492047821049,516.8122174889286,,,1.0
ctrl_full_ctxdlydm1intseq_netseed1_lnp_rescale_p80_pruneseed1,lnp_rescale,noise_prune,ctxdlydm1intseq,1,1.0,80,0.8,0.1528772938430437,0.6834211751377852,0.2236941133880172,50278.0,2.076871633529663,none,5.230917190324911,803.2171209769808,,,1.0
ctrl_full_ctxdlydm1intseq_netseed1_lnp_rescale_p80_pruneseed2,lnp_rescale,noise_prune,ctxdlydm1intseq,1,2.0,80,0.8,0.1002828951009339,0.6834211751377852,0.1467365934055464,49965.0,2.0724658966064453,none,5.199993170251643,805.0777832353172,,,1.0
ctrl_full_ctxdlydm1intseq_netseed1_snp_rescale_p50_pruneseed0,snp_rescale,simulation_noise_prune_rescale,ctxdlydm1intseq,1,0.0,50,0.5,0.6303449757634749,0.6834211751377852,0.9223374965465336,120774.0,0.7588960528373718,none,2.1674563204767536,348.4068701673059,,,0.0
ctrl_full_ctxdlydm1intseq_netseed1_snp_rescale_p50_pruneseed1,snp_rescale,simulation_noise_prune_rescale,ctxdlydm1intseq,1,1.0,50,0.5,0.5382819900970438,0.6834211751377852,0.7876284927643927,120660.0,0.8107482194900513,none,2.172454937898785,699.4728356308385,,,0.0
ctrl_full_ctxdlydm1intseq_netseed1_snp_rescale_p50_pruneseed2,snp_rescale,simulation_noise_prune_rescale,ctxdlydm1intseq,1,2.0,50,0.5,0.5555747263014315,0.6834211751377852,0.8129316832909391,121185.0,0.8021434545516968,none,2.154539021888266,286.5299706166681,,,0.0
ctrl_full_ctxdlydm1intseq_netseed1_snp_rescale_p60_pruneseed0,snp_rescale,simulation_noise_prune_rescale,ctxdlydm1intseq,1,0.0,60,0.6,0.5221481797376791,0.6834211751377852,0.7640210732897006,100482.0,1.0058521032333374,none,2.6035071076729235,435.5085877091324,,,0.0
ctrl_full_ctxdlydm1intseq_netseed1_snp_rescale_p60_pruneseed1,snp_rescale,simulation_noise_prune_rescale,ctxdlydm1intseq,1,1.0,60,0.6,0.4130366135926375,0.6834211751377852,0.6043661341183418,100487.0,1.0104639530181885,none,2.617221030730535,874.3410445385482,,,0.0
ctrl_full_ctxdlydm1intseq_netseed1_snp_rescale_p60_pruneseed2,snp_rescale,simulation_noise_prune_rescale,ctxdlydm1intseq,1,2.0,60,0.6,0.3988332611717521,0.6834211751377852,0.5835834119294635,100607.0,1.033509612083435,none,2.5857966938703627,358.162463270835,,,0.0
ctrl_full_ctxdlydm1intseq_netseed1_snp_rescale_p70_pruneseed0,snp_rescale,simulation_noise_prune_rescale,ctxdlydm1intseq,1,0.0,70,0.7,0.3039738785927515,0.6834211751377852,0.4447826459744491,77211.0,1.479572892189026,none,3.3762404582726435,580.6781169455097,,,0.0
ctrl_full_ctxdlydm1intseq_netseed1_snp_rescale_p70_pruneseed1,snp_rescale,simulation_noise_prune_rescale,ctxdlydm1intseq,1,1.0,70,0.7,0.2571871307144647,0.6834211751377852,0.3763230348585745,77126.0,1.426585078239441,none,3.4158118123275476,1165.788059384731,,,0.0
ctrl_full_ctxdlydm1intseq_netseed1_snp_rescale_p70_pruneseed2,snp_rescale,simulation_noise_prune_rescale,ctxdlydm1intseq,1,2.0,70,0.7,0.2181840673739586,0.6834211751377852,0.3192527175207445,77400.0,1.384349346160889,none,3.35995577467166,397.66230190531166,,,0.0
ctrl_full_ctxdlydm1intseq_netseed1_snp_rescale_p80_pruneseed0,snp_rescale,simulation_noise_prune_rescale,ctxdlydm1intseq,1,0.0,80,0.8,0.1784290043980584,0.6834211751377852,0.2610820543599416,51979.0,1.9983532428741455,none,5.0014498742231615,760.1260524385543,,,0.0
ctrl_full_ctxdlydm1intseq_netseed1_snp_rescale_p80_pruneseed1,snp_rescale,simulation_noise_prune_rescale,ctxdlydm1intseq,1,1.0,80,0.8,0.1335010954453563,0.6834211751377852,0.19534234568959763,51978.0,2.0359506607055664,none,5.069843813726173,1748.682089077097,,,0.0
ctrl_full_ctxdlydm1intseq_netseed1_snp_rescale_p80_pruneseed2,snp_rescale,simulation_noise_prune_rescale,ctxdlydm1intseq,1,2.0,80,0.8,0.1272637305041652,0.6834211751377852,0.18621566778130255,52409.0,2.0163021087646484,none,4.998003178766142,596.4934528579677,,,0.0
ctrl_full_ctxdlydm1intseq_netseed1_lnp_shuffled_p50_pruneseed0,lnp_shuffled,noise_prune_shuffled_rescale,ctxdlydm1intseq,1,0.0,50,0.5,0.0711632555398934,0.6834211751377852,0.10412796402678935,112302.0,3.374117851257324,shuffle,2.325391055474191,1334.9251195895677,,,1.0
ctrl_full_ctxdlydm1intseq_netseed1_lnp_shuffled_p50_pruneseed1,lnp_shuffled,noise_prune_shuffled_rescale,ctxdlydm1intseq,1,1.0,50,0.5,0.0550522330482679,0.6834211751377852,0.0805538883649146,112420.0,3.7228457927703857,shuffle,2.32057743333306,304.7020194906445,,,1.0
ctrl_full_ctxdlydm1intseq_netseed1_lnp_shuffled_p50_pruneseed2,lnp_shuffled,noise_prune_shuffled_rescale,ctxdlydm1intseq,1,2.0,50,0.5,0.0498273005166335,0.6834211751377852,0.07290862842607675,112225.0,3.309098958969116,shuffle,2.3344554487805964,597.4530795913432,,,1.0
ctrl_full_ctxdlydm1intseq_netseed1_lnp_shuffled_p60_pruneseed0,lnp_shuffled,noise_prune_shuffled_rescale,ctxdlydm1intseq,1,0.0,60,0.6,0.0695095074239617,0.6834211751377852,0.10170815589661503,93104.0,3.8680028915405273,shuffle,2.802775556373426,1668.6563994869591,,,1.0
ctrl_full_ctxdlydm1intseq_netseed1_lnp_shuffled_p60_pruneseed1,lnp_shuffled,noise_prune_shuffled_rescale,ctxdlydm1intseq,1,1.0,60,0.6,0.0506899840810466,0.6834211751377852,0.07417092991130535,93166.0,4.261349678039551,shuffle,2.795151996458078,380.8775243633055,,,1.0
ctrl_full_ctxdlydm1intseq_netseed1_lnp_shuffled_p60_pruneseed2,lnp_shuffled,noise_prune_shuffled_rescale,ctxdlydm1intseq,1,2.0,60,0.6,0.0489939156393136,0.6834211751377852,0.0716891975573275,93042.0,3.60319185256958,shuffle,2.8114200892136045,312.6893820806965,,,1.0
ctrl_full_ctxdlydm1intseq_netseed1_lnp_shuffled_p70_pruneseed0,lnp_shuffled,noise_prune_shuffled_rescale,ctxdlydm1intseq,1,0.0,70,0.7,0.0624192251473886,0.6834211751377852,0.0913334667085845,72294.0,5.486269474029541,shuffle,3.580398045064044,294.98159347456306,,,1.0
ctrl_full_ctxdlydm1intseq_netseed1_lnp_shuffled_p70_pruneseed1,lnp_shuffled,noise_prune_shuffled_rescale,ctxdlydm1intseq,1,1.0,70,0.7,0.0682561746983049,0.6834211751377852,0.09987424619166023,72487.0,4.317138195037842,shuffle,3.5868724207442164,507.8366991510742,,,1.0
ctrl_full_ctxdlydm1intseq_netseed1_lnp_shuffled_p70_pruneseed2,lnp_shuffled,noise_prune_shuffled_rescale,ctxdlydm1intseq,1,2.0,70,0.7,0.052945982987229,0.6834211751377852,0.07747196738022423,72260.0,4.768002510070801,shuffle,3.625539971594223,416.91917610759526,,,1.0
ctrl_full_ctxdlydm1intseq_netseed1_lnp_shuffled_p80_pruneseed0,lnp_shuffled,noise_prune_shuffled_rescale,ctxdlydm1intseq,1,0.0,80,0.8,0.0688356376208163,0.6834211751377852,0.1007221317175873,50047.0,6.068626880645752,shuffle,5.21429020349373,442.4723902118447,,,1.0
ctrl_full_ctxdlydm1intseq_netseed1_lnp_shuffled_p80_pruneseed1,lnp_shuffled,noise_prune_shuffled_rescale,ctxdlydm1intseq,1,1.0,80,0.8,0.0579007165156699,0.6834211751377852,0.08472186496708488,49895.0,5.122467994689941,shuffle,5.17535937837298,761.7550487266113,,,1.0
ctrl_full_ctxdlydm1intseq_netseed1_lnp_shuffled_p80_pruneseed2,lnp_shuffled,noise_prune_shuffled_rescale,ctxdlydm1intseq,1,2.0,80,0.8,0.0566831932964603,0.6834211751377852,0.08294035268227143,50091.0,7.767573833465576,shuffle,5.222597115604225,508.26212506659414,,,1.0
ctrl_full_ctxdlydm1intseq_netseed1_lnp_uniform_p50_pruneseed0,lnp_uniform,noise_prune_uniform_rescale,ctxdlydm1intseq,1,0.0,50,0.5,0.1801446052978537,0.6834211751377852,0.2635923671249059,112066.0,1.5073829889297483,uniform,2.330801771267573,2.330801771267573,,,1.0
ctrl_full_ctxdlydm1intseq_netseed1_lnp_uniform_p50_pruneseed1,lnp_uniform,noise_prune_uniform_rescale,ctxdlydm1intseq,1,1.0,50,0.5,0.1989413407730295,0.6834211751377852,0.2910962492973981,112593.0,1.5117559432983398,uniform,2.330801771267573,2.330801771267573,,,1.0
ctrl_full_ctxdlydm1intseq_netseed1_lnp_uniform_p50_pruneseed2,lnp_uniform,noise_prune_uniform_rescale,ctxdlydm1intseq,1,2.0,50,0.5,0.1550877170137476,0.6834211751377852,0.22692846323130128,112237.0,1.4812668561935425,uniform,2.3308017712675735,2.330801771267573,,,1.0
ctrl_full_ctxdlydm1intseq_netseed1_lnp_uniform_p60_pruneseed0,lnp_uniform,noise_prune_uniform_rescale,ctxdlydm1intseq,1,0.0,60,0.6,0.1218760274886793,0.6834211751377852,0.17833223775091217,93012.0,2.2649011611938477,uniform,2.809048611627766,2.8090486116277646,,,1.0
ctrl_full_ctxdlydm1intseq_netseed1_lnp_uniform_p60_pruneseed1,lnp_uniform,noise_prune_uniform_rescale,ctxdlydm1intseq,1,1.0,60,0.6,0.1437947008441277,0.6834211751377852,0.21040422227938302,93494.0,1.662334680557251,uniform,2.8090486116277655,2.8090486116277646,,,1.0
ctrl_full_ctxdlydm1intseq_netseed1_lnp_uniform_p60_pruneseed2,lnp_uniform,noise_prune_uniform_rescale,ctxdlydm1intseq,1,2.0,60,0.6,0.118461102737474,0.6834211751377852,0.173335429230139,93198.0,1.7024601697921753,uniform,2.8090486116277655,2.8090486116277646,,,1.0
ctrl_full_ctxdlydm1intseq_netseed1_lnp_uniform_p70_pruneseed0,lnp_uniform,noise_prune_uniform_rescale,ctxdlydm1intseq,1,0.0,70,0.7,0.0885764419023312,0.6834211751377852,0.12960740042108473,72066.0,2.1365177631378174,uniform,3.618051966425397,3.6180519664253943,,,1.0
ctrl_full_ctxdlydm1intseq_netseed1_lnp_uniform_p70_pruneseed1,lnp_uniform,noise_prune_uniform_rescale,ctxdlydm1intseq,1,1.0,70,0.7,0.0955788281176244,0.6834211751377852,0.13985347775967677,72586.0,2.4445765018463135,uniform,3.618051966425397,3.6180519664253943,,,1.0
ctrl_full_ctxdlydm1intseq_netseed1_lnp_uniform_p70_pruneseed2,lnp_uniform,noise_prune_uniform_rescale,ctxdlydm1intseq,1,2.0,70,0.7,0.0976622903109241,0.6834211751377852,0.1429020549315498,72354.0,2.2720484733581543,uniform,3.618051966425397,3.6180519664253943,,,1.0
ctrl_full_ctxdlydm1intseq_netseed1_lnp_uniform_p80_pruneseed0,lnp_uniform,noise_prune_uniform_rescale,ctxdlydm1intseq,1,0.0,80,0.8,0.0652318991083432,0.6834211751377852,0.09544904589061312,50132.0,2.8324050903320312,uniform,5.2303702235424225,5.230370223542423,,,1.0
ctrl_full_ctxdlydm1intseq_netseed1_lnp_uniform_p80_pruneseed1,lnp_uniform,noise_prune_uniform_rescale,ctxdlydm1intseq,1,1.0,80,0.8,0.0646459253664777,0.6834211751377852,0.09459163356102387,50079.0,2.9732720851898193,uniform,5.230370223542423,5.230370223542423,,,1.0
ctrl_full_ctxdlydm1intseq_netseed1_lnp_uniform_p80_pruneseed2,lnp_uniform,noise_prune_uniform_rescale,ctxdlydm1intseq,1,2.0,80,0.8,0.0716222683043547,0.6834211751377852,0.10479960368496756,50011.0,2.985130071640014,uniform,5.2303702235424225,5.230370223542423,,,1.0
ctrl_full_ctxdlydm1intseq_netseed1_snp_shuffled_p50_pruneseed0,snp_shuffled,simulation_noise_prune_shuffled_rescale,ctxdlydm1intseq,1,0.0,50,0.5,0.0610975288185141,0.6834211751377852,0.08939952556517754,121051.0,4.225179195404053,shuffle,2.1989621856980786,1454.0063635333802,,,0.0
ctrl_full_ctxdlydm1intseq_netseed1_snp_shuffled_p50_pruneseed1,snp_shuffled,simulation_noise_prune_shuffled_rescale,ctxdlydm1intseq,1,1.0,50,0.5,0.0862520793929312,0.6834211751377852,0.12620633151371383,121074.0,2.958390712738037,shuffle,2.1478788592732863,350.4554619614704,,,0.0
ctrl_full_ctxdlydm1intseq_netseed1_snp_shuffled_p50_pruneseed2,snp_shuffled,simulation_noise_prune_shuffled_rescale,ctxdlydm1intseq,1,2.0,50,0.5,0.073770838691195,0.6834211751377852,0.10794344889346161,121154.0,5.131386756896973,shuffle,2.1656144349555735,842.3659461636971,,,0.0
ctrl_full_ctxdlydm1intseq_netseed1_snp_shuffled_p60_pruneseed0,snp_shuffled,simulation_noise_prune_shuffled_rescale,ctxdlydm1intseq,1,0.0,60,0.6,0.0571584831093068,0.6834211751377852,0.08363580934960499,100811.0,4.687946319580078,shuffle,2.637673784226543,1817.5079544167256,,,0.0
ctrl_full_ctxdlydm1intseq_netseed1_snp_shuffled_p60_pruneseed1,snp_shuffled,simulation_noise_prune_shuffled_rescale,ctxdlydm1intseq,1,1.0,60,0.6,0.0708995673560539,0.6834211751377852,0.10374212847847417,100683.0,3.5419278144836426,shuffle,2.5815457125787473,438.069327451838,,,0.0
ctrl_full_ctxdlydm1intseq_netseed1_snp_shuffled_p60_pruneseed2,snp_shuffled,simulation_noise_prune_shuffled_rescale,ctxdlydm1intseq,1,2.0,60,0.6,0.0606027065476054,0.6834211751377852,0.08867548848685765,100614.0,3.959153413772583,shuffle,2.6003442824886953,1052.9574327046214,,,0.0
ctrl_full_ctxdlydm1intseq_netseed1_snp_shuffled_p70_pruneseed0,snp_shuffled,simulation_noise_prune_shuffled_rescale,ctxdlydm1intseq,1,0.0,70,0.7,0.07429170423952,0.6834211751377852,0.10870559318642999,77405.0,5.370512962341309,shuffle,3.4042106885532797,1378.2168695641938,,,0.0
ctrl_full_ctxdlydm1intseq_netseed1_snp_shuffled_p70_pruneseed1,snp_shuffled,simulation_noise_prune_shuffled_rescale,ctxdlydm1intseq,1,1.0,70,0.7,0.0631289044569813,0.6834211751377852,0.09237188830775374,77409.0,3.96798324584961,shuffle,3.3555730889992534,584.0924366024508,,,0.0
ctrl_full_ctxdlydm1intseq_netseed1_snp_shuffled_p70_pruneseed2,snp_shuffled,simulation_noise_prune_shuffled_rescale,ctxdlydm1intseq,1,2.0,70,0.7,0.0694899749658995,0.6834211751377852,0.10167957548562868,77429.0,4.793606281280518,shuffle,3.4088005096851357,1403.9432436061616,,,0.0
ctrl_full_ctxdlydm1intseq_netseed1_snp_shuffled_p80_pruneseed0,snp_shuffled,simulation_noise_prune_shuffled_rescale,ctxdlydm1intseq,1,0.0,80,0.8,0.0654727994244435,0.6834211751377852,0.09580153762611097,51974.0,7.456298828125,shuffle,5.078735086066432,2067.325304346291,,,0.0
ctrl_full_ctxdlydm1intseq_netseed1_snp_shuffled_p80_pruneseed1,snp_shuffled,simulation_noise_prune_shuffled_rescale,ctxdlydm1intseq,1,1.0,80,0.8,0.040800049482227,0.6834211751377852,0.05969971514857037,52032.0,5.311954498291016,shuffle,4.965070361578128,429.4590168443683,,,0.0
ctrl_full_ctxdlydm1intseq_netseed1_snp_shuffled_p80_pruneseed2,snp_shuffled,simulation_noise_prune_shuffled_rescale,ctxdlydm1intseq,1,2.0,80,0.8,0.0748679117523544,0.6834211751377852,0.10954871531052605,52252.0,7.54062032699585,shuffle,5.072799703654213,2105.9148654092432,,,0.0
ctrl_full_ctxdlydm1intseq_netseed1_snp_uniform_p50_pruneseed0,snp_uniform,simulation_noise_prune_uniform_rescale,ctxdlydm1intseq,1,0.0,50,0.5,0.304341739886256,0.6834211751377852,0.44532091038135796,120928.0,1.3694336414337158,uniform,2.1669928327753065,2.1669928327753065,,,0.0
ctrl_full_ctxdlydm1intseq_netseed1_snp_uniform_p50_pruneseed1,snp_uniform,simulation_noise_prune_uniform_rescale,ctxdlydm1intseq,1,1.0,50,0.5,0.1814825786751133,0.6834211751377852,0.2655501252774681,120827.0,1.340205430984497,uniform,2.1669664456599667,2.166966445659967,,,0.0
ctrl_full_ctxdlydm1intseq_netseed1_snp_uniform_p50_pruneseed2,snp_uniform,simulation_noise_prune_uniform_rescale,ctxdlydm1intseq,1,2.0,50,0.5,0.2101236730136304,0.6834211751377852,0.30745853458706074,120963.0,1.55899977684021,uniform,2.1669056697736084,2.1669056697736084,,,0.0
ctrl_full_ctxdlydm1intseq_netseed1_snp_uniform_p60_pruneseed0,snp_uniform,simulation_noise_prune_uniform_rescale,ctxdlydm1intseq,1,0.0,60,0.6,0.2080499770493618,0.6834211751377852,0.3044242476206808,100707.0,1.5168302059173584,uniform,2.6038553486946396,2.603855348694639,,,0.0
ctrl_full_ctxdlydm1intseq_netseed1_snp_uniform_p60_pruneseed1,snp_uniform,simulation_noise_prune_uniform_rescale,ctxdlydm1intseq,1,1.0,60,0.6,0.1502013470885243,0.6834211751377852,0.21977859708289266,100513.0,1.5374798774719238,uniform,2.603766909036039,2.6037669090360382,,,0.0
ctrl_full_ctxdlydm1intseq_netseed1_snp_uniform_p60_pruneseed2,snp_uniform,simulation_noise_prune_uniform_rescale,ctxdlydm1intseq,1,2.0,60,0.6,0.1333904115163372,0.6834211751377852,0.19518039002734183,100992.0,1.9815473556518557,uniform,2.603705180288827,2.6037051802888262,,,0.0
ctrl_full_ctxdlydm1intseq_netseed1_snp_uniform_p70_pruneseed0,snp_uniform,simulation_noise_prune_uniform_rescale,ctxdlydm1intseq,1,0.0,70,0.7,0.1439021293634697,0.6834211751377852,0.21056141453980767,77344.0,2.214878559112549,uniform,3.3852891884642053,3.3852891884642036,,,0.0
ctrl_full_ctxdlydm1intseq_netseed1_snp_uniform_p70_pruneseed1,snp_uniform,simulation_noise_prune_uniform_rescale,ctxdlydm1intseq,1,1.0,70,0.7,0.1185034230632754,0.6834211751377852,0.17339735345394267,77299.0,1.9879090785980225,uniform,3.3851555420499864,3.3851555420499864,,,0.0
ctrl_full_ctxdlydm1intseq_netseed1_snp_uniform_p70_pruneseed2,snp_uniform,simulation_noise_prune_uniform_rescale,ctxdlydm1intseq,1,2.0,70,0.7,0.0733281029751189,0.6834211751377852,0.10729562624443871,77394.0,2.4008729457855225,uniform,3.3851168057374816,3.3851168057374816,,,0.0
ctrl_full_ctxdlydm1intseq_netseed1_snp_uniform_p80_pruneseed0,snp_uniform,simulation_noise_prune_uniform_rescale,ctxdlydm1intseq,1,0.0,80,0.8,0.0805876665548976,0.6834211751377852,0.11791801232768394,52123.0,2.924043893814087,uniform,5.016405440033027,5.0164054400330285,,,0.0
ctrl_full_ctxdlydm1intseq_netseed1_snp_uniform_p80_pruneseed1,snp_uniform,simulation_noise_prune_uniform_rescale,ctxdlydm1intseq,1,1.0,80,0.8,0.0677353091499799,0.6834211751377852,0.09911210189869185,52185.0,2.843413829803467,uniform,5.016330264519155,5.016330264519155,,,0.0
ctrl_full_ctxdlydm1intseq_netseed1_snp_uniform_p80_pruneseed2,snp_uniform,simulation_noise_prune_uniform_rescale,ctxdlydm1intseq,1,2.0,80,0.8,0.0489255520360959,0.6834211751377852,0.07158916611887534,52327.0,2.7400548458099365,uniform,5.01629128925069,5.016291289250691,,,0.0
ctrl_full_ctxdlydm1intseq_netseed1_magnitude_p50_pruneseed0,magnitude,l1_unstructured,ctxdlydm1intseq,1,0.0,50,0.5,0.3790403703354049,0.6834211751377852,0.5546219287966695,131072.0,0.6986794471740723,,,,,,
ctrl_full_ctxdlydm1intseq_netseed1_magnitude_p60_pruneseed0,magnitude,l1_unstructured,ctxdlydm1intseq,1,0.0,60,0.6,0.1936513000478545,0.6834211751377852,0.28335572132193926,104858.0,0.6505523324012756,,,,,,
ctrl_full_ctxdlydm1intseq_netseed1_magnitude_p70_pruneseed0,magnitude,l1_unstructured,ctxdlydm1intseq,1,0.0,70,0.7,0.0862618456219622,0.6834211751377852,0.12622062171920684,78643.0,0.6915215849876404,,,,,,
ctrl_full_ctxdlydm1intseq_netseed1_magnitude_p80_pruneseed0,magnitude,l1_unstructured,ctxdlydm1intseq,1,0.0,80,0.8,0.0399894524726464,0.6834211751377852,0.05851362809263861,52429.0,0.7146202325820923,,,,,,
ctrl_full_ctxdlydm1intseq_netseed1_magnitude_gain_invdensity_p50_pruneseed0,magnitude_gain_invdensity,l1_unstructured_gain,ctxdlydm1intseq,1,0.0,50,0.5,0.046708618046038,0.6834211751377852,0.06834528947192926,131072.0,2.390723466873169,,,,1.99609375,1.57553003339986,
ctrl_full_ctxdlydm1intseq_netseed1_magnitude_gain_invdensity_p60_pruneseed0,magnitude_gain_invdensity,l1_unstructured_gain,ctxdlydm1intseq,1,0.0,60,0.6,0.0465653800202486,0.6834211751377852,0.06813569979136293,104858.0,3.1183059215545654,,,,2.495107669419596,1.7279057445697836,
ctrl_full_ctxdlydm1intseq_netseed1_magnitude_gain_invdensity_p70_pruneseed0,magnitude_gain_invdensity,l1_unstructured_gain,ctxdlydm1intseq,1,0.0,70,0.7,0.0453478568010391,0.6834211751377852,0.06635418750654964,78643.0,4.627407073974609,,,,3.326831377236372,1.9096700631146837,
ctrl_full_ctxdlydm1intseq_netseed1_magnitude_gain_invdensity_p80_pruneseed0,magnitude_gain_invdensity,l1_unstructured_gain,ctxdlydm1intseq,1,0.0,80,0.8,0.0462007741364212,0.6834211751377852,0.06760219878628522,52429.0,7.556324005126953,,,,4.990215338839192,2.1460913682855436,
ctrl_full_ctxdlydm1intseq_netseed1_magnitude_gain_matchl1_p50_pruneseed0,magnitude_gain_matchl1,l1_unstructured_gain,ctxdlydm1intseq,1,0.0,50,0.5,0.1129301616961986,0.6834211751377852,0.16524240951918212,131072.0,1.152116060256958,,,,1.2669347880389723,1.0000001184518206,
ctrl_full_ctxdlydm1intseq_netseed1_magnitude_gain_matchl1_p60_pruneseed0,magnitude_gain_matchl1,l1_unstructured_gain,ctxdlydm1intseq,1,0.0,60,0.6,0.0767104736295539,0.6834211751377852,0.11224480074690138,104858.0,1.3834086656570437,,,,1.4440067207089755,0.9999998815481796,
ctrl_full_ctxdlydm1intseq_netseed1_magnitude_gain_matchl1_p70_pruneseed0,magnitude_gain_matchl1,l1_unstructured_gain,ctxdlydm1intseq,1,0.0,70,0.7,0.0725207613752152,0.6834211751377852,0.10611430259033781,78643.0,1.9467953443527224,,,,1.7420973923587302,1.0,
ctrl_full_ctxdlydm1intseq_netseed1_magnitude_gain_matchl1_p80_pruneseed0,magnitude_gain_matchl1,l1_unstructured_gain,ctxdlydm1intseq,1,0.0,80,0.8,0.0798714764259508,0.6834211751377852,0.11687006392485254,52429.0,2.986933946609497,,,,2.325257879186586,1.0,
ctrl_full_ctxdlydm1intseq_netseed1_random_p50_pruneseed0,random,random_unstructured,ctxdlydm1intseq,1,0.0,50,0.5,0.0588154866349155,0.6834211751377852,0.0860603808816103,130812.0,0.2043496668338775,,,,,,
ctrl_full_ctxdlydm1intseq_netseed1_random_p50_pruneseed1,random,random_unstructured,ctxdlydm1intseq,1,1.0,50,0.5,0.0597270013444842,0.6834211751377852,0.08739413339430488,130817.0,0.1244347468018531,,,,,,
ctrl_full_ctxdlydm1intseq_netseed1_random_p50_pruneseed2,random,random_unstructured,ctxdlydm1intseq,1,2.0,50,0.5,0.0663192059404715,0.6834211751377852,0.09704002210218438,130825.0,0.211377665400505,,,,,,
ctrl_full_ctxdlydm1intseq_netseed1_random_p60_pruneseed0,random,random_unstructured,ctxdlydm1intseq,1,0.0,60,0.6,0.0720161728752755,0.6834211751377852,0.10537597530652491,104643.0,-0.020935982465744,,,,,,
ctrl_full_ctxdlydm1intseq_netseed1_random_p60_pruneseed1,random,random_unstructured,ctxdlydm1intseq,1,1.0,60,0.6,0.0668628593565357,0.6834211751377852,0.09783551020797009,104649.0,-0.014272685162723,,,,,,
ctrl_full_ctxdlydm1intseq_netseed1_random_p60_pruneseed2,random,random_unstructured,ctxdlydm1intseq,1,2.0,60,0.6,0.0723221813849163,0.6834211751377852,0.10582373507864365,104657.0,0.0349823124706745,,,,,,
ctrl_full_ctxdlydm1intseq_netseed1_random_p70_pruneseed0,random,random_unstructured,ctxdlydm1intseq,1,0.0,70,0.7,0.0701508231303368,0.6834211751377852,0.10264654605733224,78486.0,-0.1229942440986633,,,,,,
ctrl_full_ctxdlydm1intseq_netseed1_random_p70_pruneseed1,random,random_unstructured,ctxdlydm1intseq,1,1.0,70,0.7,0.0680282960209127,0.6834211751377852,0.09954080806348654,78484.0,-0.0817641988396644,,,,,,
ctrl_full_ctxdlydm1intseq_netseed1_random_p70_pruneseed2,random,random_unstructured,ctxdlydm1intseq,1,2.0,70,0.7,0.0715669263398452,0.6834211751377852,0.10471862585383972,78487.0,-0.0745498016476631,,,,,,
ctrl_full_ctxdlydm1intseq_netseed1_random_p80_pruneseed0,random,random_unstructured,ctxdlydm1intseq,1,0.0,80,0.8,0.04893206285545,0.6834211751377852,0.0715986929225375,52325.0,-0.2332414835691452,,,,,,
ctrl_full_ctxdlydm1intseq_netseed1_random_p80_pruneseed1,random,random_unstructured,ctxdlydm1intseq,1,1.0,80,0.8,0.0458849993977492,0.6834211751377852,0.06714014880867318,52335.0,-0.244790107011795,,,,,,
ctrl_full_ctxdlydm1intseq_netseed1_random_p80_pruneseed2,random,random_unstructured,ctxdlydm1intseq,1,2.0,80,0.8,0.0535091688613553,0.6834211751377852,0.07829603589699612,52322.0,-0.2391128689050674,,,,,,
ctrl_full_ctxdlydm1intseq_netseed1_random_gain_invdensity_p50_pruneseed0,random_gain_invdensity,random_unstructured_gain,ctxdlydm1intseq,1,0.0,50,0.5,0.2352521803106312,0.6834211751377852,0.3442272333209485,130812.0,1.4087730646133425,,,,2.0000611564688255,0.999942669318882,
ctrl_full_ctxdlydm1intseq_netseed1_random_gain_invdensity_p50_pruneseed1,random_gain_invdensity,random_unstructured_gain,ctxdlydm1intseq,1,1.0,50,0.5,0.2348387432816482,0.6834211751377852,0.3436222812884048,130817.0,1.2488523721694946,,,,1.999984711467164,1.0015928216301553,
ctrl_full_ctxdlydm1intseq_netseed1_random_gain_invdensity_p50_pruneseed2,random_gain_invdensity,random_unstructured_gain,ctxdlydm1intseq,1,2.0,50,0.5,0.2858445021013669,0.6834211751377852,0.41825526117732237,130825.0,1.4225887060165403,,,,1.999862411618574,1.000906985589507,
ctrl_full_ctxdlydm1intseq_netseed1_random_gain_invdensity_p60_pruneseed0,random_gain_invdensity,random_unstructured_gain,ctxdlydm1intseq,1,0.0,60,0.6,0.1661854086027456,0.6834211751377852,0.2431669000733564,104643.0,1.4478893280029297,,,,2.500234129373202,0.9998283633121072,
ctrl_full_ctxdlydm1intseq_netseed1_random_gain_invdensity_p60_pruneseed1,random_gain_invdensity,random_unstructured_gain,ctxdlydm1intseq,1,1.0,60,0.6,0.1652869155318851,0.6834211751377852,0.24185220116798611,104649.0,1.4644078016281128,,,,2.5000907796538905,1.0007553672592773,
ctrl_full_ctxdlydm1intseq_netseed1_random_gain_invdensity_p60_pruneseed2,random_gain_invdensity,random_unstructured_gain,ctxdlydm1intseq,1,2.0,60,0.6,0.2169307346483018,0.6834211751377852,0.3174188078157897,104657.0,1.58735191822052,,,,2.4998996722627247,1.0014916637754552,
ctrl_full_ctxdlydm1intseq_netseed1_random_gain_invdensity_p70_pruneseed0,random_gain_invdensity,random_unstructured_gain,ctxdlydm1intseq,1,0.0,70,0.7,0.096490342827193,0.6834211751377852,0.14118723027237118,78486.0,1.9234867095947263,,,,3.3334862268430037,0.9982498743522314,
ctrl_full_ctxdlydm1intseq_netseed1_random_gain_invdensity_p70_pruneseed1,random_gain_invdensity,random_unstructured_gain,ctxdlydm1intseq,1,1.0,70,0.7,0.1155995976313639,0.6834211751377852,0.16914839902064457,78484.0,2.061004400253296,,,,3.3335711737424187,1.0006009060853556,
ctrl_full_ctxdlydm1intseq_netseed1_random_gain_invdensity_p70_pruneseed2,random_gain_invdensity,random_unstructured_gain,ctxdlydm1intseq,1,2.0,70,0.7,0.1007679511428115,0.6834211751377852,0.14744634027837308,78487.0,2.0849361419677734,,,,3.333443755016754,1.0007163966103354,
ctrl_full_ctxdlydm1intseq_netseed1_random_gain_invdensity_p80_pruneseed0,random_gain_invdensity,random_unstructured_gain,ctxdlydm1intseq,1,0.0,80,0.8,0.0625526969441469,0.6834211751377852,0.09152876618365767,52325.0,2.833895206451416,,,,5.000133779264214,1.001414077833033,
ctrl_full_ctxdlydm1intseq_netseed1_random_gain_invdensity_p80_pruneseed1,random_gain_invdensity,random_unstructured_gain,ctxdlydm1intseq,1,1.0,80,0.8,0.0827915789062474,0.6834211751377852,0.12114283536730583,52335.0,2.7754290103912354,,,,4.999178370115601,1.0020288427813862,
ctrl_full_ctxdlydm1intseq_netseed1_random_gain_invdensity_p80_pruneseed2,random_gain_invdensity,random_unstructured_gain,ctxdlydm1intseq,1,2.0,80,0.8,0.0721724325397729,0.6834211751377852,0.10560461859441529,52322.0,2.804755687713623,,,,5.0004204732235005,1.0024560984979003,
ctrl_full_ctxdlydm1intseq_netseed2_lnp_rescale_p50_pruneseed0,lnp_rescale,noise_prune,ctxdlydm1intseq,2,0.0,50,0.5,0.4927908952702153,0.608579306662847,0.8097398151318043,106010.0,1.0472232103347778,none,2.476282155340915,843.6385677729428,,,1.0
ctrl_full_ctxdlydm1intseq_netseed2_lnp_rescale_p50_pruneseed1,lnp_rescale,noise_prune,ctxdlydm1intseq,2,1.0,50,0.5,0.5250161956631433,0.608579306662847,0.8626915011982199,106204.0,1.0873816013336182,none,2.444389080301059,325.4629337164711,,,1.0
ctrl_full_ctxdlydm1intseq_netseed2_lnp_rescale_p50_pruneseed2,lnp_rescale,noise_prune,ctxdlydm1intseq,2,2.0,50,0.5,0.4831223285294337,0.608579306662847,0.7938527045532351,106041.0,0.8976025581359863,none,2.447353422172738,246.73084772631475,,,1.0
ctrl_full_ctxdlydm1intseq_netseed2_lnp_rescale_p60_pruneseed0,lnp_rescale,noise_prune,ctxdlydm1intseq,2,0.0,60,0.6,0.4172295812566532,0.608579306662847,0.6855796388223211,87935.0,1.2359943389892578,none,2.980755814124046,1054.5482097161782,,,1.0
ctrl_full_ctxdlydm1intseq_netseed2_lnp_rescale_p60_pruneseed1,lnp_rescale,noise_prune,ctxdlydm1intseq,2,1.0,60,0.6,0.416252958353544,0.608579306662847,0.6839748801780212,88345.0,1.2418737411499023,none,2.9487743632502115,406.8286671455889,,,1.0
ctrl_full_ctxdlydm1intseq_netseed2_lnp_rescale_p60_pruneseed2,lnp_rescale,noise_prune,ctxdlydm1intseq,2,2.0,60,0.6,0.397869659907351,0.608579306662847,0.6537679732968161,88165.0,1.0979362726211548,none,2.9516964831173036,308.4135596578934,,,1.0
ctrl_full_ctxdlydm1intseq_netseed2_lnp_rescale_p70_pruneseed0,lnp_rescale,noise_prune,ctxdlydm1intseq,2,0.0,70,0.7,0.2732525774706117,0.608579306662847,0.44900077028414914,68350.0,1.5766509771347046,none,3.854278696046867,1406.0642796215711,,,1.0
ctrl_full_ctxdlydm1intseq_netseed2_lnp_rescale_p70_pruneseed1,lnp_rescale,noise_prune,ctxdlydm1intseq,2,1.0,70,0.7,0.2631087209169838,0.608579306662847,0.4323326771653543,68847.0,1.5352108478546145,none,3.798995081845269,542.4382228607852,,,1.0
ctrl_full_ctxdlydm1intseq_netseed2_lnp_rescale_p70_pruneseed2,lnp_rescale,noise_prune,ctxdlydm1intseq,2,2.0,70,0.7,0.2129884335294175,0.608579306662847,0.34997646353988354,68457.0,1.5390303134918213,none,3.793894611312906,379.51289062027814,,,1.0
ctrl_full_ctxdlydm1intseq_netseed2_lnp_rescale_p80_pruneseed0,lnp_rescale,noise_prune,ctxdlydm1intseq,2,0.0,80,0.8,0.1561620022071677,0.608579306662847,0.25660090722355344,47554.0,2.466986656188965,none,5.527739721352459,698.5398843921131,,,1.0
ctrl_full_ctxdlydm1intseq_netseed2_lnp_rescale_p80_pruneseed1,lnp_rescale,noise_prune,ctxdlydm1intseq,2,1.0,80,0.8,0.1320459273197235,0.608579306662847,0.21697406710030803,47979.0,2.233921766281128,none,5.443634634108659,813.6573342911781,,,1.0
ctrl_full_ctxdlydm1intseq_netseed2_lnp_rescale_p80_pruneseed2,lnp_rescale,noise_prune,ctxdlydm1intseq,2,2.0,80,0.8,0.1298517811974048,0.608579306662847,0.21336870934611435,47742.0,2.1854541301727295,none,5.468332467227785,569.2693359304175,,,1.0
ctrl_full_ctxdlydm1intseq_netseed2_snp_rescale_p50_pruneseed0,snp_rescale,simulation_noise_prune_rescale,ctxdlydm1intseq,2,0.0,50,0.5,0.5501642354182062,0.608579306662847,0.9040140362889422,122051.0,1.0606975555419922,none,2.152406303086688,555.8162851826911,,,0.0
ctrl_full_ctxdlydm1intseq_netseed2_snp_rescale_p50_pruneseed1,snp_rescale,simulation_noise_prune_rescale,ctxdlydm1intseq,2,1.0,50,0.5,0.5263834677274961,0.608579306662847,0.8649381633002395,121875.0,0.895846426486969,none,2.1387297845444024,917.2007793467802,,,0.0
ctrl_full_ctxdlydm1intseq_netseed2_snp_rescale_p50_pruneseed2,snp_rescale,simulation_noise_prune_rescale,ctxdlydm1intseq,2,2.0,50,0.5,0.5516552130502863,0.608579306662847,0.90646396781924,122127.0,0.7120124101638794,none,2.134594074672559,687.094933094009,,,0.0
ctrl_full_ctxdlydm1intseq_netseed2_snp_rescale_p60_pruneseed0,snp_rescale,simulation_noise_prune_rescale,ctxdlydm1intseq,2,0.0,60,0.6,0.5047740582913657,0.608579306662847,0.8294302036973639,101366.0,1.39935040473938,none,2.58537480422913,694.7703564783639,,,0.0
ctrl_full_ctxdlydm1intseq_netseed2_snp_rescale_p60_pruneseed1,snp_rescale,simulation_noise_prune_rescale,ctxdlydm1intseq,2,1.0,60,0.6,0.4338419368385414,0.608579306662847,0.7128765833618623,101118.0,0.9816563725471495,none,2.5742143201624277,1146.5009741834754,,,0.0
ctrl_full_ctxdlydm1intseq_netseed2_snp_rescale_p60_pruneseed2,snp_rescale,simulation_noise_prune_rescale,ctxdlydm1intseq,2,2.0,60,0.6,0.4155400236342743,0.608579306662847,0.6828034063676823,101298.0,1.015873908996582,none,2.5688078706704456,858.8686663675111,,,0.0
ctrl_full_ctxdlydm1intseq_netseed2_snp_rescale_p70_pruneseed0,snp_rescale,simulation_noise_prune_rescale,ctxdlydm1intseq,2,0.0,70,0.7,0.4185447667661737,0.608579306662847,0.687740713796645,77785.0,1.6057534217834473,none,3.36203756573963,870.6663171016783,,,0.0
ctrl_full_ctxdlydm1intseq_netseed2_snp_rescale_p70_pruneseed1,snp_rescale,simulation_noise_prune_rescale,ctxdlydm1intseq,2,1.0,70,0.7,0.2902783700814829,0.608579306662847,0.47697706264977746,77623.0,1.2977492809295654,none,3.363782167631125,1528.667965577967,,,0.0
ctrl_full_ctxdlydm1intseq_netseed2_snp_rescale_p70_pruneseed2,snp_rescale,simulation_noise_prune_rescale,ctxdlydm1intseq,2,2.0,70,0.7,0.2754304465445454,0.608579306662847,0.45257938206093806,77798.0,1.27976655960083,none,3.3493197705734237,1145.158221823348,,,0.0
ctrl_full_ctxdlydm1intseq_netseed2_snp_rescale_p80_pruneseed0,snp_rescale,simulation_noise_prune_rescale,ctxdlydm1intseq,2,0.0,80,0.8,0.1774068057594708,0.608579306662847,0.2915097569325573,52251.0,1.9255702495574951,none,5.0058769790163336,1305.9994756525175,,,0.0
ctrl_full_ctxdlydm1intseq_netseed2_snp_rescale_p80_pruneseed1,snp_rescale,simulation_noise_prune_rescale,ctxdlydm1intseq,2,1.0,80,0.8,0.1448722414472249,0.608579306662847,0.23804989729544673,52381.0,2.0070888996124268,none,4.965361365343837,596.1203430002867,,,0.0
ctrl_full_ctxdlydm1intseq_netseed2_snp_rescale_p80_pruneseed2,snp_rescale,simulation_noise_prune_rescale,ctxdlydm1intseq,2,2.0,80,0.8,0.1105244139448728,0.608579306662847,0.18161053577541925,52287.0,1.901846170425415,none,4.968709835200183,926.8996975587748,,,0.0
ctrl_full_ctxdlydm1intseq_netseed2_lnp_shuffled_p50_pruneseed0,lnp_shuffled,noise_prune_shuffled_rescale,ctxdlydm1intseq,2,0.0,50,0.5,0.1114684827512118,0.608579306662847,0.18316180246490923,106096.0,3.1011624336242676,shuffle,2.4881183643571982,720.4675160265185,,,1.0
ctrl_full_ctxdlydm1intseq_netseed2_lnp_shuffled_p50_pruneseed1,lnp_shuffled,noise_prune_shuffled_rescale,ctxdlydm1intseq,2,1.0,50,0.5,0.0839309722932082,0.608579306662847,0.13791295789113311,106160.0,3.387220859527588,shuffle,2.4466386997936387,405.2601219225021,,,1.0
ctrl_full_ctxdlydm1intseq_netseed2_lnp_shuffled_p50_pruneseed2,lnp_shuffled,noise_prune_shuffled_rescale,ctxdlydm1intseq,2,2.0,50,0.5,0.0657495092469911,0.608579306662847,0.10803770112974995,106093.0,3.47206974029541,shuffle,2.4500739678618135,181.6420570028666,,,1.0
ctrl_full_ctxdlydm1intseq_netseed2_lnp_shuffled_p60_pruneseed0,lnp_shuffled,noise_prune_shuffled_rescale,ctxdlydm1intseq,2,0.0,60,0.6,0.0946640579983788,0.608579306662847,0.15554925539198905,87873.0,4.164103984832764,shuffle,2.986205397249251,900.584395033148,,,1.0
ctrl_full_ctxdlydm1intseq_netseed2_lnp_shuffled_p60_pruneseed1,lnp_shuffled,noise_prune_shuffled_rescale,ctxdlydm1intseq,2,1.0,60,0.6,0.0580699978188755,0.608579306662847,0.09541894899007186,87923.0,3.6332004070281982,shuffle,2.9414330220488334,258.8903830605337,,,1.0
ctrl_full_ctxdlydm1intseq_netseed2_lnp_shuffled_p60_pruneseed2,lnp_shuffled,noise_prune_shuffled_rescale,ctxdlydm1intseq,2,2.0,60,0.6,0.0721203459849404,0.608579306662847,0.11850607668606629,88096.0,4.238044738769531,shuffle,2.949570880989006,227.0525712535832,,,1.0
ctrl_full_ctxdlydm1intseq_netseed2_lnp_shuffled_p70_pruneseed0,lnp_shuffled,noise_prune_shuffled_rescale,ctxdlydm1intseq,2,0.0,70,0.7,0.0793213121905326,0.608579306662847,0.1303384970900376,68348.0,5.074443340301514,shuffle,3.8501653902712465,1200.7791933775306,,,1.0
ctrl_full_ctxdlydm1intseq_netseed2_lnp_shuffled_p70_pruneseed1,lnp_shuffled,noise_prune_shuffled_rescale,ctxdlydm1intseq,2,1.0,70,0.7,0.0529069180711046,0.608579306662847,0.08693512495720634,68512.0,4.294590950012207,shuffle,3.774966085177528,345.1871774140449,,,1.0
ctrl_full_ctxdlydm1intseq_netseed2_lnp_shuffled_p70_pruneseed2,lnp_shuffled,noise_prune_shuffled_rescale,ctxdlydm1intseq,2,2.0,70,0.7,0.0722212636849284,0.608579306662847,0.11867190174597736,68444.0,4.315576553344727,shuffle,3.7861403919027623,246.6520288893945,,,1.0
ctrl_full_ctxdlydm1intseq_netseed2_lnp_shuffled_p80_pruneseed0,lnp_shuffled,noise_prune_shuffled_rescale,ctxdlydm1intseq,2,0.0,80,0.8,0.0660294744792158,0.608579306662847,0.10849773194111599,47625.0,5.708944797515869,shuffle,5.566359987179154,1801.1687900662969,,,1.0
ctrl_full_ctxdlydm1intseq_netseed2_lnp_shuffled_p80_pruneseed1,lnp_shuffled,noise_prune_shuffled_rescale,ctxdlydm1intseq,2,1.0,80,0.8,0.063617215908536,0.608579306662847,0.10453397808969529,47760.0,5.687926292419434,shuffle,5.45796105156574,517.7807661210675,,,1.0
ctrl_full_ctxdlydm1intseq_netseed2_lnp_shuffled_p80_pruneseed2,lnp_shuffled,noise_prune_shuffled_rescale,ctxdlydm1intseq,2,2.0,80,0.8,0.0581676601091864,0.608579306662847,0.09557942485450181,47735.0,5.869088649749756,shuffle,5.444692383904667,369.97804333409186,,,1.0
ctrl_full_ctxdlydm1intseq_netseed2_lnp_uniform_p50_pruneseed0,lnp_uniform,noise_prune_uniform_rescale,ctxdlydm1intseq,2,0.0,50,0.5,0.1846631139295724,0.608579306662847,0.3034331136597055,105915.0,1.4612053632736206,uniform,2.46742075322884,2.467420753228839,,,1.0
ctrl_full_ctxdlydm1intseq_netseed2_lnp_uniform_p50_pruneseed1,lnp_uniform,noise_prune_uniform_rescale,ctxdlydm1intseq,2,1.0,50,0.5,0.226042626334311,0.608579306662847,0.37142673741869214,106491.0,1.4635683298110962,uniform,2.4674207532288395,2.467420753228839,,,1.0
ctrl_full_ctxdlydm1intseq_netseed2_lnp_uniform_p50_pruneseed2,lnp_uniform,noise_prune_uniform_rescale,ctxdlydm1intseq,2,2.0,50,0.5,0.199305946656857,0.608579306662847,0.327493794933242,106039.0,1.624364972114563,uniform,2.4674207532288395,2.467420753228839,,,1.0
ctrl_full_ctxdlydm1intseq_netseed2_lnp_uniform_p60_pruneseed0,lnp_uniform,noise_prune_uniform_rescale,ctxdlydm1intseq,2,0.0,60,0.6,0.1309293218005019,0.608579306662847,0.2151392930503251,87806.0,1.95857036113739,uniform,2.9734836200374137,2.9734836200374137,,,1.0
ctrl_full_ctxdlydm1intseq_netseed2_lnp_uniform_p60_pruneseed1,lnp_uniform,noise_prune_uniform_rescale,ctxdlydm1intseq,2,1.0,60,0.6,0.1375866345900299,0.608579306662847,0.2260783978089694,88338.0,1.885368824005127,uniform,2.9734836200374137,2.9734836200374137,,,1.0
ctrl_full_ctxdlydm1intseq_netseed2_lnp_uniform_p60_pruneseed2,lnp_uniform,noise_prune_uniform_rescale,ctxdlydm1intseq,2,2.0,60,0.6,0.1577604083585899,0.608579306662847,0.2592273622047244,88143.0,1.719948172569275,uniform,2.9734836200374137,2.9734836200374137,,,1.0
ctrl_full_ctxdlydm1intseq_netseed2_lnp_uniform_p70_pruneseed0,lnp_uniform,noise_prune_uniform_rescale,ctxdlydm1intseq,2,0.0,70,0.7,0.1024705304038986,0.608579306662847,0.1683766261554261,68256.0,2.2062196731567383,uniform,3.818591300675457,3.8185913006754566,,,1.0
ctrl_full_ctxdlydm1intseq_netseed2_lnp_uniform_p70_pruneseed1,lnp_uniform,noise_prune_uniform_rescale,ctxdlydm1intseq,2,1.0,70,0.7,0.103456919536039,0.608579306662847,0.1699974323861691,68853.0,2.040952444076538,uniform,3.818591300675457,3.8185913006754566,,,1.0
ctrl_full_ctxdlydm1intseq_netseed2_lnp_uniform_p70_pruneseed2,lnp_uniform,noise_prune_uniform_rescale,ctxdlydm1intseq,2,2.0,70,0.7,0.102297993691016,0.608579306662847,0.16809311879493316,68541.0,2.13004469871521,uniform,3.818591300675457,3.8185913006754566,,,1.0
ctrl_full_ctxdlydm1intseq_netseed2_lnp_uniform_p80_pruneseed0,lnp_uniform,noise_prune_uniform_rescale,ctxdlydm1intseq,2,0.0,80,0.8,0.0555437999094996,0.608579306662847,0.09126797329681614,47802.0,2.8328700065612793,uniform,5.491653726752692,5.491653726752692,,,1.0
ctrl_full_ctxdlydm1intseq_netseed2_lnp_uniform_p80_pruneseed1,lnp_uniform,noise_prune_uniform_rescale,ctxdlydm1intseq,2,1.0,80,0.8,0.0613742386410617,0.608579306662847,0.1008483824032864,47768.0,2.8099422454833984,uniform,5.491653726752691,5.491653726752692,,,1.0
ctrl_full_ctxdlydm1intseq_netseed2_lnp_uniform_p80_pruneseed2,lnp_uniform,noise_prune_uniform_rescale,ctxdlydm1intseq,2,2.0,80,0.8,0.0562502238094152,0.608579306662847,0.09242874871619292,47712.0,2.957104444503784,uniform,5.491653726752692,5.491653726752692,,,1.0
ctrl_full_ctxdlydm1intseq_netseed2_snp_shuffled_p50_pruneseed0,snp_shuffled,simulation_noise_prune_shuffled_rescale,ctxdlydm1intseq,2,0.0,50,0.5,0.0702191867335544,0.608579306662847,0.11538214652516247,122165.0,3.424285411834717,shuffle,2.1470397911079573,705.4062042843321,,,0.0
ctrl_full_ctxdlydm1intseq_netseed2_snp_shuffled_p50_pruneseed1,snp_shuffled,simulation_noise_prune_shuffled_rescale,ctxdlydm1intseq,2,1.0,50,0.5,0.0996643672622981,0.608579306662847,0.1637656196508045,121871.0,3.658227443695069,shuffle,2.1462987806400333,494.8997008177852,,,0.0
ctrl_full_ctxdlydm1intseq_netseed2_snp_shuffled_p50_pruneseed2,snp_shuffled,simulation_noise_prune_shuffled_rescale,ctxdlydm1intseq,2,2.0,50,0.5,0.0612082127475332,0.608579306662847,0.10057557343375555,122102.0,3.755763053894043,shuffle,2.1594131992889007,786.48323520318,,,0.0
ctrl_full_ctxdlydm1intseq_netseed2_snp_shuffled_p60_pruneseed0,snp_shuffled,simulation_noise_prune_shuffled_rescale,ctxdlydm1intseq,2,0.0,60,0.6,0.073022094465478,0.608579306662847,0.11998780383430331,101530.0,3.978472232818603,shuffle,2.5855758076563764,881.7577553554152,,,0.0
ctrl_full_ctxdlydm1intseq_netseed2_snp_shuffled_p60_pruneseed1,snp_shuffled,simulation_noise_prune_shuffled_rescale,ctxdlydm1intseq,2,1.0,60,0.6,0.0735299383750948,0.608579306662847,0.12082227832933926,101344.0,4.085324287414551,shuffle,2.5830073292578186,618.6246260222315,,,0.0
ctrl_full_ctxdlydm1intseq_netseed2_snp_shuffled_p60_pruneseed2,snp_shuffled,simulation_noise_prune_shuffled_rescale,ctxdlydm1intseq,2,2.0,60,0.6,0.0641999342407245,0.608579306662847,0.1054914840807942,101431.0,3.949974298477173,shuffle,2.60462730978382,983.104044003975,,,0.0
ctrl_full_ctxdlydm1intseq_netseed2_snp_shuffled_p70_pruneseed0,snp_shuffled,simulation_noise_prune_shuffled_rescale,ctxdlydm1intseq,2,0.0,70,0.7,0.0621360045054869,0.608579306662847,0.10210009414584031,77698.0,5.303558826446533,shuffle,3.379807073486328,1175.6770071405538,,,0.0
ctrl_full_ctxdlydm1intseq_netseed2_snp_shuffled_p70_pruneseed1,snp_shuffled,simulation_noise_prune_shuffled_rescale,ctxdlydm1intseq,2,1.0,70,0.7,0.0693988234949427,0.608579306662847,0.11403414926395065,77625.0,5.087531566619873,shuffle,3.383435509952076,824.8328346963087,,,0.0
ctrl_full_ctxdlydm1intseq_netseed2_snp_shuffled_p70_pruneseed2,snp_shuffled,simulation_noise_prune_shuffled_rescale,ctxdlydm1intseq,2,2.0,70,0.7,0.068265940927336,0.608579306662847,0.11217262923656282,77902.0,4.767547130584717,shuffle,3.4026705205837895,1310.8053920052998,,,0.0
ctrl_full_ctxdlydm1intseq_netseed2_snp_shuffled_p80_pruneseed0,snp_shuffled,simulation_noise_prune_shuffled_rescale,ctxdlydm1intseq,2,0.0,80,0.8,0.0624940995699603,0.608579306662847,0.10268850564875029,52332.0,6.742866039276123,shuffle,5.066793260202621,1763.515510710831,,,0.0
ctrl_full_ctxdlydm1intseq_netseed2_snp_shuffled_p80_pruneseed1,snp_shuffled,simulation_noise_prune_shuffled_rescale,ctxdlydm1intseq,2,1.0,80,0.8,0.044914887313994,0.608579306662847,0.07380285005135223,52162.0,5.069127559661865,shuffle,5.0310852174123335,725.1524604067839,,,0.0
ctrl_full_ctxdlydm1intseq_netseed2_snp_shuffled_p80_pruneseed2,snp_shuffled,simulation_noise_prune_shuffled_rescale,ctxdlydm1intseq,2,2.0,80,0.8,0.0634251467375912,0.608579306662847,0.10421837555631634,52334.0,6.556300163269043,shuffle,5.02537836383012,1966.2080880079504,,,0.0
ctrl_full_ctxdlydm1intseq_netseed2_snp_uniform_p50_pruneseed0,snp_uniform,simulation_noise_prune_uniform_rescale,ctxdlydm1intseq,2,0.0,50,0.5,0.2598109909141516,0.608579306662847,0.4269139421431017,122048.0,1.6635817289352417,uniform,2.1473961059918416,2.1473961059918407,,,0.0
ctrl_full_ctxdlydm1intseq_netseed2_snp_uniform_p50_pruneseed1,snp_uniform,simulation_noise_prune_uniform_rescale,ctxdlydm1intseq,2,1.0,50,0.5,0.2322474371787317,0.608579306662847,0.3816223040054775,121872.0,1.545162796974182,uniform,2.147417711201765,2.1474177112017654,,,0.0
ctrl_full_ctxdlydm1intseq_netseed2_snp_uniform_p50_pruneseed2,snp_uniform,simulation_noise_prune_uniform_rescale,ctxdlydm1intseq,2,2.0,50,0.5,0.1808380075590612,0.608579306662847,0.29714780896953086,122084.0,1.3949774503707886,uniform,2.1471044295450095,2.1471044295450095,,,0.0
ctrl_full_ctxdlydm1intseq_netseed2_snp_uniform_p60_pruneseed0,snp_uniform,simulation_noise_prune_uniform_rescale,ctxdlydm1intseq,2,0.0,60,0.6,0.1605014633066498,0.608579306662847,0.2637313847997261,101434.0,1.9336726665496824,uniform,2.585229536468904,2.5852295364689035,,,0.0
ctrl_full_ctxdlydm1intseq_netseed2_snp_uniform_p60_pruneseed1,snp_uniform,simulation_noise_prune_uniform_rescale,ctxdlydm1intseq,2,1.0,60,0.6,0.1685358143895618,0.608579306662847,0.2769331992468332,101139.0,1.8620363473892212,uniform,2.585268114687497,2.5852681146874965,,,0.0
ctrl_full_ctxdlydm1intseq_netseed2_snp_uniform_p60_pruneseed2,snp_uniform,simulation_noise_prune_uniform_rescale,ctxdlydm1intseq,2,2.0,60,0.6,0.1211305386726392,0.608579306662847,0.19903821465251617,101732.0,1.6369843482971191,uniform,2.584927098472552,2.584927098472552,,,0.0
ctrl_full_ctxdlydm1intseq_netseed2_snp_uniform_p70_pruneseed0,snp_uniform,simulation_noise_prune_uniform_rescale,ctxdlydm1intseq,2,0.0,70,0.7,0.1221885468176742,0.608579306662847,0.20077670318384103,77704.0,2.1195101737976074,uniform,3.370347644086734,3.370347644086732,,,0.0
ctrl_full_ctxdlydm1intseq_netseed2_snp_uniform_p70_pruneseed1,snp_uniform,simulation_noise_prune_uniform_rescale,ctxdlydm1intseq,2,1.0,70,0.7,0.125017497827014,0.608579306662847,0.20542515405682976,77629.0,2.146822929382324,uniform,3.370334435381806,3.370334435381804,,,0.0
ctrl_full_ctxdlydm1intseq_netseed2_snp_uniform_p70_pruneseed2,snp_uniform,simulation_noise_prune_uniform_rescale,ctxdlydm1intseq,2,2.0,70,0.7,0.0880425547152981,0.608579306662847,0.14466899178363565,77773.0,2.0771894454956055,uniform,3.3700570969127535,3.3700570969127557,,,0.0
ctrl_full_ctxdlydm1intseq_netseed2_snp_uniform_p80_pruneseed0,snp_uniform,simulation_noise_prune_uniform_rescale,ctxdlydm1intseq,2,0.0,80,0.8,0.1039940621327491,0.608579306662847,0.17088004964053408,52227.0,2.8070502281188965,uniform,5.008667909852151,5.008667909852154,,,0.0
ctrl_full_ctxdlydm1intseq_netseed2_snp_uniform_p80_pruneseed1,snp_uniform,simulation_noise_prune_uniform_rescale,ctxdlydm1intseq,2,1.0,80,0.8,0.1246398703044784,0.608579306662847,0.2048046473810338,52273.0,2.7953333854675293,uniform,5.008592339660917,5.008592339660917,,,0.0
ctrl_full_ctxdlydm1intseq_netseed2_snp_uniform_p80_pruneseed2,snp_uniform,simulation_noise_prune_uniform_rescale,ctxdlydm1intseq,2,2.0,80,0.8,0.0559670031675136,0.608579306662847,0.09196336870934609,52397.0,2.7423863410949707,uniform,5.008508511093067,5.008508511093066,,,0.0
ctrl_full_ctxdlydm1intseq_netseed2_magnitude_p50_pruneseed0,magnitude,l1_unstructured,ctxdlydm1intseq,2,0.0,50,0.5,0.4323509592064613,0.608579306662847,0.7104266518315645,131072.0,0.7031840682029724,,,,,,
ctrl_full_ctxdlydm1intseq_netseed2_magnitude_p60_pruneseed0,magnitude,l1_unstructured,ctxdlydm1intseq,2,0.0,60,0.6,0.226781604330997,0.608579306662847,0.3726410047928791,104858.0,0.6918148398399353,,,,,,
ctrl_full_ctxdlydm1intseq_netseed2_magnitude_p70_pruneseed0,magnitude,l1_unstructured,ctxdlydm1intseq,2,0.0,70,0.7,0.0946380147209625,0.608579306662847,0.15550646182814096,78643.0,0.9410321116447448,,,,,,
ctrl_full_ctxdlydm1intseq_netseed2_magnitude_p80_pruneseed0,magnitude,l1_unstructured,ctxdlydm1intseq,2,0.0,80,0.8,0.047870799300738,0.608579306662847,0.07865991954809996,52429.0,0.9649965167045592,,,,,,
ctrl_full_ctxdlydm1intseq_netseed2_magnitude_gain_invdensity_p50_pruneseed0,magnitude_gain_invdensity,l1_unstructured_gain,ctxdlydm1intseq,2,0.0,50,0.5,0.0459403413622587,0.608579306662847,0.07548784662786712,131072.0,2.399714946746826,,,,1.99609375,1.57015008277202,
ctrl_full_ctxdlydm1intseq_netseed2_magnitude_gain_invdensity_p60_pruneseed0,magnitude_gain_invdensity,l1_unstructured_gain,ctxdlydm1intseq,2,0.0,60,0.6,0.0437917709754184,0.608579306662847,0.0719573776104074,104858.0,3.2212600708007812,,,,2.495107669419596,1.718692373862613,
ctrl_full_ctxdlydm1intseq_netseed2_magnitude_gain_invdensity_p70_pruneseed0,magnitude_gain_invdensity,l1_unstructured_gain,ctxdlydm1intseq,2,0.0,70,0.7,0.0414869409240805,0.608579306662847,0.06817014720985949,78643.0,5.457486629486084,,,,3.326831377236372,1.8952305994481704,
ctrl_full_ctxdlydm1intseq_netseed2_magnitude_gain_invdensity_p80_pruneseed0,magnitude_gain_invdensity,l1_unstructured_gain,ctxdlydm1intseq,2,0.0,80,0.8,0.0406730885048228,0.608579306662847,0.06683284833960958,52429.0,8.805755615234375,,,,4.990215338839192,2.1229162995351287,
ctrl_full_ctxdlydm1intseq_netseed2_magnitude_gain_matchl1_p50_pruneseed0,magnitude_gain_matchl1,l1_unstructured_gain,ctxdlydm1intseq,2,0.0,50,0.5,0.1094338517030675,0.608579306662847,0.1798185552892844,131072.0,1.1652165651321411,,,,1.2712757887278077,0.9999999399375809,
ctrl_full_ctxdlydm1intseq_netseed2_magnitude_gain_matchl1_p60_pruneseed0,magnitude_gain_matchl1,l1_unstructured_gain,ctxdlydm1intseq,2,0.0,60,0.6,0.074294959649197,0.608579306662847,0.12207933926737409,104858.0,1.456087946891785,,,,1.4517475105258009,0.9999998798751616,
ctrl_full_ctxdlydm1intseq_netseed2_magnitude_gain_matchl1_p70_pruneseed0,magnitude_gain_matchl1,l1_unstructured_gain,ctxdlydm1intseq,2,0.0,70,0.7,0.0641413368665379,0.608579306662847,0.10539519856213615,78643.0,2.4072301387786865,,,,1.7553702205400932,1.0000000600624193,
ctrl_full_ctxdlydm1intseq_netseed2_magnitude_gain_matchl1_p80_pruneseed0,magnitude_gain_matchl1,l1_unstructured_gain,ctxdlydm1intseq,2,0.0,80,0.8,0.0732043974073917,0.608579306662847,0.12028735878123924,52429.0,3.619001865386963,,,,2.3506413691011936,0.9999999399375809,
ctrl_full_ctxdlydm1intseq_netseed2_random_p50_pruneseed0,random,random_unstructured,ctxdlydm1intseq,2,0.0,50,0.5,0.0553321982804926,0.608579306662847,0.09092027559055117,130812.0,0.1122955083847045,,,,,,
ctrl_full_ctxdlydm1intseq_netseed2_random_p50_pruneseed1,random,random_unstructured,ctxdlydm1intseq,2,1.0,50,0.5,0.0597660662606085,0.608579306662847,0.09820587983567261,130803.0,0.2809120714664459,,,,,,
ctrl_full_ctxdlydm1intseq_netseed2_random_p50_pruneseed2,random,random_unstructured,ctxdlydm1intseq,2,2.0,50,0.5,0.048827889745785,0.608579306662847,0.08023258301951378,130825.0,0.2300160378217697,,,,,,
ctrl_full_ctxdlydm1intseq_netseed2_random_p60_pruneseed0,random,random_unstructured,ctxdlydm1intseq,2,0.0,60,0.6,0.0748418684749382,0.608579306662847,0.12297800410818209,104643.0,0.0082130515947937,,,,,,
ctrl_full_ctxdlydm1intseq_netseed2_random_p60_pruneseed1,random,random_unstructured,ctxdlydm1intseq,2,1.0,60,0.6,0.0777163952197564,0.608579306662847,0.12770134371790479,104641.0,0.0994313508272171,,,,,,
ctrl_full_ctxdlydm1intseq_netseed2_random_p60_pruneseed2,random,random_unstructured,ctxdlydm1intseq,2,2.0,60,0.6,0.0758087251490163,0.608579306662847,0.12456671516603891,104657.0,0.1033276617527008,,,,,,
ctrl_full_ctxdlydm1intseq_netseed2_random_p70_pruneseed0,random,random_unstructured,ctxdlydm1intseq,2,0.0,70,0.7,0.0759063874393273,0.608579306662847,0.12472719103046902,78486.0,-0.117807038128376,,,,,,
ctrl_full_ctxdlydm1intseq_netseed2_random_p70_pruneseed1,random,random_unstructured,ctxdlydm1intseq,2,1.0,70,0.7,0.0689332999111273,0.608579306662847,0.11326921431016773,78481.0,-0.0736376941204071,,,,,,
ctrl_full_ctxdlydm1intseq_netseed2_random_p70_pruneseed2,random,random_unstructured,ctxdlydm1intseq,2,2.0,70,0.7,0.0719022335365794,0.608579306662847,0.11814768058883943,78493.0,-0.0721140429377555,,,,,,
ctrl_full_ctxdlydm1intseq_netseed2_random_p80_pruneseed0,random,random_unstructured,ctxdlydm1intseq,2,0.0,80,0.8,0.045019060423659,0.608579306662847,0.07397402430674424,52325.0,-0.2597151696681976,,,,,,
ctrl_full_ctxdlydm1intseq_netseed2_random_p80_pruneseed1,random,random_unstructured,ctxdlydm1intseq,2,1.0,80,0.8,0.0466923409976528,0.608579306662847,0.076723510783978,52319.0,-0.2452286630868911,,,,,,
ctrl_full_ctxdlydm1intseq_netseed2_random_p80_pruneseed2,random,random_unstructured,ctxdlydm1intseq,2,2.0,80,0.8,0.0466630423105595,0.608579306662847,0.07667536802464897,52327.0,-0.2560194432735443,,,,,,
ctrl_full_ctxdlydm1intseq_netseed2_random_gain_invdensity_p50_pruneseed0,random_gain_invdensity,random_unstructured_gain,ctxdlydm1intseq,2,0.0,50,0.5,0.2839400874403039,0.608579306662847,0.46656217904827113,130812.0,1.2246592044830322,,,,2.0000611564688255,1.0002707613860629,
ctrl_full_ctxdlydm1intseq_netseed2_random_gain_invdensity_p50_pruneseed1,random_gain_invdensity,random_unstructured_gain,ctxdlydm1intseq,2,1.0,50,0.5,0.3073692708858946,0.608579306662847,0.5050603389250257,130803.0,1.562078833580017,,,,2.0001987721994143,1.0024676644956505,
ctrl_full_ctxdlydm1intseq_netseed2_random_gain_invdensity_p50_pruneseed2,random_gain_invdensity,random_unstructured_gain,ctxdlydm1intseq,2,2.0,50,0.5,0.2308411001982544,0.608579306662847,0.37931145155768564,130825.0,1.4598629474639893,,,,1.999862411618574,1.0006385836416638,
ctrl_full_ctxdlydm1intseq_netseed2_random_gain_invdensity_p60_pruneseed0,random_gain_invdensity,random_unstructured_gain,ctxdlydm1intseq,2,0.0,60,0.6,0.1733961410373688,0.608579306662847,0.28491954809996567,104643.0,1.520768642425537,,,,2.500234129373202,1.001477895888523,
ctrl_full_ctxdlydm1intseq_netseed2_random_gain_invdensity_p60_pruneseed1,random_gain_invdensity,random_unstructured_gain,ctxdlydm1intseq,2,1.0,60,0.6,0.15883469355201,0.608579306662847,0.2609925967134542,104641.0,1.7488882541656494,,,,2.5002819162660908,1.0024350506019877,
ctrl_full_ctxdlydm1intseq_netseed2_random_gain_invdensity_p60_pruneseed2,random_gain_invdensity,random_unstructured_gain,ctxdlydm1intseq,2,2.0,60,0.6,0.150272966101419,0.608579306662847,0.24692421259842512,104657.0,1.758208394050598,,,,2.4998996722627247,1.000304516465692,
ctrl_full_ctxdlydm1intseq_netseed2_random_gain_invdensity_p70_pruneseed0,random_gain_invdensity,random_unstructured_gain,ctxdlydm1intseq,2,0.0,70,0.7,0.0983980128979331,0.608579306662847,0.16168478260869557,78486.0,1.940778136253357,,,,3.3334862268430037,1.001316147793433,
ctrl_full_ctxdlydm1intseq_netseed2_random_gain_invdensity_p70_pruneseed1,random_gain_invdensity,random_unstructured_gain,ctxdlydm1intseq,2,1.0,70,0.7,0.0978087837463905,0.608579306662847,0.1607165782266346,78481.0,2.088212490081787,,,,3.3336986022094517,1.0005707131078905,
ctrl_full_ctxdlydm1intseq_netseed2_random_gain_invdensity_p70_pruneseed2,random_gain_invdensity,random_unstructured_gain,ctxdlydm1intseq,2,2.0,70,0.7,0.1080470471806524,0.608579306662847,0.17753979801437855,78493.0,2.0928192138671875,,,,3.3331889467850635,0.9997903821567524,
ctrl_full_ctxdlydm1intseq_netseed2_random_gain_invdensity_p80_pruneseed0,random_gain_invdensity,random_unstructured_gain,ctxdlydm1intseq,2,0.0,80,0.8,0.0599483692025222,0.608579306662847,0.09850543478260855,52325.0,2.7015233039855957,,,,5.000133779264214,1.0032183246116697,
ctrl_full_ctxdlydm1intseq_netseed2_random_gain_invdensity_p80_pruneseed1,random_gain_invdensity,random_unstructured_gain,ctxdlydm1intseq,2,1.0,80,0.8,0.0648575269954847,0.608579306662847,0.10657202156795609,52319.0,2.774390459060669,,,,5.000707200061163,0.9986117172410256,
ctrl_full_ctxdlydm1intseq_netseed2_random_gain_invdensity_p80_pruneseed2,random_gain_invdensity,random_unstructured_gain,ctxdlydm1intseq,2,2.0,80,0.8,0.0737838603299032,0.608579306662847,0.1212395155768572,52327.0,2.719860315322876,,,,4.999942668220995,1.0004287255487392,
ctrl_full_ctxdlydm2intseq_netseed0_lnp_rescale_p50_pruneseed0,lnp_rescale,noise_prune,ctxdlydm2intseq,0,0.0,50,0.5,0.6582782664769045,0.6899244750872005,0.9541309088849237,112947.0,0.7053884863853455,none,2.314575759896585,460.44710278647705,,,1.0
ctrl_full_ctxdlydm2intseq_netseed0_lnp_rescale_p50_pruneseed1,lnp_rescale,noise_prune,ctxdlydm2intseq,0,1.0,50,0.5,0.6478825993076068,0.6899244750872005,0.9390630753108449,112942.0,0.8137140870094299,none,2.315463689367702,427.63223119053526,,,1.0
ctrl_full_ctxdlydm2intseq_netseed0_lnp_rescale_p50_pruneseed2,lnp_rescale,noise_prune,ctxdlydm2intseq,0,2.0,50,0.5,0.587505007311489,0.6899244750872005,0.851549739900492,112755.0,0.8678907155990601,none,2.325674010221872,950.680006135658,,,1.0
ctrl_full_ctxdlydm2intseq_netseed0_lnp_rescale_p60_pruneseed0,lnp_rescale,noise_prune,ctxdlydm2intseq,0,0.0,60,0.6,0.5712503786016004,0.6899244750872005,0.8279897281936539,93605.0,1.022710204124451,none,2.795593791489365,575.5588784830962,,,1.0
ctrl_full_ctxdlydm2intseq_netseed0_lnp_rescale_p60_pruneseed1,lnp_rescale,noise_prune,ctxdlydm2intseq,0,1.0,60,0.6,0.5557871493660662,0.6899244750872005,0.8055767978021356,93735.0,1.0310251712799072,none,2.7876988066147557,534.5402889881691,,,1.0
ctrl_full_ctxdlydm2intseq_netseed0_lnp_rescale_p60_pruneseed2,lnp_rescale,noise_prune,ctxdlydm2intseq,0,2.0,60,0.6,0.4971812500203549,0.6899244750872005,0.7206314139783424,93585.0,1.0597479343414309,none,2.810037874509849,1188.3500076695725,,,1.0
ctrl_full_ctxdlydm2intseq_netseed0_lnp_rescale_p70_pruneseed0,lnp_rescale,noise_prune,ctxdlydm2intseq,0,0.0,70,0.7,0.3272811357070975,0.6899244750872005,0.47437240962604205,72541.0,1.4916905164718628,none,3.585740408477365,522.2104986124779,,,1.0
ctrl_full_ctxdlydm2intseq_netseed0_lnp_rescale_p70_pruneseed1,lnp_rescale,noise_prune,ctxdlydm2intseq,0,1.0,70,0.7,0.3235358295527453,0.6899244750872005,0.4689438355000425,72509.0,1.4941247701644895,none,3.574538444528385,693.7410246964446,,,1.0
ctrl_full_ctxdlydm2intseq_netseed0_lnp_rescale_p70_pruneseed2,lnp_rescale,noise_prune,ctxdlydm2intseq,0,2.0,70,0.7,0.3385919602932412,0.6899244750872005,0.49076670348656076,72608.0,1.444767713546753,none,3.6195263723277886,1584.4666768927636,,,1.0
ctrl_full_ctxdlydm2intseq_netseed0_lnp_rescale_p80_pruneseed0,lnp_rescale,noise_prune,ctxdlydm2intseq,0,0.0,80,0.8,0.1672653728533696,0.6899244750872005,0.24244012046714056,50253.0,2.175712823867798,none,5.188567458888484,783.315747918717,,,1.0
ctrl_full_ctxdlydm2intseq_netseed0_lnp_rescale_p80_pruneseed1,lnp_rescale,noise_prune,ctxdlydm2intseq,0,1.0,80,0.8,0.1396315270101709,0.6899244750872005,0.20238668441574376,50339.0,2.134815454483032,none,5.168282330254871,1040.611537044667,,,1.0
ctrl_full_ctxdlydm2intseq_netseed0_lnp_rescale_p80_pruneseed2,lnp_rescale,noise_prune,ctxdlydm2intseq,0,2.0,80,0.8,0.1255980276892112,0.6899244750872005,0.18204605319058537,50096.0,2.1259357929229736,none,5.236341330652583,2376.700015339146,,,1.0
ctrl_full_ctxdlydm2intseq_netseed0_snp_rescale_p50_pruneseed0,snp_rescale,simulation_noise_prune_rescale,ctxdlydm2intseq,0,0.0,50,0.5,0.5903221288971539,0.6899244750872005,0.8556329717430915,120938.0,1.05608069896698,none,2.1715341018798187,588.7385047537202,,,0.0
ctrl_full_ctxdlydm2intseq_netseed0_snp_rescale_p50_pruneseed1,snp_rescale,simulation_noise_prune_rescale,ctxdlydm2intseq,0,1.0,50,0.5,0.5649061556549237,0.6899244750872005,0.8187941956741345,120717.0,0.7643623948097229,none,2.151556108747986,382.1032364488824,,,0.0
ctrl_full_ctxdlydm2intseq_netseed0_snp_rescale_p50_pruneseed2,snp_rescale,simulation_noise_prune_rescale,ctxdlydm2intseq,0,2.0,50,0.5,0.6184477497223588,0.6899244750872005,0.8963992031797283,120751.0,0.8934803605079651,none,2.1629372910594045,333.50517008248374,,,0.0
ctrl_full_ctxdlydm2intseq_netseed0_snp_rescale_p60_pruneseed0,snp_rescale,simulation_noise_prune_rescale,ctxdlydm2intseq,0,0.0,60,0.6,0.4639554992493104,0.6899244750872005,0.6724728807318663,100671.0,1.040220856666565,none,2.612894595811003,735.9231309421504,,,0.0
ctrl_full_ctxdlydm2intseq_netseed0_snp_rescale_p60_pruneseed1,snp_rescale,simulation_noise_prune_rescale,ctxdlydm2intseq,0,1.0,60,0.6,0.4009855040367887,0.6899244750872005,0.5812020279264736,100402.0,0.9272747039794922,none,2.591128595424177,477.62904556110306,,,0.0
ctrl_full_ctxdlydm2intseq_netseed0_snp_rescale_p60_pruneseed2,snp_rescale,simulation_noise_prune_rescale,ctxdlydm2intseq,0,2.0,60,0.6,0.5069841817808768,0.6899244750872005,0.7348401166907412,100451.0,0.931955873966217,none,2.598312156124879,416.88146260310464,,,0.0
ctrl_full_ctxdlydm2intseq_netseed0_snp_rescale_p70_pruneseed0,snp_rescale,simulation_noise_prune_rescale,ctxdlydm2intseq,0,0.0,70,0.7,0.2424906611605238,0.6899244750872005,0.3514742119126519,77299.0,1.3260873556137085,none,3.4155160962599553,981.2308412562004,,,0.0
ctrl_full_ctxdlydm2intseq_netseed0_snp_rescale_p70_pruneseed1,snp_rescale,simulation_noise_prune_rescale,ctxdlydm2intseq,0,1.0,70,0.7,0.221650475002524,0.6899244750872005,0.3212677372758943,77327.0,1.3538058996200562,none,3.3810834900822364,636.838727414804,,,0.0
ctrl_full_ctxdlydm2intseq_netseed0_snp_rescale_p70_pruneseed2,snp_rescale,simulation_noise_prune_rescale,ctxdlydm2intseq,0,2.0,70,0.7,0.3078348547961088,0.6899244750872005,0.4461863086640043,77347.0,1.2892885208129885,none,3.38670392371683,555.8419501374728,,,0.0
ctrl_full_ctxdlydm2intseq_netseed0_snp_rescale_p80_pruneseed0,snp_rescale,simulation_noise_prune_rescale,ctxdlydm2intseq,0,0.0,80,0.8,0.1339386616555556,0.6899244750872005,0.1941352517442245,52093.0,1.953803777694702,none,5.069850971873446,1471.8462618843012,,,0.0
ctrl_full_ctxdlydm2intseq_netseed0_snp_rescale_p80_pruneseed1,snp_rescale,simulation_noise_prune_rescale,ctxdlydm2intseq,0,1.0,80,0.8,0.1179869142259754,0.6899244750872005,0.1710142464667062,52207.0,2.026512622833252,none,4.977994920975863,622.7898311943139,,,0.0
ctrl_full_ctxdlydm2intseq_netseed0_snp_rescale_p80_pruneseed2,snp_rescale,simulation_noise_prune_rescale,ctxdlydm2intseq,0,2.0,80,0.8,0.1136749269665299,0.6899244750872005,0.16476430547294668,52289.0,2.1467418670654297,none,5.0440821518326775,833.7629252062096,,,0.0
ctrl_full_ctxdlydm2intseq_netseed0_lnp_shuffled_p50_pruneseed0,lnp_shuffled,noise_prune_shuffled_rescale,ctxdlydm2intseq,0,0.0,50,0.5,0.0835040433022527,0.6899244750872005,0.12103360051359029,112803.0,3.5354747772216797,shuffle,2.3066868671364187,510.9247261320911,,,1.0
ctrl_full_ctxdlydm2intseq_netseed0_lnp_shuffled_p50_pruneseed1,lnp_shuffled,noise_prune_shuffled_rescale,ctxdlydm2intseq,0,1.0,50,0.5,0.0662495806885501,0.6899244750872005,0.0960243955400723,112921.0,5.588481426239014,shuffle,2.3186165522374886,671.2777377893885,,,1.0
ctrl_full_ctxdlydm2intseq_netseed0_lnp_shuffled_p50_pruneseed2,lnp_shuffled,noise_prune_shuffled_rescale,ctxdlydm2intseq,0,2.0,50,0.5,0.0887930669497901,0.6899244750872005,0.12869969127934971,112656.0,4.188724040985107,shuffle,2.328951448129091,520.7127979628381,,,1.0
ctrl_full_ctxdlydm2intseq_netseed0_lnp_shuffled_p60_pruneseed0,lnp_shuffled,noise_prune_shuffled_rescale,ctxdlydm2intseq,0,0.0,60,0.6,0.0550429733171362,0.6899244750872005,0.07978115765523357,93774.0,4.2736124992370605,shuffle,2.764761580779975,638.6559076651139,,,1.0
ctrl_full_ctxdlydm2intseq_netseed0_lnp_shuffled_p60_pruneseed1,lnp_shuffled,noise_prune_shuffled_rescale,ctxdlydm2intseq,0,1.0,60,0.6,0.0533689843055388,0.6899244750872005,0.07735482104587378,93897.0,5.629958629608154,shuffle,2.8034295368404796,839.0971722367356,,,1.0
ctrl_full_ctxdlydm2intseq_netseed0_lnp_shuffled_p60_pruneseed2,lnp_shuffled,noise_prune_shuffled_rescale,ctxdlydm2intseq,0,2.0,60,0.6,0.074840987327838,0.6899244750872005,0.10847707253519127,93156.0,4.642283916473389,shuffle,2.804458323082647,650.8909974535476,,,1.0
ctrl_full_ctxdlydm2intseq_netseed0_lnp_shuffled_p70_pruneseed0,lnp_shuffled,noise_prune_shuffled_rescale,ctxdlydm2intseq,0,0.0,70,0.7,0.0561730787393625,0.6899244750872005,0.08141917089151347,72709.0,4.786375522613525,shuffle,3.556568394445931,851.5412102201517,,,1.0
ctrl_full_ctxdlydm2intseq_netseed0_lnp_shuffled_p70_pruneseed1,lnp_shuffled,noise_prune_shuffled_rescale,ctxdlydm2intseq,0,1.0,70,0.7,0.070024197934545,0.6899244750872005,0.10149545415923177,73122.0,10.028943061828612,shuffle,3.6133584292794656,1118.796229648981,,,1.0
ctrl_full_ctxdlydm2intseq_netseed0_lnp_shuffled_p70_pruneseed2,lnp_shuffled,noise_prune_shuffled_rescale,ctxdlydm2intseq,0,2.0,70,0.7,0.0564564192919091,0.6899244750872005,0.08182985432539337,72321.0,4.902033805847168,shuffle,3.5953373883371356,867.8546632713967,,,1.0
ctrl_full_ctxdlydm2intseq_netseed0_lnp_shuffled_p80_pruneseed0,lnp_shuffled,noise_prune_shuffled_rescale,ctxdlydm2intseq,0,0.0,80,0.8,0.0565769204464404,0.6899244750872005,0.0820045127972733,50453.0,5.534646987915039,shuffle,5.142733576779971,553.1522322952418,,,1.0
ctrl_full_ctxdlydm2intseq_netseed0_lnp_shuffled_p80_pruneseed1,lnp_shuffled,noise_prune_shuffled_rescale,ctxdlydm2intseq,0,1.0,80,0.8,0.066738098882596,0.6899244750872005,0.0967324704260722,50603.0,13.934276580810549,shuffle,5.188374808856633,1678.1943444734716,,,1.0
ctrl_full_ctxdlydm2intseq_netseed0_lnp_shuffled_p80_pruneseed2,lnp_shuffled,noise_prune_shuffled_rescale,ctxdlydm2intseq,0,2.0,80,0.8,0.0843996599913369,0.6899244750872005,0.12233173780459017,50131.0,5.486446857452393,shuffle,5.219117102047667,1301.7819949070954,,,1.0
ctrl_full_ctxdlydm2intseq_netseed0_lnp_uniform_p50_pruneseed0,lnp_uniform,noise_prune_uniform_rescale,ctxdlydm2intseq,0,0.0,50,0.5,0.1726162754721528,0.6899244750872005,0.25019590071845993,112642.0,1.663188338279724,uniform,2.319869507066478,2.319869507066477,,,1.0
ctrl_full_ctxdlydm2intseq_netseed0_lnp_uniform_p50_pruneseed1,lnp_uniform,noise_prune_uniform_rescale,ctxdlydm2intseq,0,1.0,50,0.5,0.1584525046327808,0.6899244750872005,0.22966644952370152,113130.0,1.4502633810043335,uniform,2.319869507066478,2.319869507066477,,,1.0
ctrl_full_ctxdlydm2intseq_netseed0_lnp_uniform_p50_pruneseed2,lnp_uniform,noise_prune_uniform_rescale,ctxdlydm2intseq,0,2.0,50,0.5,0.1891086497031437,0.6899244750872005,0.27410050886981796,112749.0,1.5800167322158811,uniform,2.319869507066478,2.3198695070664774,,,1.0
ctrl_full_ctxdlydm2intseq_netseed0_lnp_uniform_p60_pruneseed0,lnp_uniform,noise_prune_uniform_rescale,ctxdlydm2intseq,0,0.0,60,0.6,0.1529094515243396,0.6899244750872005,0.22163215981722229,93514.0,1.8733152151107788,uniform,2.7943325656322524,2.794332565632251,,,1.0
ctrl_full_ctxdlydm2intseq_netseed0_lnp_uniform_p60_pruneseed1,lnp_uniform,noise_prune_uniform_rescale,ctxdlydm2intseq,0,1.0,60,0.6,0.127786589198537,0.6899244750872005,0.18521822867986512,94013.0,1.8383582830429075,uniform,2.7943325656322524,2.794332565632251,,,1.0
ctrl_full_ctxdlydm2intseq_netseed0_lnp_uniform_p60_pruneseed2,lnp_uniform,noise_prune_uniform_rescale,ctxdlydm2intseq,0,2.0,60,0.6,0.1195078342034385,0.6899244750872005,0.17321871961178611,93684.0,1.7488075494766235,uniform,2.7943325656322524,2.794332565632251,,,1.0
ctrl_full_ctxdlydm2intseq_netseed0_lnp_uniform_p70_pruneseed0,lnp_uniform,noise_prune_uniform_rescale,ctxdlydm2intseq,0,0.0,70,0.7,0.0989705293257472,0.6899244750872005,0.14345125140434853,72491.0,2.100985050201416,uniform,3.5970070703833836,3.5970070703833827,,,1.0
ctrl_full_ctxdlydm2intseq_netseed0_lnp_uniform_p70_pruneseed1,lnp_uniform,noise_prune_uniform_rescale,ctxdlydm2intseq,0,1.0,70,0.7,0.0701837805446,0.6899244750872005,0.10172675862199175,73021.0,2.203969240188598,uniform,3.5970070703833836,3.5970070703833827,,,1.0
ctrl_full_ctxdlydm2intseq_netseed0_lnp_uniform_p70_pruneseed2,lnp_uniform,noise_prune_uniform_rescale,ctxdlydm2intseq,0,2.0,70,0.7,0.1151079136690647,0.6899244750872005,0.1668413251385466,72746.0,2.1166234016418457,uniform,3.5970070703833836,3.5970070703833827,,,1.0
ctrl_full_ctxdlydm2intseq_netseed0_lnp_uniform_p80_pruneseed0,lnp_uniform,noise_prune_uniform_rescale,ctxdlydm2intseq,0,0.0,80,0.8,0.0769188180465134,0.6899244750872005,0.11148875105031103,50431.0,3.030292272567749,uniform,5.197981756736202,5.197981756736202,,,1.0
ctrl_full_ctxdlydm2intseq_netseed0_lnp_uniform_p80_pruneseed1,lnp_uniform,noise_prune_uniform_rescale,ctxdlydm2intseq,0,1.0,80,0.8,0.0579936232091737,0.6899244750872005,0.08405792996667326,50416.0,2.901689052581787,uniform,5.197981756736201,5.197981756736202,,,1.0
ctrl_full_ctxdlydm2intseq_netseed0_lnp_uniform_p80_pruneseed2,lnp_uniform,noise_prune_uniform_rescale,ctxdlydm2intseq,0,2.0,80,0.8,0.0882491833604189,0.6899244750872005,0.1279113679062697,50350.0,2.9043266773223877,uniform,5.197981756736201,5.197981756736202,,,1.0
ctrl_full_ctxdlydm2intseq_netseed0_snp_shuffled_p50_pruneseed0,snp_shuffled,simulation_noise_prune_shuffled_rescale,ctxdlydm2intseq,0,0.0,50,0.5,0.0674871601134664,0.6899244750872005,0.09781818525127203,120865.0,3.9557864665985103,shuffle,2.175309568005428,1420.759920791376,,,0.0
ctrl_full_ctxdlydm2intseq_netseed0_snp_shuffled_p50_pruneseed1,snp_shuffled,simulation_noise_prune_shuffled_rescale,ctxdlydm2intseq,0,1.0,50,0.5,0.077850259403161,0.6899244750872005,0.11283881383295091,120850.0,3.114840507507324,shuffle,2.1475280391563394,206.84590974073257,,,0.0
ctrl_full_ctxdlydm2intseq_netseed0_snp_shuffled_p50_pruneseed2,snp_shuffled,simulation_noise_prune_shuffled_rescale,ctxdlydm2intseq,0,2.0,50,0.5,0.0382737721095192,0.6899244750872005,0.05547530706847546,120820.0,5.835541248321533,shuffle,2.206565467502315,2001.550772560326,,,0.0
ctrl_full_ctxdlydm2intseq_netseed0_snp_shuffled_p60_pruneseed0,snp_shuffled,simulation_noise_prune_shuffled_rescale,ctxdlydm2intseq,0,0.0,60,0.6,0.0645430237973496,0.6899244750872005,0.09355085393831247,100455.0,4.161747455596924,shuffle,2.6205479418100284,1775.94990098922,,,0.0
ctrl_full_ctxdlydm2intseq_netseed0_snp_shuffled_p60_pruneseed1,snp_shuffled,simulation_noise_prune_shuffled_rescale,ctxdlydm2intseq,0,1.0,60,0.6,0.082582372309486,0.6899244750872005,0.11969769922867035,100449.0,3.3644397258758545,shuffle,2.583913198077982,245.9612346469793,,,0.0
ctrl_full_ctxdlydm2intseq_netseed0_snp_shuffled_p60_pruneseed2,snp_shuffled,simulation_noise_prune_shuffled_rescale,ctxdlydm2intseq,0,2.0,60,0.6,0.0460835496383337,0.6899244750872005,0.06679506424599467,100421.0,6.3505401611328125,shuffle,2.665907243715395,2501.9384657004075,,,0.0
ctrl_full_ctxdlydm2intseq_netseed0_snp_shuffled_p70_pruneseed0,snp_shuffled,simulation_noise_prune_shuffled_rescale,ctxdlydm2intseq,0,0.0,70,0.7,0.0819505554451866,0.6899244750872005,0.11878192237611047,77036.0,4.998049736022949,shuffle,3.3789947068475894,566.1477238973165,,,0.0
ctrl_full_ctxdlydm2intseq_netseed0_snp_shuffled_p70_pruneseed1,snp_shuffled,simulation_noise_prune_shuffled_rescale,ctxdlydm2intseq,0,1.0,70,0.7,0.0670768048304679,0.6899244750872005,0.09722340234703224,77443.0,4.023637771606445,shuffle,3.364931272008589,327.94831286263906,,,0.0
ctrl_full_ctxdlydm2intseq_netseed0_snp_shuffled_p70_pruneseed2,snp_shuffled,simulation_noise_prune_shuffled_rescale,ctxdlydm2intseq,0,2.0,70,0.7,0.064611416344516,0.6899244750872005,0.09364998442235244,77434.0,5.4001593589782715,shuffle,3.450317708541456,2305.579929689877,,,0.0
ctrl_full_ctxdlydm2intseq_netseed0_snp_shuffled_p80_pruneseed0,snp_shuffled,simulation_noise_prune_shuffled_rescale,ctxdlydm2intseq,0,0.0,80,0.8,0.0564792168076313,0.6899244750872005,0.08186289782007344,51974.0,6.170192241668701,shuffle,5.001811915609537,434.1229158244273,,,0.0
ctrl_full_ctxdlydm2intseq_netseed0_snp_shuffled_p80_pruneseed1,snp_shuffled,simulation_noise_prune_shuffled_rescale,ctxdlydm2intseq,0,1.0,80,0.8,0.0558767110349746,0.6899244750872005,0.08098960546067346,51962.0,5.224758148193359,shuffle,4.9984016475032975,487.4055059740052,,,0.0
ctrl_full_ctxdlydm2intseq_netseed0_snp_shuffled_p80_pruneseed2,snp_shuffled,simulation_noise_prune_shuffled_rescale,ctxdlydm2intseq,0,2.0,80,0.8,0.0646700385278015,0.6899244750872005,0.0937349534086724,52429.0,8.008044242858887,shuffle,5.175348156820318,3458.369894534817,,,0.0
ctrl_full_ctxdlydm2intseq_netseed0_snp_uniform_p50_pruneseed0,snp_uniform,simulation_noise_prune_uniform_rescale,ctxdlydm2intseq,0,0.0,50,0.5,0.2279263054020341,0.6899244750872005,0.3303641393113735,120935.0,1.4556448459625244,uniform,2.166868267938629,2.16686826793863,,,0.0
ctrl_full_ctxdlydm2intseq_netseed0_snp_uniform_p50_pruneseed1,snp_uniform,simulation_noise_prune_uniform_rescale,ctxdlydm2intseq,0,1.0,50,0.5,0.1987129173980869,0.6899244750872005,0.2880212611285769,120836.0,1.1623780727386477,uniform,2.1667878415916095,2.1667878415916086,,,0.0
ctrl_full_ctxdlydm2intseq_netseed0_snp_uniform_p50_pruneseed2,snp_uniform,simulation_noise_prune_uniform_rescale,ctxdlydm2intseq,0,2.0,50,0.5,0.2724987054267858,0.6899244750872005,0.39496889191000845,120983.0,1.1836693286895752,uniform,2.1664168568250943,2.1664168568250934,,,0.0
ctrl_full_ctxdlydm2intseq_netseed0_snp_uniform_p60_pruneseed0,snp_uniform,simulation_noise_prune_uniform_rescale,ctxdlydm2intseq,0,0.0,60,0.6,0.1681707599063348,0.6899244750872005,0.24375241925586053,100664.0,1.7673019170761108,uniform,2.604920219752927,2.604920219752928,,,0.0
ctrl_full_ctxdlydm2intseq_netseed0_snp_uniform_p60_pruneseed1,snp_uniform,simulation_noise_prune_uniform_rescale,ctxdlydm2intseq,0,1.0,60,0.6,0.127584668344998,0.6899244750872005,0.1849255577269851,100474.0,1.5271024703979492,uniform,2.6049152711874224,2.6049152711874215,,,0.0
ctrl_full_ctxdlydm2intseq_netseed0_snp_uniform_p60_pruneseed2,snp_uniform,simulation_noise_prune_uniform_rescale,ctxdlydm2intseq,0,2.0,60,0.6,0.1638262047672862,0.6899244750872005,0.237455273269701,100962.0,1.7505340576171875,uniform,2.6044599725378488,2.6044599725378483,,,0.0
ctrl_full_ctxdlydm2intseq_netseed0_snp_uniform_p70_pruneseed0,snp_uniform,simulation_noise_prune_uniform_rescale,ctxdlydm2intseq,0,0.0,70,0.7,0.110177136697161,0.6899244750872005,0.15969448928918717,77306.0,2.0948989391326904,uniform,3.386768741294539,3.3867687412945395,,,0.0
ctrl_full_ctxdlydm2intseq_netseed0_snp_uniform_p70_pruneseed1,snp_uniform,simulation_noise_prune_uniform_rescale,ctxdlydm2intseq,0,1.0,70,0.7,0.095459711904537,0.6899244750872005,0.1383625532236289,77260.0,2.156075954437256,uniform,3.386841050761994,3.386841050761994,,,0.0
ctrl_full_ctxdlydm2intseq_netseed0_snp_uniform_p70_pruneseed2,snp_uniform,simulation_noise_prune_uniform_rescale,ctxdlydm2intseq,0,2.0,70,0.7,0.1065523316973401,0.6899244750872005,0.15444057363506755,77372.0,2.1766159534454346,uniform,3.38636152945903,3.386361529459029,,,0.0
ctrl_full_ctxdlydm2intseq_netseed0_snp_uniform_p80_pruneseed0,snp_uniform,simulation_noise_prune_uniform_rescale,ctxdlydm2intseq,0,0.0,80,0.8,0.0552025559271912,0.6899244750872005,0.08001246211799354,52104.0,2.6452112197875977,uniform,5.01855515123441,5.018555151234412,,,0.0
ctrl_full_ctxdlydm2intseq_netseed0_snp_uniform_p80_pruneseed1,snp_uniform,simulation_noise_prune_uniform_rescale,ctxdlydm2intseq,0,1.0,80,0.8,0.0487769132815069,0.6899244750872005,0.07069891711747422,52157.0,3.000708818435669,uniform,5.018666692659358,5.018666692659358,,,0.0
ctrl_full_ctxdlydm2intseq_netseed0_snp_uniform_p80_pruneseed2,snp_uniform,simulation_noise_prune_uniform_rescale,ctxdlydm2intseq,0,2.0,80,0.8,0.071235723055779,0.6899244750872005,0.10325147987651173,52300.0,2.898771047592163,uniform,5.018267127582547,5.018267127582548,,,0.0
ctrl_full_ctxdlydm2intseq_netseed0_magnitude_p50_pruneseed0,magnitude,l1_unstructured,ctxdlydm2intseq,0,0.0,50,0.5,0.4275283259132847,0.6899244750872005,0.6196740967324704,131072.0,0.7733095288276672,,,,,,
ctrl_full_ctxdlydm2intseq_netseed0_magnitude_p60_pruneseed0,magnitude,l1_unstructured,ctxdlydm2intseq,0,0.0,60,0.6,0.2052786019260644,0.6899244750872005,0.2975377875964162,104858.0,0.8219443559646606,,,,,,
ctrl_full_ctxdlydm2intseq_netseed0_magnitude_p70_pruneseed0,magnitude,l1_unstructured,ctxdlydm2intseq,0,0.0,70,0.7,0.0840576972555047,0.6899244750872005,0.12183608538439014,78643.0,0.840320885181427,,,,,,
ctrl_full_ctxdlydm2intseq_netseed0_magnitude_p80_pruneseed0,magnitude,l1_unstructured,ctxdlydm2intseq,0,0.0,80,0.8,0.0496236781511866,0.6899244750872005,0.07192624691987425,52429.0,0.7563985586166382,,,,,,
ctrl_full_ctxdlydm2intseq_netseed0_magnitude_gain_invdensity_p50_pruneseed0,magnitude_gain_invdensity,l1_unstructured_gain,ctxdlydm2intseq,0,0.0,50,0.5,0.043673526547707,0.6899244750872005,0.06330189480839486,131072.0,2.539691925048828,,,,1.99609375,1.5748417928782656,
ctrl_full_ctxdlydm2intseq_netseed0_magnitude_gain_invdensity_p60_pruneseed0,magnitude_gain_invdensity,l1_unstructured_gain,ctxdlydm2intseq,0,0.0,60,0.6,0.0445398321451485,0.6899244750872005,0.0645575476062348,104858.0,3.545947313308716,,,,2.495107669419596,1.7261376442040086,
ctrl_full_ctxdlydm2intseq_netseed0_magnitude_gain_invdensity_p70_pruneseed0,magnitude_gain_invdensity,l1_unstructured_gain,ctxdlydm2intseq,0,0.0,70,0.7,0.0454256784703518,0.6899244750872005,0.0658415233995147,78643.0,5.122437477111816,,,,3.326831377236372,1.906494416152868,
ctrl_full_ctxdlydm2intseq_netseed0_magnitude_gain_invdensity_p80_pruneseed0,magnitude_gain_invdensity,l1_unstructured_gain,ctxdlydm2intseq,0,0.0,80,0.8,0.0456048018081686,0.6899244750872005,0.0661011508577146,52429.0,7.764807224273682,,,,4.990215338839192,2.141143542345545,
ctrl_full_ctxdlydm2intseq_netseed0_magnitude_gain_matchl1_p50_pruneseed0,magnitude_gain_matchl1,l1_unstructured_gain,ctxdlydm2intseq,0,0.0,50,0.5,0.0962543681668517,0.6899244750872005,0.13951435503818876,131072.0,1.2476491928100586,,,,1.267488412958821,1.0,
ctrl_full_ctxdlydm2intseq_netseed0_magnitude_gain_matchl1_p60_pruneseed0,magnitude_gain_matchl1,l1_unstructured_gain,ctxdlydm2intseq,0,0.0,60,0.6,0.0627973854506254,0.6899244750872005,0.09102066634567262,104858.0,1.633594989776611,,,,1.44548589983952,1.0,
ctrl_full_ctxdlydm2intseq_netseed0_magnitude_gain_matchl1_p70_pruneseed0,magnitude_gain_matchl1,l1_unstructured_gain,ctxdlydm2intseq,0,0.0,70,0.7,0.0638167600822013,0.6899244750872005,0.09249818260779256,78643.0,2.2113590240478516,,,,1.7449993513590585,1.0000001187585128,
ctrl_full_ctxdlydm2intseq_netseed0_magnitude_gain_matchl1_p80_pruneseed0,magnitude_gain_matchl1,l1_unstructured_gain,ctxdlydm2intseq,0,0.0,80,0.8,0.090206512924563,0.6899244750872005,0.13074838794950952,52429.0,3.0935165882110596,,,,2.3306307853543995,1.0,
ctrl_full_ctxdlydm2intseq_netseed0_random_p50_pruneseed0,random,random_unstructured,ctxdlydm2intseq,0,0.0,50,0.5,0.0534015521851418,0.6899244750872005,0.0774020260382737,130812.0,0.0984824448823928,,,,,,
ctrl_full_ctxdlydm2intseq_netseed0_random_p50_pruneseed1,random,random_unstructured,ctxdlydm2intseq,0,1.0,50,0.5,0.0527273970773584,0.6899244750872005,0.07642488269559376,130803.0,0.0576462894678115,,,,,,
ctrl_full_ctxdlydm2intseq_netseed0_random_p50_pruneseed2,random,random_unstructured,ctxdlydm2intseq,0,2.0,50,0.5,0.0622632722251352,0.6899244750872005,0.09024650447031272,130825.0,0.1061437055468559,,,,,,
ctrl_full_ctxdlydm2intseq_netseed0_random_p60_pruneseed0,random,random_unstructured,ctxdlydm2intseq,0,0.0,60,0.6,0.0720531768338158,0.6899244750872005,0.10443632518575154,104643.0,0.0208901166915893,,,,,,
ctrl_full_ctxdlydm2intseq_netseed0_random_p60_pruneseed1,random,random_unstructured,ctxdlydm2intseq,0,1.0,60,0.6,0.0649142976248245,0.6899244750872005,0.09408899085167241,104641.0,-0.0111214127391576,,,,,,
ctrl_full_ctxdlydm2intseq_netseed0_random_p60_pruneseed2,random,random_unstructured,ctxdlydm2intseq,0,2.0,60,0.6,0.0763749344571423,0.6899244750872005,0.11070042767723115,104657.0,0.0193037912249565,,,,,,
ctrl_full_ctxdlydm2intseq_netseed0_random_p70_pruneseed0,random,random_unstructured,ctxdlydm2intseq,0,0.0,70,0.7,0.0692555959759128,0.6899244750872005,0.10038141633859197,78486.0,-0.1171674504876136,,,,,,
ctrl_full_ctxdlydm2intseq_netseed0_random_p70_pruneseed1,random,random_unstructured,ctxdlydm2intseq,0,1.0,70,0.7,0.0719326756792845,0.6899244750872005,0.1042616667138716,78481.0,-0.1056484580039978,,,,,,
ctrl_full_ctxdlydm2intseq_netseed0_random_p70_pruneseed2,random,random_unstructured,ctxdlydm2intseq,0,2.0,70,0.7,0.0747204861733067,0.6899244750872005,0.10830241406331133,78487.0,-0.0864541828632354,,,,,,
ctrl_full_ctxdlydm2intseq_netseed0_random_p80_pruneseed0,random,random_unstructured,ctxdlydm2intseq,0,0.0,80,0.8,0.0464939049213322,0.6899244750872005,0.0673898471502345,52325.0,-0.1616069078445434,,,,,,
ctrl_full_ctxdlydm2intseq_netseed0_random_p80_pruneseed1,random,random_unstructured,ctxdlydm2intseq,0,1.0,80,0.8,0.0437093512152704,0.6899244750872005,0.06335382030003489,52319.0,-0.221742108464241,,,,,,
ctrl_full_ctxdlydm2intseq_netseed0_random_p80_pruneseed2,random,random_unstructured,ctxdlydm2intseq,0,2.0,80,0.8,0.0476272671315188,0.6899244750872005,0.06903258088575438,52322.0,-0.181829884648323,,,,,,
ctrl_full_ctxdlydm2intseq_netseed0_random_gain_invdensity_p50_pruneseed0,random_gain_invdensity,random_unstructured_gain,ctxdlydm2intseq,0,0.0,50,0.5,0.2417025184741297,0.6899244750872005,0.350331851096572,130812.0,1.1970322132110596,,,,2.0000611564688255,0.9969762895066522,
ctrl_full_ctxdlydm2intseq_netseed0_random_gain_invdensity_p50_pruneseed1,random_gain_invdensity,random_unstructured_gain,ctxdlydm2intseq,0,1.0,50,0.5,0.3706061859430518,0.6899244750872005,0.537169211015757,130803.0,1.1155028343200684,,,,2.0001987721994143,1.0003373929347472,
ctrl_full_ctxdlydm2intseq_netseed0_random_gain_invdensity_p50_pruneseed2,random_gain_invdensity,random_unstructured_gain,ctxdlydm2intseq,0,2.0,50,0.5,0.1833115671337986,0.6899244750872005,0.26569802022261874,130825.0,1.2121351957321167,,,,1.999862411618574,1.0010098036339867,
ctrl_full_ctxdlydm2intseq_netseed0_random_gain_invdensity_p60_pruneseed0,random_gain_invdensity,random_unstructured_gain,ctxdlydm2intseq,0,0.0,60,0.6,0.1524860690894998,0.6899244750872005,0.22101849491602235,104643.0,1.5524643659591677,,,,2.500234129373202,0.9969530128381516,
ctrl_full_ctxdlydm2intseq_netseed0_random_gain_invdensity_p60_pruneseed1,random_gain_invdensity,random_unstructured_gain,ctxdlydm2intseq,0,1.0,60,0.6,0.2445326672116358,0.6899244750872005,0.3544339649361316,104641.0,1.4724751710891724,,,,2.5002819162660908,1.0005743161677008,
ctrl_full_ctxdlydm2intseq_netseed0_random_gain_invdensity_p60_pruneseed2,random_gain_invdensity,random_unstructured_gain,ctxdlydm2intseq,0,2.0,60,0.6,0.1744270495780831,0.6899244750872005,0.25282049829589975,104657.0,1.5481572151184082,,,,2.4998996722627247,1.0016570375285214,
ctrl_full_ctxdlydm2intseq_netseed0_random_gain_invdensity_p70_pruneseed0,random_gain_invdensity,random_unstructured_gain,ctxdlydm2intseq,0,0.0,70,0.7,0.1067444821869982,0.6899244750872005,0.15471908309022755,78486.0,1.9429101943969729,,,,3.3334862268430037,0.9979575910975768,
ctrl_full_ctxdlydm2intseq_netseed0_random_gain_invdensity_p70_pruneseed1,random_gain_invdensity,random_unstructured_gain,ctxdlydm2intseq,0,1.0,70,0.7,0.1461385893548628,0.6899244750872005,0.21181824189726295,78481.0,1.98149836063385,,,,3.3336986022094517,1.0011603894281649,
ctrl_full_ctxdlydm2intseq_netseed0_random_gain_invdensity_p70_pruneseed2,random_gain_invdensity,random_unstructured_gain,ctxdlydm2intseq,0,2.0,70,0.7,0.1047969229867351,0.6899244750872005,0.15189622454470786,78487.0,2.0452535152435303,,,,3.333443755016754,1.002360325441078,
ctrl_full_ctxdlydm2intseq_netseed0_random_gain_invdensity_p80_pruneseed0,random_gain_invdensity,random_unstructured_gain,ctxdlydm2intseq,0,0.0,80,0.8,0.0730367267978283,0.6899244750872005,0.10586191595623143,52325.0,3.192077875137329,,,,5.000133779264214,0.9961934333905472,
ctrl_full_ctxdlydm2intseq_netseed0_random_gain_invdensity_p80_pruneseed1,random_gain_invdensity,random_unstructured_gain,ctxdlydm2intseq,0,1.0,80,0.8,0.0854255481988334,0.6899244750872005,0.12381869506519007,52319.0,2.8918397426605225,,,,5.000707200061163,1.0028907009590582,
ctrl_full_ctxdlydm2intseq_netseed0_random_gain_invdensity_p80_pruneseed2,random_gain_invdensity,random_unstructured_gain,ctxdlydm2intseq,0,2.0,80,0.8,0.0618822280337794,0.6899244750872005,0.08969420605923283,52322.0,3.0911946296691895,,,,5.0004204732235005,0.9991671465500236,
ctrl_full_ctxdlydm2intseq_netseed1_lnp_rescale_p50_pruneseed0,lnp_rescale,noise_prune,ctxdlydm2intseq,1,0.0,50,0.5,0.6680095489022996,0.7227073026956434,0.9243154820916776,122755.0,1.2291957139968872,none,2.1244482263628615,898.5500582736493,,,2.0
ctrl_full_ctxdlydm2intseq_netseed1_lnp_rescale_p50_pruneseed1,lnp_rescale,noise_prune,ctxdlydm2intseq,1,1.0,50,0.5,0.5964448902625297,0.7227073026956434,0.8252924635434504,123051.0,1.3022876977920532,none,2.121627755607701,1802.230181843663,,,2.0
ctrl_full_ctxdlydm2intseq_netseed1_lnp_rescale_p50_pruneseed2,lnp_rescale,noise_prune,ctxdlydm2intseq,1,2.0,50,0.5,0.632272814613859,0.7227073026956434,0.8748670620257044,122977.0,1.0467219352722168,none,2.142123421499385,2435.692296227883,,,2.0
ctrl_full_ctxdlydm2intseq_netseed1_lnp_rescale_p60_pruneseed0,lnp_rescale,noise_prune,ctxdlydm2intseq,1,0.0,60,0.6,0.57018215215062,0.7227073026956434,0.7889530796546317,101664.0,1.0483862161636353,none,2.582216745414529,1123.1875728420616,,,2.0
ctrl_full_ctxdlydm2intseq_netseed1_lnp_rescale_p60_pruneseed1,lnp_rescale,noise_prune,ctxdlydm2intseq,1,1.0,60,0.6,0.5144129151183354,0.7227073026956434,0.711785965355012,101868.0,1.060283064842224,none,2.5664090056978535,2252.787727304579,,,2.0
ctrl_full_ctxdlydm2intseq_netseed1_lnp_rescale_p60_pruneseed2,lnp_rescale,noise_prune,ctxdlydm2intseq,1,2.0,60,0.6,0.5324490068425115,0.7227073026956434,0.7367422535465148,101618.0,0.9044041633605956,none,2.5734486468727997,337.60014828607734,,,2.0
ctrl_full_ctxdlydm2intseq_netseed1_lnp_rescale_p70_pruneseed0,lnp_rescale,noise_prune,ctxdlydm2intseq,1,0.0,70,0.7,0.3274895701365571,0.7227073026956434,0.4531427438397894,77634.0,1.292827010154724,none,3.3843135117517895,1497.5834304560822,,,2.0
ctrl_full_ctxdlydm2intseq_netseed1_lnp_rescale_p70_pruneseed1,lnp_rescale,noise_prune,ctxdlydm2intseq,1,1.0,70,0.7,0.3117853385919603,0.7227073026956434,0.4314130180074625,77874.0,1.3168035745620728,none,3.331756801734626,516.0877653069382,,,2.0
ctrl_full_ctxdlydm2intseq_netseed1_lnp_rescale_p70_pruneseed2,lnp_rescale,noise_prune,ctxdlydm2intseq,1,2.0,70,0.7,0.3067014925859222,0.7227073026956434,0.42437857129981793,77788.0,1.2359209060668943,none,3.3653230612940668,450.1335310481031,,,2.0
ctrl_full_ctxdlydm2intseq_netseed1_lnp_rescale_p80_pruneseed0,lnp_rescale,noise_prune,ctxdlydm2intseq,1,0.0,80,0.8,0.1620968503603636,0.7227073026956434,0.2242911476828235,52113.0,1.8483946323394775,none,5.069455028483627,2246.3751456841237,,,2.0
ctrl_full_ctxdlydm2intseq_netseed1_lnp_rescale_p80_pruneseed1,lnp_rescale,noise_prune,ctxdlydm2intseq,1,1.0,80,0.8,0.1280666729631233,0.7227073026956434,0.1772040665501017,52334.0,1.958025336265564,none,4.973428327870691,774.1316479604073,,,2.0
ctrl_full_ctxdlydm2intseq_netseed1_lnp_rescale_p80_pruneseed2,lnp_rescale,noise_prune,ctxdlydm2intseq,1,2.0,80,0.8,0.1337888494093815,0.7227073026956434,0.18512176217171078,52278.0,1.9239996671676636,none,5.030966954487083,485.82424905092256,,,2.0
ctrl_full_ctxdlydm2intseq_netseed1_snp_rescale_p50_pruneseed0,snp_rescale,simulation_noise_prune_rescale,ctxdlydm2intseq,1,0.0,50,0.5,0.5697522561398595,0.7227073026956434,0.7883582385493086,120699.0,1.3607146739959717,none,2.173152476759296,444.9637599366842,,,0.0
ctrl_full_ctxdlydm2intseq_netseed1_snp_rescale_p50_pruneseed1,snp_rescale,simulation_noise_prune_rescale,ctxdlydm2intseq,1,1.0,50,0.5,0.5588355028969129,0.7227073026956434,0.7732528795717143,120697.0,1.1400502920150757,none,2.1820126576535426,1063.290428922979,,,0.0
ctrl_full_ctxdlydm2intseq_netseed1_snp_rescale_p50_pruneseed2,snp_rescale,simulation_noise_prune_rescale,ctxdlydm2intseq,1,2.0,50,0.5,0.6239126399197528,0.7227073026956434,0.8632992050759775,120664.0,1.2634408473968506,none,2.171798623174667,479.9682814348837,,,0.0
ctrl_full_ctxdlydm2intseq_netseed1_snp_rescale_p60_pruneseed0,snp_rescale,simulation_noise_prune_rescale,ctxdlydm2intseq,1,0.0,60,0.6,0.470055463098964,0.7227073026956434,0.65040917857851,100441.0,1.381948709487915,none,2.6135664054644137,556.2046999208552,,,0.0
ctrl_full_ctxdlydm2intseq_netseed1_snp_rescale_p60_pruneseed1,snp_rescale,simulation_noise_prune_rescale,ctxdlydm2intseq,1,1.0,60,0.6,0.4464242096589817,0.7227073026956434,0.6177109432737891,100038.0,1.2607046365737915,none,2.626433848226629,1329.1130361537232,,,0.0
ctrl_full_ctxdlydm2intseq_netseed1_snp_rescale_p60_pruneseed2,snp_rescale,simulation_noise_prune_rescale,ctxdlydm2intseq,1,2.0,60,0.6,0.5078993391977229,0.7227073026956434,0.7027732213349677,100371.0,1.4009127616882324,none,2.604125138046121,560.893304868772,,,0.0
ctrl_full_ctxdlydm2intseq_netseed1_snp_rescale_p70_pruneseed0,snp_rescale,simulation_noise_prune_rescale,ctxdlydm2intseq,1,0.0,70,0.7,0.2319907767764964,0.7227073026956434,0.3210023973899093,77396.0,1.383999586105347,none,3.4182661686829063,741.6062665611402,,,0.0
ctrl_full_ctxdlydm2intseq_netseed1_snp_rescale_p70_pruneseed1,snp_rescale,simulation_noise_prune_rescale,ctxdlydm2intseq,1,1.0,70,0.7,0.2714793307952099,0.7227073026956434,0.37564215801142814,77188.0,1.5440860986709597,none,3.389161197563772,400.64379696255185,,,0.0
ctrl_full_ctxdlydm2intseq_netseed1_snp_rescale_p70_pruneseed2,snp_rescale,simulation_noise_prune_rescale,ctxdlydm2intseq,1,2.0,70,0.7,0.2576184412361464,0.7227073026956434,0.35646303873677376,77370.0,1.4154125452041626,none,3.3904633810355347,747.8577398250293,,,0.0
ctrl_full_ctxdlydm2intseq_netseed1_snp_rescale_p80_pruneseed0,snp_rescale,simulation_noise_prune_rescale,ctxdlydm2intseq,1,0.0,80,0.8,0.1361825885602066,0.7227073026956434,0.18843394559907706,52371.0,1.9536781311035156,none,5.083039087676321,1112.4093998417106,,,0.0
ctrl_full_ctxdlydm2intseq_netseed1_snp_rescale_p80_pruneseed1,snp_rescale,simulation_noise_prune_rescale,ctxdlydm2intseq,1,1.0,80,0.8,0.1138931317598705,0.7227073026956434,0.15759233556248534,52062.0,2.066675901412964,none,5.026453967441289,600.9656954438279,,,0.0
ctrl_full_ctxdlydm2intseq_netseed1_snp_rescale_p80_pruneseed2,snp_rescale,simulation_noise_prune_rescale,ctxdlydm2intseq,1,2.0,80,0.8,0.098661134469518,0.7227073026956434,0.13651603367161153,52231.0,2.01419448852539,none,5.002067797592405,839.9327458052044,,,0.0
ctrl_full_ctxdlydm2intseq_netseed1_lnp_shuffled_p50_pruneseed0,lnp_shuffled,noise_prune_shuffled_rescale,ctxdlydm2intseq,1,0.0,50,0.5,0.0737043683296911,0.7227073026956434,0.10198370495881168,123159.0,3.0455336570739746,shuffle,2.125442707944907,340.08031179643837,,,2.0
ctrl_full_ctxdlydm2intseq_netseed1_lnp_shuffled_p50_pruneseed1,lnp_shuffled,noise_prune_shuffled_rescale,ctxdlydm2intseq,1,1.0,50,0.5,0.0695324229525388,0.7227073026956434,0.09621104241397331,122735.0,3.3146018981933594,shuffle,2.1141590110771022,351.11995983536,,,2.0
ctrl_full_ctxdlydm2intseq_netseed1_lnp_shuffled_p50_pruneseed2,lnp_shuffled,noise_prune_shuffled_rescale,ctxdlydm2intseq,1,2.0,50,0.5,0.0526915724097951,0.7227073026956434,0.07290859275014869,122934.0,3.237779378890991,shuffle,2.1228397757064665,525.4428135265495,,,2.0
ctrl_full_ctxdlydm2intseq_netseed1_lnp_shuffled_p60_pruneseed0,lnp_shuffled,noise_prune_shuffled_rescale,ctxdlydm2intseq,1,0.0,60,0.6,0.0535611347951968,0.7227073026956434,0.0741117940768245,101719.0,3.860196113586426,shuffle,2.5609357163082485,425.10038974554794,,,2.0
ctrl_full_ctxdlydm2intseq_netseed1_lnp_shuffled_p60_pruneseed1,lnp_shuffled,noise_prune_shuffled_rescale,ctxdlydm2intseq,1,1.0,60,0.6,0.0615142109942647,0.7227073026956434,0.08511635452529863,101745.0,3.728696346282959,shuffle,2.555570536394668,438.8999497942001,,,2.0
ctrl_full_ctxdlydm2intseq_netseed1_lnp_shuffled_p60_pruneseed2,lnp_shuffled,noise_prune_shuffled_rescale,ctxdlydm2intseq,1,2.0,60,0.6,0.0740691285812454,0.7227073026956434,0.10248841862393415,101733.0,3.1601691246032715,shuffle,2.551962713323707,286.6454399382822,,,2.0
ctrl_full_ctxdlydm2intseq_netseed1_lnp_shuffled_p70_pruneseed0,lnp_shuffled,noise_prune_shuffled_rescale,ctxdlydm2intseq,1,0.0,70,0.7,0.0587003461965601,0.7227073026956434,0.0812228491086395,77607.0,3.870378017425537,shuffle,3.3641902577609275,566.8005196607306,,,2.0
ctrl_full_ctxdlydm2intseq_netseed1_lnp_shuffled_p70_pruneseed1,lnp_shuffled,noise_prune_shuffled_rescale,ctxdlydm2intseq,1,1.0,70,0.7,0.0631426049744179,0.7227073026956434,0.0873695405303098,77857.0,4.275582313537598,shuffle,3.3497911365962505,585.1999330589334,,,2.0
ctrl_full_ctxdlydm2intseq_netseed1_lnp_shuffled_p70_pruneseed2,lnp_shuffled,noise_prune_shuffled_rescale,ctxdlydm2intseq,1,2.0,70,0.7,0.0611885321982341,0.7227073026956434,0.08466571732429645,77823.0,4.776893615722656,shuffle,3.3365108720137875,382.1939199177096,,,2.0
ctrl_full_ctxdlydm2intseq_netseed1_lnp_shuffled_p80_pruneseed0,lnp_shuffled,noise_prune_shuffled_rescale,ctxdlydm2intseq,1,0.0,80,0.8,0.0628592644218712,0.7227073026956434,0.08697748616543781,52100.0,5.5415544509887695,shuffle,5.000961342190417,850.2007794910962,,,2.0
ctrl_full_ctxdlydm2intseq_netseed1_lnp_shuffled_p80_pruneseed1,lnp_shuffled,noise_prune_shuffled_rescale,ctxdlydm2intseq,1,1.0,80,0.8,0.065451667638275,0.7227073026956434,0.09056455828541546,52429.0,5.248770236968994,shuffle,4.971357274953751,877.7998995884003,,,2.0
ctrl_full_ctxdlydm2intseq_netseed1_lnp_shuffled_p80_pruneseed2,lnp_shuffled,noise_prune_shuffled_rescale,ctxdlydm2intseq,1,2.0,80,0.8,0.0440903954066262,0.7227073026956434,0.06100726427168007,52342.0,5.738717555999756,shuffle,4.989240206956435,573.2908798765645,,,2.0
ctrl_full_ctxdlydm2intseq_netseed1_lnp_uniform_p50_pruneseed0,lnp_uniform,noise_prune_uniform_rescale,ctxdlydm2intseq,1,0.0,50,0.5,0.2921566775551944,0.7227073026956434,0.4042531139030589,123233.0,1.268117904663086,uniform,2.1264810784325436,2.1264810784325436,,,2.0
ctrl_full_ctxdlydm2intseq_netseed1_lnp_uniform_p50_pruneseed1,lnp_uniform,noise_prune_uniform_rescale,ctxdlydm2intseq,1,1.0,50,0.5,0.2396605124230176,0.7227073026956434,0.33161490347351147,123262.0,1.2331398725509644,uniform,2.126481078432544,2.1264810784325436,,,2.0
ctrl_full_ctxdlydm2intseq_netseed1_lnp_uniform_p50_pruneseed2,lnp_uniform,noise_prune_uniform_rescale,ctxdlydm2intseq,1,2.0,50,0.5,0.2423343353384291,0.7227073026956434,0.3353146348937397,122946.0,1.389848709106445,uniform,2.1264810784325436,2.1264810784325436,,,2.0
ctrl_full_ctxdlydm2intseq_netseed1_lnp_uniform_p60_pruneseed0,lnp_uniform,noise_prune_uniform_rescale,ctxdlydm2intseq,1,0.0,60,0.6,0.2014421057088236,0.7227073026956434,0.2787326279359013,101775.0,1.545036554336548,uniform,2.5681647860075567,2.5681647860075563,,,2.0
ctrl_full_ctxdlydm2intseq_netseed1_lnp_uniform_p60_pruneseed1,lnp_uniform,noise_prune_uniform_rescale,ctxdlydm2intseq,1,1.0,60,0.6,0.1758437523408163,0.7227073026956434,0.24331254393712703,102261.0,1.507994532585144,uniform,2.5681647860075567,2.5681647860075563,,,2.0
ctrl_full_ctxdlydm2intseq_netseed1_lnp_uniform_p60_pruneseed2,lnp_uniform,noise_prune_uniform_rescale,ctxdlydm2intseq,1,2.0,60,0.6,0.1633539705130418,0.7227073026956434,0.22603060727869204,101898.0,1.80237340927124,uniform,2.568164786007557,2.5681647860075563,,,2.0
ctrl_full_ctxdlydm2intseq_netseed1_lnp_uniform_p70_pruneseed0,lnp_uniform,noise_prune_uniform_rescale,ctxdlydm2intseq,1,0.0,70,0.7,0.1145184350482493,0.7227073026956434,0.15845755898840957,77726.0,2.170990467071533,uniform,3.3604941466126936,3.3604941466126914,,,2.0
ctrl_full_ctxdlydm2intseq_netseed1_lnp_uniform_p70_pruneseed1,lnp_uniform,noise_prune_uniform_rescale,ctxdlydm2intseq,1,1.0,70,0.7,0.1474478181149059,0.7227073026956434,0.20402148638174364,78187.0,1.9565993547439575,uniform,3.360494146612693,3.3604941466126914,,,2.0
ctrl_full_ctxdlydm2intseq_netseed1_lnp_uniform_p70_pruneseed2,lnp_uniform,noise_prune_uniform_rescale,ctxdlydm2intseq,1,2.0,70,0.7,0.1001657705071795,0.7227073026956434,0.13859797754024175,78003.0,2.045830726623535,uniform,3.3604941466126936,3.3604941466126914,,,2.0
ctrl_full_ctxdlydm2intseq_netseed1_lnp_uniform_p80_pruneseed0,lnp_uniform,noise_prune_uniform_rescale,ctxdlydm2intseq,1,0.0,80,0.8,0.0836147740929031,0.7227073026956434,0.11569659498530918,52378.0,2.8759894371032715,uniform,5.0041647107943685,5.004164710794368,,,2.0
ctrl_full_ctxdlydm2intseq_netseed1_lnp_uniform_p80_pruneseed1,lnp_uniform,noise_prune_uniform_rescale,ctxdlydm2intseq,1,1.0,80,0.8,0.0989281910822632,0.7227073026956434,0.13688555617643344,52379.0,2.7848081588745117,uniform,5.004164710794369,5.004164710794368,,,2.0
ctrl_full_ctxdlydm2intseq_netseed1_lnp_uniform_p80_pruneseed2,lnp_uniform,noise_prune_uniform_rescale,ctxdlydm2intseq,1,2.0,80,0.8,0.0585244796467036,0.7227073026956434,0.08097950502009836,52276.0,3.0534839630126953,uniform,5.0041647107943685,5.004164710794368,,,2.0
ctrl_full_ctxdlydm2intseq_netseed1_snp_shuffled_p50_pruneseed0,snp_shuffled,simulation_noise_prune_shuffled_rescale,ctxdlydm2intseq,1,0.0,50,0.5,0.0687410234781844,0.7227073026956434,0.09511599401553796,120743.0,3.467043876647949,shuffle,2.166566123321538,243.4108605601397,,,0.0
ctrl_full_ctxdlydm2intseq_netseed1_snp_shuffled_p50_pruneseed1,snp_shuffled,simulation_noise_prune_shuffled_rescale,ctxdlydm2intseq,1,1.0,50,0.5,0.0564075674725045,0.7227073026956434,0.07805036321358391,120467.0,3.1263206005096436,shuffle,2.152369701566061,242.54103609145295,,,0.0
ctrl_full_ctxdlydm2intseq_netseed1_snp_shuffled_p50_pruneseed2,snp_shuffled,simulation_noise_prune_shuffled_rescale,ctxdlydm2intseq,1,2.0,50,0.5,0.0627452768432605,0.7227073026956434,0.08681976314508706,120759.0,3.625868320465088,shuffle,2.175110486739681,595.7339149963552,,,0.0
ctrl_full_ctxdlydm2intseq_netseed1_snp_shuffled_p60_pruneseed0,snp_shuffled,simulation_noise_prune_shuffled_rescale,ctxdlydm2intseq,1,0.0,60,0.6,0.0521672295481858,0.7227073026956434,0.07218306685653512,100526.0,4.652381896972656,shuffle,2.6034314036917765,304.26357570017456,,,0.0
ctrl_full_ctxdlydm2intseq_netseed1_snp_shuffled_p60_pruneseed1,snp_shuffled,simulation_noise_prune_shuffled_rescale,ctxdlydm2intseq,1,1.0,60,0.6,0.0518969161474803,0.7227073026956434,0.07180903797970317,100122.0,3.6196706295013423,shuffle,2.5965198385815267,303.1762951143162,,,0.0
ctrl_full_ctxdlydm2intseq_netseed1_snp_shuffled_p60_pruneseed2,snp_shuffled,simulation_noise_prune_shuffled_rescale,ctxdlydm2intseq,1,2.0,60,0.6,0.0694542600414914,0.7227073026956434,0.09610288948573271,100593.0,4.041285991668701,shuffle,2.6079485534741713,744.6673937454441,,,0.0
ctrl_full_ctxdlydm2intseq_netseed1_snp_shuffled_p70_pruneseed0,snp_shuffled,simulation_noise_prune_shuffled_rescale,ctxdlydm2intseq,1,0.0,70,0.7,0.0583453563088868,0.7227073026956434,0.0807316545595472,77398.0,4.4539337158203125,shuffle,3.37395570799755,405.6847676002328,,,0.0
ctrl_full_ctxdlydm2intseq_netseed1_snp_shuffled_p70_pruneseed1,snp_shuffled,simulation_noise_prune_shuffled_rescale,ctxdlydm2intseq,1,1.0,70,0.7,0.0603091994489514,0.7227073026956434,0.08344899688159045,76983.0,4.464338302612305,shuffle,3.355175177250755,313.4049011848405,,,0.0
ctrl_full_ctxdlydm2intseq_netseed1_snp_shuffled_p70_pruneseed2,snp_shuffled,simulation_noise_prune_shuffled_rescale,ctxdlydm2intseq,1,2.0,70,0.7,0.0574367124679613,0.7227073026956434,0.07947437676875095,77399.0,4.813765525817871,shuffle,3.3830831801525623,992.8898583272586,,,0.0
ctrl_full_ctxdlydm2intseq_netseed1_snp_shuffled_p80_pruneseed0,snp_shuffled,simulation_noise_prune_shuffled_rescale,ctxdlydm2intseq,1,0.0,80,0.8,0.0771044549602509,0.7227073026956434,0.10668835733727489,52090.0,5.455162048339844,shuffle,5.017819259332958,608.5271514003493,,,0.0
ctrl_full_ctxdlydm2intseq_netseed1_snp_shuffled_p80_pruneseed1,snp_shuffled,simulation_noise_prune_shuffled_rescale,ctxdlydm2intseq,1,1.0,80,0.8,0.0621623117983657,0.7227073026956434,0.08601312255529311,52100.0,5.189984321594238,shuffle,4.979393874388949,359.9500946401079,,,0.0
ctrl_full_ctxdlydm2intseq_netseed1_snp_shuffled_p80_pruneseed2,snp_shuffled,simulation_noise_prune_shuffled_rescale,ctxdlydm2intseq,1,2.0,80,0.8,0.0516070620190131,0.7227073026956434,0.07140797087081129,52188.0,6.237314224243164,shuffle,4.978824190752683,644.8515755366155,,,0.0
ctrl_full_ctxdlydm2intseq_netseed1_snp_uniform_p50_pruneseed0,snp_uniform,simulation_noise_prune_uniform_rescale,ctxdlydm2intseq,1,0.0,50,0.5,0.2626599489987005,0.7227073026956434,0.36343890260828804,120735.0,1.3326215744018557,uniform,2.1705962195412383,2.1705962195412396,,,0.0
ctrl_full_ctxdlydm2intseq_netseed1_snp_uniform_p50_pruneseed1,snp_uniform,simulation_noise_prune_uniform_rescale,ctxdlydm2intseq,1,1.0,50,0.5,0.1777457165096352,0.7227073026956434,0.24594426519098,120613.0,1.726468563079834,uniform,2.171095459831285,2.171095459831285,,,0.0
ctrl_full_ctxdlydm2intseq_netseed1_snp_uniform_p50_pruneseed2,snp_uniform,simulation_noise_prune_uniform_rescale,ctxdlydm2intseq,1,2.0,50,0.5,0.199989578278527,0.7227073026956434,0.27672278601943145,120747.0,1.8252161741256712,uniform,2.1706870523579833,2.1706870523579833,,,0.0
ctrl_full_ctxdlydm2intseq_netseed1_snp_uniform_p60_pruneseed0,snp_uniform,simulation_noise_prune_uniform_rescale,ctxdlydm2intseq,1,0.0,60,0.6,0.1532188463805687,0.7227073026956434,0.2120067775835031,100555.0,1.546241283416748,uniform,2.607821130614731,2.60782113061473,,,0.0
ctrl_full_ctxdlydm2intseq_netseed1_snp_uniform_p60_pruneseed1,snp_uniform,simulation_noise_prune_uniform_rescale,ctxdlydm2intseq,1,1.0,60,0.6,0.1360132355862706,0.7227073026956434,0.1881996142545558,100346.0,1.8284666538238523,uniform,2.608249090253961,2.608249090253961,,,0.0
ctrl_full_ctxdlydm2intseq_netseed1_snp_uniform_p60_pruneseed2,snp_uniform,simulation_noise_prune_uniform_rescale,ctxdlydm2intseq,1,2.0,60,0.6,0.1488254394221155,0.7227073026956434,0.20592768174198312,100817.0,1.6487202644348145,uniform,2.6078880056438822,2.6078880056438822,,,0.0
ctrl_full_ctxdlydm2intseq_netseed1_snp_uniform_p70_pruneseed0,snp_uniform,simulation_noise_prune_uniform_rescale,ctxdlydm2intseq,1,0.0,70,0.7,0.1067249414592364,0.7227073026956434,0.14767381076842653,77281.0,2.2319610118865967,uniform,3.387975881781329,3.3879758817813266,,,0.0
ctrl_full_ctxdlydm2intseq_netseed1_snp_uniform_p70_pruneseed1,snp_uniform,simulation_noise_prune_uniform_rescale,ctxdlydm2intseq,1,1.0,70,0.7,0.0931669331804814,0.7227073026956434,0.12891378409070423,77229.0,2.1853792667388916,uniform,3.388214503657635,3.388214503657633,,,0.0
ctrl_full_ctxdlydm2intseq_netseed1_snp_uniform_p70_pruneseed2,snp_uniform,simulation_noise_prune_uniform_rescale,ctxdlydm2intseq,1,2.0,70,0.7,0.084634148724479,0.7227073026956434,0.11710708942444617,77335.0,2.2437543869018555,uniform,3.3880115353847495,3.3880115353847517,,,0.0
ctrl_full_ctxdlydm2intseq_netseed1_snp_uniform_p80_pruneseed0,snp_uniform,simulation_noise_prune_uniform_rescale,ctxdlydm2intseq,1,0.0,80,0.8,0.0935903156153212,0.7227073026956434,0.12949961245200708,52112.0,2.6108388900756836,uniform,5.017362790804959,5.017362790804958,,,0.0
ctrl_full_ctxdlydm2intseq_netseed1_snp_uniform_p80_pruneseed1,snp_uniform,simulation_noise_prune_uniform_rescale,ctxdlydm2intseq,1,1.0,80,0.8,0.082422789699431,0.7227073026956434,0.11404726282964105,52171.0,2.865870237350464,uniform,5.017407362795524,5.017407362795524,,,0.0
ctrl_full_ctxdlydm2intseq_netseed1_snp_uniform_p80_pruneseed2,snp_uniform,simulation_noise_prune_uniform_rescale,ctxdlydm2intseq,1,2.0,80,0.8,0.053541594067435,0.7227073026956434,0.07408475584476443,52317.0,2.801445960998535,uniform,5.017327080555091,5.01732708055509,,,0.0
ctrl_full_ctxdlydm2intseq_netseed1_magnitude_p50_pruneseed0,magnitude,l1_unstructured,ctxdlydm2intseq,1,0.0,50,0.5,0.3987090092525346,0.7227073026956434,0.5516880869549543,131072.0,1.154269814491272,,,,,,
ctrl_full_ctxdlydm2intseq_netseed1_magnitude_p60_pruneseed0,magnitude,l1_unstructured,ctxdlydm2intseq,1,0.0,60,0.6,0.1668485039944504,0.7227073026956434,0.23086594444544578,104858.0,1.1033912897109983,,,,,,
ctrl_full_ctxdlydm2intseq_netseed1_magnitude_p70_pruneseed0,magnitude,l1_unstructured,ctxdlydm2intseq,1,0.0,70,0.7,0.0624033141074284,0.7227073026956434,0.0863465940840348,78643.0,0.9886325001716614,,,,,,
ctrl_full_ctxdlydm2intseq_netseed1_magnitude_p80_pruneseed0,magnitude,l1_unstructured,ctxdlydm2intseq,1,0.0,80,0.8,0.0297637851692389,0.7227073026956434,0.0411837337995925,52429.0,0.4692808091640472,,,,,,
ctrl_full_ctxdlydm2intseq_netseed1_magnitude_gain_invdensity_p50_pruneseed0,magnitude_gain_invdensity,l1_unstructured_gain,ctxdlydm2intseq,1,0.0,50,0.5,0.0431003318666931,0.7227073026956434,0.05963732718063333,131072.0,3.300124406814575,,,,1.99609375,1.5754593931886145,
ctrl_full_ctxdlydm2intseq_netseed1_magnitude_gain_invdensity_p60_pruneseed0,magnitude_gain_invdensity,l1_unstructured_gain,ctxdlydm2intseq,1,0.0,60,0.6,0.0502945764710097,0.7227073026956434,0.06959190295077239,104858.0,4.24818754196167,,,,2.495107669419596,1.7278308436547798,
ctrl_full_ctxdlydm2intseq_netseed1_magnitude_gain_invdensity_p70_pruneseed0,magnitude_gain_invdensity,l1_unstructured_gain,ctxdlydm2intseq,1,0.0,70,0.7,0.0806217859573816,0.7227073026956434,0.11155523910809875,78643.0,5.6158447265625,,,,3.326831377236372,1.9093114111969172,
ctrl_full_ctxdlydm2intseq_netseed1_magnitude_gain_invdensity_p80_pruneseed0,magnitude_gain_invdensity,l1_unstructured_gain,ctxdlydm2intseq,1,0.0,80,0.8,0.0714636982130004,0.7227073026956434,0.09888332101591644,52429.0,6.332027912139893,,,,4.990215338839192,2.1451178302214227,
ctrl_full_ctxdlydm2intseq_netseed1_magnitude_gain_matchl1_p50_pruneseed0,magnitude_gain_matchl1,l1_unstructured_gain,ctxdlydm2intseq,1,0.0,50,0.5,0.0862234612491084,0.7227073026956434,0.11930619896533691,131072.0,1.72944176197052,,,,1.2669916241659986,1.0,
ctrl_full_ctxdlydm2intseq_netseed1_magnitude_gain_matchl1_p60_pruneseed0,magnitude_gain_matchl1,l1_unstructured_gain,ctxdlydm2intseq,1,0.0,60,0.6,0.0520858098491781,0.7227073026956434,0.07207040755628451,104858.0,2.037442922592163,,,,1.444069357210303,1.0,
ctrl_full_ctxdlydm2intseq_netseed1_magnitude_gain_matchl1_p70_pruneseed0,magnitude_gain_matchl1,l1_unstructured_gain,ctxdlydm2intseq,1,0.0,70,0.7,0.0470833835421477,0.7227073026956434,0.0651486201488905,78643.0,2.4650421142578125,,,,1.7424246140654454,1.0,
ctrl_full_ctxdlydm2intseq_netseed1_magnitude_gain_matchl1_p80_pruneseed0,magnitude_gain_matchl1,l1_unstructured_gain,ctxdlydm2intseq,1,0.0,80,0.8,0.0711380194169698,0.7227073026956434,0.09843268381491427,52429.0,2.418006658554077,,,,2.3263128094398926,1.0,
ctrl_full_ctxdlydm2intseq_netseed1_random_p50_pruneseed0,random,random_unstructured,ctxdlydm2intseq,1,0.0,50,0.5,0.0384431250834551,0.7227073026956434,0.05319321520630158,130812.0,0.1743932217359542,,,,,,
ctrl_full_ctxdlydm2intseq_netseed1_random_p50_pruneseed1,random,random_unstructured,ctxdlydm2intseq,1,1.0,50,0.5,0.0454680167138358,0.7227073026956434,0.06291345963191952,130817.0,0.1406526565551757,,,,,,
ctrl_full_ctxdlydm2intseq_netseed1_random_p50_pruneseed2,random,random_unstructured,ctxdlydm2intseq,1,2.0,50,0.5,0.0479431755636685,0.7227073026956434,0.06633830235953628,130825.0,0.0961137488484382,,,,,,
ctrl_full_ctxdlydm2intseq_netseed1_random_p60_pruneseed0,random,random_unstructured,ctxdlydm2intseq,1,0.0,60,0.6,0.0567593005722176,0.7227073026956434,0.07853705139066633,104643.0,0.1693263202905655,,,,,,
ctrl_full_ctxdlydm2intseq_netseed1_random_p60_pruneseed1,random,random_unstructured,ctxdlydm2intseq,1,1.0,60,0.6,0.0623837733796665,0.7227073026956434,0.0863195558519746,104649.0,-0.0133780846372246,,,,,,
ctrl_full_ctxdlydm2intseq_netseed1_random_p60_pruneseed2,random,random_unstructured,ctxdlydm2intseq,1,2.0,60,0.6,0.0636571774721463,0.7227073026956434,0.08808154730789333,104657.0,0.0026491789612919,,,,,,
ctrl_full_ctxdlydm2intseq_netseed1_random_p70_pruneseed0,random,random_unstructured,ctxdlydm2intseq,1,0.0,70,0.7,0.0620743785234374,0.7227073026956434,0.08589145051102247,78486.0,-0.0358313769102096,,,,,,
ctrl_full_ctxdlydm2intseq_netseed1_random_p70_pruneseed1,random,random_unstructured,ctxdlydm2intseq,1,1.0,70,0.7,0.0675555526606329,0.7227073026956434,0.09347567460388986,78484.0,-0.0861772000789642,,,,,,
ctrl_full_ctxdlydm2intseq_netseed1_random_p70_pruneseed2,random,random_unstructured,ctxdlydm2intseq,1,2.0,70,0.7,0.0661258227460584,0.7227073026956434,0.09149737729149006,78487.0,-0.0781614258885383,,,,,,
ctrl_full_ctxdlydm2intseq_netseed1_random_p80_pruneseed0,random,random_unstructured,ctxdlydm2intseq,1,0.0,80,0.8,0.0444291013544981,0.7227073026956434,0.061475926960722446,52325.0,-0.1967525035142898,,,,,,
ctrl_full_ctxdlydm2intseq_netseed1_random_p80_pruneseed1,random,random_unstructured,ctxdlydm2intseq,1,1.0,80,0.8,0.0464417963139673,0.7227073026956434,0.06426086486291603,52335.0,-0.2394158542156219,,,,,,
ctrl_full_ctxdlydm2intseq_netseed1_random_p80_pruneseed2,random,random_unstructured,ctxdlydm2intseq,1,2.0,80,0.8,0.0445300617812676,0.7227073026956434,0.061615624493033136,52322.0,-0.2631553113460541,,,,,,
ctrl_full_ctxdlydm2intseq_netseed1_random_gain_invdensity_p50_pruneseed0,random_gain_invdensity,random_unstructured_gain,ctxdlydm2intseq,1,0.0,50,0.5,0.296810627550472,0.7227073026956434,0.4106927195053805,130812.0,1.3488584756851196,,,,2.0000611564688255,1.001478215835127,
ctrl_full_ctxdlydm2intseq_netseed1_random_gain_invdensity_p50_pruneseed1,random_gain_invdensity,random_unstructured_gain,ctxdlydm2intseq,1,1.0,50,0.5,0.3135277201507241,0.7227073026956434,0.43382392703282435,130817.0,1.2812879085540771,,,,1.999984711467164,1.0010774319643354,
ctrl_full_ctxdlydm2intseq_netseed1_random_gain_invdensity_p50_pruneseed2,random_gain_invdensity,random_unstructured_gain,ctxdlydm2intseq,1,2.0,50,0.5,0.2827282764101078,0.7227073026956434,0.3912071669340447,130825.0,1.1920766830444336,,,,1.999862411618574,1.000277047173965,
ctrl_full_ctxdlydm2intseq_netseed1_random_gain_invdensity_p60_pruneseed0,random_gain_invdensity,random_unstructured_gain,ctxdlydm2intseq,1,0.0,60,0.6,0.1667410299917603,0.7227073026956434,0.23071723416911508,104643.0,1.9235895872116089,,,,2.500234129373202,1.001184134163702,
ctrl_full_ctxdlydm2intseq_netseed1_random_gain_invdensity_p60_pruneseed1,random_gain_invdensity,random_unstructured_gain,ctxdlydm2intseq,1,1.0,60,0.6,0.1552673660076013,0.7227073026956434,0.21484128557780693,104649.0,1.4666444063186646,,,,2.5000907796538905,0.9998660899227462,
ctrl_full_ctxdlydm2intseq_netseed1_random_gain_invdensity_p60_pruneseed2,random_gain_invdensity,random_unstructured_gain,ctxdlydm2intseq,1,2.0,60,0.6,0.1575275768520539,0.7227073026956434,0.21796870775276242,104657.0,1.506522297859192,,,,2.4998996722627247,1.0004417139827435,
ctrl_full_ctxdlydm2intseq_netseed1_random_gain_invdensity_p70_pruneseed0,random_gain_invdensity,random_unstructured_gain,ctxdlydm2intseq,1,0.0,70,0.7,0.0823902218198279,0.7227073026956434,0.11400219910954078,78486.0,2.214042901992798,,,,3.3334862268430037,0.9994087609839978,
ctrl_full_ctxdlydm2intseq_netseed1_random_gain_invdensity_p70_pruneseed1,random_gain_invdensity,random_unstructured_gain,ctxdlydm2intseq,1,1.0,70,0.7,0.1014000931441356,0.7227073026956434,0.1403058925320402,78484.0,2.0462934970855713,,,,3.3335711737424187,1.0002711324179026,
ctrl_full_ctxdlydm2intseq_netseed1_random_gain_invdensity_p70_pruneseed2,random_gain_invdensity,random_unstructured_gain,ctxdlydm2intseq,1,2.0,70,0.7,0.0950037615900941,0.7227073026956434,0.13145537790435669,78487.0,2.072896957397461,,,,3.333443755016754,1.0001528372966535,
ctrl_full_ctxdlydm2intseq_netseed1_random_gain_invdensity_p80_pruneseed0,random_gain_invdensity,random_unstructured_gain,ctxdlydm2intseq,1,0.0,80,0.8,0.0600193453204842,0.7227073026956434,0.08304792977269856,52325.0,3.0163450241088867,,,,5.000133779264214,1.0014965515789205,
ctrl_full_ctxdlydm2intseq_netseed1_random_gain_invdensity_p80_pruneseed1,random_gain_invdensity,random_unstructured_gain,ctxdlydm2intseq,1,1.0,80,0.8,0.0747628244167906,0.7227073026956434,0.10344827586206883,52335.0,2.802295923233032,,,,4.999178370115601,1.0016418179878142,
ctrl_full_ctxdlydm2intseq_netseed1_random_gain_invdensity_p80_pruneseed2,random_gain_invdensity,random_unstructured_gain,ctxdlydm2intseq,1,2.0,80,0.8,0.0731832822560421,0.7227073026956434,0.10126268543720814,52322.0,2.6845333576202393,,,,5.0004204732235005,1.0018163032916565,
ctrl_full_ctxdlydm2intseq_netseed2_lnp_rescale_p50_pruneseed0,lnp_rescale,noise_prune,ctxdlydm2intseq,2,0.0,50,0.5,0.3816760082201328,0.6546306639613615,0.5830402228800279,84771.0,1.316491961479187,none,3.104304072243146,836.0938664057899,,,1.0
ctrl_full_ctxdlydm2intseq_netseed2_lnp_rescale_p50_pruneseed1,lnp_rescale,noise_prune,ctxdlydm2intseq,2,1.0,50,0.5,0.4094010441262201,0.6546306639613615,0.6253924031740504,84939.0,1.247793197631836,none,3.073624372317098,355.3219539506918,,,1.0
ctrl_full_ctxdlydm2intseq_netseed2_lnp_rescale_p50_pruneseed2,lnp_rescale,noise_prune,ctxdlydm2intseq,2,2.0,50,0.5,0.4145565394673849,0.6546306639613615,0.6332678291584787,84638.0,1.380710482597351,none,3.072051430638491,275.03220345724486,,,1.0
ctrl_full_ctxdlydm2intseq_netseed2_lnp_rescale_p60_pruneseed0,lnp_rescale,noise_prune,ctxdlydm2intseq,2,0.0,60,0.6,0.3096716832057215,0.6546306639613615,0.4730479341309918,70388.0,1.696979522705078,none,3.716736835157048,328.559682141105,,,1.0
ctrl_full_ctxdlydm2intseq_netseed2_lnp_rescale_p60_pruneseed1,lnp_rescale,noise_prune,ctxdlydm2intseq,2,1.0,60,0.6,0.2789015505567479,0.6546306639613615,0.4260441282555161,70434.0,1.5905057191848757,none,3.702714136133896,444.1524424383648,,,1.0
ctrl_full_ctxdlydm2intseq_netseed2_lnp_rescale_p60_pruneseed2,lnp_rescale,noise_prune,ctxdlydm2intseq,2,2.0,60,0.6,0.236644726771774,0.6546306639613615,0.3614934951866868,70253.0,1.626444697380066,none,3.712663996234867,343.79025432155606,,,1.0
ctrl_full_ctxdlydm2intseq_netseed2_lnp_rescale_p70_pruneseed0,lnp_rescale,noise_prune,ctxdlydm2intseq,2,0.0,70,0.7,0.1841290209118355,0.6546306639613615,0.28127161015895125,55011.0,1.96613872051239,none,4.719145830936178,397.9076408133691,,,1.0
ctrl_full_ctxdlydm2intseq_netseed2_lnp_rescale_p70_pruneseed1,lnp_rescale,noise_prune,ctxdlydm2intseq,2,1.0,70,0.7,0.1760293892545538,0.6546306639613615,0.2688987836123479,55345.0,1.9569212198257449,none,4.7329780958407435,592.2032565844863,,,1.0
ctrl_full_ctxdlydm2intseq_netseed2_lnp_rescale_p70_pruneseed2,lnp_rescale,noise_prune,ctxdlydm2intseq,2,2.0,70,0.7,0.186112404779662,0.6546306639613615,0.2843013855376732,55109.0,1.9900366067886353,none,4.716797243865194,458.3870057620748,,,1.0
ctrl_full_ctxdlydm2intseq_netseed2_lnp_rescale_p80_pruneseed0,lnp_rescale,noise_prune,ctxdlydm2intseq,2,0.0,80,0.8,0.1088646511491576,0.6546306639613615,0.16629934578741817,39190.0,2.845027446746826,none,6.586957822840335,546.0911868678654,,,1.0
ctrl_full_ctxdlydm2intseq_netseed2_lnp_rescale_p80_pruneseed1,lnp_rescale,noise_prune,ctxdlydm2intseq,2,1.0,80,0.8,0.0913789565902732,0.6546306639613615,0.13958856744857082,39335.0,2.8725786209106445,none,6.655033183094342,888.3048848767297,,,1.0
ctrl_full_ctxdlydm2intseq_netseed2_lnp_rescale_p80_pruneseed2,lnp_rescale,noise_prune,ctxdlydm2intseq,2,2.0,80,0.8,0.0859205799687999,0.6546306639613615,0.1312504664063082,39188.0,2.917585849761963,none,6.651058804045772,687.5805086431122,,,1.0
ctrl_full_ctxdlydm2intseq_netseed2_snp_rescale_p50_pruneseed0,snp_rescale,simulation_noise_prune_rescale,ctxdlydm2intseq,2,0.0,50,0.5,0.5510061846403366,0.6546306639613615,0.8417054302131787,122102.0,0.946058750152588,none,2.144140630596654,764.86535973492,,,0.0
ctrl_full_ctxdlydm2intseq_netseed2_snp_rescale_p50_pruneseed1,snp_rescale,simulation_noise_prune_rescale,ctxdlydm2intseq,2,1.0,50,0.5,0.6116475764612394,0.6546306639613615,0.9343399417924927,121819.0,0.7835938930511475,none,2.1370259050041644,562.5679985049821,,,0.0
ctrl_full_ctxdlydm2intseq_netseed2_snp_rescale_p50_pruneseed2,snp_rescale,simulation_noise_prune_rescale,ctxdlydm2intseq,2,2.0,50,0.5,0.5754288375546733,0.6546306639613615,0.87901295987662,122031.0,0.8002347946166992,none,2.1451443252243276,783.3367813246294,,,0.0
ctrl_full_ctxdlydm2intseq_netseed2_snp_rescale_p60_pruneseed0,snp_rescale,simulation_noise_prune_rescale,ctxdlydm2intseq,2,0.0,60,0.6,0.4592266431309457,0.6546306639613615,0.7015049376881172,101265.0,1.3537834882736206,none,2.5830658701994196,956.08169966865,,,0.0
ctrl_full_ctxdlydm2intseq_netseed2_snp_rescale_p60_pruneseed1,snp_rescale,simulation_noise_prune_rescale,ctxdlydm2intseq,2,1.0,60,0.6,0.5209623157065113,0.6546306639613615,0.7958110494763811,101183.0,0.9420925378799438,none,2.567792675307434,593.4279369695197,,,0.0
ctrl_full_ctxdlydm2intseq_netseed2_snp_rescale_p60_pruneseed2,snp_rescale,simulation_noise_prune_rescale,ctxdlydm2intseq,2,2.0,60,0.6,0.5070200064484401,0.6546306639613615,0.7745130718141339,101383.0,0.983329713344574,none,2.5725379424639914,979.1709766557866,,,0.0
ctrl_full_ctxdlydm2intseq_netseed2_snp_rescale_p70_pruneseed0,snp_rescale,simulation_noise_prune_rescale,ctxdlydm2intseq,2,0.0,70,0.7,0.3200152417676542,0.6546306639613615,0.488848536106067,77604.0,1.4339224100112915,none,3.3660670340338252,1274.7755995581997,,,0.0
ctrl_full_ctxdlydm2intseq_netseed2_snp_rescale_p70_pruneseed1,snp_rescale,simulation_noise_prune_rescale,ctxdlydm2intseq,2,1.0,70,0.7,0.3126190763097987,0.6546306639613615,0.47755030969378864,77616.0,1.295337796211243,none,3.3492871994005253,791.2372492926928,,,0.0
ctrl_full_ctxdlydm2intseq_netseed2_snp_rescale_p70_pruneseed2,snp_rescale,simulation_noise_prune_rescale,ctxdlydm2intseq,2,2.0,70,0.7,0.3483427834463981,0.6546306639613615,0.5321210915151363,77833.0,1.3958975076675415,none,3.3667259529420517,1305.5613022077157,,,0.0
ctrl_full_ctxdlydm2intseq_netseed2_snp_rescale_p80_pruneseed0,snp_rescale,simulation_noise_prune_rescale,ctxdlydm2intseq,2,0.0,80,0.8,0.1363877662017059,0.6546306639613615,0.2083430760428845,52302.0,1.8724510669708252,none,5.051863899660142,1912.1633993373,,,0.0
ctrl_full_ctxdlydm2intseq_netseed2_snp_rescale_p80_pruneseed1,snp_rescale,simulation_noise_prune_rescale,ctxdlydm2intseq,2,1.0,80,0.8,0.1541242334335338,0.6546306639613615,0.23543692942961608,52195.0,1.936132788658142,none,4.972688796603886,1186.8558739390396,,,0.0
ctrl_full_ctxdlydm2intseq_netseed2_snp_rescale_p80_pruneseed2,snp_rescale,simulation_noise_prune_rescale,ctxdlydm2intseq,2,2.0,80,0.8,0.1661352674311433,0.6546306639613615,0.25378473172309135,52429.0,1.9569945335388184,none,5.018283761233902,1958.3419533115737,,,0.0
ctrl_full_ctxdlydm2intseq_netseed2_lnp_shuffled_p50_pruneseed0,lnp_shuffled,noise_prune_shuffled_rescale,ctxdlydm2intseq,2,0.0,50,0.5,0.0613774258999319,0.6546306639613615,0.09375886171985766,84582.0,4.468371391296387,shuffle,3.1330975144813653,1697.785617055525,,,1.0
ctrl_full_ctxdlydm2intseq_netseed2_lnp_shuffled_p50_pruneseed1,lnp_shuffled,noise_prune_shuffled_rescale,ctxdlydm2intseq,2,1.0,50,0.5,0.0516070620190131,0.6546306639613615,0.07883385985423244,84497.0,4.487857341766357,shuffle,3.0630815461474783,321.91140348375995,,,1.0
ctrl_full_ctxdlydm2intseq_netseed2_lnp_shuffled_p50_pruneseed2,lnp_shuffled,noise_prune_shuffled_rescale,ctxdlydm2intseq,2,2.0,50,0.5,0.0840186157999811,0.6546306639613615,0.12834506604313323,84562.0,3.877871036529541,shuffle,3.079714430887405,228.65230258902497,,,1.0
ctrl_full_ctxdlydm2intseq_netseed2_lnp_shuffled_p60_pruneseed0,lnp_shuffled,noise_prune_shuffled_rescale,ctxdlydm2intseq,2,0.0,60,0.6,0.0679691647315918,0.6546306639613615,0.10382826297853284,70168.0,5.830076694488525,shuffle,3.7829158060477046,2122.232021319407,,,1.0
ctrl_full_ctxdlydm2intseq_netseed2_lnp_shuffled_p60_pruneseed1,lnp_shuffled,noise_prune_shuffled_rescale,ctxdlydm2intseq,2,1.0,60,0.6,0.0533038485463326,0.6546306639613615,0.08142583517822925,70148.0,4.936490058898926,shuffle,3.6863586649766704,402.3892543547,,,1.0
ctrl_full_ctxdlydm2intseq_netseed2_lnp_shuffled_p60_pruneseed2,lnp_shuffled,noise_prune_shuffled_rescale,ctxdlydm2intseq,2,2.0,60,0.6,0.0809246672376901,0.6546306639613615,0.12361881545235183,70134.0,4.162205219268799,shuffle,3.693160826286955,285.2686765941362,,,1.0
ctrl_full_ctxdlydm2intseq_netseed2_lnp_shuffled_p70_pruneseed0,lnp_shuffled,noise_prune_shuffled_rescale,ctxdlydm2intseq,2,0.0,70,0.7,0.0609540434650921,0.6546306639613615,0.09311211163901392,55228.0,6.963874340057373,shuffle,4.871591471490615,2829.6426950925425,,,1.0
ctrl_full_ctxdlydm2intseq_netseed2_lnp_shuffled_p70_pruneseed1,lnp_shuffled,noise_prune_shuffled_rescale,ctxdlydm2intseq,2,1.0,70,0.7,0.0572836434338269,0.6546306639613615,0.08750528593816066,55114.0,6.629810810089111,shuffle,4.7031547482494025,536.5190058062667,,,1.0
ctrl_full_ctxdlydm2intseq_netseed2_lnp_shuffled_p70_pruneseed2,lnp_shuffled,noise_prune_shuffled_rescale,ctxdlydm2intseq,2,2.0,70,0.7,0.0772607807823456,0.6546306639613615,0.11802193975274247,54926.0,4.890055179595947,shuffle,4.703481784967057,380.35823545884824,,,1.0
ctrl_full_ctxdlydm2intseq_netseed2_lnp_shuffled_p80_pruneseed0,lnp_shuffled,noise_prune_shuffled_rescale,ctxdlydm2intseq,2,0.0,80,0.8,0.0468586651728865,0.6546306639613615,0.07158030894753847,39236.0,7.433277606964111,shuffle,6.876517756855708,3611.770037350967,,,1.0
ctrl_full_ctxdlydm2intseq_netseed2_lnp_shuffled_p80_pruneseed1,lnp_shuffled,noise_prune_shuffled_rescale,ctxdlydm2intseq,2,1.0,80,0.8,0.0659694969239637,0.6546306639613615,0.10077361259670146,39417.0,7.87693977355957,shuffle,6.623526660235927,777.4849372011843,,,1.0
ctrl_full_ctxdlydm2intseq_netseed2_lnp_shuffled_p80_pruneseed2,lnp_shuffled,noise_prune_shuffled_rescale,ctxdlydm2intseq,2,2.0,80,0.8,0.0457122758108587,0.6546306639613615,0.06982910872863847,38879.0,5.868102073669434,shuffle,6.595767596112623,570.5373531882725,,,1.0
ctrl_full_ctxdlydm2intseq_netseed2_lnp_uniform_p50_pruneseed0,lnp_uniform,noise_prune_uniform_rescale,ctxdlydm2intseq,2,0.0,50,0.5,0.1739092202923944,0.6546306639613615,0.2656600582075072,84482.0,1.7683055400848389,uniform,3.08966367790184,3.089663677901841,,,1.0
ctrl_full_ctxdlydm2intseq_netseed2_lnp_uniform_p50_pruneseed1,lnp_uniform,noise_prune_uniform_rescale,ctxdlydm2intseq,2,1.0,50,0.5,0.1982341695679219,0.6546306639613615,0.3028183378522921,85060.0,1.804126024246216,uniform,3.08966367790184,3.089663677901841,,,1.0
ctrl_full_ctxdlydm2intseq_netseed2_lnp_uniform_p50_pruneseed2,lnp_uniform,noise_prune_uniform_rescale,ctxdlydm2intseq,2,2.0,50,0.5,0.152137592777747,0.6546306639613615,0.23240217905027233,84680.0,2.1777172088623047,uniform,3.08966367790184,3.089663677901841,,,1.0
ctrl_full_ctxdlydm2intseq_netseed2_lnp_uniform_p60_pruneseed0,lnp_uniform,noise_prune_uniform_rescale,ctxdlydm2intseq,2,0.0,60,0.6,0.1031196771871773,0.6546306639613615,0.15752344469043045,70076.0,2.1970818042755127,uniform,3.721655646883447,3.7216556468834456,,,1.0
ctrl_full_ctxdlydm2intseq_netseed2_lnp_uniform_p60_pruneseed1,lnp_uniform,noise_prune_uniform_rescale,ctxdlydm2intseq,2,1.0,60,0.6,0.1369283930031167,0.6546306639613615,0.2091689261461157,70543.0,2.1364102363586426,uniform,3.7216556468834474,3.7216556468834456,,,1.0
ctrl_full_ctxdlydm2intseq_netseed2_lnp_uniform_p60_pruneseed2,lnp_uniform,noise_prune_uniform_rescale,ctxdlydm2intseq,2,2.0,60,0.6,0.1369121090633152,0.6546306639613615,0.20914405114300635,70352.0,2.1627233028411865,uniform,3.7216556468834474,3.7216556468834456,,,1.0
ctrl_full_ctxdlydm2intseq_netseed2_lnp_uniform_p70_pruneseed0,lnp_uniform,noise_prune_uniform_rescale,ctxdlydm2intseq,2,0.0,70,0.7,0.0728706306118527,0.6546306639613615,0.11131563891445477,55174.0,2.6388630867004395,uniform,4.741786618278355,4.741786618278358,,,1.0
ctrl_full_ctxdlydm2intseq_netseed2_lnp_uniform_p70_pruneseed1,lnp_uniform,noise_prune_uniform_rescale,ctxdlydm2intseq,2,1.0,70,0.7,0.0880863439624036,0.6546306639613615,0.13455884181985517,55295.0,2.462127685546875,uniform,4.741786618278356,4.741786618278358,,,1.0
ctrl_full_ctxdlydm2intseq_netseed2_lnp_uniform_p70_pruneseed2,lnp_uniform,noise_prune_uniform_rescale,ctxdlydm2intseq,2,2.0,70,0.7,0.0980749126366629,0.6546306639613615,0.14981716872714598,55243.0,2.546983003616333,uniform,4.741786618278355,4.741786618278358,,,1.0
ctrl_full_ctxdlydm2intseq_netseed2_lnp_uniform_p80_pruneseed0,lnp_uniform,noise_prune_uniform_rescale,ctxdlydm2intseq,2,0.0,80,0.8,0.0676239452077993,0.6546306639613615,0.10330091291261402,39384.0,3.4488697052001953,uniform,6.6774285085989495,6.677428508598947,,,1.0
ctrl_full_ctxdlydm2intseq_netseed2_lnp_uniform_p80_pruneseed1,lnp_uniform,noise_prune_uniform_rescale,ctxdlydm2intseq,2,1.0,80,0.8,0.0782736418380008,0.6546306639613615,0.11956916494614553,39179.0,3.073251485824585,uniform,6.6774285085989495,6.677428508598947,,,1.0
ctrl_full_ctxdlydm2intseq_netseed2_lnp_uniform_p80_pruneseed2,lnp_uniform,noise_prune_uniform_rescale,ctxdlydm2intseq,2,2.0,80,0.8,0.0541571269919329,0.6546306639613615,0.0827292853411606,39311.0,3.2780721187591553,uniform,6.6774285085989495,6.677428508598947,,,1.0
ctrl_full_ctxdlydm2intseq_netseed2_snp_shuffled_p50_pruneseed0,snp_shuffled,simulation_noise_prune_shuffled_rescale,ctxdlydm2intseq,2,0.0,50,0.5,0.0877346108626905,0.6546306639613615,0.13402154175269262,122001.0,3.567291736602783,shuffle,2.148462855670317,487.228477930487,,,0.0
ctrl_full_ctxdlydm2intseq_netseed2_snp_shuffled_p50_pruneseed1,snp_shuffled,simulation_noise_prune_shuffled_rescale,ctxdlydm2intseq,2,1.0,50,0.5,0.0628364669061491,0.6546306639613615,0.09598766199845768,121774.0,3.1469976902008057,shuffle,2.1248371702524396,174.44458987770247,,,0.0
ctrl_full_ctxdlydm2intseq_netseed2_snp_shuffled_p50_pruneseed2,snp_shuffled,simulation_noise_prune_shuffled_rescale,ctxdlydm2intseq,2,2.0,50,0.5,0.0787621600320468,0.6546306639613615,0.12031541503942687,121995.0,2.962218761444092,shuffle,2.1412417826368646,1155.371264045077,,,0.0
ctrl_full_ctxdlydm2intseq_netseed2_snp_shuffled_p60_pruneseed0,snp_shuffled,simulation_noise_prune_shuffled_rescale,ctxdlydm2intseq,2,0.0,60,0.6,0.0646146731324763,0.6546306639613615,0.09870401233800145,101459.0,4.217284202575684,shuffle,2.5846867878468136,609.0355974131086,,,0.0
ctrl_full_ctxdlydm2intseq_netseed2_snp_shuffled_p60_pruneseed1,snp_shuffled,simulation_noise_prune_shuffled_rescale,ctxdlydm2intseq,2,1.0,60,0.6,0.077850259403161,0.6546306639613615,0.11892241486530179,101174.0,3.05751633644104,shuffle,2.560371658958755,210.69907073237343,,,0.0
ctrl_full_ctxdlydm2intseq_netseed2_snp_shuffled_p60_pruneseed2,snp_shuffled,simulation_noise_prune_shuffled_rescale,ctxdlydm2intseq,2,2.0,60,0.6,0.0747074590214654,0.6546306639613615,0.11412153926519226,101311.0,3.2542426586151123,shuffle,2.5864584136602606,1444.214080056346,,,0.0
ctrl_full_ctxdlydm2intseq_netseed2_snp_shuffled_p70_pruneseed0,snp_shuffled,simulation_noise_prune_shuffled_rescale,ctxdlydm2intseq,2,0.0,70,0.7,0.0844387414468606,0.6546306639613615,0.12898684112335512,77844.0,5.108847618103027,shuffle,3.373697003706107,812.047463217478,,,0.0
ctrl_full_ctxdlydm2intseq_netseed2_snp_shuffled_p70_pruneseed1,snp_shuffled,simulation_noise_prune_shuffled_rescale,ctxdlydm2intseq,2,1.0,70,0.7,0.0547238080970262,0.6546306639613615,0.08359493544936689,77410.0,3.983368635177612,shuffle,3.3353789370451676,280.93209430983126,,,0.0
ctrl_full_ctxdlydm2intseq_netseed2_snp_shuffled_p70_pruneseed2,snp_shuffled,simulation_noise_prune_shuffled_rescale,ctxdlydm2intseq,2,2.0,70,0.7,0.06678043712608,0.6546306639613615,0.10201238775154843,77653.0,3.638160943984986,shuffle,3.3541675031205247,243.16249841852687,,,0.0
ctrl_full_ctxdlydm2intseq_netseed2_snp_shuffled_p80_pruneseed0,snp_shuffled,simulation_noise_prune_shuffled_rescale,ctxdlydm2intseq,2,0.0,80,0.8,0.0681059498259246,0.6546306639613615,0.1040372130046515,52138.0,5.775269031524658,shuffle,5.013218624240043,1158.812724771377,,,0.0
ctrl_full_ctxdlydm2intseq_netseed2_snp_shuffled_p80_pruneseed1,snp_shuffled,simulation_noise_prune_shuffled_rescale,ctxdlydm2intseq,2,1.0,80,0.8,0.0689755122113264,0.6546306639613615,0.10536553817069219,52189.0,5.2513885498046875,shuffle,4.93657858293003,421.398141464747,,,0.0
ctrl_full_ctxdlydm2intseq_netseed2_snp_shuffled_p80_pruneseed2,snp_shuffled,simulation_noise_prune_shuffled_rescale,ctxdlydm2intseq,2,2.0,80,0.8,0.0632826468567111,0.6546306639613615,0.09666923708365463,52382.0,4.972989559173584,shuffle,4.994090002924793,314.22728084842316,,,0.0
ctrl_full_ctxdlydm2intseq_netseed2_snp_uniform_p50_pruneseed0,snp_uniform,simulation_noise_prune_uniform_rescale,ctxdlydm2intseq,2,0.0,50,0.5,0.2606244565235091,0.6546306639613615,0.398124424765553,122108.0,1.7259231805801392,uniform,2.1464303182319573,2.146430318231958,,,0.0
ctrl_full_ctxdlydm2intseq_netseed2_snp_uniform_p50_pruneseed1,snp_uniform,simulation_noise_prune_uniform_rescale,ctxdlydm2intseq,2,1.0,50,0.5,0.2780189610195049,0.6546306639613615,0.4246959030869879,121939.0,1.4487082958221436,uniform,2.146203895175695,2.1462038951756957,,,0.0
ctrl_full_ctxdlydm2intseq_netseed2_snp_uniform_p50_pruneseed2,snp_uniform,simulation_noise_prune_uniform_rescale,ctxdlydm2intseq,2,2.0,50,0.5,0.2905347971509618,0.6546306639613615,0.44381483047685366,122158.0,1.39827299118042,uniform,2.146033102906731,2.1460331029067308,,,0.0
ctrl_full_ctxdlydm2intseq_netseed2_snp_uniform_p60_pruneseed0,snp_uniform,simulation_noise_prune_uniform_rescale,ctxdlydm2intseq,2,0.0,60,0.6,0.1632953483297562,0.6546306639613615,0.24944653118081625,101424.0,1.595845341682434,uniform,2.585406916891511,2.5854069168915106,,,0.0
ctrl_full_ctxdlydm2intseq_netseed2_snp_uniform_p60_pruneseed1,snp_uniform,simulation_noise_prune_uniform_rescale,ctxdlydm2intseq,2,1.0,60,0.6,0.2456530022699812,0.6546306639613615,0.3752543469067934,101142.0,2.040170431137085,uniform,2.585220865486072,2.5852208654860735,,,0.0
ctrl_full_ctxdlydm2intseq_netseed2_snp_uniform_p60_pruneseed2,snp_uniform,simulation_noise_prune_uniform_rescale,ctxdlydm2intseq,2,2.0,60,0.6,0.2060602310365379,0.6546306639613615,0.31477326434665803,101727.0,1.4838978052139282,uniform,2.5850416410703683,2.5850416410703683,,,0.0
ctrl_full_ctxdlydm2intseq_netseed2_snp_uniform_p70_pruneseed0,snp_uniform,simulation_noise_prune_uniform_rescale,ctxdlydm2intseq,2,0.0,70,0.7,0.1218331808070972,0.6546306639613615,0.18610979826372478,77677.0,1.9629011154174805,uniform,3.37136570795937,3.371365707959372,,,0.0
ctrl_full_ctxdlydm2intseq_netseed2_snp_uniform_p70_pruneseed1,snp_uniform,simulation_noise_prune_uniform_rescale,ctxdlydm2intseq,2,1.0,70,0.7,0.1713982367749983,0.6546306639613615,0.26182433272804156,77604.0,2.2355740070343018,uniform,3.3712254343316768,3.3712254343316768,,,0.0
ctrl_full_ctxdlydm2intseq_netseed2_snp_uniform_p70_pruneseed2,snp_uniform,simulation_noise_prune_uniform_rescale,ctxdlydm2intseq,2,2.0,70,0.7,0.129073020442858,0.6546306639613615,0.19716922464615305,77741.0,1.9175878763198853,uniform,3.3710737530851485,3.3710737530851485,,,0.0
ctrl_full_ctxdlydm2intseq_netseed2_snp_uniform_p80_pruneseed0,snp_uniform,simulation_noise_prune_uniform_rescale,ctxdlydm2intseq,2,0.0,80,0.8,0.0947823000087933,0.6546306639613615,0.14478744309843034,52212.0,2.663714647293091,uniform,5.010172913248454,5.010172913248454,,,0.0
ctrl_full_ctxdlydm2intseq_netseed2_snp_uniform_p80_pruneseed1,snp_uniform,simulation_noise_prune_uniform_rescale,ctxdlydm2intseq,2,1.0,80,0.8,0.0853408717118654,0.6546306639613615,0.13036491629561445,52259.0,2.815653085708618,uniform,5.010129831219337,5.010129831219337,,,0.0
ctrl_full_ctxdlydm2intseq_netseed2_snp_uniform_p80_pruneseed2,snp_uniform,simulation_noise_prune_uniform_rescale,ctxdlydm2intseq,2,2.0,80,0.8,0.0781238295918267,0.6546306639613615,0.11934031491753927,52379.0,2.6134681701660156,uniform,5.010081993435898,5.010081993435898,,,0.0
ctrl_full_ctxdlydm2intseq_netseed2_magnitude_p50_pruneseed0,magnitude,l1_unstructured,ctxdlydm2intseq,2,0.0,50,0.5,0.4942468840681189,0.6546306639613615,0.7550011193751398,131072.0,0.7433724403381348,,,,,,
ctrl_full_ctxdlydm2intseq_netseed2_magnitude_p60_pruneseed0,magnitude,l1_unstructured,ctxdlydm2intseq,2,0.0,60,0.6,0.2774001713070467,0.6546306639613615,0.4237506529688316,104858.0,0.8680301308631897,,,,,,
ctrl_full_ctxdlydm2intseq_netseed2_magnitude_p70_pruneseed0,magnitude,l1_unstructured,ctxdlydm2intseq,2,0.0,70,0.7,0.1135641961758795,0.6546306639613615,0.17347827168478383,78643.0,0.9090994000434875,,,,,,
ctrl_full_ctxdlydm2intseq_netseed2_magnitude_p80_pruneseed0,magnitude,l1_unstructured,ctxdlydm2intseq,2,0.0,80,0.8,0.0517373335374253,0.6546306639613615,0.07903285987910737,52429.0,1.0198907852172852,,,,,,
ctrl_full_ctxdlydm2intseq_netseed2_magnitude_gain_invdensity_p50_pruneseed0,magnitude_gain_invdensity,l1_unstructured_gain,ctxdlydm2intseq,2,0.0,50,0.5,0.0454093945305503,0.6546306639613615,0.06936643367080421,131072.0,2.4799346923828125,,,,1.99609375,1.5654293787768745,
ctrl_full_ctxdlydm2intseq_netseed2_magnitude_gain_invdensity_p60_pruneseed0,magnitude_gain_invdensity,l1_unstructured_gain,ctxdlydm2intseq,2,0.0,60,0.6,0.0464092284343643,0.6546306639613615,0.07089375886171982,104858.0,3.660936117172241,,,,2.495107669419596,1.7114912123181485,
ctrl_full_ctxdlydm2intseq_netseed2_magnitude_gain_invdensity_p70_pruneseed0,magnitude_gain_invdensity,l1_unstructured_gain,ctxdlydm2intseq,2,0.0,70,0.7,0.0456243425359305,0.6546306639613615,0.06969478371184794,78643.0,5.351251602172852,,,,3.326831377236372,1.8834010974295656,
ctrl_full_ctxdlydm2intseq_netseed2_magnitude_gain_invdensity_p80_pruneseed0,magnitude_gain_invdensity,l1_unstructured_gain,ctxdlydm2intseq,2,0.0,80,0.8,0.0410550690276208,0.6546306639613615,0.06271485783935721,52429.0,9.079689979553224,,,,4.990215338839192,2.103930802359026,
ctrl_full_ctxdlydm2intseq_netseed2_magnitude_gain_matchl1_p50_pruneseed0,magnitude_gain_matchl1,l1_unstructured_gain,ctxdlydm2intseq,2,0.0,50,0.5,0.0821068812672813,0.6546306639613615,0.12542474067809253,131072.0,1.2229901552200315,,,,1.275109219030694,0.9999998767514696,
ctrl_full_ctxdlydm2intseq_netseed2_magnitude_gain_matchl1_p60_pruneseed0,magnitude_gain_matchl1,l1_unstructured_gain,ctxdlydm2intseq,2,0.0,60,0.6,0.0526883156218348,0.6546306639613615,0.08048556006069499,104858.0,1.723318576812744,,,,1.457855803802484,1.0,
ctrl_full_ctxdlydm2intseq_netseed2_magnitude_gain_matchl1_p70_pruneseed0,magnitude_gain_matchl1,l1_unstructured_gain,ctxdlydm2intseq,2,0.0,70,0.7,0.0487020071584199,0.6546306639613615,0.07439615929951986,78643.0,2.372225046157837,,,,1.7663957138106494,1.0000000616242652,
ctrl_full_ctxdlydm2intseq_netseed2_magnitude_gain_matchl1_p80_pruneseed0,magnitude_gain_matchl1,l1_unstructured_gain,ctxdlydm2intseq,2,0.0,80,0.8,0.0585831018299891,0.6546306639613615,0.0894903111862888,52429.0,3.7908847332000737,,,,2.371853369139547,1.0,
ctrl_full_ctxdlydm2intseq_netseed2_random_p50_pruneseed0,random,random_unstructured,ctxdlydm2intseq,2,0.0,50,0.5,0.0572999273736284,0.6546306639613615,0.08753016094126999,130812.0,0.0427916757762432,,,,,,
ctrl_full_ctxdlydm2intseq_netseed2_random_p50_pruneseed1,random,random_unstructured,ctxdlydm2intseq,2,1.0,50,0.5,0.0640935870588273,0.6546306639613615,0.09790801223850143,130803.0,0.3659692704677582,,,,,,
ctrl_full_ctxdlydm2intseq_netseed2_random_p50_pruneseed2,random,random_unstructured,ctxdlydm2intseq,2,2.0,50,0.5,0.0656828995834568,0.6546306639613615,0.10033581254197653,130825.0,0.2946059107780456,,,,,,
ctrl_full_ctxdlydm2intseq_netseed2_random_p60_pruneseed0,random,random_unstructured,ctxdlydm2intseq,2,0.0,60,0.6,0.0706755555266063,0.6546306639613615,0.10796248849531101,104643.0,-0.0093889366835355,,,,,,
ctrl_full_ctxdlydm2intseq_netseed2_random_p60_pruneseed1,random,random_unstructured,ctxdlydm2intseq,2,1.0,60,0.6,0.0755086288597008,0.6546306639613615,0.11534538941817363,104641.0,0.2166213393211364,,,,,,
ctrl_full_ctxdlydm2intseq_netseed2_random_p60_pruneseed2,random,random_unstructured,ctxdlydm2intseq,2,2.0,60,0.6,0.0770979413843302,0.6546306639613615,0.11777318972164856,104657.0,0.0328747443854808,,,,,,
ctrl_full_ctxdlydm2intseq_netseed2_random_p70_pruneseed0,random,random_unstructured,ctxdlydm2intseq,2,0.0,70,0.7,0.0746781479298227,0.6546306639613615,0.11407676425959548,78486.0,-0.082026869058609,,,,,,
ctrl_full_ctxdlydm2intseq_netseed2_random_p70_pruneseed1,random,random_unstructured,ctxdlydm2intseq,2,1.0,70,0.7,0.07443714562076,0.6546306639613615,0.11370861421357666,78481.0,-0.1042673960328102,,,,,,
ctrl_full_ctxdlydm2intseq_netseed2_random_p70_pruneseed2,random,random_unstructured,ctxdlydm2intseq,2,2.0,70,0.7,0.0728901713396145,0.6546306639613615,0.11134548891818598,78493.0,-0.145385593175888,,,,,,
ctrl_full_ctxdlydm2intseq_netseed2_random_p80_pruneseed0,random,random_unstructured,ctxdlydm2intseq,2,0.0,80,0.8,0.0519132000872819,0.6546306639613615,0.07930150991268871,52325.0,-0.2820263504981994,,,,,,
ctrl_full_ctxdlydm2intseq_netseed2_random_p80_pruneseed1,random,random_unstructured,ctxdlydm2intseq,2,1.0,80,0.8,0.052180256700027,0.6546306639613615,0.07970945996368245,52319.0,-0.279424637556076,,,,,,
ctrl_full_ctxdlydm2intseq_netseed2_random_p80_pruneseed2,random,random_unstructured,ctxdlydm2intseq,2,2.0,80,0.8,0.049405473357846,0.6546306639613615,0.07547075943384479,52327.0,-0.2651294767856598,,,,,,
ctrl_full_ctxdlydm2intseq_netseed2_random_gain_invdensity_p50_pruneseed0,random_gain_invdensity,random_unstructured_gain,ctxdlydm2intseq,2,0.0,50,0.5,0.320363718079407,0.6546306639613615,0.48938086117260765,130812.0,1.0856472253799438,,,,2.0000611564688255,1.0010556236640629,
ctrl_full_ctxdlydm2intseq_netseed2_random_gain_invdensity_p50_pruneseed1,random_gain_invdensity,random_unstructured_gain,ctxdlydm2intseq,2,1.0,50,0.5,0.3036629094189564,0.6546306639613615,0.46386905798363215,130803.0,1.7322101593017578,,,,2.0001987721994143,1.0024318167560569,
ctrl_full_ctxdlydm2intseq_netseed2_random_gain_invdensity_p50_pruneseed2,random_gain_invdensity,random_unstructured_gain,ctxdlydm2intseq,2,2.0,50,0.5,0.1956124552598754,0.6546306639613615,0.29881346235168277,130825.0,1.5890337228775024,,,,1.999862411618574,0.997745476255123,
ctrl_full_ctxdlydm2intseq_netseed2_random_gain_invdensity_p60_pruneseed0,random_gain_invdensity,random_unstructured_gain,ctxdlydm2intseq,2,0.0,60,0.6,0.2550455787475045,0.6546306639613615,0.3896022487002811,104643.0,1.4767595529556274,,,,2.500234129373202,1.0022550783632644,
ctrl_full_ctxdlydm2intseq_netseed2_random_gain_invdensity_p60_pruneseed1,random_gain_invdensity,random_unstructured_gain,ctxdlydm2intseq,2,1.0,60,0.6,0.219927634171522,0.6546306639613615,0.3359568169946021,104641.0,2.041896104812622,,,,2.5002819162660908,1.0036958536852605,
ctrl_full_ctxdlydm2intseq_netseed2_random_gain_invdensity_p60_pruneseed2,random_gain_invdensity,random_unstructured_gain,ctxdlydm2intseq,2,2.0,60,0.6,0.1103985982784618,0.6546306639613615,0.16864257108032124,104657.0,1.582083225250244,,,,2.4998996722627247,0.9965658645693382,
ctrl_full_ctxdlydm2intseq_netseed2_random_gain_invdensity_p70_pruneseed0,random_gain_invdensity,random_unstructured_gain,ctxdlydm2intseq,2,0.0,70,0.7,0.1229176911978791,0.6546306639613615,0.18776647347080905,78486.0,2.0600509643554688,,,,3.3334862268430037,1.003223195570645,
ctrl_full_ctxdlydm2intseq_netseed2_random_gain_invdensity_p70_pruneseed1,random_gain_invdensity,random_unstructured_gain,ctxdlydm2intseq,2,1.0,70,0.7,0.1235527648501389,0.6546306639613615,0.1887365985920748,78481.0,1.9861023426055908,,,,3.3336986022094517,1.002460903409264,
ctrl_full_ctxdlydm2intseq_netseed2_random_gain_invdensity_p70_pruneseed2,random_gain_invdensity,random_unstructured_gain,ctxdlydm2intseq,2,2.0,70,0.7,0.107167864621838,0.6546306639613615,0.1637073704634212,78493.0,1.8485913276672363,,,,3.3331889467850635,0.9978732233570262,
ctrl_full_ctxdlydm2intseq_netseed2_random_gain_invdensity_p80_pruneseed0,random_gain_invdensity,random_unstructured_gain,ctxdlydm2intseq,2,0.0,80,0.8,0.0869757792679392,0.6546306639613615,0.13286236660779582,52325.0,2.5899643898010254,,,,5.000133779264214,1.003832166560036,
ctrl_full_ctxdlydm2intseq_netseed2_random_gain_invdensity_p80_pruneseed1,random_gain_invdensity,random_unstructured_gain,ctxdlydm2intseq,2,1.0,80,0.8,0.1190942221324796,0.6546306639613615,0.1819258227407278,52319.0,2.603386163711548,,,,5.000707200061163,1.000511050031878,
ctrl_full_ctxdlydm2intseq_netseed2_random_gain_invdensity_p80_pruneseed2,random_gain_invdensity,random_unstructured_gain,ctxdlydm2intseq,2,2.0,80,0.8,0.0890894346541779,0.6546306639613615,0.13609114201139264,52327.0,2.6743104457855225,,,,4.999942668220995,0.9970045677137904,
ctrl_full_dlydm1intseq_netseed0_lnp_rescale_p50_pruneseed0,lnp_rescale,noise_prune,dlydm1intseq,0,0.0,50,0.5,0.6415652253202812,0.6086383086812951,1.0540993167359562,112180.0,0.8438772559165955,none,2.341149124320014,345.4154875472727,,,1.0
ctrl_full_dlydm1intseq_netseed0_lnp_rescale_p50_pruneseed1,lnp_rescale,noise_prune,dlydm1intseq,0,1.0,50,0.5,0.5786846167373336,0.6086383086812951,0.9507857268977029,112141.0,0.8362864851951599,none,2.3724174030740377,1793.0176860854483,,,1.0
ctrl_full_dlydm1intseq_netseed0_lnp_rescale_p50_pruneseed2,lnp_rescale,noise_prune,dlydm1intseq,0,2.0,50,0.5,0.618495867445632,0.6086383086812951,1.0161960866145523,112047.0,0.7386748790740967,none,2.3213655992211866,171.75886849357093,,,1.0
ctrl_full_dlydm1intseq_netseed0_lnp_rescale_p60_pruneseed0,lnp_rescale,noise_prune,dlydm1intseq,0,0.0,60,0.6,0.5155304584562679,0.6086383086812951,0.8470226916429905,92605.0,0.9964563846588136,none,2.8265646941461684,431.76935943409075,,,1.0
ctrl_full_dlydm1intseq_netseed0_lnp_rescale_p60_pruneseed1,lnp_rescale,noise_prune,dlydm1intseq,0,1.0,60,0.6,0.5287259748464539,0.6086383086812951,0.8687030824464811,92871.0,1.1727240085601809,none,2.874138924742139,2241.2721076068106,,,1.0
ctrl_full_dlydm1intseq_netseed0_lnp_rescale_p60_pruneseed2,lnp_rescale,noise_prune,dlydm1intseq,0,2.0,60,0.6,0.552778809016719,0.6086383086812951,0.9082221758508696,92543.0,1.012043595314026,none,2.8129175694438144,214.6985856169636,,,1.0
ctrl_full_dlydm1intseq_netseed0_lnp_rescale_p70_pruneseed0,lnp_rescale,noise_prune,dlydm1intseq,0,0.0,70,0.7,0.3031451702195562,0.6086383086812951,0.4980711300876954,71735.0,1.3482900857925415,none,3.6698691076727665,575.6924792454544,,,1.0
ctrl_full_dlydm1intseq_netseed0_lnp_rescale_p70_pruneseed1,lnp_rescale,noise_prune,dlydm1intseq,0,1.0,70,0.7,0.3565134137048398,0.6086383086812951,0.5857557906226423,71662.0,1.3978102207183838,none,3.729537988674797,2988.362810142414,,,1.0
ctrl_full_dlydm1intseq_netseed0_lnp_rescale_p70_pruneseed2,lnp_rescale,noise_prune,dlydm1intseq,0,2.0,70,0.7,0.3657229202081583,0.6086383086812951,0.6008871196434399,71498.0,1.4623525142669678,none,3.616168976167355,286.2647808226182,,,1.0
ctrl_full_dlydm1intseq_netseed0_lnp_rescale_p80_pruneseed0,lnp_rescale,noise_prune,dlydm1intseq,0,0.0,80,0.8,0.1674156717924669,0.6086383086812951,0.275065945413784,49473.0,2.2428553104400635,none,5.3441463427694185,863.5387188681818,,,1.0
ctrl_full_dlydm1intseq_netseed0_lnp_rescale_p80_pruneseed1,lnp_rescale,noise_prune,dlydm1intseq,0,1.0,80,0.8,0.2272742075200114,0.6086383086812951,0.3734142335082959,49519.0,2.1166181564331055,none,5.364375290877548,4482.544215213622,,,1.0
ctrl_full_dlydm1intseq_netseed0_lnp_rescale_p80_pruneseed2,lnp_rescale,noise_prune,dlydm1intseq,0,2.0,80,0.8,0.1771234295316438,0.6086383086812951,0.2910159071574182,49259.0,2.037809133529663,none,5.202269940108265,429.3971712339274,,,1.0
ctrl_full_dlydm1intseq_netseed0_snp_rescale_p50_pruneseed0,snp_rescale,simulation_noise_prune_rescale,dlydm1intseq,0,0.0,50,0.5,0.6365989956818227,0.6086383086812951,1.0459397422109504,121599.0,0.8638927936553955,none,2.1745910060544533,711.8974892876842,,,0.0
ctrl_full_dlydm1intseq_netseed0_snp_rescale_p50_pruneseed1,snp_rescale,simulation_noise_prune_rescale,dlydm1intseq,0,1.0,50,0.5,0.5880504373538625,0.6086383086812951,0.9661738818707629,121124.0,0.91653573513031,none,2.1452559559448825,794.1165315421977,,,0.0
ctrl_full_dlydm1intseq_netseed0_snp_rescale_p50_pruneseed2,snp_rescale,simulation_noise_prune_rescale,dlydm1intseq,0,2.0,50,0.5,0.6384161472478946,0.6086383086812951,1.0489253439060016,121613.0,0.8556660413742065,none,2.1756269469123004,1985.4077101482856,,,0.0
ctrl_full_dlydm1intseq_netseed0_snp_rescale_p60_pruneseed0,snp_rescale,simulation_noise_prune_rescale,dlydm1intseq,0,0.0,60,0.6,0.5798699987625132,0.6086383086812951,0.95273332370236,101238.0,1.0326378345489502,none,2.6198133740425154,889.8718616096054,,,0.0
ctrl_full_dlydm1intseq_netseed0_snp_rescale_p60_pruneseed1,snp_rescale,simulation_noise_prune_rescale,dlydm1intseq,0,1.0,60,0.6,0.5348287383497138,0.6086383086812951,0.878729995666062,100418.0,0.9574726819992064,none,2.5772120648069152,992.6456644277472,,,0.0
ctrl_full_dlydm1intseq_netseed0_snp_rescale_p60_pruneseed2,snp_rescale,simulation_noise_prune_rescale,dlydm1intseq,0,2.0,60,0.6,0.5808209096178771,0.6086383086812951,0.9542956815786235,101124.0,1.1635414361953735,none,2.627413838279046,2481.759637685357,,,0.0
ctrl_full_dlydm1intseq_netseed0_snp_rescale_p70_pruneseed0,snp_rescale,simulation_noise_prune_rescale,dlydm1intseq,0,0.0,70,0.7,0.4312087640112806,0.6086383086812951,0.7084811420194009,77565.0,1.2682206630706787,none,3.4167636728322934,1186.4958154794738,,,0.0
ctrl_full_dlydm1intseq_netseed0_snp_rescale_p70_pruneseed1,snp_rescale,simulation_noise_prune_rescale,dlydm1intseq,0,1.0,70,0.7,0.3949569159225463,0.6086383086812951,0.648918923257195,77222.0,1.3245080709457395,none,3.3354953596030987,429.8947407662906,,,0.0
ctrl_full_dlydm1intseq_netseed0_snp_rescale_p70_pruneseed2,snp_rescale,simulation_noise_prune_rescale,dlydm1intseq,0,2.0,70,0.7,0.3778372639819717,0.6086383086812951,0.6207911309437817,77773.0,1.3986239433288574,none,3.3932972291354333,3309.012850247143,,,0.0
ctrl_full_dlydm1intseq_netseed0_snp_rescale_p80_pruneseed0,snp_rescale,simulation_noise_prune_rescale,dlydm1intseq,0,0.0,80,0.8,0.1828126119437008,0.6086383086812951,0.30036330171163783,52253.0,1.8939818143844604,none,5.076108203463661,1779.743723219211,,,0.0
ctrl_full_dlydm1intseq_netseed0_snp_rescale_p80_pruneseed1,snp_rescale,simulation_noise_prune_rescale,dlydm1intseq,0,1.0,80,0.8,0.1752378905410422,0.6086383086812951,0.28791794410825206,52036.0,1.988784670829773,none,4.9475858920294415,644.8421111494362,,,0.0
ctrl_full_dlydm1intseq_netseed0_snp_rescale_p80_pruneseed2,snp_rescale,simulation_noise_prune_rescale,dlydm1intseq,0,2.0,80,0.8,0.1489119886411744,0.6086383086812951,0.24466417331471335,52340.0,2.043260097503662,none,4.947121154849672,596.7215159289988,,,0.0
ctrl_full_dlydm1intseq_netseed0_lnp_shuffled_p50_pruneseed0,lnp_shuffled,noise_prune_shuffled_rescale,dlydm1intseq,0,0.0,50,0.5,0.0555501279821801,0.6086383086812951,0.0912695227852773,112154.0,3.666055679321289,shuffle,2.340214712464644,1011.081262038608,,,1.0
ctrl_full_dlydm1intseq_netseed0_lnp_shuffled_p50_pruneseed1,lnp_shuffled,noise_prune_shuffled_rescale,dlydm1intseq,0,1.0,50,0.5,0.0689442935579046,0.6086383086812951,0.11327629656976836,112367.0,3.716639757156372,shuffle,2.3333374555021065,458.0732280129192,,,1.0
ctrl_full_dlydm1intseq_netseed0_lnp_shuffled_p50_pruneseed2,lnp_shuffled,noise_prune_shuffled_rescale,dlydm1intseq,0,2.0,50,0.5,0.0820095481870819,0.6086383086812951,0.13474266574637359,111904.0,3.3488729000091553,shuffle,2.3303272105941737,411.8383613756002,,,1.0
ctrl_full_dlydm1intseq_netseed0_lnp_shuffled_p60_pruneseed0,lnp_shuffled,noise_prune_shuffled_rescale,dlydm1intseq,0,0.0,60,0.6,0.0575756983658662,0.6086383086812951,0.09459755908334536,92752.0,4.551591396331787,shuffle,2.8382787965089733,1263.85157754826,,,1.0
ctrl_full_dlydm1intseq_netseed0_lnp_shuffled_p60_pruneseed1,lnp_shuffled,noise_prune_shuffled_rescale,dlydm1intseq,0,1.0,60,0.6,0.0730475390296801,0.6086383086812951,0.1200179778166583,92845.0,4.861294269561768,shuffle,2.815111109423486,572.5915350161491,,,1.0
ctrl_full_dlydm1intseq_netseed0_lnp_shuffled_p60_pruneseed2,lnp_shuffled,noise_prune_shuffled_rescale,dlydm1intseq,0,2.0,60,0.6,0.0647759172056247,0.6086383086812951,0.10642760450943567,92535.0,3.5125274658203125,shuffle,2.8289776263497317,514.7979517195002,,,1.0
ctrl_full_dlydm1intseq_netseed0_lnp_shuffled_p70_pruneseed0,lnp_shuffled,noise_prune_shuffled_rescale,dlydm1intseq,0,0.0,70,0.7,0.0516813536802204,0.6086383086812951,0.08491308046678116,71628.0,7.716695785522461,shuffle,3.6776056026986232,1685.1354367310132,,,1.0
ctrl_full_dlydm1intseq_netseed0_lnp_shuffled_p70_pruneseed1,lnp_shuffled,noise_prune_shuffled_rescale,dlydm1intseq,0,1.0,70,0.7,0.0652253202811048,0.6086383086812951,0.10716597912219016,71734.0,5.985118389129639,shuffle,3.65618695319542,763.455380021532,,,1.0
ctrl_full_dlydm1intseq_netseed0_lnp_shuffled_p70_pruneseed2,lnp_shuffled,noise_prune_shuffled_rescale,dlydm1intseq,0,2.0,70,0.7,0.0703348378566729,0.6086383086812951,0.11556097743676984,71505.0,5.004055023193359,shuffle,3.648319463474693,686.3972689593337,,,1.0
ctrl_full_dlydm1intseq_netseed0_lnp_shuffled_p80_pruneseed0,lnp_shuffled,noise_prune_shuffled_rescale,dlydm1intseq,0,0.0,80,0.8,0.0602916560828985,0.6086383086812951,0.09905991000390575,49471.0,9.637474060058594,shuffle,5.405228836208283,2527.7031550965203,,,1.0
ctrl_full_dlydm1intseq_netseed0_lnp_shuffled_p80_pruneseed1,lnp_shuffled,noise_prune_shuffled_rescale,dlydm1intseq,0,1.0,80,0.8,0.0594091326520643,0.6086383086812951,0.0976099134817573,49405.0,8.784964561462402,shuffle,5.286033193127272,1145.1830700322985,,,1.0
ctrl_full_dlydm1intseq_netseed0_lnp_shuffled_p80_pruneseed2,lnp_shuffled,noise_prune_shuffled_rescale,dlydm1intseq,0,2.0,80,0.8,0.0762747741586718,0.6086383086812951,0.12532036362274399,49424.0,5.52863073348999,shuffle,5.275287386408977,1029.5959034390007,,,1.0
ctrl_full_dlydm1intseq_netseed0_lnp_uniform_p50_pruneseed0,lnp_uniform,noise_prune_uniform_rescale,dlydm1intseq,0,0.0,50,0.5,0.2084969746706005,0.6086383086812951,0.3425630159927659,111831.0,1.4738688468933103,uniform,2.336493351384693,2.3364933513846924,,,1.0
ctrl_full_dlydm1intseq_netseed0_lnp_uniform_p50_pruneseed1,lnp_uniform,noise_prune_uniform_rescale,dlydm1intseq,0,1.0,50,0.5,0.2652259715899099,0.6086383086812951,0.4357694345013563,112314.0,2.120434284210205,uniform,2.3364933513846964,2.336493351384695,,,1.0
ctrl_full_dlydm1intseq_netseed0_lnp_uniform_p50_pruneseed2,lnp_uniform,noise_prune_uniform_rescale,dlydm1intseq,0,2.0,50,0.5,0.2399128548818851,0.6086383086812951,0.39417968185685154,111971.0,1.3101872205734253,uniform,2.336493351384696,2.336493351384695,,,1.0
ctrl_full_dlydm1intseq_netseed0_lnp_uniform_p60_pruneseed0,lnp_uniform,noise_prune_uniform_rescale,dlydm1intseq,0,0.0,60,0.6,0.1421025550844422,0.6086383086812951,0.23347619276927933,92375.0,1.8258377313613892,uniform,2.8263924565844363,2.8263924565844363,,,1.0
ctrl_full_dlydm1intseq_netseed0_lnp_uniform_p60_pruneseed1,lnp_uniform,noise_prune_uniform_rescale,dlydm1intseq,0,1.0,60,0.6,0.1646964575314093,0.6086383086812951,0.2705982439525513,92905.0,1.7658140659332275,uniform,2.8263924565844363,2.8263924565844363,,,1.0
ctrl_full_dlydm1intseq_netseed0_lnp_uniform_p60_pruneseed2,lnp_uniform,noise_prune_uniform_rescale,dlydm1intseq,0,2.0,60,0.6,0.1719878596038739,0.6086383086812951,0.2825781045174613,92662.0,1.784964919090271,uniform,2.8263924565844363,2.8263924565844363,,,1.0
ctrl_full_dlydm1intseq_netseed0_lnp_uniform_p70_pruneseed0,lnp_uniform,noise_prune_uniform_rescale,dlydm1intseq,0,0.0,70,0.7,0.07952480509584,0.6086383086812951,0.13066020321353458,71357.0,2.0472631454467773,uniform,3.653348941216024,3.653348941216025,,,1.0
ctrl_full_dlydm1intseq_netseed0_lnp_uniform_p70_pruneseed1,lnp_uniform,noise_prune_uniform_rescale,dlydm1intseq,0,1.0,70,0.7,0.1077948637787634,0.6086383086812951,0.17710824678833792,71890.0,2.371288776397705,uniform,3.653348941216024,3.653348941216025,,,1.0
ctrl_full_dlydm1intseq_netseed0_lnp_uniform_p70_pruneseed2,lnp_uniform,noise_prune_uniform_rescale,dlydm1intseq,0,2.0,70,0.7,0.1072151989422745,0.6086383086812951,0.17615585054869795,71648.0,2.1473822593688965,uniform,3.653348941216024,3.653348941216025,,,1.0
ctrl_full_dlydm1intseq_netseed0_lnp_uniform_p80_pruneseed0,lnp_uniform,noise_prune_uniform_rescale,dlydm1intseq,0,0.0,80,0.8,0.0497078880009378,0.6086383086812951,0.08167065281946725,49582.0,3.30281662940979,uniform,5.288088494496405,5.288088494496403,,,1.0
ctrl_full_dlydm1intseq_netseed0_lnp_uniform_p80_pruneseed1,lnp_uniform,noise_prune_uniform_rescale,dlydm1intseq,0,1.0,80,0.8,0.0805603860958596,0.6086383086812951,0.13236167514727357,49549.0,2.802151679992676,uniform,5.288088494496406,5.288088494496403,,,1.0
ctrl_full_dlydm1intseq_netseed0_lnp_uniform_p80_pruneseed2,lnp_uniform,noise_prune_uniform_rescale,dlydm1intseq,0,2.0,80,0.8,0.0943876720269381,0.6086383086812951,0.15508007084115843,49492.0,3.000244617462158,uniform,5.288088494496405,5.288088494496403,,,1.0
ctrl_full_dlydm1intseq_netseed0_snp_shuffled_p50_pruneseed0,snp_shuffled,simulation_noise_prune_shuffled_rescale,dlydm1intseq,0,0.0,50,0.5,0.0946644782690817,0.6086383086812951,0.15553486679828993,121406.0,3.1020116806030273,shuffle,2.156528182424265,624.4294236430114,,,0.0
ctrl_full_dlydm1intseq_netseed0_snp_shuffled_p50_pruneseed1,snp_shuffled,simulation_noise_prune_shuffled_rescale,dlydm1intseq,0,1.0,50,0.5,0.0799579254511941,0.6086383086812951,0.13137182512292853,121292.0,2.9769861698150635,shuffle,2.146279036800416,480.6471268907952,,,0.0
ctrl_full_dlydm1intseq_netseed0_snp_shuffled_p50_pruneseed2,snp_shuffled,simulation_noise_prune_shuffled_rescale,dlydm1intseq,0,2.0,50,0.5,0.096455577482952,0.6086383086812951,0.1584776641679642,121384.0,4.769070625305176,shuffle,2.151329647318365,449.0717375351373,,,0.0
ctrl_full_dlydm1intseq_netseed0_snp_shuffled_p60_pruneseed0,snp_shuffled,simulation_noise_prune_shuffled_rescale,dlydm1intseq,0,0.0,60,0.6,0.0736825651145977,0.6086383086812951,0.12106133324772453,100764.0,4.036059379577637,shuffle,2.5986903761218345,780.5367795537644,,,0.0
ctrl_full_dlydm1intseq_netseed0_snp_shuffled_p60_pruneseed1,snp_shuffled,simulation_noise_prune_shuffled_rescale,dlydm1intseq,0,1.0,60,0.6,0.0885291493255697,0.6086383086812951,0.14545444817198772,100675.0,3.5126090049743652,shuffle,2.5833080069277874,277.0422911819816,,,0.0
ctrl_full_dlydm1intseq_netseed0_snp_shuffled_p60_pruneseed2,snp_shuffled,simulation_noise_prune_shuffled_rescale,dlydm1intseq,0,2.0,60,0.6,0.0893270026117483,0.6086383086812951,0.1467653306366608,100749.0,4.451876640319824,shuffle,2.585204742318276,561.3396719189217,,,0.0
ctrl_full_dlydm1intseq_netseed0_snp_shuffled_p70_pruneseed0,snp_shuffled,simulation_noise_prune_shuffled_rescale,dlydm1intseq,0,0.0,70,0.7,0.0579469443847411,0.6086383086812951,0.09520752071996869,77344.0,4.170252323150635,shuffle,3.363539241172332,1040.715706071686,,,0.0
ctrl_full_dlydm1intseq_netseed0_snp_shuffled_p70_pruneseed1,snp_shuffled,simulation_noise_prune_shuffled_rescale,dlydm1intseq,0,1.0,70,0.7,0.0611383575294554,0.6086383086812951,0.1004510505786609,77434.0,4.888335227966309,shuffle,3.354478377286045,311.9642778043599,,,0.0
ctrl_full_dlydm1intseq_netseed0_snp_shuffled_p70_pruneseed2,snp_shuffled,simulation_noise_prune_shuffled_rescale,dlydm1intseq,0,2.0,70,0.7,0.0704976650579339,0.6086383086812951,0.11582850447037668,77673.0,4.815818786621094,shuffle,3.372707760430256,748.4528958918955,,,0.0
ctrl_full_dlydm1intseq_netseed0_snp_shuffled_p80_pruneseed0,snp_shuffled,simulation_noise_prune_shuffled_rescale,dlydm1intseq,0,0.0,80,0.8,0.0654044302024919,0.6086383086812951,0.10746025885915769,52202.0,6.106553554534912,shuffle,5.017000607627166,1561.0735591075293,,,0.0
ctrl_full_dlydm1intseq_netseed0_snp_shuffled_p80_pruneseed1,snp_shuffled,simulation_noise_prune_shuffled_rescale,dlydm1intseq,0,1.0,80,0.8,0.061519373180406,0.6086383086812951,0.10107706383730071,52191.0,6.501186370849609,shuffle,4.951099472275302,467.94641670653994,,,0.0
ctrl_full_dlydm1intseq_netseed0_snp_shuffled_p80_pruneseed2,snp_shuffled,simulation_noise_prune_shuffled_rescale,dlydm1intseq,0,2.0,80,0.8,0.0655477181396015,0.6086383086812951,0.1076956826487316,52429.0,5.904853343963623,shuffle,4.9801306513483565,1122.6793438378436,,,0.0
ctrl_full_dlydm1intseq_netseed0_snp_uniform_p50_pruneseed0,snp_uniform,simulation_noise_prune_uniform_rescale,dlydm1intseq,0,0.0,50,0.5,0.3002045109647837,0.6086383086812951,0.4932395918607574,121413.0,1.6404458284378052,uniform,2.158382289144289,2.1583822891442894,,,0.0
ctrl_full_dlydm1intseq_netseed0_snp_uniform_p50_pruneseed1,snp_uniform,simulation_noise_prune_uniform_rescale,dlydm1intseq,0,1.0,50,0.5,0.2720158658824909,0.6086383086812951,0.4469253118027577,121292.0,1.3614139556884766,uniform,2.1580353047213308,2.1580353047213308,,,0.0
ctrl_full_dlydm1intseq_netseed0_snp_uniform_p50_pruneseed2,snp_uniform,simulation_noise_prune_uniform_rescale,dlydm1intseq,0,2.0,50,0.5,0.2922943655275276,0.6086383086812951,0.48024312856814183,121446.0,1.6996784210205078,uniform,2.1579949396002855,2.1579949396002847,,,0.0
ctrl_full_dlydm1intseq_netseed0_snp_uniform_p60_pruneseed0,snp_uniform,simulation_noise_prune_uniform_rescale,dlydm1intseq,0,0.0,60,0.6,0.2055888808560803,0.6086383086812951,0.33778498317254957,101006.0,1.6387144327163696,uniform,2.59583982541885,2.59583982541885,,,0.0
ctrl_full_dlydm1intseq_netseed0_snp_uniform_p60_pruneseed1,snp_uniform,simulation_noise_prune_uniform_rescale,dlydm1intseq,0,1.0,60,0.6,0.2227280720608062,0.6086383086812951,0.36594487872999565,100773.0,1.6075392961502075,uniform,2.595500583542233,2.595500583542234,,,0.0
ctrl_full_dlydm1intseq_netseed0_snp_uniform_p60_pruneseed2,snp_uniform,simulation_noise_prune_uniform_rescale,dlydm1intseq,0,2.0,60,0.6,0.2046216872805903,0.6086383086812951,0.33619587259292544,101317.0,1.986051321029663,uniform,2.595546543731437,2.5955465437314356,,,0.0
ctrl_full_dlydm1intseq_netseed0_snp_uniform_p70_pruneseed0,snp_uniform,simulation_noise_prune_uniform_rescale,dlydm1intseq,0,0.0,70,0.7,0.148384428509089,0.6086383086812951,0.24379738572582757,77533.0,1.9884518384933472,uniform,3.3778480804183957,3.3778480804183957,,,0.0
ctrl_full_dlydm1intseq_netseed0_snp_uniform_p70_pruneseed1,snp_uniform,simulation_noise_prune_uniform_rescale,dlydm1intseq,0,1.0,70,0.7,0.1347460221314732,0.6086383086812951,0.22138932139092654,77475.0,2.1936216354370117,uniform,3.3775474200458,3.3775474200457993,,,0.0
ctrl_full_dlydm1intseq_netseed0_snp_uniform_p70_pruneseed2,snp_uniform,simulation_noise_prune_uniform_rescale,dlydm1intseq,0,2.0,70,0.7,0.1469124706096901,0.6086383086812951,0.24137894134202248,77577.0,2.4528868198394775,uniform,3.3776365727947555,3.3776365727947533,,,0.0
ctrl_full_dlydm1intseq_netseed0_snp_uniform_p80_pruneseed0,snp_uniform,simulation_noise_prune_uniform_rescale,dlydm1intseq,0,0.0,80,0.8,0.0586503578941883,0.6086383086812951,0.09636323750514977,52189.0,2.828404426574707,uniform,5.011709709079072,5.011709709079073,,,0.0
ctrl_full_dlydm1intseq_netseed0_snp_uniform_p80_pruneseed1,snp_uniform,simulation_noise_prune_uniform_rescale,dlydm1intseq,0,1.0,80,0.8,0.0748256120674495,0.6086383086812951,0.12293937302364398,52237.0,2.7073771953582764,uniform,5.011551128522535,5.011551128522536,,,0.0
ctrl_full_dlydm1intseq_netseed0_snp_uniform_p80_pruneseed2,snp_uniform,simulation_noise_prune_uniform_rescale,dlydm1intseq,0,2.0,80,0.8,0.081087946227945,0.6086383086812951,0.1332284627361594,52369.0,3.210843563079834,uniform,5.011622488293311,5.011622488293309,,,0.0
ctrl_full_dlydm1intseq_netseed0_magnitude_p50_pruneseed0,magnitude,l1_unstructured,dlydm1intseq,0,0.0,50,0.5,0.5989793991024964,0.6086383086812951,0.9841302963664477,131072.0,0.646151065826416,,,,,,
ctrl_full_dlydm1intseq_netseed0_magnitude_p60_pruneseed0,magnitude,l1_unstructured,dlydm1intseq,0,0.0,60,0.6,0.3334277731100646,0.6086383086812951,0.5478258077978778,104858.0,0.635404646396637,,,,,,
ctrl_full_dlydm1intseq_netseed0_magnitude_p70_pruneseed0,magnitude,l1_unstructured,dlydm1intseq,0,0.0,70,0.7,0.1252564528419859,0.6086383086812951,0.20579784587232525,78643.0,0.5620760917663574,,,,,,
ctrl_full_dlydm1intseq_netseed0_magnitude_p80_pruneseed0,magnitude,l1_unstructured,dlydm1intseq,0,0.0,80,0.8,0.0534561701739645,0.6086383086812951,0.08782912513309456,52429.0,0.6554151773452759,,,,,,
ctrl_full_dlydm1intseq_netseed0_magnitude_gain_invdensity_p50_pruneseed0,magnitude_gain_invdensity,l1_unstructured_gain,dlydm1intseq,0,0.0,50,0.5,0.0460833545008695,0.6086383086812951,0.07571550105138124,131072.0,2.285871982574463,,,,1.99609375,1.5718771304128738,
ctrl_full_dlydm1intseq_netseed0_magnitude_gain_invdensity_p60_pruneseed0,magnitude_gain_invdensity,l1_unstructured_gain,dlydm1intseq,0,0.0,60,0.6,0.0460117105323146,0.6086383086812951,0.07559778915659413,104858.0,3.0805106163024902,,,,2.495107669419596,1.7220931118754983,
ctrl_full_dlydm1intseq_netseed0_magnitude_gain_invdensity_p70_pruneseed0,magnitude_gain_invdensity,l1_unstructured_gain,dlydm1intseq,0,0.0,70,0.7,0.0431264125259709,0.6086383086812951,0.07085721012108268,78643.0,4.196763515472412,,,,3.326831377236372,1.90071457839755,
ctrl_full_dlydm1intseq_netseed0_magnitude_gain_invdensity_p80_pruneseed0,magnitude_gain_invdensity,l1_unstructured_gain,dlydm1intseq,0,0.0,80,0.8,0.0410813028781336,0.6086383086812951,0.067497070578982,52429.0,7.260878086090088,,,,4.990215338839192,2.131776636941632,
ctrl_full_dlydm1intseq_netseed0_magnitude_gain_matchl1_p50_pruneseed0,magnitude_gain_matchl1,l1_unstructured_gain,dlydm1intseq,0,0.0,50,0.5,0.0781440304291473,0.6086383086812951,0.12839157396854942,131072.0,1.0904128551483154,,,,1.2698790485474245,1.0000000597748462,
ctrl_full_dlydm1intseq_netseed0_magnitude_gain_matchl1_p60_pruneseed0,magnitude_gain_matchl1,l1_unstructured_gain,dlydm1intseq,0,0.0,60,0.6,0.0555761803343819,0.6086383086812951,0.09131232711065446,104858.0,1.3695063591003418,,,,1.448880743632183,1.0,
ctrl_full_dlydm1intseq_netseed0_magnitude_gain_matchl1_p70_pruneseed0,magnitude_gain_matchl1,l1_unstructured_gain,dlydm1intseq,0,0.0,70,0.7,0.0516943798563212,0.6086383086812951,0.08493448262946958,78643.0,1.7341103553771973,,,,1.7503055551079962,0.999999940225154,
ctrl_full_dlydm1intseq_netseed0_magnitude_gain_matchl1_p80_pruneseed0,magnitude_gain_matchl1,l1_unstructured_gain,dlydm1intseq,0,0.0,80,0.8,0.0614379595797755,0.6086383086812951,0.10094330032049728,52429.0,2.875114679336548,,,,2.340871759488646,1.0000000597748462,
ctrl_full_dlydm1intseq_netseed0_random_p50_pruneseed0,random,random_unstructured,dlydm1intseq,0,0.0,50,0.5,0.0518278981613552,0.6086383086812951,0.08515385479702715,130812.0,0.1208352074027061,,,,,,
ctrl_full_dlydm1intseq_netseed0_random_p50_pruneseed1,random,random_unstructured,dlydm1intseq,0,1.0,50,0.5,0.0584158867243726,0.6086383086812951,0.09597799857675612,130803.0,0.1567828804254531,,,,,,
ctrl_full_dlydm1intseq_netseed0_random_p50_pruneseed2,random,random_unstructured,dlydm1intseq,0,2.0,50,0.5,0.0483759614946234,0.6086383086812951,0.07948228168456414,130825.0,0.0912566184997558,,,,,,
ctrl_full_dlydm1intseq_netseed0_random_p60_pruneseed0,random,random_unstructured,dlydm1intseq,0,0.0,60,0.6,0.0644763151553045,0.6086383086812951,0.10593535476759912,104643.0,-0.0095446305349469,,,,,,
ctrl_full_dlydm1intseq_netseed0_random_p60_pruneseed1,random,random_unstructured,dlydm1intseq,0,1.0,60,0.6,0.06842975960192,0.6086383086812951,0.11243091114357097,104641.0,-0.0061212503351271,,,,,,
ctrl_full_dlydm1intseq_netseed0_random_p60_pruneseed2,random,random_unstructured,dlydm1intseq,0,2.0,60,0.6,0.0566475833186788,0.6086383086812951,0.09307265499178677,104657.0,0.0652062371373176,,,,,,
ctrl_full_dlydm1intseq_netseed0_random_p70_pruneseed0,random,random_unstructured,dlydm1intseq,0,0.0,70,0.7,0.075786292554889,0.6086383086812951,0.12451778252192375,78486.0,-0.1120015382766723,,,,,,
ctrl_full_dlydm1intseq_netseed0_random_p70_pruneseed1,random,random_unstructured,dlydm1intseq,0,1.0,70,0.7,0.0707809843881279,0.6086383086812951,0.11629400150885238,78481.0,-0.0138682872056961,,,,,,
ctrl_full_dlydm1intseq_netseed0_random_p70_pruneseed2,random,random_unstructured,dlydm1intseq,0,2.0,70,0.7,0.0746497586900877,0.6086383086812951,0.1226504438273487,78487.0,-0.1005943864583969,,,,,,
ctrl_full_dlydm1intseq_netseed0_random_p80_pruneseed0,random,random_unstructured,dlydm1intseq,0,0.0,80,0.8,0.0541660967714622,0.6086383086812951,0.08899554299962001,52325.0,-0.2758515775203705,,,,,,
ctrl_full_dlydm1intseq_netseed0_random_p80_pruneseed1,random,random_unstructured,dlydm1intseq,0,1.0,80,0.8,0.0510398145072523,0.6086383086812951,0.08385902395437055,52319.0,-0.2231485992670059,,,,,,
ctrl_full_dlydm1intseq_netseed0_random_p80_pruneseed2,random,random_unstructured,dlydm1intseq,0,2.0,80,0.8,0.0509258354663696,0.6086383086812951,0.08367175503084574,52322.0,-0.2346927523612976,,,,,,
ctrl_full_dlydm1intseq_netseed0_random_gain_invdensity_p50_pruneseed0,random_gain_invdensity,random_unstructured_gain,dlydm1intseq,0,0.0,50,0.5,0.3365703380944007,0.6086383086812951,0.5529890795464881,130812.0,1.2417391538619995,,,,2.0000611564688255,1.0021333044820075,
ctrl_full_dlydm1intseq_netseed0_random_gain_invdensity_p50_pruneseed1,random_gain_invdensity,random_unstructured_gain,dlydm1intseq,0,1.0,50,0.5,0.3128887499430104,0.6086383086812951,0.5140799477787229,130803.0,1.313795804977417,,,,2.0001987721994143,0.9999070501143345,
ctrl_full_dlydm1intseq_netseed0_random_gain_invdensity_p50_pruneseed2,random_gain_invdensity,random_unstructured_gain,dlydm1intseq,0,2.0,50,0.5,0.4091912698567772,0.6086383086812951,0.6723061365350969,130825.0,1.1823631525039673,,,,1.999862411618574,0.999183356052756,
ctrl_full_dlydm1intseq_netseed0_random_gain_invdensity_p60_pruneseed0,random_gain_invdensity,random_unstructured_gain,dlydm1intseq,0,0.0,60,0.6,0.2763438128920065,0.6086383086812951,0.45403618035602494,104643.0,1.476370334625244,,,,2.500234129373202,1.001806814272679,
ctrl_full_dlydm1intseq_netseed0_random_gain_invdensity_p60_pruneseed1,random_gain_invdensity,random_unstructured_gain,dlydm1intseq,0,1.0,60,0.6,0.197841562620085,0.6086383086812951,0.3250560469135405,104641.0,1.4849770069122314,,,,2.5002819162660908,1.000056248130168,
ctrl_full_dlydm1intseq_netseed0_random_gain_invdensity_p60_pruneseed2,random_gain_invdensity,random_unstructured_gain,dlydm1intseq,0,2.0,60,0.6,0.2552837426809173,0.6086383086812951,0.41943423382932843,104657.0,1.662908673286438,,,,2.4998996722627247,0.9981589347405128,
ctrl_full_dlydm1intseq_netseed0_random_gain_invdensity_p70_pruneseed0,random_gain_invdensity,random_unstructured_gain,dlydm1intseq,0,0.0,70,0.7,0.1141744335241668,0.6086383086812951,0.18758995596505024,78486.0,1.9601306915283203,,,,3.3334862268430037,1.0012454089182277,
ctrl_full_dlydm1intseq_netseed0_random_gain_invdensity_p70_pruneseed1,random_gain_invdensity,random_unstructured_gain,dlydm1intseq,0,1.0,70,0.7,0.1175970612946716,0.6086383086812951,0.19321337421146398,78481.0,2.287465810775757,,,,3.3336986022094517,1.0024748579525502,
ctrl_full_dlydm1intseq_netseed0_random_gain_invdensity_p70_pruneseed2,random_gain_invdensity,random_unstructured_gain,dlydm1intseq,0,2.0,70,0.7,0.1132626011971055,0.6086383086812951,0.18609180457685234,78487.0,1.9981179237365725,,,,3.333443755016754,0.9975525189269578,
ctrl_full_dlydm1intseq_netseed0_random_gain_invdensity_p80_pruneseed0,random_gain_invdensity,random_unstructured_gain,dlydm1intseq,0,0.0,80,0.8,0.0687098223880888,0.6086383086812951,0.11289105764137455,52325.0,2.6208391189575195,,,,5.000133779264214,1.0012926310466366,
ctrl_full_dlydm1intseq_netseed0_random_gain_invdensity_p80_pruneseed1,random_gain_invdensity,random_unstructured_gain,dlydm1intseq,0,1.0,80,0.8,0.081117255124172,0.6086383086812951,0.13327661760220866,52319.0,2.8848063945770264,,,,5.000707200061163,1.002752452337779,
ctrl_full_dlydm1intseq_netseed0_random_gain_invdensity_p80_pruneseed2,random_gain_invdensity,random_unstructured_gain,dlydm1intseq,0,2.0,80,0.8,0.0611839491458085,0.6086383086812951,0.10052595814807085,52322.0,2.8268580436706543,,,,5.0004204732235005,0.9967269087528008,
ctrl_full_dlydm1intseq_netseed1_lnp_rescale_p50_pruneseed0,lnp_rescale,noise_prune,dlydm1intseq,1,0.0,50,0.5,0.7314784058565688,0.7602792812156027,0.9621180320566088,118676.0,0.71697598695755,none,2.2029920964430527,401.35942581237487,,,1.0
ctrl_full_dlydm1intseq_netseed1_lnp_rescale_p50_pruneseed1,lnp_rescale,noise_prune,dlydm1intseq,1,1.0,50,0.5,0.706702618912705,0.7602792812156027,0.9295302875842749,118433.0,0.5882180333137512,none,2.19023185246172,393.9032577695589,,,1.0
ctrl_full_dlydm1intseq_netseed1_lnp_rescale_p50_pruneseed2,lnp_rescale,noise_prune,dlydm1intseq,1,2.0,50,0.5,0.673551000735979,0.7602792812156027,0.8859257609375402,118240.0,0.6339629888534546,none,2.188417621483313,285.42461436339704,,,1.0
ctrl_full_dlydm1intseq_netseed1_lnp_rescale_p60_pruneseed0,lnp_rescale,noise_prune,dlydm1intseq,1,0.0,60,0.6,0.6177142968795795,0.7602792812156027,0.8124834020097489,98069.0,0.8846684098243713,none,2.6521390882132865,300.0090303796537,,,1.0
ctrl_full_dlydm1intseq_netseed1_lnp_rescale_p60_pruneseed1,lnp_rescale,noise_prune,dlydm1intseq,1,1.0,60,0.6,0.6369897809648488,0.7602792812156027,0.8378365644087689,97998.0,0.8888007998466492,none,2.6413736839546926,364.1208412795765,,,1.0
ctrl_full_dlydm1intseq_netseed1_lnp_rescale_p60_pruneseed2,lnp_rescale,noise_prune,dlydm1intseq,1,2.0,60,0.6,0.5569406722809486,0.7602792812156027,0.7325474809604989,97721.0,0.8403028845787048,none,2.64501727964785,356.78076795424624,,,1.0
ctrl_full_dlydm1intseq_netseed1_lnp_rescale_p70_pruneseed0,lnp_rescale,noise_prune,dlydm1intseq,1,0.0,70,0.7,0.3267811667545933,0.7602792812156027,0.4298172721899066,75148.0,1.3352917432785034,none,3.448857534417378,400.012040506205,,,1.0
ctrl_full_dlydm1intseq_netseed1_lnp_rescale_p70_pruneseed1,lnp_rescale,noise_prune,dlydm1intseq,1,1.0,70,0.7,0.3799735568625152,0.7602792812156027,0.49978154903153404,75288.0,1.2572286128997805,none,3.448046688548757,485.49445503943525,,,1.0
ctrl_full_dlydm1intseq_netseed1_lnp_rescale_p70_pruneseed2,lnp_rescale,noise_prune,dlydm1intseq,1,2.0,70,0.7,0.3479291636543634,0.7602792812156027,0.45763336217457223,75309.0,1.2616835832595823,none,3.4657387211313013,475.7076906056616,,,1.0
ctrl_full_dlydm1intseq_netseed1_lnp_rescale_p80_pruneseed0,lnp_rescale,noise_prune,dlydm1intseq,1,0.0,80,0.8,0.1438187537857324,0.7602792812156027,0.1891656886345529,51241.0,2.091935396194458,none,5.084908299256935,504.54714130623745,,,1.0
ctrl_full_dlydm1intseq_netseed1_lnp_rescale_p80_pruneseed1,lnp_rescale,noise_prune,dlydm1intseq,1,1.0,80,0.8,0.1243250812507734,0.7602792812156027,0.1635255416299012,51237.0,1.958208441734314,none,5.05568520653767,728.2416825591532,,,1.0
ctrl_full_dlydm1intseq_netseed1_lnp_rescale_p80_pruneseed2,lnp_rescale,noise_prune,dlydm1intseq,1,2.0,80,0.8,0.1475572663266834,0.7602792812156027,0.1940829771011984,51401.0,1.9177970886230469,none,5.094486409791719,713.5615359084926,,,1.0
ctrl_full_dlydm1intseq_netseed1_snp_rescale_p50_pruneseed0,snp_rescale,simulation_noise_prune_rescale,dlydm1intseq,1,0.0,50,0.5,0.6974507773370588,0.7602792812156027,0.9173612836350242,118312.0,0.6757538914680481,none,2.2050801904154733,243.72477293341663,,,0.0
ctrl_full_dlydm1intseq_netseed1_snp_rescale_p50_pruneseed1,snp_rescale,simulation_noise_prune_rescale,dlydm1intseq,1,1.0,50,0.5,0.734728436793737,0.7602792812156027,0.966392817674825,118203.0,0.6833130121231079,none,2.199832105164542,431.9703299078883,,,0.0
ctrl_full_dlydm1intseq_netseed1_snp_rescale_p50_pruneseed2,snp_rescale,simulation_noise_prune_rescale,dlydm1intseq,1,2.0,50,0.5,0.7106300110071188,0.7602792812156027,0.9346960104856464,118321.0,0.6602914333343506,none,2.209300924526423,1069.6049765723608,,,0.0
ctrl_full_dlydm1intseq_netseed1_snp_rescale_p60_pruneseed0,snp_rescale,simulation_noise_prune_rescale,dlydm1intseq,1,0.0,60,0.6,0.6558516839589155,0.7602792812156027,0.8626457410627855,98455.0,1.0010530948638916,none,2.6587405240885,304.6559661667708,,,0.0
ctrl_full_dlydm1intseq_netseed1_snp_rescale_p60_pruneseed1,snp_rescale,simulation_noise_prune_rescale,dlydm1intseq,1,1.0,60,0.6,0.6387287754743156,0.7602792812156027,0.8401238745491771,98392.0,0.8941302299499512,none,2.6422898807282293,539.9629123848605,,,0.0
ctrl_full_dlydm1intseq_netseed1_snp_rescale_p60_pruneseed2,snp_rescale,simulation_noise_prune_rescale,dlydm1intseq,1,2.0,60,0.6,0.6073943088636615,0.7602792812156027,0.7989094584985994,98509.0,0.9203830361366272,none,2.661488607886817,1337.006220715451,,,0.0
ctrl_full_dlydm1intseq_netseed1_snp_rescale_p70_pruneseed0,snp_rescale,simulation_noise_prune_rescale,dlydm1intseq,1,0.0,70,0.7,0.4460065000618743,0.7602792812156027,0.5866350840822061,75966.0,1.256672739982605,none,3.4397431710415636,401.6016472189067,,,0.0
ctrl_full_dlydm1intseq_netseed1_snp_rescale_p70_pruneseed1,snp_rescale,simulation_noise_prune_rescale,dlydm1intseq,1,1.0,70,0.7,0.4127702117404925,0.7602792812156027,0.5429191902750768,75878.0,1.3759783506393433,none,3.4076436824668517,332.34347384211725,,,0.0
ctrl_full_dlydm1intseq_netseed1_snp_rescale_p70_pruneseed2,snp_rescale,simulation_noise_prune_rescale,dlydm1intseq,1,2.0,70,0.7,0.4145547978663123,0.7602792812156027,0.5452664673480051,76268.0,1.2596535682678225,none,3.4361416990631204,1782.6749609539347,,,0.0
ctrl_full_dlydm1intseq_netseed1_snp_rescale_p80_pruneseed0,snp_rescale,simulation_noise_prune_rescale,dlydm1intseq,1,0.0,80,0.8,0.18510847548148,0.7602792812156027,0.24347431273611975,51632.0,2.016115427017212,none,5.078342250515356,485.469823830853,,,0.0
ctrl_full_dlydm1intseq_netseed1_snp_rescale_p80_pruneseed1,snp_rescale,simulation_noise_prune_rescale,dlydm1intseq,1,1.0,80,0.8,0.1460592560750828,0.7602792812156027,0.1921126350326819,51769.0,2.012758731842041,none,5.005884300104362,498.51521076317607,,,0.0
ctrl_full_dlydm1intseq_netseed1_snp_rescale_p80_pruneseed2,snp_rescale,simulation_noise_prune_rescale,dlydm1intseq,1,2.0,80,0.8,0.1564052964432026,0.7602792812156027,0.20572084536241445,51948.0,2.0897483825683594,none,5.098199440194491,2674.012441430903,,,0.0
ctrl_full_dlydm1intseq_netseed1_lnp_shuffled_p50_pruneseed0,lnp_shuffled,noise_prune_shuffled_rescale,dlydm1intseq,1,0.0,50,0.5,0.0606791848218996,0.7602792812156027,0.07981170383188699,118757.0,3.7531094551086426,shuffle,2.198337336580144,251.13120947693537,,,1.0
ctrl_full_dlydm1intseq_netseed1_lnp_shuffled_p50_pruneseed1,lnp_shuffled,noise_prune_shuffled_rescale,dlydm1intseq,1,1.0,50,0.5,0.0587252584067684,0.7602792812156027,0.0772416924381698,118423.0,3.0411376953125,shuffle,2.2035032303809747,240.00722430372304,,,1.0
ctrl_full_dlydm1intseq_netseed1_lnp_shuffled_p50_pruneseed2,lnp_shuffled,noise_prune_shuffled_rescale,dlydm1intseq,1,2.0,50,0.5,0.0560320964979125,0.7602792812156027,0.07369936006716289,118549.0,3.427959680557251,shuffle,2.2246702434582843,390.9913409054501,,,1.0
ctrl_full_dlydm1intseq_netseed1_lnp_shuffled_p60_pruneseed0,lnp_shuffled,noise_prune_shuffled_rescale,dlydm1intseq,1,0.0,60,0.6,0.0450835954851273,0.7602792812156027,0.059298729557700956,98223.0,4.133717060089111,shuffle,2.6578662893520626,313.9140118461692,,,1.0
ctrl_full_dlydm1intseq_netseed1_lnp_shuffled_p60_pruneseed1,lnp_shuffled,noise_prune_shuffled_rescale,dlydm1intseq,1,1.0,60,0.6,0.061594273692986,0.7602792812156027,0.08101532583461113,97968.0,4.0955610275268555,shuffle,2.6536324428761104,300.0090303796537,,,1.0
ctrl_full_dlydm1intseq_netseed1_lnp_shuffled_p60_pruneseed2,lnp_shuffled,noise_prune_shuffled_rescale,dlydm1intseq,1,2.0,60,0.6,0.0760142506366543,0.7602792812156027,0.09998200992024392,98122.0,3.827167510986328,shuffle,2.685934181025172,488.7391761318126,,,1.0
ctrl_full_dlydm1intseq_netseed1_lnp_shuffled_p70_pruneseed0,lnp_shuffled,noise_prune_shuffled_rescale,dlydm1intseq,1,0.0,70,0.7,0.0497958146896187,0.7602792812156027,0.06549674036888219,75380.0,4.709876537322998,shuffle,3.46669867642138,418.5520157948922,,,1.0
ctrl_full_dlydm1intseq_netseed1_lnp_shuffled_p70_pruneseed1,lnp_shuffled,noise_prune_shuffled_rescale,dlydm1intseq,1,1.0,70,0.7,0.0570188293375538,0.7602792812156027,0.07499721582099012,75395.0,4.31654691696167,shuffle,3.4633620750912524,400.012040506205,,,1.0
ctrl_full_dlydm1intseq_netseed1_lnp_shuffled_p70_pruneseed2,lnp_shuffled,noise_prune_shuffled_rescale,dlydm1intseq,1,2.0,70,0.7,0.0444713652083862,0.7602792812156027,0.05849345932100292,75218.0,4.783112525939941,shuffle,3.4947878352088324,651.6522348424168,,,1.0
ctrl_full_dlydm1intseq_netseed1_lnp_shuffled_p80_pruneseed0,lnp_shuffled,noise_prune_shuffled_rescale,dlydm1intseq,1,0.0,80,0.8,0.0613891114193972,0.7602792812156027,0.0807454746382708,51324.0,6.032412052154541,shuffle,5.145712054524822,627.8280236923385,,,1.0
ctrl_full_dlydm1intseq_netseed1_lnp_shuffled_p80_pruneseed1,lnp_shuffled,noise_prune_shuffled_rescale,dlydm1intseq,1,1.0,80,0.8,0.0476562652650501,0.7602792812156027,0.06268257789276198,51277.0,6.17589807510376,shuffle,5.061407086986024,600.0180607593077,,,1.0
ctrl_full_dlydm1intseq_netseed1_lnp_shuffled_p80_pruneseed2,lnp_shuffled,noise_prune_shuffled_rescale,dlydm1intseq,1,2.0,80,0.8,0.0591355829539459,0.7602792812156027,0.07778139483085035,51065.0,5.617997169494629,shuffle,5.138336565728684,906.4471376363954,,,1.0
ctrl_full_dlydm1intseq_netseed1_lnp_uniform_p50_pruneseed0,lnp_uniform,noise_prune_uniform_rescale,dlydm1intseq,1,0.0,50,0.5,0.2179344392556843,0.7602792812156027,0.2866505041505684,118546.0,1.286726474761963,uniform,2.2094132706352885,2.209413270635289,,,1.0
ctrl_full_dlydm1intseq_netseed1_lnp_uniform_p50_pruneseed1,lnp_uniform,noise_prune_uniform_rescale,dlydm1intseq,1,1.0,50,0.5,0.2220441978155102,0.7602792812156027,0.29205609478202016,118699.0,1.258446216583252,uniform,2.2094132706352885,2.209413270635289,,,1.0
ctrl_full_dlydm1intseq_netseed1_lnp_uniform_p50_pruneseed2,lnp_uniform,noise_prune_uniform_rescale,dlydm1intseq,1,2.0,50,0.5,0.2452991786995968,0.7602792812156027,0.32264351371957745,118321.0,1.2841886281967163,uniform,2.209413270635288,2.209413270635289,,,1.0
ctrl_full_dlydm1intseq_netseed1_lnp_uniform_p60_pruneseed0,lnp_uniform,noise_prune_uniform_rescale,dlydm1intseq,1,0.0,60,0.6,0.1197528934393664,0.7602792812156027,0.15751171496860303,97880.0,1.6615009307861328,uniform,2.6708377189041146,2.670837718904115,,,1.0
ctrl_full_dlydm1intseq_netseed1_lnp_uniform_p60_pruneseed1,lnp_uniform,noise_prune_uniform_rescale,dlydm1intseq,1,1.0,60,0.6,0.1637943948364238,0.7602792812156027,0.21543977178298826,98374.0,1.5505629777908323,uniform,2.6708377189041146,2.670837718904115,,,1.0
ctrl_full_dlydm1intseq_netseed1_lnp_uniform_p60_pruneseed2,lnp_uniform,noise_prune_uniform_rescale,dlydm1intseq,1,2.0,60,0.6,0.1705875456730299,0.7602792812156027,0.2243748447284782,98002.0,1.6243891716003418,uniform,2.6708377189041146,2.670837718904115,,,1.0
ctrl_full_dlydm1intseq_netseed1_lnp_uniform_p70_pruneseed0,lnp_uniform,noise_prune_uniform_rescale,dlydm1intseq,1,0.0,70,0.7,0.0629359698313761,0.7602792812156027,0.08278006699163026,75090.0,1.9521092176437376,uniform,3.47566913423347,3.475669134233469,,,1.0
ctrl_full_dlydm1intseq_netseed1_lnp_uniform_p70_pruneseed1,lnp_uniform,noise_prune_uniform_rescale,dlydm1intseq,1,1.0,70,0.7,0.111735282049278,0.7602792812156027,0.14696610154971684,75508.0,2.218062400817871,uniform,3.47566913423347,3.475669134233469,,,1.0
ctrl_full_dlydm1intseq_netseed1_lnp_uniform_p70_pruneseed2,lnp_uniform,noise_prune_uniform_rescale,dlydm1intseq,1,2.0,70,0.7,0.1212541602349922,0.7602792812156027,0.15948634038944237,75337.0,1.940358281135559,uniform,3.47566913423347,3.475669134233469,,,1.0
ctrl_full_dlydm1intseq_netseed1_lnp_uniform_p80_pruneseed0,lnp_uniform,noise_prune_uniform_rescale,dlydm1intseq,1,0.0,80,0.8,0.0503005790135276,0.7602792812156027,0.0661606599789258,51427.0,2.8596489429473877,uniform,5.103166887878212,5.103166887878212,,,1.0
ctrl_full_dlydm1intseq_netseed1_lnp_uniform_p80_pruneseed1,lnp_uniform,noise_prune_uniform_rescale,dlydm1intseq,1,1.0,80,0.8,0.0590281170011137,0.7602792812156027,0.07764004420419592,51351.0,3.0809929370880127,uniform,5.103166887878212,5.103166887878212,,,1.0
ctrl_full_dlydm1intseq_netseed1_lnp_uniform_p80_pruneseed2,lnp_uniform,noise_prune_uniform_rescale,dlydm1intseq,1,2.0,80,0.8,0.0841458410676253,0.7602792812156027,0.11067754067043017,51300.0,2.8118064403533936,uniform,5.103166887878211,5.103166887878212,,,1.0
ctrl_full_dlydm1intseq_netseed1_snp_shuffled_p50_pruneseed0,snp_shuffled,simulation_noise_prune_shuffled_rescale,dlydm1intseq,1,0.0,50,0.5,0.0670099064069247,0.7602792812156027,0.08813854074753062,118323.0,3.0830962657928467,shuffle,2.2523022101551544,3754.386139276995,,,0.0
ctrl_full_dlydm1intseq_netseed1_snp_shuffled_p50_pruneseed1,snp_shuffled,simulation_noise_prune_shuffled_rescale,dlydm1intseq,1,1.0,50,0.5,0.073373193432202,0.7602792812156027,0.09650821118640292,118338.0,3.5946576595306396,shuffle,2.2088571094652862,454.41862181397875,,,0.0
ctrl_full_dlydm1intseq_netseed1_snp_shuffled_p50_pruneseed2,snp_shuffled,simulation_noise_prune_shuffled_rescale,dlydm1intseq,1,2.0,50,0.5,0.0672541472088161,0.7602792812156027,0.08845979217174528,118435.0,4.3508381843566895,shuffle,2.2069511733413343,1151.0619855424577,,,0.0
ctrl_full_dlydm1intseq_netseed1_snp_shuffled_p60_pruneseed0,snp_shuffled,simulation_noise_prune_shuffled_rescale,dlydm1intseq,1,0.0,60,0.6,0.0594384415482912,0.7602792812156027,0.07817974659687646,98760.0,3.447442531585694,shuffle,2.7177394587616863,4692.982674096244,,,0.0
ctrl_full_dlydm1intseq_netseed1_snp_shuffled_p60_pruneseed1,snp_shuffled,simulation_noise_prune_shuffled_rescale,dlydm1intseq,1,1.0,60,0.6,0.0543582328689501,0.7602792812156027,0.07149771697321185,98634.0,4.239166259765625,shuffle,2.6547112313327954,568.0232772674734,,,0.0
ctrl_full_dlydm1intseq_netseed1_snp_shuffled_p60_pruneseed2,snp_shuffled,simulation_noise_prune_shuffled_rescale,dlydm1intseq,1,2.0,60,0.6,0.0627991949823169,0.7602792812156027,0.08260016619407004,98494.0,5.46603536605835,shuffle,2.66075993624042,1438.8274819280718,,,0.0
ctrl_full_dlydm1intseq_netseed1_snp_shuffled_p70_pruneseed0,snp_shuffled,simulation_noise_prune_shuffled_rescale,dlydm1intseq,1,0.0,70,0.7,0.0582628291551873,0.7602792812156027,0.07663345640832335,76293.0,4.394040584564209,shuffle,3.524412307627566,6257.310232128327,,,0.0
ctrl_full_dlydm1intseq_netseed1_snp_shuffled_p70_pruneseed1,snp_shuffled,simulation_noise_prune_shuffled_rescale,dlydm1intseq,1,1.0,70,0.7,0.0555826934224323,0.7602792812156027,0.07310825744660791,76164.0,4.31433629989624,shuffle,3.439504520894994,507.55043852545305,,,0.0
ctrl_full_dlydm1intseq_netseed1_snp_shuffled_p70_pruneseed2,snp_shuffled,simulation_noise_prune_shuffled_rescale,dlydm1intseq,1,2.0,70,0.7,0.0715071937057517,0.7602792812156027,0.09405385030540302,76113.0,5.398625373840332,shuffle,3.4517215679493005,1918.4366425707624,,,0.0
ctrl_full_dlydm1intseq_netseed1_snp_shuffled_p80_pruneseed0,snp_shuffled,simulation_noise_prune_shuffled_rescale,dlydm1intseq,1,0.0,80,0.8,0.067208555592463,0.7602792812156027,0.08839982523922515,51850.0,6.759943962097168,shuffle,5.251349947584885,9385.96534819249,,,0.0
ctrl_full_dlydm1intseq_netseed1_snp_shuffled_p80_pruneseed1,snp_shuffled,simulation_noise_prune_shuffled_rescale,dlydm1intseq,1,1.0,80,0.8,0.0650624930798439,0.7602792812156027,0.08557709605845913,51663.0,5.318634510040283,shuffle,5.036783425504232,761.3256577881797,,,0.0
ctrl_full_dlydm1intseq_netseed1_snp_shuffled_p80_pruneseed2,snp_shuffled,simulation_noise_prune_shuffled_rescale,dlydm1intseq,1,2.0,80,0.8,0.0511147150198323,0.7602792812156027,0.06723149805964133,51824.0,9.474969863891602,shuffle,5.096341650537404,2877.6549638561446,,,0.0
ctrl_full_dlydm1intseq_netseed1_snp_uniform_p50_pruneseed0,snp_uniform,simulation_noise_prune_uniform_rescale,dlydm1intseq,1,0.0,50,0.5,0.2590938991904231,0.7602792812156027,0.34078779415922067,118458.0,1.3577815294265747,uniform,2.2127492417002763,2.212749241700276,,,0.0
ctrl_full_dlydm1intseq_netseed1_snp_uniform_p50_pruneseed1,snp_uniform,simulation_noise_prune_uniform_rescale,dlydm1intseq,1,1.0,50,0.5,0.2275151917778776,0.7602792812156027,0.29925212668442824,118304.0,1.2348474264144895,uniform,2.212469039965484,2.2124690399654847,,,0.0
ctrl_full_dlydm1intseq_netseed1_snp_uniform_p50_pruneseed2,snp_uniform,simulation_noise_prune_uniform_rescale,dlydm1intseq,1,2.0,50,0.5,0.2681308088604049,0.7602792812156027,0.35267409685516266,118590.0,1.3033798933029177,uniform,2.212321407341914,2.212321407341914,,,0.0
ctrl_full_dlydm1intseq_netseed1_snp_uniform_p60_pruneseed0,snp_uniform,simulation_noise_prune_uniform_rescale,dlydm1intseq,1,0.0,60,0.6,0.1822980779877163,0.7602792812156027,0.23977777968148992,98679.0,1.6408215761184692,uniform,2.6574582052987994,2.6574582052988,,,0.0
ctrl_full_dlydm1intseq_netseed1_snp_uniform_p60_pruneseed1,snp_uniform,simulation_noise_prune_uniform_rescale,dlydm1intseq,1,1.0,60,0.6,0.1448901567700293,0.7602792812156027,0.19057491154877446,98451.0,1.8058940172195437,uniform,2.657146027210967,2.6571460272109673,,,0.0
ctrl_full_dlydm1intseq_netseed1_snp_uniform_p60_pruneseed2,snp_uniform,simulation_noise_prune_uniform_rescale,dlydm1intseq,1,2.0,60,0.6,0.1760552830913721,0.7602792812156027,0.23156659327856355,98901.0,1.670916199684143,uniform,2.657053914111977,2.6570539141119784,,,0.0
ctrl_full_dlydm1intseq_netseed1_snp_uniform_p70_pruneseed0,snp_uniform,simulation_noise_prune_uniform_rescale,dlydm1intseq,1,0.0,70,0.7,0.1206810084865537,0.7602792812156027,0.15873247038061866,76144.0,1.98694372177124,uniform,3.4406962277173108,3.4406962277173108,,,0.0
ctrl_full_dlydm1intseq_netseed1_snp_uniform_p70_pruneseed1,snp_uniform,simulation_noise_prune_uniform_rescale,dlydm1intseq,1,1.0,70,0.7,0.0775643655926584,0.7602792812156027,0.10202088562592622,76062.0,2.1497039794921875,uniform,3.4404320908223487,3.4404320908223487,,,0.0
ctrl_full_dlydm1intseq_netseed1_snp_uniform_p70_pruneseed2,snp_uniform,simulation_noise_prune_uniform_rescale,dlydm1intseq,1,2.0,70,0.7,0.1159329672977848,0.7602792812156027,0.1524873426938858,76134.0,2.09012770652771,uniform,3.440393729949613,3.4403937299496135,,,0.0
ctrl_full_dlydm1intseq_netseed1_snp_uniform_p80_pruneseed0,snp_uniform,simulation_noise_prune_uniform_rescale,dlydm1intseq,1,0.0,80,0.8,0.0657887023974677,0.7602792812156027,0.0865322836264574,51691.0,2.760714054107666,uniform,5.0573063217025025,5.0573063217025025,,,0.0
ctrl_full_dlydm1intseq_netseed1_snp_uniform_p80_pruneseed1,snp_uniform,simulation_noise_prune_uniform_rescale,dlydm1intseq,1,1.0,80,0.8,0.0609625041520936,0.7602792812156027,0.08018435548397594,51731.0,3.010652780532837,uniform,5.056986322161322,5.056986322161322,,,0.0
ctrl_full_dlydm1intseq_netseed1_snp_uniform_p80_pruneseed2,snp_uniform,simulation_noise_prune_uniform_rescale,dlydm1intseq,1,2.0,80,0.8,0.0578101695356819,0.7602792812156027,0.07603807043544554,51881.0,2.7213101387023926,uniform,5.057087322094177,5.05708732209418,,,0.0
ctrl_full_dlydm1intseq_netseed1_magnitude_p50_pruneseed0,magnitude,l1_unstructured,dlydm1intseq,1,0.0,50,0.5,0.4147208816115985,0.7602792812156027,0.5454849183164712,131072.0,0.6059961915016174,,,,,,
ctrl_full_dlydm1intseq_netseed1_magnitude_p60_pruneseed0,magnitude,l1_unstructured,dlydm1intseq,1,0.0,60,0.6,0.1840012505129057,0.7602792812156027,0.24201797294634675,104858.0,0.5775724649429321,,,,,,
ctrl_full_dlydm1intseq_netseed1_magnitude_p70_pruneseed0,magnitude,l1_unstructured,dlydm1intseq,1,0.0,70,0.7,0.0686805134918619,0.7602792812156027,0.09033590048915884,78643.0,0.6653232574462891,,,,,,
ctrl_full_dlydm1intseq_netseed1_magnitude_p80_pruneseed0,magnitude,l1_unstructured,dlydm1intseq,1,0.0,80,0.8,0.0350794922396555,0.7602792812156027,0.04614027122186897,52429.0,0.7255107760429382,,,,,,
ctrl_full_dlydm1intseq_netseed1_magnitude_gain_invdensity_p50_pruneseed0,magnitude_gain_invdensity,l1_unstructured_gain,dlydm1intseq,1,0.0,50,0.5,0.0427421403309951,0.7602792812156027,0.05621899923756324,131072.0,2.205718994140625,,,,1.99609375,1.5763347238995704,
ctrl_full_dlydm1intseq_netseed1_magnitude_gain_invdensity_p60_pruneseed0,magnitude_gain_invdensity,l1_unstructured_gain,dlydm1intseq,1,0.0,60,0.6,0.0466304538971062,0.7602792812156027,0.061333321911060425,104858.0,2.9362130165100098,,,,2.495107669419596,1.729168403390084,
ctrl_full_dlydm1intseq_netseed1_magnitude_gain_invdensity_p70_pruneseed0,magnitude_gain_invdensity,l1_unstructured_gain,dlydm1intseq,1,0.0,70,0.7,0.0499260764506275,0.7602792812156027,0.06566807446179673,78643.0,4.540249824523926,,,,3.326831377236372,1.9114464620123663,
ctrl_full_dlydm1intseq_netseed1_magnitude_gain_invdensity_p80_pruneseed0,magnitude_gain_invdensity,l1_unstructured_gain,dlydm1intseq,1,0.0,80,0.8,0.0581065150419768,0.7602792812156027,0.07642785549682597,52429.0,7.610670566558838,,,,4.990215338839192,2.1489290502468226,
ctrl_full_dlydm1intseq_netseed1_magnitude_gain_matchl1_p50_pruneseed0,magnitude_gain_matchl1,l1_unstructured_gain,dlydm1intseq,1,0.0,50,0.5,0.0786878732813588,0.7602792812156027,0.10349864217731354,131072.0,1.033653974533081,,,,1.2662881198959004,1.0000001187503191,
ctrl_full_dlydm1intseq_netseed1_magnitude_gain_matchl1_p60_pruneseed0,magnitude_gain_matchl1,l1_unstructured_gain,dlydm1intseq,1,0.0,60,0.6,0.0500856471078632,0.7602792812156027,0.06587795872561696,104858.0,1.2763619422912598,,,,1.4429524336305932,1.0,
ctrl_full_dlydm1intseq_netseed1_magnitude_gain_matchl1_p70_pruneseed0,magnitude_gain_matchl1,l1_unstructured_gain,dlydm1intseq,1,0.0,70,0.7,0.0448230719631098,0.7602792812156027,0.05895606137187199,78643.0,1.8984589576721191,,,,1.7404782732929718,1.0,
ctrl_full_dlydm1intseq_netseed1_magnitude_gain_matchl1_p80_pruneseed0,magnitude_gain_matchl1,l1_unstructured_gain,dlydm1intseq,1,0.0,80,0.8,0.0571490910985625,0.7602792812156027,0.07516854991390454,52429.0,3.0069589614868164,,,,2.3221870727221,1.0,
ctrl_full_dlydm1intseq_netseed1_random_p50_pruneseed0,random,random_unstructured,dlydm1intseq,1,0.0,50,0.5,0.0488709561864566,0.7602792812156027,0.0642802683091894,130812.0,0.1471869945526123,,,,,,
ctrl_full_dlydm1intseq_netseed1_random_p50_pruneseed1,random,random_unstructured,dlydm1intseq,1,1.0,50,0.5,0.0395930622586086,0.7602792812156027,0.05207699754135567,130817.0,0.2062835544347763,,,,,,
ctrl_full_dlydm1intseq_netseed1_random_p50_pruneseed2,random,random_unstructured,dlydm1intseq,1,2.0,50,0.5,0.0432957528152823,0.7602792812156027,0.05694716913244981,130825.0,0.2078342586755752,,,,,,
ctrl_full_dlydm1intseq_netseed1_random_p60_pruneseed0,random,random_unstructured,dlydm1intseq,1,0.0,60,0.6,0.0621543992653236,0.7602792812156027,0.08175206243414337,104643.0,0.0022964875679463,,,,,,
ctrl_full_dlydm1intseq_netseed1_random_p60_pruneseed1,random,random_unstructured,dlydm1intseq,1,1.0,60,0.6,0.0514273432462533,0.7602792812156027,0.06764269988263609,104649.0,0.2120805978775024,,,,,,
ctrl_full_dlydm1intseq_netseed1_random_p60_pruneseed2,random,random_unstructured,dlydm1intseq,1,2.0,60,0.6,0.0533487042211323,0.7602792812156027,0.07016987775312462,104657.0,-0.0178237743675708,,,,,,
ctrl_full_dlydm1intseq_netseed1_random_p70_pruneseed0,random,random_unstructured,dlydm1intseq,1,0.0,70,0.7,0.065182985208777,0.7602792812156027,0.08573558009440503,78486.0,-0.0653872117400169,,,,,,
ctrl_full_dlydm1intseq_netseed1_random_p70_pruneseed1,random,random_unstructured,dlydm1intseq,1,1.0,70,0.7,0.0617571008942469,0.7602792812156027,0.08122949345075418,78484.0,0.1318985968828201,,,,,,
ctrl_full_dlydm1intseq_netseed1_random_p70_pruneseed2,random,random_unstructured,dlydm1intseq,1,2.0,70,0.7,0.0673648697056735,0.7602792812156027,0.08860542615072253,78487.0,-0.0312698632478714,,,,,,
ctrl_full_dlydm1intseq_netseed1_random_p80_pruneseed0,random,random_unstructured,dlydm1intseq,1,0.0,80,0.8,0.0465295010323244,0.7602792812156027,0.06120053798905168,52325.0,-0.171210691332817,,,,,,
ctrl_full_dlydm1intseq_netseed1_random_p80_pruneseed1,random,random_unstructured,dlydm1intseq,1,1.0,80,0.8,0.0418140252838078,0.7602792812156027,0.05499824382554761,52335.0,-0.0710870847105979,,,,,,
ctrl_full_dlydm1intseq_netseed1_random_p80_pruneseed2,random,random_unstructured,dlydm1intseq,1,2.0,80,0.8,0.0533519607651575,0.7602792812156027,0.07017416110544746,52322.0,-0.204818308353424,,,,,,
ctrl_full_dlydm1intseq_netseed1_random_gain_invdensity_p50_pruneseed0,random_gain_invdensity,random_unstructured_gain,dlydm1intseq,1,0.0,50,0.5,0.2539811250708298,0.7602792812156027,0.3340629310123275,130812.0,1.2944443225860596,,,,2.0000611564688255,1.0001229065803114,
ctrl_full_dlydm1intseq_netseed1_random_gain_invdensity_p50_pruneseed1,random_gain_invdensity,random_unstructured_gain,dlydm1intseq,1,1.0,50,0.5,0.2012707034786403,0.7602792812156027,0.2647325903144837,130817.0,1.4125487804412842,,,,1.999984711467164,1.001144040574609,
ctrl_full_dlydm1intseq_netseed1_random_gain_invdensity_p50_pruneseed2,random_gain_invdensity,random_unstructured_gain,dlydm1intseq,1,2.0,50,0.5,0.3293701192546422,0.7602792812156027,0.433222537286582,130825.0,1.4155023097991943,,,,1.999862411618574,1.0011867906895,
ctrl_full_dlydm1intseq_netseed1_random_gain_invdensity_p60_pruneseed0,random_gain_invdensity,random_unstructured_gain,dlydm1intseq,1,0.0,60,0.6,0.1501169099305053,0.7602792812156027,0.19744969202696794,104643.0,1.5059758424758911,,,,2.500234129373202,0.9995377050075822,
ctrl_full_dlydm1intseq_netseed1_random_gain_invdensity_p60_pruneseed1,random_gain_invdensity,random_unstructured_gain,dlydm1intseq,1,1.0,60,0.6,0.1359118648925014,0.7602792812156027,0.178765709194644,104649.0,2.030311584472656,,,,2.5000907796538905,1.0002643382104088,
ctrl_full_dlydm1intseq_netseed1_random_gain_invdensity_p60_pruneseed2,random_gain_invdensity,random_unstructured_gain,dlydm1intseq,1,2.0,60,0.6,0.1672463315031556,0.7602792812156027,0.21998012524522192,104657.0,1.455341935157776,,,,2.4998996722627247,1.0013511411311915,
ctrl_full_dlydm1intseq_netseed1_random_gain_invdensity_p70_pruneseed0,random_gain_invdensity,random_unstructured_gain,dlydm1intseq,1,0.0,70,0.7,0.0991292001276565,0.7602792812156027,0.13038524470791818,78486.0,2.1155190467834473,,,,3.3334862268430037,1.0001012940222276,
ctrl_full_dlydm1intseq_netseed1_random_gain_invdensity_p70_pruneseed1,random_gain_invdensity,random_unstructured_gain,dlydm1intseq,1,1.0,70,0.7,0.0966933051967929,0.7602792812156027,0.12718129717041737,78484.0,2.7732646465301514,,,,3.3335711737424187,0.9992737230481308,
ctrl_full_dlydm1intseq_netseed1_random_gain_invdensity_p70_pruneseed2,random_gain_invdensity,random_unstructured_gain,dlydm1intseq,1,2.0,70,0.7,0.1400704716127057,0.7602792812156027,0.18423555011093878,78487.0,2.2292072772979736,,,,3.333443755016754,1.0024244065155925,
ctrl_full_dlydm1intseq_netseed1_random_gain_invdensity_p80_pruneseed0,random_gain_invdensity,random_unstructured_gain,dlydm1intseq,1,0.0,80,0.8,0.0568364628721415,0.7602792812156027,0.07475734809090978,52325.0,3.144057512283325,,,,5.000133779264214,1.0026721196813215,
ctrl_full_dlydm1intseq_netseed1_random_gain_invdensity_p80_pruneseed1,random_gain_invdensity,random_unstructured_gain,dlydm1intseq,1,1.0,80,0.8,0.0577124732149253,0.7602792812156027,0.07590956986575961,52335.0,3.64380145072937,,,,4.999178370115601,1.0000707751902085,
ctrl_full_dlydm1intseq_netseed1_random_gain_invdensity_p80_pruneseed2,random_gain_invdensity,random_unstructured_gain,dlydm1intseq,1,2.0,80,0.8,0.0713508795925412,0.7602792812156027,0.09384824939390564,52322.0,2.976242780685425,,,,5.0004204732235005,1.0028053575393985,
ctrl_full_dlydm1intseq_netseed2_lnp_rescale_p50_pruneseed0,lnp_rescale,noise_prune,dlydm1intseq,2,0.0,50,0.5,0.5833707835896234,0.7085979275353823,0.8232747527482629,115387.0,0.9032691717147828,none,2.243082065001795,374.6973781148091,,,1.0
ctrl_full_dlydm1intseq_netseed2_lnp_rescale_p50_pruneseed1,lnp_rescale,noise_prune,dlydm1intseq,2,1.0,50,0.5,0.6244879084520344,0.7085979275353823,0.8813007831170264,115764.0,0.7019180059432983,none,2.2627163189627484,588.3331979842184,,,1.0
ctrl_full_dlydm1intseq_netseed2_lnp_rescale_p50_pruneseed2,lnp_rescale,noise_prune,dlydm1intseq,2,2.0,50,0.5,0.6158320144330032,0.7085979275353823,0.869085260487518,115292.0,0.7572213411331177,none,2.2583713972745927,418.7799783324345,,,1.0
ctrl_full_dlydm1intseq_netseed2_lnp_rescale_p60_pruneseed0,lnp_rescale,noise_prune,dlydm1intseq,2,0.0,60,0.6,0.4955873828458287,0.7085979275353823,0.6993915217471232,95848.0,0.9472187757492064,none,2.7056964111575694,468.37172264351136,,,1.0
ctrl_full_dlydm1intseq_netseed2_lnp_rescale_p60_pruneseed1,lnp_rescale,noise_prune,dlydm1intseq,2,1.0,60,0.6,0.5390459628623719,0.7085979275353823,0.7607219015404979,96112.0,0.9503400325775146,none,2.728380922945931,735.4164974802728,,,1.0
ctrl_full_dlydm1intseq_netseed2_lnp_rescale_p60_pruneseed2,lnp_rescale,noise_prune,dlydm1intseq,2,2.0,60,0.6,0.4957958016634426,0.7085979275353823,0.6996856502077282,95817.0,0.9620503187179564,none,2.717801606313451,523.4749729155432,,,1.0
ctrl_full_dlydm1intseq_netseed2_lnp_rescale_p70_pruneseed0,lnp_rescale,noise_prune,dlydm1intseq,2,0.0,70,0.7,0.2856412460840058,0.7085979275353823,0.4031076510165815,74181.0,1.331690788269043,none,3.5165787636403696,624.4956301913485,,,1.0
ctrl_full_dlydm1intseq_netseed2_lnp_rescale_p70_pruneseed1,lnp_rescale,noise_prune,dlydm1intseq,2,1.0,70,0.7,0.3525436865380983,0.7085979275353823,0.4975228868708409,74327.0,1.36872136592865,none,3.510899712754515,980.5553299736972,,,1.0
ctrl_full_dlydm1intseq_netseed2_lnp_rescale_p70_pruneseed2,lnp_rescale,noise_prune,dlydm1intseq,2,2.0,70,0.7,0.2850648377915421,0.7085979275353823,0.40229420199272037,74234.0,1.3612923622131348,none,3.494545111651776,613.7487741249054,,,1.0
ctrl_full_dlydm1intseq_netseed2_lnp_rescale_p80_pruneseed0,lnp_rescale,noise_prune,dlydm1intseq,2,0.0,80,0.8,0.1298384102854686,0.7085979275353823,0.18323283944262653,50940.0,1.9445418119430544,none,5.114209775353078,395.8754937379805,,,1.0
ctrl_full_dlydm1intseq_netseed2_lnp_rescale_p80_pruneseed1,lnp_rescale,noise_prune,dlydm1intseq,2,1.0,80,0.8,0.1629509499338921,0.7085979275353823,0.22996249862127274,51118.0,1.9562379121780396,none,5.076660595496338,374.2938236288193,,,1.0
ctrl_full_dlydm1intseq_netseed2_lnp_rescale_p80_pruneseed2,lnp_rescale,noise_prune,dlydm1intseq,2,2.0,80,0.8,0.1235532803167966,0.7085979275353823,0.17436302805250195,51002.0,1.932329535484314,none,5.081152715853803,920.6231611873584,,,1.0
ctrl_full_dlydm1intseq_netseed2_snp_rescale_p50_pruneseed0,snp_rescale,simulation_noise_prune_rescale,dlydm1intseq,2,0.0,50,0.5,0.5412245908152432,0.7085979275353823,0.7637964631052613,119945.0,1.0312362909317017,none,2.187180173706867,1982.1873907170204,,,0.0
ctrl_full_dlydm1intseq_netseed2_snp_rescale_p50_pruneseed1,snp_rescale,simulation_noise_prune_rescale,dlydm1intseq,2,1.0,50,0.5,0.6110774601561838,0.7085979275353823,0.8623754549799625,119894.0,0.7362810969352722,none,2.1751415773068614,337.4738290388931,,,0.0
ctrl_full_dlydm1intseq_netseed2_snp_rescale_p50_pruneseed2,snp_rescale,simulation_noise_prune_rescale,dlydm1intseq,2,2.0,50,0.5,0.588131850954493,0.7085979275353823,0.8299937497702122,119908.0,0.8860499262809753,none,2.176290320950514,447.1635147142202,,,0.0
ctrl_full_dlydm1intseq_netseed2_snp_rescale_p60_pruneseed0,snp_rescale,simulation_noise_prune_rescale,dlydm1intseq,2,0.0,60,0.6,0.457811472153292,0.7085979275353823,0.6460807382624361,100008.0,0.8778916597366333,none,2.6341096982466956,2477.7342383962755,,,0.0
ctrl_full_dlydm1intseq_netseed2_snp_rescale_p60_pruneseed1,snp_rescale,simulation_noise_prune_rescale,dlydm1intseq,2,1.0,60,0.6,0.4750027680624214,0.7085979275353823,0.6703417405051656,99653.0,0.9601495265960692,none,2.612220944676369,421.84228629861633,,,0.0
ctrl_full_dlydm1intseq_netseed2_snp_rescale_p60_pruneseed2,snp_rescale,simulation_noise_prune_rescale,dlydm1intseq,2,2.0,60,0.6,0.4499436617883637,0.7085979275353823,0.634977388874591,99854.0,0.9218852519989014,none,2.621615409082276,558.9543933927752,,,0.0
ctrl_full_dlydm1intseq_netseed2_snp_rescale_p70_pruneseed0,snp_rescale,simulation_noise_prune_rescale,dlydm1intseq,2,0.0,70,0.7,0.2947953913388955,0.7085979275353823,0.41602632449722415,77237.0,1.3656829595565796,none,3.4417148598198235,3303.6456511950337,,,0.0
ctrl_full_dlydm1intseq_netseed2_snp_rescale_p70_pruneseed1,snp_rescale,simulation_noise_prune_rescale,dlydm1intseq,2,1.0,70,0.7,0.3013215055654337,0.7085979275353823,0.4252362219199235,76929.0,1.3170818090438845,none,3.3989539964057824,562.4563817314884,,,0.0
ctrl_full_dlydm1intseq_netseed2_snp_rescale_p70_pruneseed2,snp_rescale,simulation_noise_prune_rescale,dlydm1intseq,2,2.0,70,0.7,0.258794297140103,0.7085979275353823,0.3652202286848781,76962.0,1.2797123193740845,none,3.395170645021825,295.65634663008063,,,0.0
ctrl_full_dlydm1intseq_netseed2_snp_rescale_p80_pruneseed0,snp_rescale,simulation_noise_prune_rescale,dlydm1intseq,2,0.0,80,0.8,0.1111197952285116,0.7085979275353823,0.15681642707452467,52248.0,1.9436575174331665,none,5.030691698226913,1032.8110718194162,,,0.0
ctrl_full_dlydm1intseq_netseed2_snp_rescale_p80_pruneseed1,snp_rescale,simulation_noise_prune_rescale,dlydm1intseq,2,1.0,80,0.8,0.1286041800999107,0.7085979275353823,0.18149104746498024,52060.0,2.0882768630981445,none,5.043847475665348,843.6845725972329,,,0.0
ctrl_full_dlydm1intseq_netseed2_snp_rescale_p80_pruneseed2,snp_rescale,simulation_noise_prune_rescale,dlydm1intseq,2,2.0,80,0.8,0.1395494245686707,0.7085979275353823,0.19693738740394862,52133.0,1.9629725217819216,none,5.003425885266405,443.48451994512106,,,0.0
ctrl_full_dlydm1intseq_netseed2_lnp_shuffled_p50_pruneseed0,lnp_shuffled,noise_prune_shuffled_rescale,dlydm1intseq,2,0.0,50,0.5,0.0764571406240841,0.7085979275353823,0.10789918747012758,115520.0,3.5005106925964355,shuffle,2.251373190350909,381.21255566546193,,,1.0
ctrl_full_dlydm1intseq_netseed2_lnp_shuffled_p50_pruneseed1,lnp_shuffled,noise_prune_shuffled_rescale,dlydm1intseq,2,1.0,50,0.5,0.0508541914978148,0.7085979275353823,0.07176734438766123,115822.0,3.314042568206787,shuffle,2.253511836083058,386.8068459800163,,,1.0
ctrl_full_dlydm1intseq_netseed2_lnp_shuffled_p50_pruneseed2,lnp_shuffled,noise_prune_shuffled_rescale,dlydm1intseq,2,2.0,50,0.5,0.0708005236522792,0.7085979275353823,0.09991635721901532,115354.0,3.832438945770264,shuffle,2.2650200755313254,274.1109674136947,,,1.0
ctrl_full_dlydm1intseq_netseed2_lnp_shuffled_p60_pruneseed0,lnp_shuffled,noise_prune_shuffled_rescale,dlydm1intseq,2,0.0,60,0.6,0.0699896441899998,0.7085979275353823,0.09877201367697341,96085.0,4.812628269195557,shuffle,2.7174952876249483,476.51569458182746,,,1.0
ctrl_full_dlydm1intseq_netseed2_lnp_shuffled_p60_pruneseed1,lnp_shuffled,noise_prune_shuffled_rescale,dlydm1intseq,2,1.0,60,0.6,0.0553026306362635,0.7085979275353823,0.0780451487187028,96007.0,3.8090579509735103,shuffle,2.712617884675251,483.5085574750203,,,1.0
ctrl_full_dlydm1intseq_netseed2_lnp_shuffled_p60_pruneseed2,lnp_shuffled,noise_prune_shuffled_rescale,dlydm1intseq,2,2.0,60,0.6,0.0532444948123253,0.7085979275353823,0.07514063017022675,96007.0,4.210265159606934,shuffle,2.732389540199674,342.6387092671184,,,1.0
ctrl_full_dlydm1intseq_netseed2_lnp_shuffled_p70_pruneseed0,lnp_shuffled,noise_prune_shuffled_rescale,dlydm1intseq,2,0.0,70,0.7,0.0435334805291232,0.7085979275353823,0.06143608220890465,74310.0,4.807318687438965,shuffle,3.5027990239500086,635.3542594424366,,,1.0
ctrl_full_dlydm1intseq_netseed2_lnp_shuffled_p70_pruneseed1,lnp_shuffled,noise_prune_shuffled_rescale,dlydm1intseq,2,1.0,70,0.7,0.0556641070230628,0.7085979275353823,0.07855527776756492,74244.0,4.617372989654541,shuffle,3.505667597180828,644.6780766333604,,,1.0
ctrl_full_dlydm1intseq_netseed2_lnp_shuffled_p70_pruneseed2,lnp_shuffled,noise_prune_shuffled_rescale,dlydm1intseq,2,2.0,70,0.7,0.0720966281743163,0.7085979275353823,0.10174546858340382,74208.0,4.439765453338623,shuffle,3.515038949399486,456.85161235615783,,,1.0
ctrl_full_dlydm1intseq_netseed2_lnp_shuffled_p80_pruneseed0,lnp_shuffled,noise_prune_shuffled_rescale,dlydm1intseq,2,0.0,80,0.8,0.0696249112591753,0.7085979275353823,0.09825728887091437,51122.0,5.664452075958252,shuffle,5.104978518249272,953.0313891636551,,,1.0
ctrl_full_dlydm1intseq_netseed2_lnp_shuffled_p80_pruneseed1,lnp_shuffled,noise_prune_shuffled_rescale,dlydm1intseq,2,1.0,80,0.8,0.0493464116141386,0.7085979275353823,0.06963950880547078,51127.0,5.531346321105957,shuffle,5.137446426521374,967.0171149500412,,,1.0
ctrl_full_dlydm1intseq_netseed2_lnp_shuffled_p80_pruneseed2,lnp_shuffled,noise_prune_shuffled_rescale,dlydm1intseq,2,2.0,80,0.8,0.0571783999947895,0.7085979275353823,0.08069230486414938,51035.0,5.765120983123779,shuffle,5.135479195390219,679.8499041710953,,,1.0
ctrl_full_dlydm1intseq_netseed2_lnp_uniform_p50_pruneseed0,lnp_uniform,noise_prune_uniform_rescale,dlydm1intseq,2,0.0,50,0.5,0.202547268736526,0.7085979275353823,0.285842310379058,115356.0,1.4032938480377195,uniform,2.2661013329012007,2.2661013329012016,,,1.0
ctrl_full_dlydm1intseq_netseed2_lnp_uniform_p50_pruneseed1,lnp_uniform,noise_prune_uniform_rescale,dlydm1intseq,2,1.0,50,0.5,0.2585565694262621,0.7085979275353823,0.3648847384095004,115749.0,1.6172566413879397,uniform,2.266101332901201,2.2661013329012016,,,1.0
ctrl_full_dlydm1intseq_netseed2_lnp_uniform_p50_pruneseed2,lnp_uniform,noise_prune_uniform_rescale,dlydm1intseq,2,2.0,50,0.5,0.2345460703283247,0.7085979275353823,0.3310002205963454,115441.0,1.6935958862304688,uniform,2.266101332901201,2.2661013329012016,,,1.0
ctrl_full_dlydm1intseq_netseed2_lnp_uniform_p60_pruneseed0,lnp_uniform,noise_prune_uniform_rescale,dlydm1intseq,2,0.0,60,0.6,0.1383086812950624,0.7085979275353823,0.1951864039119085,95795.0,1.7253631353378296,uniform,2.729919642861098,2.7299196428610975,,,1.0
ctrl_full_dlydm1intseq_netseed2_lnp_uniform_p60_pruneseed1,lnp_uniform,noise_prune_uniform_rescale,dlydm1intseq,2,1.0,60,0.6,0.1823045910757667,0.7085979275353823,0.2572750836427809,96244.0,1.681066632270813,uniform,2.729919642861098,2.7299196428610975,,,1.0
ctrl_full_dlydm1intseq_netseed2_lnp_uniform_p60_pruneseed2,lnp_uniform,noise_prune_uniform_rescale,dlydm1intseq,2,2.0,60,0.6,0.1593426991539498,0.7085979275353823,0.22487039964704578,95894.0,1.6363539695739746,uniform,2.729919642861098,2.7299196428610975,,,1.0
ctrl_full_dlydm1intseq_netseed2_lnp_uniform_p70_pruneseed0,lnp_uniform,noise_prune_uniform_rescale,dlydm1intseq,2,0.0,70,0.7,0.1040400685176863,0.7085979275353823,0.14682525092834298,74043.0,2.021481990814209,uniform,3.5254349796390363,3.525434979639035,,,1.0
ctrl_full_dlydm1intseq_netseed2_lnp_uniform_p70_pruneseed1,lnp_uniform,noise_prune_uniform_rescale,dlydm1intseq,2,1.0,70,0.7,0.0958205513980343,0.7085979275353823,0.13522555976322653,74448.0,2.146095037460327,uniform,3.5254349796390363,3.525434979639035,,,1.0
ctrl_full_dlydm1intseq_netseed2_lnp_uniform_p70_pruneseed2,lnp_uniform,noise_prune_uniform_rescale,dlydm1intseq,2,2.0,70,0.7,0.1128294808417515,0.7085979275353823,0.15922919960292659,74279.0,2.1343870162963867,uniform,3.5254349796390363,3.525434979639035,,,1.0
ctrl_full_dlydm1intseq_netseed2_lnp_uniform_p80_pruneseed0,lnp_uniform,noise_prune_uniform_rescale,dlydm1intseq,2,0.0,80,0.8,0.0511179715638575,0.7085979275353823,0.07213960072061464,51093.0,3.090501308441162,uniform,5.133442080449057,5.133442080449055,,,1.0
ctrl_full_dlydm1intseq_netseed2_lnp_uniform_p80_pruneseed1,lnp_uniform,noise_prune_uniform_rescale,dlydm1intseq,2,1.0,80,0.8,0.0528765053374756,0.7085979275353823,0.07462130960697076,51053.0,2.8513987064361572,uniform,5.133442080449057,5.133442080449055,,,1.0
ctrl_full_dlydm1intseq_netseed2_lnp_uniform_p80_pruneseed2,lnp_uniform,noise_prune_uniform_rescale,dlydm1intseq,2,2.0,80,0.8,0.0522545054286588,0.7085979275353823,0.07374351998235218,50991.0,3.187818765640259,uniform,5.133442080449057,5.133442080449055,,,1.0
ctrl_full_dlydm1intseq_netseed2_snp_shuffled_p50_pruneseed0,snp_shuffled,simulation_noise_prune_shuffled_rescale,dlydm1intseq,2,0.0,50,0.5,0.0484313227430521,0.7085979275353823,0.06834810103312614,119825.0,3.691883087158203,shuffle,2.211078480408943,743.548775823871,,,0.0
ctrl_full_dlydm1intseq_netseed2_snp_shuffled_p50_pruneseed1,snp_shuffled,simulation_noise_prune_shuffled_rescale,dlydm1intseq,2,1.0,50,0.5,0.0739723975328422,0.7085979275353823,0.10439262472885026,119672.0,3.2296972274780273,shuffle,2.1697313872799873,550.2754469383352,,,0.0
ctrl_full_dlydm1intseq_netseed2_snp_shuffled_p50_pruneseed2,snp_shuffled,simulation_noise_prune_shuffled_rescale,dlydm1intseq,2,2.0,50,0.5,0.0825794433914952,0.7085979275353823,0.11653921100040442,120021.0,3.2668511867523193,shuffle,2.1974733989484285,736.2869905834397,,,0.0
ctrl_full_dlydm1intseq_netseed2_snp_shuffled_p60_pruneseed0,snp_shuffled,simulation_noise_prune_shuffled_rescale,dlydm1intseq,2,0.0,60,0.6,0.0569439288249737,0.7085979275353823,0.08036141034596848,99717.0,3.712482452392578,shuffle,2.638926742971121,843.0360084554266,,,0.0
ctrl_full_dlydm1intseq_netseed2_snp_shuffled_p60_pruneseed1,snp_shuffled,simulation_noise_prune_shuffled_rescale,dlydm1intseq,2,1.0,60,0.6,0.046835616170695,0.7085979275353823,0.06609618000661788,99356.0,3.6284568309783936,shuffle,2.608592916620506,687.844308672919,,,0.0
ctrl_full_dlydm1intseq_netseed2_snp_shuffled_p60_pruneseed2,snp_shuffled,simulation_noise_prune_shuffled_rescale,dlydm1intseq,2,2.0,60,0.6,0.0791177370926877,0.7085979275353823,0.11165392110004037,99854.0,3.4925553798675537,shuffle,2.635402624142348,920.3587382292995,,,0.0
ctrl_full_dlydm1intseq_netseed2_snp_shuffled_p70_pruneseed0,snp_shuffled,simulation_noise_prune_shuffled_rescale,dlydm1intseq,2,0.0,70,0.7,0.0503591968059816,0.7085979275353823,0.07106878929372401,76782.0,4.873774528503418,shuffle,3.4460181634454132,1124.048011273902,,,0.0
ctrl_full_dlydm1intseq_netseed2_snp_shuffled_p70_pruneseed1,snp_shuffled,simulation_noise_prune_shuffled_rescale,dlydm1intseq,2,1.0,70,0.7,0.0389645492617414,0.7085979275353823,0.0549882348615757,76574.0,4.361958026885986,shuffle,3.3781606123344825,917.1257448972252,,,0.0
ctrl_full_dlydm1intseq_netseed2_snp_shuffled_p70_pruneseed2,snp_shuffled,simulation_noise_prune_shuffled_rescale,dlydm1intseq,2,2.0,70,0.7,0.0744087744322215,0.7085979275353823,0.10500845619324234,76817.0,4.571283340454102,shuffle,3.4214869705092643,1227.1449843057328,,,0.0
ctrl_full_dlydm1intseq_netseed2_snp_shuffled_p80_pruneseed0,snp_shuffled,simulation_noise_prune_shuffled_rescale,dlydm1intseq,2,0.0,80,0.8,0.0680943355673225,0.7085979275353823,0.09609728298834512,51928.0,6.526940822601318,shuffle,5.082196920584227,1686.072016910853,,,0.0
ctrl_full_dlydm1intseq_netseed2_snp_shuffled_p80_pruneseed1,snp_shuffled,simulation_noise_prune_shuffled_rescale,dlydm1intseq,2,1.0,80,0.8,0.0494962126392986,0.7085979275353823,0.06985091363653066,51887.0,6.887574195861816,shuffle,4.9867606354394365,1375.6886173458386,,,0.0
ctrl_full_dlydm1intseq_netseed2_snp_shuffled_p80_pruneseed2,snp_shuffled,simulation_noise_prune_shuffled_rescale,dlydm1intseq,2,2.0,80,0.8,0.0603372476992516,0.7085979275353823,0.08515018934519646,52047.0,6.669715881347656,shuffle,5.024222639362445,585.179548609346,,,0.0
ctrl_full_dlydm1intseq_netseed2_snp_uniform_p50_pruneseed0,snp_uniform,simulation_noise_prune_uniform_rescale,dlydm1intseq,2,0.0,50,0.5,0.2148960836801552,0.7085979275353823,0.3032694216699143,119999.0,1.3152730464935305,uniform,2.1842206114201517,2.184220611420152,,,0.0
ctrl_full_dlydm1intseq_netseed2_snp_uniform_p50_pruneseed1,snp_uniform,simulation_noise_prune_uniform_rescale,dlydm1intseq,2,1.0,50,0.5,0.214059151865674,0.7085979275353823,0.3020883120702966,119847.0,1.3420943021774292,uniform,2.1845138205544288,2.184513820554427,,,0.0
ctrl_full_dlydm1intseq_netseed2_snp_uniform_p50_pruneseed2,snp_uniform,simulation_noise_prune_uniform_rescale,dlydm1intseq,2,2.0,50,0.5,0.1752444036290926,0.7085979275353823,0.24731148203978082,119995.0,1.3768688440322876,uniform,2.1843003924495226,2.184300392449523,,,0.0
ctrl_full_dlydm1intseq_netseed2_snp_uniform_p60_pruneseed0,snp_uniform,simulation_noise_prune_uniform_rescale,dlydm1intseq,2,0.0,60,0.6,0.1365045559050912,0.7085979275353823,0.1926403544247949,99912.0,1.7000110149383545,uniform,2.6248651608071367,2.624865160807137,,,0.0
ctrl_full_dlydm1intseq_netseed2_snp_uniform_p60_pruneseed1,snp_uniform,simulation_noise_prune_uniform_rescale,dlydm1intseq,2,1.0,60,0.6,0.1415782514963819,0.7085979275353823,0.19980054413765203,99682.0,1.6657642126083374,uniform,2.6252340838201245,2.6252340838201236,,,0.0
ctrl_full_dlydm1intseq_netseed2_snp_uniform_p60_pruneseed2,snp_uniform,simulation_noise_prune_uniform_rescale,dlydm1intseq,2,2.0,60,0.6,0.1554478724997883,0.7085979275353823,0.21937387403948674,100118.0,1.513561129570007,uniform,2.624983638302617,2.6249836383026177,,,0.0
ctrl_full_dlydm1intseq_netseed2_snp_uniform_p70_pruneseed0,snp_uniform,simulation_noise_prune_uniform_rescale,dlydm1intseq,2,0.0,70,0.7,0.0876498824387606,0.7085979275353823,0.12369480495606444,76871.0,1.9884281158447263,uniform,3.406338639871797,3.406338639871795,,,0.0
ctrl_full_dlydm1intseq_netseed2_snp_uniform_p70_pruneseed1,snp_uniform,simulation_noise_prune_uniform_rescale,dlydm1intseq,2,1.0,70,0.7,0.1010179956622833,0.7085979275353823,0.14256038824956793,76775.0,2.0925192832946777,uniform,3.4067616708771093,3.406761670877109,,,0.0
ctrl_full_dlydm1intseq_netseed2_snp_uniform_p70_pruneseed2,snp_uniform,simulation_noise_prune_uniform_rescale,dlydm1intseq,2,2.0,70,0.7,0.1134645069266691,0.7085979275353823,0.1601253722563329,76900.0,2.0733718872070312,uniform,3.4064766911173043,3.4064766911173026,,,0.0
ctrl_full_dlydm1intseq_netseed2_snp_uniform_p80_pruneseed0,snp_uniform,simulation_noise_prune_uniform_rescale,dlydm1intseq,2,0.0,80,0.8,0.0727349108032591,0.7085979275353823,0.10264623699400707,51970.0,2.693666458129883,uniform,5.030102356165044,5.030102356165044,,,0.0
ctrl_full_dlydm1intseq_netseed2_snp_uniform_p80_pruneseed1,snp_uniform,simulation_noise_prune_uniform_rescale,dlydm1intseq,2,1.0,80,0.8,0.0719989318535597,0.7085979275353823,0.10160759586749508,52023.0,2.8622071743011475,uniform,5.030364121451413,5.030364121451414,,,0.0
ctrl_full_dlydm1intseq_netseed2_snp_uniform_p80_pruneseed2,snp_uniform,simulation_noise_prune_uniform_rescale,dlydm1intseq,2,2.0,80,0.8,0.0934009391872968,0.7085979275353823,0.13181091216588836,52164.0,2.7600321769714355,uniform,5.030172079977846,5.030172079977846,,,0.0
ctrl_full_dlydm1intseq_netseed2_magnitude_p50_pruneseed0,magnitude,l1_unstructured,dlydm1intseq,2,0.0,50,0.5,0.4055113751082801,0.7085979275353823,0.5722728776793266,131072.0,0.7858338952064514,,,,,,
ctrl_full_dlydm1intseq_netseed2_magnitude_p60_pruneseed0,magnitude,l1_unstructured,dlydm1intseq,2,0.0,60,0.6,0.1779082566417215,0.7085979275353823,0.25107081142689064,104858.0,0.7869287729263306,,,,,,
ctrl_full_dlydm1intseq_netseed2_magnitude_p70_pruneseed0,magnitude,l1_unstructured,dlydm1intseq,2,0.0,70,0.7,0.0711978220233559,0.7085979275353823,0.10047703959704396,78643.0,0.7698670029640198,,,,,,
ctrl_full_dlydm1intseq_netseed2_magnitude_p80_pruneseed0,magnitude,l1_unstructured,dlydm1intseq,2,0.0,80,0.8,0.0329953040635156,0.7085979275353823,0.046564211919555815,52429.0,0.6832422614097595,,,,,,
ctrl_full_dlydm1intseq_netseed2_magnitude_gain_invdensity_p50_pruneseed0,magnitude_gain_invdensity,l1_unstructured_gain,dlydm1intseq,2,0.0,50,0.5,0.042904967532256,0.7085979275353823,0.06054910106989218,131072.0,2.5646917819976807,,,,1.99609375,1.5766900343122354,
ctrl_full_dlydm1intseq_netseed2_magnitude_gain_invdensity_p60_pruneseed0,magnitude_gain_invdensity,l1_unstructured_gain,dlydm1intseq,2,0.0,60,0.6,0.0471808098373681,0.7085979275353823,0.06658333026949508,104858.0,3.4585797786712646,,,,2.495107669419596,1.7296884221930735,
ctrl_full_dlydm1intseq_netseed2_magnitude_gain_invdensity_p70_pruneseed0,magnitude_gain_invdensity,l1_unstructured_gain,dlydm1intseq,2,0.0,70,0.7,0.0546154998469424,0.7085979275353823,0.07707544395014519,78643.0,4.888049125671387,,,,3.326831377236372,1.912617700666256,
ctrl_full_dlydm1intseq_netseed2_magnitude_gain_invdensity_p80_pruneseed0,magnitude_gain_invdensity,l1_unstructured_gain,dlydm1intseq,2,0.0,80,0.8,0.0537329764161081,0.7085979275353823,0.07582999374977012,52429.0,7.399741172790527,,,,4.990215338839192,2.150478963796511,
ctrl_full_dlydm1intseq_netseed2_magnitude_gain_matchl1_p50_pruneseed0,magnitude_gain_matchl1,l1_unstructured_gain,dlydm1intseq,2,0.0,50,0.5,0.0863700606368497,0.7085979275353823,0.12188867237766088,131072.0,1.2608704566955566,,,,1.2660026425997624,1.0,
ctrl_full_dlydm1intseq_netseed2_magnitude_gain_matchl1_p60_pruneseed0,magnitude_gain_matchl1,l1_unstructured_gain,dlydm1intseq,2,0.0,60,0.6,0.0599041273438975,0.7085979275353823,0.08453895363800132,104858.0,1.577677845954895,,,,1.4425185275296315,0.9999997634454642,
ctrl_full_dlydm1intseq_netseed2_magnitude_gain_matchl1_p70_pruneseed0,magnitude_gain_matchl1,l1_unstructured_gain,dlydm1intseq,2,0.0,70,0.7,0.0612979281866911,0.7085979275353823,0.0865059377182984,78643.0,2.078529357910156,,,,1.739412825683049,1.0,
ctrl_full_dlydm1intseq_netseed2_magnitude_gain_matchl1_p80_pruneseed0,magnitude_gain_matchl1,l1_unstructured_gain,dlydm1intseq,2,0.0,80,0.8,0.0715234764258778,0.7085979275353823,0.10093661531673959,52429.0,2.9059863090515137,,,,2.320513577048222,1.0,
ctrl_full_dlydm1intseq_netseed2_random_p50_pruneseed0,random,random_unstructured,dlydm1intseq,2,0.0,50,0.5,0.0527918351928199,0.7085979275353823,0.0745018199198499,130812.0,0.1589242219924926,,,,,,
ctrl_full_dlydm1intseq_netseed2_random_p50_pruneseed1,random,random_unstructured,dlydm1intseq,2,1.0,50,0.5,0.0547099396236737,0.7085979275353823,0.07720872090885685,130803.0,0.237228512763977,,,,,,
ctrl_full_dlydm1intseq_netseed2_random_p50_pruneseed2,random,random_unstructured,dlydm1intseq,2,2.0,50,0.5,0.0465555533845262,0.7085979275353823,0.06570094488767969,130825.0,0.147658884525299,,,,,,
ctrl_full_dlydm1intseq_netseed2_random_p60_pruneseed0,random,random_unstructured,dlydm1intseq,2,0.0,60,0.6,0.0670815503754795,0.7085979275353823,0.09466800250009189,104643.0,0.092058278620243,,,,,,
ctrl_full_dlydm1intseq_netseed2_random_p60_pruneseed1,random,random_unstructured,dlydm1intseq,2,1.0,60,0.6,0.067416974410077,0.7085979275353823,0.0951413654913783,104641.0,0.0157198887318372,,,,,,
ctrl_full_dlydm1intseq_netseed2_random_p60_pruneseed2,random,random_unstructured,dlydm1intseq,2,2.0,60,0.6,0.0648377915421038,0.7085979275353823,0.09150152579138932,104657.0,0.0696877762675285,,,,,,
ctrl_full_dlydm1intseq_netseed2_random_p70_pruneseed0,random,random_unstructured,dlydm1intseq,2,0.0,70,0.7,0.0711261780548011,0.7085979275353823,0.10037593293871097,78486.0,-0.1089173331856727,,,,,,
ctrl_full_dlydm1intseq_netseed2_random_p70_pruneseed1,random,random_unstructured,dlydm1intseq,2,1.0,70,0.7,0.0697388903000579,0.7085979275353823,0.09841814037280774,78481.0,-0.1126636490225792,,,,,,
ctrl_full_dlydm1intseq_netseed2_random_p70_pruneseed2,random,random_unstructured,dlydm1intseq,2,2.0,70,0.7,0.0754997166806698,0.7085979275353823,0.1065480348542226,78493.0,-0.049904815852642,,,,,,
ctrl_full_dlydm1intseq_netseed2_random_p80_pruneseed0,random,random_unstructured,dlydm1intseq,2,0.0,80,0.8,0.0486592808248174,0.7085979275353823,0.06866980403691303,52325.0,-0.26468226313591,,,,,,
ctrl_full_dlydm1intseq_netseed2_random_p80_pruneseed1,random,random_unstructured,dlydm1intseq,2,1.0,80,0.8,0.0508248826015878,0.7085979275353823,0.07172598257288859,52319.0,-0.2342112064361572,,,,,,
ctrl_full_dlydm1intseq_netseed2_random_p80_pruneseed2,random,random_unstructured,dlydm1intseq,2,2.0,80,0.8,0.0534919921582419,0.7085979275353823,0.07548990771719537,52327.0,-0.2347503155469894,,,,,,
ctrl_full_dlydm1intseq_netseed2_random_gain_invdensity_p50_pruneseed0,random_gain_invdensity,random_unstructured_gain,dlydm1intseq,2,0.0,50,0.5,0.2022965148465842,0.7085979275353823,0.28548843707489246,130812.0,1.3179194927215576,,,,2.0000611564688255,1.0001084602546984,
ctrl_full_dlydm1intseq_netseed2_random_gain_invdensity_p50_pruneseed1,random_gain_invdensity,random_unstructured_gain,dlydm1intseq,2,1.0,50,0.5,0.2426255560548923,0.7085979275353823,0.34240229420199275,130803.0,1.474703073501587,,,,2.0001987721994143,1.0015909475310212,
ctrl_full_dlydm1intseq_netseed2_random_gain_invdensity_p50_pruneseed2,random_gain_invdensity,random_unstructured_gain,dlydm1intseq,2,2.0,50,0.5,0.2815770791405329,0.7085979275353823,0.39737214603478077,130825.0,1.295159935951233,,,,1.999862411618574,1.002387071821505,
ctrl_full_dlydm1intseq_netseed2_random_gain_invdensity_p60_pruneseed0,random_gain_invdensity,random_unstructured_gain,dlydm1intseq,2,0.0,60,0.6,0.1062480053667845,0.7085979275353823,0.1499411743078789,104643.0,1.7304013967514038,,,,2.500234129373202,1.000107868868359,
ctrl_full_dlydm1intseq_netseed2_random_gain_invdensity_p60_pruneseed1,random_gain_invdensity,random_unstructured_gain,dlydm1intseq,2,1.0,60,0.6,0.14973915082358,0.7085979275353823,0.21131751167322332,104641.0,1.5395859479904177,,,,2.5002819162660908,1.001315124942192,
ctrl_full_dlydm1intseq_netseed2_random_gain_invdensity_p60_pruneseed2,random_gain_invdensity,random_unstructured_gain,dlydm1intseq,2,2.0,60,0.6,0.1683047083113516,0.7085979275353823,0.23751792345306807,104657.0,1.67411208152771,,,,2.4998996722627247,1.002536337733642,
ctrl_full_dlydm1intseq_netseed2_random_gain_invdensity_p70_pruneseed0,random_gain_invdensity,random_unstructured_gain,dlydm1intseq,2,0.0,70,0.7,0.0855233591902929,0.7085979275353823,0.12069377550645245,78486.0,1.9704118967056272,,,,3.3334862268430037,1.000372336839466,
ctrl_full_dlydm1intseq_netseed2_random_gain_invdensity_p70_pruneseed1,random_gain_invdensity,random_unstructured_gain,dlydm1intseq,2,1.0,70,0.7,0.1084038375114793,0.7085979275353823,0.15298356557226367,78481.0,1.9581118822097776,,,,3.3336986022094517,0.9996976833031528,
ctrl_full_dlydm1intseq_netseed2_random_gain_invdensity_p70_pruneseed2,random_gain_invdensity,random_unstructured_gain,dlydm1intseq,2,2.0,70,0.7,0.0937037977816422,0.7085979275353823,0.13223831758520532,78493.0,2.166846752166748,,,,3.3331889467850635,1.0052665319094327,
ctrl_full_dlydm1intseq_netseed2_random_gain_invdensity_p80_pruneseed0,random_gain_invdensity,random_unstructured_gain,dlydm1intseq,2,0.0,80,0.8,0.0835954851273634,0.7085979275353823,0.11797308724585458,52325.0,2.676687240600586,,,,5.000133779264214,0.999795262049201,
ctrl_full_dlydm1intseq_netseed2_random_gain_invdensity_p80_pruneseed1,random_gain_invdensity,random_unstructured_gain,dlydm1intseq,2,1.0,80,0.8,0.0960452529357744,0.7085979275353823,0.1355426670098165,52319.0,2.8294854164123535,,,,5.000707200061163,0.9972152800036902,
ctrl_full_dlydm1intseq_netseed2_random_gain_invdensity_p80_pruneseed2,random_gain_invdensity,random_unstructured_gain,dlydm1intseq,2,2.0,80,0.8,0.0656779799006102,0.7085979275353823,0.09268723114820387,52327.0,2.826204776763916,,,,4.999942668220995,1.004561599392528,
ctrl_full_dlydm2intseq_netseed0_lnp_rescale_p50_pruneseed0,lnp_rescale,noise_prune,dlydm2intseq,0,0.0,50,0.5,0.6821775858587832,0.7315663325452497,0.9324890382603662,119455.0,0.5655611753463745,none,2.1691305818250064,259.04390686180164,,,1.0
ctrl_full_dlydm2intseq_netseed0_lnp_rescale_p50_pruneseed1,lnp_rescale,noise_prune,dlydm2intseq,0,1.0,50,0.5,0.677869178113419,0.7315663325452497,0.9265997462663313,120040.0,0.6291766166687012,none,2.178764583087281,525.0125306534943,,,1.0
ctrl_full_dlydm2intseq_netseed0_lnp_rescale_p50_pruneseed2,lnp_rescale,noise_prune,dlydm2intseq,0,2.0,50,0.5,0.6968124947081159,0.7315663325452497,0.9524939348750249,119961.0,0.6654484868049622,none,2.18971445877208,642.4948029891492,,,1.0
ctrl_full_dlydm2intseq_netseed0_lnp_rescale_p60_pruneseed0,lnp_rescale,noise_prune,dlydm2intseq,0,0.0,60,0.6,0.627207122713092,0.7315663325452497,0.8573482605889292,99215.0,0.8231867551803589,none,2.622695177356247,323.8048835772521,,,1.0
ctrl_full_dlydm2intseq_netseed0_lnp_rescale_p60_pruneseed1,lnp_rescale,noise_prune,dlydm2intseq,0,1.0,60,0.6,0.6106215439926532,0.7315663325452497,0.8346769347192236,99324.0,0.853252112865448,none,2.6297320570456817,656.2656633168679,,,1.0
ctrl_full_dlydm2intseq_netseed0_lnp_rescale_p60_pruneseed2,lnp_rescale,noise_prune,dlydm2intseq,0,2.0,60,0.6,0.6439620417228421,0.7315663325452497,0.8802510627879544,99240.0,0.8747199177742004,none,2.6407144840266503,538.6658735458874,,,1.0
ctrl_full_dlydm2intseq_netseed0_lnp_rescale_p70_pruneseed0,lnp_rescale,noise_prune,dlydm2intseq,0,0.0,70,0.7,0.3718712753277711,0.7315663325452497,0.5083220191858264,76324.0,1.247774362564087,none,3.411918411511867,356.48470804925853,,,1.0
ctrl_full_dlydm2intseq_netseed0_lnp_rescale_p70_pruneseed1,lnp_rescale,noise_prune,dlydm2intseq,0,1.0,70,0.7,0.368533317701922,0.7315663325452497,0.5037592646175075,76209.0,1.2916356325149536,none,3.421794844570556,875.0208844224904,,,1.0
ctrl_full_dlydm2intseq_netseed0_lnp_rescale_p70_pruneseed2,lnp_rescale,noise_prune,dlydm2intseq,0,2.0,70,0.7,0.4083575945863212,0.7315663325452497,0.5581962652184558,76231.0,1.2339582443237305,none,3.446289191501294,718.2211647278498,,,1.0
ctrl_full_dlydm2intseq_netseed0_lnp_rescale_p80_pruneseed0,lnp_rescale,noise_prune,dlydm2intseq,0,0.0,80,0.8,0.1606062382357347,0.7315663325452497,0.21953749248814794,51812.0,2.107292652130127,none,5.034800499533098,525.7491720740622,,,1.0
ctrl_full_dlydm2intseq_netseed0_lnp_rescale_p80_pruneseed1,lnp_rescale,noise_prune,dlydm2intseq,0,1.0,80,0.8,0.1758468642737581,0.7315663325452497,0.2403703621269113,51789.0,1.981086015701294,none,4.976929231607464,405.2368968320419,,,1.0
ctrl_full_dlydm2intseq_netseed0_lnp_rescale_p80_pruneseed2,lnp_rescale,noise_prune,dlydm2intseq,0,2.0,80,0.8,0.1697831792988009,0.7315663325452497,0.23208172895012125,51822.0,1.928935170173645,none,5.064187688826798,1077.331747091775,,,1.0
ctrl_full_dlydm2intseq_netseed0_snp_rescale_p50_pruneseed0,snp_rescale,simulation_noise_prune_rescale,dlydm2intseq,0,0.0,50,0.5,0.6737626760976182,0.7315663325452497,0.9209864452803311,120855.0,0.6659415364265442,none,2.1648166331262977,552.7658762711407,,,0.0
ctrl_full_dlydm2intseq_netseed0_snp_rescale_p50_pruneseed1,snp_rescale,simulation_noise_prune_rescale,dlydm2intseq,0,1.0,50,0.5,0.6486742609273335,0.7315663325452497,0.8866923367980591,120955.0,0.6321157813072205,none,2.1577244222878766,332.60994622757664,,,0.0
ctrl_full_dlydm2intseq_netseed0_snp_rescale_p50_pruneseed2,snp_rescale,simulation_noise_prune_rescale,dlydm2intseq,0,2.0,50,0.5,0.6883389671544969,0.7315663325452497,0.9409112154733023,120851.0,0.690002977848053,none,2.1617822777652806,255.03027142817191,,,0.0
ctrl_full_dlydm2intseq_netseed0_snp_rescale_p60_pruneseed0,snp_rescale,simulation_noise_prune_rescale,dlydm2intseq,0,0.0,60,0.6,0.5782026482216013,0.7315663325452497,0.7903625720581361,100700.0,0.9540915489196776,none,2.595433562982203,690.9573453389257,,,0.0
ctrl_full_dlydm2intseq_netseed0_snp_rescale_p60_pruneseed1,snp_rescale,simulation_noise_prune_rescale,dlydm2intseq,0,1.0,60,0.6,0.5224799234060845,0.7315663325452497,0.7141935053083753,100582.0,0.8579661250114441,none,2.5860618951918717,386.8896090640307,,,0.0
ctrl_full_dlydm2intseq_netseed0_snp_rescale_p60_pruneseed2,snp_rescale,simulation_noise_prune_rescale,dlydm2intseq,0,2.0,60,0.6,0.5789028051870233,0.7315663325452497,0.7913196376505152,100261.0,0.9130189418792723,none,2.5970889299556124,318.78783928521483,,,0.0
ctrl_full_dlydm2intseq_netseed0_snp_rescale_p70_pruneseed0,snp_rescale,simulation_noise_prune_rescale,dlydm2intseq,0,0.0,70,0.7,0.3440994678807063,0.7315663325452497,0.4703599011774132,77234.0,1.2038443088531494,none,3.3629478655149887,921.276460451901,,,0.0
ctrl_full_dlydm2intseq_netseed0_snp_rescale_p70_pruneseed1,snp_rescale,simulation_noise_prune_rescale,dlydm2intseq,0,1.0,70,0.7,0.3359906732579117,0.7315663325452497,0.4592757461773018,77489.0,1.281055569648743,none,3.37290157708727,515.8528120853744,,,0.0
ctrl_full_dlydm2intseq_netseed0_snp_rescale_p70_pruneseed2,snp_rescale,simulation_noise_prune_rescale,dlydm2intseq,0,2.0,70,0.7,0.3863270742557169,0.7315663325452497,0.528082085067551,77230.0,1.2660486698150637,none,3.3797054394297628,425.0504523802864,,,0.0
ctrl_full_dlydm2intseq_netseed0_snp_rescale_p80_pruneseed0,snp_rescale,simulation_noise_prune_rescale,dlydm2intseq,0,0.0,80,0.8,0.1532887838110683,0.7315663325452497,0.20953504418081856,52212.0,1.904205083847046,none,4.995158278407646,664.35928562956,,,0.0
ctrl_full_dlydm2intseq_netseed0_snp_rescale_p80_pruneseed1,snp_rescale,simulation_noise_prune_rescale,dlydm2intseq,0,1.0,80,0.8,0.1555390557324944,0.7315663325452497,0.21261100848004622,52162.0,1.9668523073196411,none,4.995771187244121,762.6594016581064,,,0.0
ctrl_full_dlydm2intseq_netseed0_snp_rescale_p80_pruneseed2,snp_rescale,simulation_noise_prune_rescale,dlydm2intseq,0,2.0,80,0.8,0.1560047415281007,0.7315663325452497,0.21324756838567516,52096.0,2.0029616355895996,none,4.996756417894261,637.5756785704299,,,0.0
ctrl_full_dlydm2intseq_netseed0_lnp_shuffled_p50_pruneseed0,lnp_shuffled,noise_prune_shuffled_rescale,dlydm2intseq,0,0.0,50,0.5,0.0932869601464142,0.7315663325452497,0.1275167486478666,120139.0,2.7867746353149414,shuffle,2.176615213445025,691.052329190744,,,1.0
ctrl_full_dlydm2intseq_netseed0_lnp_shuffled_p50_pruneseed1,lnp_shuffled,noise_prune_shuffled_rescale,dlydm2intseq,0,1.0,50,0.5,0.0796680930329497,0.7315663325452497,0.10890071000912548,120101.0,2.9502205848693848,shuffle,2.1756085050947633,209.9559104530452,,,1.0
ctrl_full_dlydm2intseq_netseed0_lnp_shuffled_p50_pruneseed2,lnp_shuffled,noise_prune_shuffled_rescale,dlydm2intseq,0,2.0,50,0.5,0.0676807544761197,0.7315663325452497,0.09251485677402113,119701.0,3.291614532470703,shuffle,2.1828282680098523,520.0624259382455,,,1.0
ctrl_full_dlydm2intseq_netseed0_lnp_shuffled_p60_pruneseed0,lnp_shuffled,noise_prune_shuffled_rescale,dlydm2intseq,0,0.0,60,0.6,0.0667624090610081,0.7315663325452497,0.09125954283424959,99412.0,3.254650354385376,shuffle,2.6203062462266464,247.6352781057037,,,1.0
ctrl_full_dlydm2intseq_netseed0_lnp_shuffled_p60_pruneseed1,lnp_shuffled,noise_prune_shuffled_rescale,dlydm2intseq,0,1.0,60,0.6,0.0635937917244703,0.7315663325452497,0.08692826459525024,99617.0,3.309673309326172,shuffle,2.6225540686431317,262.4448880663065,,,1.0
ctrl_full_dlydm2intseq_netseed0_lnp_shuffled_p60_pruneseed2,lnp_shuffled,noise_prune_shuffled_rescale,dlydm2intseq,0,2.0,60,0.6,0.064170200016934,0.7315663325452497,0.08771617440851118,99240.0,3.7573459148406982,shuffle,2.6310925923058552,650.0780324228069,,,1.0
ctrl_full_dlydm2intseq_netseed0_lnp_shuffled_p70_pruneseed0,lnp_shuffled,noise_prune_shuffled_rescale,dlydm2intseq,0,0.0,70,0.7,0.0319108749031178,0.7315663325452497,0.04361993367312869,76099.0,3.975405693054199,shuffle,3.410094052110185,330.18037080760485,,,1.0
ctrl_full_dlydm2intseq_netseed0_lnp_shuffled_p70_pruneseed1,lnp_shuffled,noise_prune_shuffled_rescale,dlydm2intseq,0,1.0,70,0.7,0.0564293948689892,0.7315663325452497,0.07713503527788283,76804.0,3.7869040966033936,shuffle,3.402275879349036,349.926517421742,,,1.0
ctrl_full_dlydm2intseq_netseed0_lnp_shuffled_p70_pruneseed2,lnp_shuffled,noise_prune_shuffled_rescale,dlydm2intseq,0,2.0,70,0.7,0.062561467268476,0.7315663325452497,0.08551714927997507,76123.0,4.582296848297119,shuffle,3.4495656809115913,866.7707098970759,,,1.0
ctrl_full_dlydm2intseq_netseed0_lnp_shuffled_p80_pruneseed0,lnp_shuffled,noise_prune_shuffled_rescale,dlydm2intseq,0,0.0,80,0.8,0.0539674475859239,0.7315663325452497,0.0737697255670057,51737.0,4.814723014831543,shuffle,4.994538952412277,495.2705562114075,,,1.0
ctrl_full_dlydm2intseq_netseed0_lnp_shuffled_p80_pruneseed1,lnp_shuffled,noise_prune_shuffled_rescale,dlydm2intseq,0,1.0,80,0.8,0.0281886450822928,0.7315663325452497,0.0385319058959691,51975.0,5.278336524963379,shuffle,5.008947833161559,524.8897761326131,,,1.0
ctrl_full_dlydm2intseq_netseed0_lnp_shuffled_p80_pruneseed2,lnp_shuffled,noise_prune_shuffled_rescale,dlydm2intseq,0,2.0,80,0.8,0.0606466193816474,0.7315663325452497,0.08289968617151502,51896.0,5.002137660980225,shuffle,5.069050063180568,1300.156064845614,,,1.0
ctrl_full_dlydm2intseq_netseed0_lnp_uniform_p50_pruneseed0,lnp_uniform,noise_prune_uniform_rescale,dlydm2intseq,0,0.0,50,0.5,0.2380533682434852,0.7315663325452497,0.3254023014088894,119880.0,1.1703028678894043,uniform,2.185048108138673,2.185048108138672,,,1.0
ctrl_full_dlydm2intseq_netseed0_lnp_uniform_p50_pruneseed1,lnp_uniform,noise_prune_uniform_rescale,dlydm2intseq,0,1.0,50,0.5,0.2815998749487094,0.7315663325452497,0.38492732978699723,119962.0,1.2729500532150269,uniform,2.1850481081386732,2.185048108138672,,,1.0
ctrl_full_dlydm2intseq_netseed0_lnp_uniform_p50_pruneseed2,lnp_uniform,noise_prune_uniform_rescale,dlydm2intseq,0,2.0,50,0.5,0.2995141236314373,0.7315663325452497,0.4094148545482872,119622.0,1.3218636512756348,uniform,2.1850481081386732,2.1850481081386723,,,1.0
ctrl_full_dlydm2intseq_netseed0_lnp_uniform_p60_pruneseed0,lnp_uniform,noise_prune_uniform_rescale,dlydm2intseq,0,0.0,60,0.6,0.1489119886411744,0.7315663325452497,0.20355227136148135,99005.0,1.533721923828125,uniform,2.6387098133910665,2.6387098133910665,,,1.0
ctrl_full_dlydm2intseq_netseed0_lnp_uniform_p60_pruneseed1,lnp_uniform,noise_prune_uniform_rescale,dlydm2intseq,0,1.0,60,0.6,0.2206243446205149,0.7315663325452497,0.30157804536045757,99535.0,1.604541540145874,uniform,2.638709813391067,2.6387098133910665,,,1.0
ctrl_full_dlydm2intseq_netseed0_lnp_uniform_p60_pruneseed2,lnp_uniform,noise_prune_uniform_rescale,dlydm2intseq,0,2.0,60,0.6,0.220686218956994,0.7315663325452497,0.3016626232500166,99198.0,1.6152472496032717,uniform,2.6387098133910665,2.6387098133910665,,,1.0
ctrl_full_dlydm2intseq_netseed0_lnp_uniform_p70_pruneseed0,lnp_uniform,noise_prune_uniform_rescale,dlydm2intseq,0,0.0,70,0.7,0.0933846564671707,0.7315663325452497,0.12765029268401243,76072.0,2.0788931846618652,uniform,3.4319289439856675,3.4319289439856657,,,1.0
ctrl_full_dlydm2intseq_netseed0_lnp_uniform_p70_pruneseed1,lnp_uniform,noise_prune_uniform_rescale,dlydm2intseq,0,1.0,70,0.7,0.1425128796316197,0.7315663325452497,0.19480513699392368,76496.0,1.8489052057266235,uniform,3.4319289439856675,3.4319289439856657,,,1.0
ctrl_full_dlydm2intseq_netseed0_lnp_uniform_p70_pruneseed2,lnp_uniform,noise_prune_uniform_rescale,dlydm2intseq,0,2.0,70,0.7,0.1306264939395715,0.7315663325452497,0.1785572792628368,76333.0,2.084359645843506,uniform,3.431928943985667,3.4319289439856657,,,1.0
ctrl_full_dlydm2intseq_netseed0_lnp_uniform_p80_pruneseed0,lnp_uniform,noise_prune_uniform_rescale,dlydm2intseq,0,0.0,80,0.8,0.0754085334479636,0.7315663325452497,0.1030781900331633,51931.0,2.8125245571136475,uniform,5.052151490181046,5.052151490181048,,,1.0
ctrl_full_dlydm2intseq_netseed0_lnp_uniform_p80_pruneseed1,lnp_uniform,noise_prune_uniform_rescale,dlydm2intseq,0,1.0,80,0.8,0.0856438513192259,0.7315663325452497,0.11706915355338411,51887.0,2.7335948944091797,uniform,5.052151490181047,5.052151490181048,,,1.0
ctrl_full_dlydm2intseq_netseed0_lnp_uniform_p80_pruneseed2,lnp_uniform,noise_prune_uniform_rescale,dlydm2intseq,0,2.0,80,0.8,0.0837224903443469,0.7315663325452497,0.11444278750918105,51820.0,2.8747665882110596,uniform,5.052151490181047,5.052151490181048,,,1.0
ctrl_full_dlydm2intseq_netseed0_snp_shuffled_p50_pruneseed0,snp_shuffled,simulation_noise_prune_shuffled_rescale,dlydm2intseq,0,0.0,50,0.5,0.0739040101083126,0.7315663325452497,0.1010216118765162,120658.0,3.3040597438812256,shuffle,2.161789714102361,251.86741917271283,,,0.0
ctrl_full_dlydm2intseq_netseed0_snp_shuffled_p50_pruneseed1,snp_shuffled,simulation_noise_prune_shuffled_rescale,dlydm2intseq,0,1.0,50,0.5,0.074773507363046,0.7315663325452497,0.1022101537982149,120821.0,3.2397494316101074,shuffle,2.150471221022321,735.1048087110628,,,0.0
ctrl_full_dlydm2intseq_netseed0_snp_shuffled_p50_pruneseed2,snp_shuffled,simulation_noise_prune_shuffled_rescale,dlydm2intseq,0,2.0,50,0.5,0.0597543263187375,0.7315663325452497,0.08167998397471565,120883.0,3.558699607849121,shuffle,2.162258556432848,448.98607322230345,,,0.0
ctrl_full_dlydm2intseq_netseed0_snp_shuffled_p60_pruneseed0,snp_shuffled,simulation_noise_prune_shuffled_rescale,dlydm2intseq,0,0.0,60,0.6,0.0559702221614334,0.7315663325452497,0.07650737830799706,100389.0,3.9738571643829346,shuffle,2.597903396284197,255.1020530005084,,,0.0
ctrl_full_dlydm2intseq_netseed0_snp_shuffled_p60_pruneseed1,snp_shuffled,simulation_noise_prune_shuffled_rescale,dlydm2intseq,0,1.0,60,0.6,0.0482098777493372,0.7315663325452497,0.06589953037013943,100510.0,3.9510672092437744,shuffle,2.586675038810749,918.8810108888284,,,0.0
ctrl_full_dlydm2intseq_netseed0_snp_shuffled_p60_pruneseed2,snp_shuffled,simulation_noise_prune_shuffled_rescale,dlydm2intseq,0,2.0,60,0.6,0.0516715840481447,0.7315663325452497,0.07063144071757656,100648.0,4.798943519592285,shuffle,2.596948212618379,516.0281215786404,,,0.0
ctrl_full_dlydm2intseq_netseed0_snp_shuffled_p70_pruneseed0,snp_shuffled,simulation_noise_prune_shuffled_rescale,dlydm2intseq,0,0.0,70,0.7,0.0584582217967004,0.7315663325452497,0.07990829976184637,77313.0,4.318963050842285,shuffle,3.370357604913236,331.42822387641013,,,0.0
ctrl_full_dlydm2intseq_netseed0_snp_shuffled_p70_pruneseed1,snp_shuffled,simulation_noise_prune_shuffled_rescale,dlydm2intseq,0,1.0,70,0.7,0.0629555090955274,0.7315663325452497,0.08605577689243019,77433.0,4.60324764251709,shuffle,3.370154461606388,1225.1746811851044,,,0.0
ctrl_full_dlydm2intseq_netseed0_snp_shuffled_p70_pruneseed2,snp_shuffled,simulation_noise_prune_shuffled_rescale,dlydm2intseq,0,2.0,70,0.7,0.0693253092088552,0.7315663325452497,0.0947628480491442,77614.0,5.5688018798828125,shuffle,3.381009496088892,688.0374954381871,,,0.0
ctrl_full_dlydm2intseq_netseed0_snp_shuffled_p80_pruneseed0,snp_shuffled,simulation_noise_prune_shuffled_rescale,dlydm2intseq,0,0.0,80,0.8,0.0673681262496987,0.7315663325452497,0.0920875158583542,52154.0,5.739178657531738,shuffle,5.013147247009308,479.00094873027854,,,0.0
ctrl_full_dlydm2intseq_netseed0_snp_shuffled_p80_pruneseed1,snp_shuffled,simulation_noise_prune_shuffled_rescale,dlydm2intseq,0,1.0,80,0.8,0.0302174720100041,0.7315663325452497,0.041305170379932775,52429.0,5.574644088745117,shuffle,5.007776247333174,1837.762021777657,,,0.0
ctrl_full_dlydm2intseq_netseed0_snp_shuffled_p80_pruneseed2,snp_shuffled,simulation_noise_prune_shuffled_rescale,dlydm2intseq,0,2.0,80,0.8,0.0419182346926148,0.7315663325452497,0.057299294442342344,52429.0,5.677585601806641,shuffle,4.992939195543788,797.717789936762,,,0.0
ctrl_full_dlydm2intseq_netseed0_snp_uniform_p50_pruneseed0,snp_uniform,simulation_noise_prune_uniform_rescale,dlydm2intseq,0,0.0,50,0.5,0.2150165758090883,0.7315663325452497,0.2939126176856818,120898.0,1.288318395614624,uniform,2.167710170169266,2.167710170169266,,,0.0
ctrl_full_dlydm2intseq_netseed0_snp_uniform_p50_pruneseed1,snp_uniform,simulation_noise_prune_uniform_rescale,dlydm2intseq,0,1.0,50,0.5,0.2547236171085797,0.7315663325452497,0.3481893654432549,120808.0,1.172347903251648,uniform,2.167496036264957,2.1674960362649567,,,0.0
ctrl_full_dlydm2intseq_netseed0_snp_uniform_p50_pruneseed2,snp_uniform,simulation_noise_prune_uniform_rescale,dlydm2intseq,0,2.0,50,0.5,0.2594944541055251,0.7315663325452497,0.3547107658750473,120918.0,1.2908965349197388,uniform,2.1677244458268308,2.16772444582683,,,0.0
ctrl_full_dlydm2intseq_netseed0_snp_uniform_p60_pruneseed0,snp_uniform,simulation_noise_prune_uniform_rescale,dlydm2intseq,0,0.0,60,0.6,0.1517712342953164,0.7315663325452497,0.20746066015268527,100608.0,1.4035097360610962,uniform,2.6063807006809907,2.6063807006809907,,,0.0
ctrl_full_dlydm2intseq_netseed0_snp_uniform_p60_pruneseed1,snp_uniform,simulation_noise_prune_uniform_rescale,dlydm2intseq,0,1.0,60,0.6,0.1625015468584119,0.7315663325452497,0.22212824678937867,100417.0,1.7308005094528198,uniform,2.6061705253705827,2.6061705253705827,,,0.0
ctrl_full_dlydm2intseq_netseed0_snp_uniform_p60_pruneseed2,snp_uniform,simulation_noise_prune_uniform_rescale,dlydm2intseq,0,2.0,60,0.6,0.1529207943362186,0.7315663325452497,0.2090320283113356,100884.0,1.7406970262527466,uniform,2.606348180017517,2.606348180017516,,,0.0
ctrl_full_dlydm2intseq_netseed0_snp_uniform_p70_pruneseed0,snp_uniform,simulation_noise_prune_uniform_rescale,dlydm2intseq,0,0.0,70,0.7,0.1002266554641552,0.7315663325452497,0.13700282668209837,77279.0,1.918525457382202,uniform,3.3882293977073266,3.3882293977073252,,,0.0
ctrl_full_dlydm2intseq_netseed0_snp_uniform_p70_pruneseed1,snp_uniform,simulation_noise_prune_uniform_rescale,dlydm2intseq,0,1.0,70,0.7,0.107342204159258,0.7315663325452497,0.14672928398139282,77233.0,2.198033571243286,uniform,3.3880080591649326,3.388008059164934,,,0.0
ctrl_full_dlydm2intseq_netseed0_snp_uniform_p70_pruneseed2,snp_uniform,simulation_noise_prune_uniform_rescale,dlydm2intseq,0,2.0,70,0.7,0.111005816187629,0.7315663325452497,0.15173718533686478,77332.0,2.1536900997161865,uniform,3.3881882656369413,3.3881882656369413,,,0.0
ctrl_full_dlydm2intseq_netseed0_snp_uniform_p80_pruneseed0,snp_uniform,simulation_noise_prune_uniform_rescale,dlydm2intseq,0,0.0,80,0.8,0.0651732155767013,0.7315663325452497,0.08908722651294253,52112.0,2.607360363006592,uniform,5.017441822596289,5.017441822596289,,,0.0
ctrl_full_dlydm2intseq_netseed0_snp_uniform_p80_pruneseed1,snp_uniform,simulation_noise_prune_uniform_rescale,dlydm2intseq,0,1.0,80,0.8,0.060268860274722,0.7315663325452497,0.08238331589841742,52171.0,2.824352741241455,uniform,5.017282967046869,5.017282967046871,,,0.0
ctrl_full_dlydm2intseq_netseed0_snp_uniform_p80_pruneseed2,snp_uniform,simulation_noise_prune_uniform_rescale,dlydm2intseq,0,2.0,80,0.8,0.0770596012687495,0.7315663325452497,0.10533508424402939,52316.0,2.988147020339966,uniform,5.01740717836281,5.017407178362809,,,0.0
ctrl_full_dlydm2intseq_netseed0_magnitude_p50_pruneseed0,magnitude,l1_unstructured,dlydm2intseq,0,0.0,50,0.5,0.4605013775181226,0.7315663325452497,0.6294731687774042,131072.0,0.4359261691570282,,,,,,
ctrl_full_dlydm2intseq_netseed0_magnitude_p60_pruneseed0,magnitude,l1_unstructured,dlydm2intseq,0,0.0,60,0.6,0.2089724300982825,0.7315663325452497,0.285650693316121,104858.0,0.473667562007904,,,,,,
ctrl_full_dlydm2intseq_netseed0_magnitude_p70_pruneseed0,magnitude,l1_unstructured,dlydm2intseq,0,0.0,70,0.7,0.0844584692940463,0.7315663325452497,0.11544881924814694,78643.0,0.4803932011127472,,,,,,
ctrl_full_dlydm2intseq_netseed0_magnitude_p80_pruneseed0,magnitude,l1_unstructured,dlydm2intseq,0,0.0,80,0.8,0.0479330715071937,0.7315663325452497,0.06552115560105944,52429.0,0.5754199624061584,,,,,,
ctrl_full_dlydm2intseq_netseed0_magnitude_gain_invdensity_p50_pruneseed0,magnitude_gain_invdensity,l1_unstructured_gain,dlydm2intseq,0,0.0,50,0.5,0.0405830516422751,0.7315663325452497,0.05547419261501473,131072.0,1.8662432432174685,,,,1.99609375,1.57208117940087,
ctrl_full_dlydm2intseq_netseed0_magnitude_gain_invdensity_p60_pruneseed0,magnitude_gain_invdensity,l1_unstructured_gain,dlydm2intseq,0,0.0,60,0.6,0.0429310198844578,0.7315663325452497,0.058683700950388364,104858.0,2.676959276199341,,,,2.495107669419596,1.7220916338335406,
ctrl_full_dlydm2intseq_netseed0_magnitude_gain_invdensity_p70_pruneseed0,magnitude_gain_invdensity,l1_unstructured_gain,dlydm2intseq,0,0.0,70,0.7,0.0423741508561454,0.7315663325452497,0.05792249994435661,78643.0,3.925018548965454,,,,3.326831377236372,1.9007878816203672,
ctrl_full_dlydm2intseq_netseed0_magnitude_gain_invdensity_p80_pruneseed0,magnitude_gain_invdensity,l1_unstructured_gain,dlydm2intseq,0,0.0,80,0.8,0.0404593029693168,0.7315663325452497,0.05530503683589658,52429.0,6.861684799194336,,,,4.990215338839192,2.1320772972638395,
ctrl_full_dlydm2intseq_netseed0_magnitude_gain_matchl1_p50_pruneseed0,magnitude_gain_matchl1,l1_unstructured_gain,dlydm2intseq,0,0.0,50,0.5,0.0772843028064896,0.7315663325452497,0.10564223552716502,131072.0,0.823215901851654,,,,1.2697142804308297,1.0,
ctrl_full_dlydm2intseq_netseed0_magnitude_gain_matchl1_p60_pruneseed0,magnitude_gain_matchl1,l1_unstructured_gain,dlydm2intseq,0,0.0,60,0.6,0.0524596677022476,0.7315663325452497,0.07170869594248694,104858.0,1.135170340538025,,,,1.4488820230243231,0.9999999403115464,
ctrl_full_dlydm2intseq_netseed0_magnitude_gain_matchl1_p70_pruneseed0,magnitude_gain_matchl1,l1_unstructured_gain,dlydm2intseq,0,0.0,70,0.7,0.0483987573027999,0.7315663325452497,0.06615771550668821,78643.0,1.5910404920578003,,,,1.750238110983067,0.9999999403115464,
ctrl_full_dlydm2intseq_netseed0_magnitude_gain_matchl1_p80_pruneseed0,magnitude_gain_matchl1,l1_unstructured_gain,dlydm2intseq,0,0.0,80,0.8,0.0585363788533057,0.7315663325452497,0.08001513499076317,52429.0,2.687335968017578,,,,2.3405416283384812,1.0000000596884535,
ctrl_full_dlydm2intseq_netseed0_random_p50_pruneseed0,random,random_unstructured,dlydm2intseq,0,0.0,50,0.5,0.0505513329034695,0.7315663325452497,0.06910013576977005,130812.0,0.0467146672308445,,,,,,
ctrl_full_dlydm2intseq_netseed0_random_p50_pruneseed1,random,random_unstructured,dlydm2intseq,0,1.0,50,0.5,0.0550974683626748,0.7315663325452497,0.07531438491842685,130803.0,0.0939551889896392,,,,,,
ctrl_full_dlydm2intseq_netseed0_random_p50_pruneseed2,random,random_unstructured,dlydm2intseq,0,2.0,50,0.5,0.0540162957463021,0.7315663325452497,0.07383649758507856,130825.0,0.0609653703868389,,,,,,
ctrl_full_dlydm2intseq_netseed0_random_p60_pruneseed0,random,random_unstructured,dlydm2intseq,0,0.0,60,0.6,0.0647563779414733,0.7315663325452497,0.0885174386253866,104643.0,0.110039584338665,,,,,,
ctrl_full_dlydm2intseq_netseed0_random_p60_pruneseed1,random,random_unstructured,dlydm2intseq,0,1.0,60,0.6,0.0692471521522499,0.7315663325452497,0.0946560128202274,104641.0,-0.0118690580129623,,,,,,
ctrl_full_dlydm2intseq_netseed0_random_p60_pruneseed2,random,random_unstructured,dlydm2intseq,0,2.0,60,0.6,0.0676514455798927,0.7315663325452497,0.09247479356317731,104657.0,0.0038027458358556,,,,,,
ctrl_full_dlydm2intseq_netseed0_random_p70_pruneseed0,random,random_unstructured,dlydm2intseq,0,0.0,70,0.7,0.0747865335391469,0.7315663325452497,0.10222795966970105,78486.0,-0.0512515120208263,,,,,,
ctrl_full_dlydm2intseq_netseed0_random_p70_pruneseed1,random,random_unstructured,dlydm2intseq,0,1.0,70,0.7,0.0744055178881963,0.7315663325452497,0.10170713792873196,78481.0,-0.0181683544069528,,,,,,
ctrl_full_dlydm2intseq_netseed0_random_p70_pruneseed2,random,random_unstructured,dlydm2intseq,0,2.0,70,0.7,0.0755159994007959,0.7315663325452497,0.10322508847292394,78487.0,-0.0919270068407058,,,,,,
ctrl_full_dlydm2intseq_netseed0_random_p80_pruneseed0,random,random_unstructured,dlydm2intseq,0,0.0,80,0.8,0.0564749864853422,0.7315663325452497,0.07719735582808418,52325.0,-0.2767941951751709,,,,,,
ctrl_full_dlydm2intseq_netseed0_random_p80_pruneseed1,random,random_unstructured,dlydm2intseq,0,1.0,80,0.8,0.0534854790701915,0.7315663325452497,0.07311090832201911,52319.0,-0.2122042179107666,,,,,,
ctrl_full_dlydm2intseq_netseed0_random_p80_pruneseed2,random,random_unstructured,dlydm2intseq,0,2.0,80,0.8,0.0510105056110253,0.7315663325452497,0.06972779273965582,52322.0,-0.2441961765289306,,,,,,
ctrl_full_dlydm2intseq_netseed0_random_gain_invdensity_p50_pruneseed0,random_gain_invdensity,random_unstructured_gain,dlydm2intseq,0,0.0,50,0.5,0.3581319160853735,0.7315663325452497,0.48954127623583865,130812.0,1.0934934616088867,,,,2.0000611564688255,0.9993069573637616,
ctrl_full_dlydm2intseq_netseed0_random_gain_invdensity_p50_pruneseed1,random_gain_invdensity,random_unstructured_gain,dlydm2intseq,0,1.0,50,0.5,0.3190729270469007,0.7315663325452497,0.43615037058470024,130803.0,1.188127875328064,,,,2.0001987721994143,1.0019912665048274,
ctrl_full_dlydm2intseq_netseed0_random_gain_invdensity_p50_pruneseed2,random_gain_invdensity,random_unstructured_gain,dlydm2intseq,0,2.0,50,0.5,0.4129395520298038,0.7315663325452497,0.5644594805136992,130825.0,1.121784806251526,,,,1.999862411618574,0.999702393369711,
ctrl_full_dlydm2intseq_netseed0_random_gain_invdensity_p60_pruneseed0,random_gain_invdensity,random_unstructured_gain,dlydm2intseq,0,0.0,60,0.6,0.2456313461901691,0.7315663325452497,0.3357608671459413,104643.0,1.77535879611969,,,,2.500234129373202,0.99985286796156,
ctrl_full_dlydm2intseq_netseed0_random_gain_invdensity_p60_pruneseed1,random_gain_invdensity,random_unstructured_gain,dlydm2intseq,0,1.0,60,0.6,0.1964282225131401,0.7315663325452497,0.26850363907498487,104641.0,1.4706058502197266,,,,2.5002819162660908,1.0022160532215678,
ctrl_full_dlydm2intseq_netseed0_random_gain_invdensity_p60_pruneseed2,random_gain_invdensity,random_unstructured_gain,dlydm2intseq,0,2.0,60,0.6,0.2668868090427714,0.7315663325452497,0.3648155979434218,104657.0,1.5094060897827148,,,,2.4998996722627247,1.001430075662875,
ctrl_full_dlydm2intseq_netseed0_random_gain_invdensity_p70_pruneseed0,random_gain_invdensity,random_unstructured_gain,dlydm2intseq,0,0.0,70,0.7,0.1382500635026085,0.7315663325452497,0.18897816555009012,78486.0,2.16264009475708,,,,3.3334862268430037,1.0004762541722976,
ctrl_full_dlydm2intseq_netseed0_random_gain_invdensity_p70_pruneseed1,random_gain_invdensity,random_unstructured_gain,dlydm2intseq,0,1.0,70,0.7,0.1041182255742915,0.7315663325452497,0.14232233078857748,78481.0,2.2731306552886963,,,,3.3336986022094517,1.0043150573853747,
ctrl_full_dlydm2intseq_netseed0_random_gain_invdensity_p70_pruneseed2,random_gain_invdensity,random_unstructured_gain,dlydm2intseq,0,2.0,70,0.7,0.134505037873607,0.7315663325452497,0.18385897749782987,78487.0,2.027010202407837,,,,3.333443755016754,1.0031907656709498,
ctrl_full_dlydm2intseq_netseed0_random_gain_invdensity_p80_pruneseed0,random_gain_invdensity,random_unstructured_gain,dlydm2intseq,0,0.0,80,0.8,0.0974292841464923,0.7315663325452497,0.1331790157804535,52325.0,2.6161258220672607,,,,5.000133779264214,1.0011434517080715,
ctrl_full_dlydm2intseq_netseed0_random_gain_invdensity_p80_pruneseed1,random_gain_invdensity,random_unstructured_gain,dlydm2intseq,0,1.0,80,0.8,0.0577385255671271,0.7315663325452497,0.07892452536223814,52319.0,2.9395360946655273,,,,5.000707200061163,1.006304354171229,
ctrl_full_dlydm2intseq_netseed0_random_gain_invdensity_p80_pruneseed2,random_gain_invdensity,random_unstructured_gain,dlydm2intseq,0,2.0,80,0.8,0.0741449943661788,0.7315663325452497,0.1013510204990095,52322.0,2.779336929321289,,,,5.0004204732235005,1.0007440165757224,
ctrl_full_dlydm2intseq_netseed1_lnp_rescale_p50_pruneseed0,lnp_rescale,noise_prune,dlydm2intseq,1,0.0,50,0.5,0.5759784286523769,0.5573249444759244,1.033469673951151,111665.0,0.7714747786521912,none,2.32430726937549,938.7341422295826,,,1.0
ctrl_full_dlydm2intseq_netseed1_lnp_rescale_p50_pruneseed1,lnp_rescale,noise_prune,dlydm2intseq,1,1.0,50,0.5,0.6287930596533734,0.5573249444759244,1.1282341942269485,112089.0,0.8458144068717957,none,2.3295802078921604,578.0318239557238,,,1.0
ctrl_full_dlydm2intseq_netseed1_lnp_rescale_p50_pruneseed2,lnp_rescale,noise_prune,dlydm2intseq,1,2.0,50,0.5,0.6054696913447573,0.5573249444759244,1.0863854154493395,111875.0,0.7848431468009949,none,2.345567926903157,1333.6116276115429,,,1.0
ctrl_full_dlydm2intseq_netseed1_lnp_rescale_p60_pruneseed0,lnp_rescale,noise_prune,dlydm2intseq,1,0.0,60,0.6,0.5669871105987482,0.5573249444759244,1.0173366834170854,92184.0,1.0530476570129397,none,2.802796472549364,1173.4176777869784,,,1.0
ctrl_full_dlydm2intseq_netseed1_lnp_rescale_p60_pruneseed1,lnp_rescale,noise_prune,dlydm2intseq,1,1.0,60,0.6,0.5754215596240646,0.5573249444759244,1.032470491994858,92627.0,1.02358078956604,none,2.8065339617939005,698.8654737928567,,,1.0
ctrl_full_dlydm2intseq_netseed1_lnp_rescale_p60_pruneseed2,lnp_rescale,noise_prune,dlydm2intseq,1,2.0,60,0.6,0.5835075584386825,0.5573249444759244,1.0469790814537805,92338.0,1.1015266180038452,none,2.84633815769022,1667.0145345144283,,,1.0
ctrl_full_dlydm2intseq_netseed1_lnp_rescale_p70_pruneseed0,lnp_rescale,noise_prune,dlydm2intseq,1,0.0,70,0.7,0.4641389371942919,0.5573249444759244,0.8327977094776206,71152.0,1.4663342237472534,none,3.6251695530798775,1564.556903715971,,,1.0
ctrl_full_dlydm2intseq_netseed1_lnp_rescale_p70_pruneseed1,lnp_rescale,noise_prune,dlydm2intseq,1,1.0,70,0.7,0.3768081960700026,0.5573249444759244,0.6761014374196562,71730.0,1.421610713005066,none,3.6079048185627376,290.4158606822278,,,1.0
ctrl_full_dlydm2intseq_netseed1_lnp_rescale_p70_pruneseed2,lnp_rescale,noise_prune,dlydm2intseq,1,2.0,70,0.7,0.4753316790089685,0.5573249444759244,0.8528806824821783,71374.0,1.425257921218872,none,3.6846746128744976,2222.686046019238,,,1.0
ctrl_full_dlydm2intseq_netseed1_lnp_rescale_p80_pruneseed0,lnp_rescale,noise_prune,dlydm2intseq,1,0.0,80,0.8,0.1987761907553228,0.5573249444759244,0.3566612130419539,49148.0,2.015162229537964,none,5.217363462338663,511.5368298096711,,,1.0
ctrl_full_dlydm2intseq_netseed1_lnp_rescale_p80_pruneseed1,lnp_rescale,noise_prune,dlydm2intseq,1,1.0,80,0.8,0.1786312094153201,0.5573249444759244,0.3205153675353512,49304.0,2.145270586013794,none,5.219710394561279,435.62379102334194,,,1.0
ctrl_full_dlydm2intseq_netseed1_lnp_rescale_p80_pruneseed2,lnp_rescale,noise_prune,dlydm2intseq,1,2.0,80,0.8,0.1712616502862502,0.5573249444759244,0.30729227533013903,49095.0,2.0154800415039062,none,5.30109322744556,1111.8976768240218,,,1.0
ctrl_full_dlydm2intseq_netseed1_snp_rescale_p50_pruneseed0,snp_rescale,simulation_noise_prune_rescale,dlydm2intseq,1,0.0,50,0.5,0.5520721389632467,0.5573249444759244,0.9905749678625687,121137.0,0.7606980204582214,none,2.1524150538906293,337.1802943639535,,,0.0
ctrl_full_dlydm2intseq_netseed1_snp_rescale_p50_pruneseed1,snp_rescale,simulation_noise_prune_rescale,dlydm2intseq,1,1.0,50,0.5,0.5564587037652162,0.5573249444759244,0.9984457169568774,120935.0,0.6881617903709412,none,2.1597049969430206,1222.7871501986317,,,0.0
ctrl_full_dlydm2intseq_netseed1_snp_rescale_p50_pruneseed2,snp_rescale,simulation_noise_prune_rescale,dlydm2intseq,1,2.0,50,0.5,0.5361606648560282,0.5573249444759244,0.9620252424915273,120970.0,0.6838611364364624,none,2.1522100054814284,699.3389028233158,,,0.0
ctrl_full_dlydm2intseq_netseed1_snp_rescale_p60_pruneseed0,snp_rescale,simulation_noise_prune_rescale,dlydm2intseq,1,0.0,60,0.6,0.5957619336055804,0.5573249444759244,1.0689669276615634,100753.0,0.964818239212036,none,2.597783287604545,421.4753679549418,,,0.0
ctrl_full_dlydm2intseq_netseed1_snp_rescale_p60_pruneseed1,snp_rescale,simulation_noise_prune_rescale,dlydm2intseq,1,1.0,60,0.6,0.588757107407335,0.5573249444759244,1.0563982704218766,100731.0,0.9334834814071656,none,2.58701111319653,446.1054659767297,,,0.0
ctrl_full_dlydm2intseq_netseed1_snp_rescale_p60_pruneseed2,snp_rescale,simulation_noise_prune_rescale,dlydm2intseq,1,2.0,60,0.6,0.5937200805017683,0.5573249444759244,1.065303260488489,100456.0,0.8514466881752014,none,2.596492015197404,874.1736285291447,,,0.0
ctrl_full_dlydm2intseq_netseed1_snp_rescale_p70_pruneseed0,snp_rescale,simulation_noise_prune_rescale,dlydm2intseq,1,0.0,70,0.7,0.4971602936100093,0.5573249444759244,0.8920474465350005,77465.0,1.3081071376800537,none,3.390391935997615,561.9671572732558,,,0.0
ctrl_full_dlydm2intseq_netseed1_snp_rescale_p70_pruneseed1,snp_rescale,simulation_noise_prune_rescale,dlydm2intseq,1,1.0,70,0.7,0.4381354331529208,0.5573249444759244,0.7861400023372677,77004.0,1.286935567855835,none,3.366179037116611,594.8072879689729,,,0.0
ctrl_full_dlydm2intseq_netseed1_snp_rescale_p70_pruneseed2,snp_rescale,simulation_noise_prune_rescale,dlydm2intseq,1,2.0,70,0.7,0.50975334935553,0.5573249444759244,0.9146429823536286,77368.0,1.3965933322906494,none,3.3941468547428735,1165.5648380388595,,,0.0
ctrl_full_dlydm2intseq_netseed1_snp_rescale_p80_pruneseed0,snp_rescale,simulation_noise_prune_rescale,dlydm2intseq,1,0.0,80,0.8,0.2384343838944358,0.5573249444759244,0.4278193292041602,52049.0,1.8827649354934692,none,4.982826834079699,842.950735909884,,,0.0
ctrl_full_dlydm2intseq_netseed1_snp_rescale_p80_pruneseed1,snp_rescale,simulation_noise_prune_rescale,dlydm2intseq,1,1.0,80,0.8,0.1755863407517406,0.5573249444759244,0.31505200420708185,52094.0,2.013139486312866,none,5.027525087358995,892.2109319534597,,,0.0
ctrl_full_dlydm2intseq_netseed1_snp_rescale_p80_pruneseed2,snp_rescale,simulation_noise_prune_rescale,dlydm2intseq,1,2.0,80,0.8,0.2498257748946508,0.5573249444759244,0.4482587355381559,52332.0,1.989527940750122,none,5.052816616198861,1748.34725705829,,,0.0
ctrl_full_dlydm2intseq_netseed1_lnp_shuffled_p50_pruneseed0,lnp_shuffled,noise_prune_shuffled_rescale,dlydm2intseq,1,0.0,50,0.5,0.0837550557845991,0.5573249444759244,0.15028047212808218,111806.0,3.691667318344116,shuffle,2.3398630840348003,547.2767567498403,,,1.0
ctrl_full_dlydm2intseq_netseed1_lnp_shuffled_p50_pruneseed1,lnp_shuffled,noise_prune_shuffled_rescale,dlydm2intseq,1,1.0,50,0.5,0.0867054846714472,0.5573249444759244,0.15557438354563502,112112.0,3.548686981201172,shuffle,2.35377040156535,303.39224439209204,,,1.0
ctrl_full_dlydm2intseq_netseed1_lnp_shuffled_p50_pruneseed2,lnp_shuffled,noise_prune_shuffled_rescale,dlydm2intseq,1,2.0,50,0.5,0.0634928388596885,0.5573249444759244,0.1139242725254177,111761.0,3.4038150310516357,shuffle,2.3422034881228098,371.84053836717106,,,1.0
ctrl_full_dlydm2intseq_netseed1_lnp_shuffled_p60_pruneseed0,lnp_shuffled,noise_prune_shuffled_rescale,dlydm2intseq,1,0.0,60,0.6,0.0701068797749076,0.5573249444759244,0.12579174944489876,92361.0,4.071696758270264,shuffle,2.8186864181020814,391.34023733287864,,,1.0
ctrl_full_dlydm2intseq_netseed1_lnp_shuffled_p60_pruneseed1,lnp_shuffled,noise_prune_shuffled_rescale,dlydm2intseq,1,1.0,60,0.6,0.0617538443502217,0.5573249444759244,0.11080402010050239,92605.0,4.154999256134033,shuffle,2.8417331436217377,367.7237726326802,,,1.0
ctrl_full_dlydm2intseq_netseed1_lnp_shuffled_p60_pruneseed2,lnp_shuffled,noise_prune_shuffled_rescale,dlydm2intseq,1,2.0,60,0.6,0.0633625770986798,0.5573249444759244,0.1136905457520159,92641.0,3.8688485622406006,shuffle,2.819751829377558,464.80067295896384,,,1.0
ctrl_full_dlydm2intseq_netseed1_lnp_shuffled_p70_pruneseed0,lnp_shuffled,noise_prune_shuffled_rescale,dlydm2intseq,1,0.0,70,0.7,0.0802217055172368,0.5573249444759244,0.14394063339955576,71472.0,4.779479503631592,shuffle,3.6451806345415023,381.9682569085288,,,1.0
ctrl_full_dlydm2intseq_netseed1_lnp_shuffled_p70_pruneseed1,lnp_shuffled,noise_prune_shuffled_rescale,dlydm2intseq,1,1.0,70,0.7,0.0469267994034011,0.5573249444759244,0.08420007011803196,71845.0,5.208435535430908,shuffle,3.665866528821124,490.29836351024016,,,1.0
ctrl_full_dlydm2intseq_netseed1_lnp_shuffled_p70_pruneseed2,lnp_shuffled,noise_prune_shuffled_rescale,dlydm2intseq,1,2.0,70,0.7,0.0489426001550114,0.5573249444759244,0.08781699193642614,71614.0,4.533087730407715,shuffle,3.6638900570978463,619.7342306119517,,,1.0
ctrl_full_dlydm2intseq_netseed1_lnp_shuffled_p80_pruneseed0,lnp_shuffled,noise_prune_shuffled_rescale,dlydm2intseq,1,0.0,80,0.8,0.0830125637468492,0.5573249444759244,0.1489482295196913,49280.0,5.801767349243164,shuffle,5.297983741348955,572.9523853627934,,,1.0
ctrl_full_dlydm2intseq_netseed1_lnp_shuffled_p80_pruneseed1,lnp_shuffled,noise_prune_shuffled_rescale,dlydm2intseq,1,1.0,80,0.8,0.0834000924858503,0.5573249444759244,0.14964356667056208,49377.0,6.117079734802246,shuffle,5.3438557916390925,735.4475452653605,,,1.0
ctrl_full_dlydm2intseq_netseed1_lnp_shuffled_p80_pruneseed2,lnp_shuffled,noise_prune_shuffled_rescale,dlydm2intseq,1,2.0,80,0.8,0.0359620156704898,0.5573249444759244,0.06452611896692757,49194.0,5.014893054962158,shuffle,5.291412447495479,929.601345917928,,,1.0
ctrl_full_dlydm2intseq_netseed1_lnp_uniform_p50_pruneseed0,lnp_uniform,noise_prune_uniform_rescale,dlydm2intseq,1,0.0,50,0.5,0.3159336186065899,0.5573249444759244,0.5668750730396166,111701.0,1.524029016494751,uniform,2.339155863558972,2.3391558635589726,,,1.0
ctrl_full_dlydm2intseq_netseed1_lnp_uniform_p50_pruneseed1,lnp_uniform,noise_prune_uniform_rescale,dlydm2intseq,1,1.0,50,0.5,0.2936165224017663,0.5573249444759244,0.5268318335865372,112185.0,1.7630130052566528,uniform,2.339155863558972,2.3391558635589726,,,1.0
ctrl_full_dlydm2intseq_netseed1_lnp_uniform_p50_pruneseed2,lnp_uniform,noise_prune_uniform_rescale,dlydm2intseq,1,2.0,50,0.5,0.2873509316972456,0.5573249444759244,0.5155895757859063,111831.0,1.4055514335632324,uniform,2.339155863558972,2.3391558635589726,,,1.0
ctrl_full_dlydm2intseq_netseed1_lnp_uniform_p60_pruneseed0,lnp_uniform,noise_prune_uniform_rescale,dlydm2intseq,1,0.0,60,0.6,0.2133622514442772,0.5573249444759244,0.3828327684936308,92252.0,1.8564516305923464,uniform,2.830017061015156,2.8300170610151567,,,1.0
ctrl_full_dlydm2intseq_netseed1_lnp_uniform_p60_pruneseed1,lnp_uniform,noise_prune_uniform_rescale,dlydm2intseq,1,1.0,60,0.6,0.1941844636797645,0.5573249444759244,0.3484223442795372,92785.0,1.7089686393737793,uniform,2.830017061015156,2.8300170610151567,,,1.0
ctrl_full_dlydm2intseq_netseed1_lnp_uniform_p60_pruneseed2,lnp_uniform,noise_prune_uniform_rescale,dlydm2intseq,1,2.0,60,0.6,0.2033255827585533,0.5573249444759244,0.36482412060301506,92521.0,1.6784582138061523,uniform,2.830017061015156,2.8300170610151567,,,1.0
ctrl_full_dlydm2intseq_netseed1_lnp_uniform_p70_pruneseed0,lnp_uniform,noise_prune_uniform_rescale,dlydm2intseq,1,0.0,70,0.7,0.1435712564398158,0.5573249444759244,0.2576078064742316,71192.0,2.4066083431243896,uniform,3.661946816167941,3.6619468161679425,,,1.0
ctrl_full_dlydm2intseq_netseed1_lnp_uniform_p70_pruneseed1,lnp_uniform,noise_prune_uniform_rescale,dlydm2intseq,1,1.0,70,0.7,0.114907155929841,0.5573249444759244,0.206176229987145,71720.0,2.2677483558654785,uniform,3.661946816167941,3.6619468161679425,,,1.0
ctrl_full_dlydm2intseq_netseed1_lnp_uniform_p70_pruneseed2,lnp_uniform,noise_prune_uniform_rescale,dlydm2intseq,1,2.0,70,0.7,0.1630323635345226,0.5573249444759244,0.2925265864204744,71486.0,2.0845143795013428,uniform,3.661946816167941,3.6619468161679425,,,1.0
ctrl_full_dlydm2intseq_netseed1_lnp_uniform_p80_pruneseed0,lnp_uniform,noise_prune_uniform_rescale,dlydm2intseq,1,0.0,80,0.8,0.0688628799572741,0.5573249444759244,0.12355965875891074,49349.0,3.306302785873413,uniform,5.315862443945603,5.315862443945601,,,1.0
ctrl_full_dlydm2intseq_netseed1_lnp_uniform_p80_pruneseed1,lnp_uniform,noise_prune_uniform_rescale,dlydm2intseq,1,1.0,80,0.8,0.0774862085360532,0.5573249444759244,0.13903237115811617,49311.0,2.845489740371704,uniform,5.315862443945603,5.315862443945601,,,1.0
ctrl_full_dlydm2intseq_netseed1_lnp_uniform_p80_pruneseed2,lnp_uniform,noise_prune_uniform_rescale,dlydm2intseq,1,2.0,80,0.8,0.0834359144701277,0.5573249444759244,0.1497078415332476,49256.0,2.826409339904785,uniform,5.315862443945604,5.315862443945601,,,1.0
ctrl_full_dlydm2intseq_netseed1_snp_shuffled_p50_pruneseed0,snp_shuffled,simulation_noise_prune_shuffled_rescale,dlydm2intseq,1,0.0,50,0.5,0.0676449324918423,0.5573249444759244,0.121374313427603,120931.0,3.64233922958374,shuffle,2.1600987116537067,430.28310445693864,,,0.0
ctrl_full_dlydm2intseq_netseed1_snp_shuffled_p50_pruneseed1,snp_shuffled,simulation_noise_prune_shuffled_rescale,dlydm2intseq,1,1.0,50,0.5,0.0916196096055022,0.5573249444759244,0.16439172607222144,120915.0,3.750776529312134,shuffle,2.1660709131722298,540.878373197969,,,0.0
ctrl_full_dlydm2intseq_netseed1_snp_shuffled_p50_pruneseed2,snp_shuffled,simulation_noise_prune_shuffled_rescale,dlydm2intseq,1,2.0,50,0.5,0.0923555885552016,0.5573249444759244,0.1657122823419421,121190.0,3.04111647605896,shuffle,2.161809741675232,824.9994767034061,,,0.0
ctrl_full_dlydm2intseq_netseed1_snp_shuffled_p60_pruneseed0,snp_shuffled,simulation_noise_prune_shuffled_rescale,dlydm2intseq,1,0.0,60,0.6,0.0715299895139282,0.5573249444759244,0.12834521444431451,100584.0,5.732706546783447,shuffle,2.6041990825155077,537.8538805711732,,,0.0
ctrl_full_dlydm2intseq_netseed1_snp_shuffled_p60_pruneseed1,snp_shuffled,simulation_noise_prune_shuffled_rescale,dlydm2intseq,1,1.0,60,0.6,0.0696705028755283,0.5573249444759244,0.12500876475400244,100486.0,4.207714557647705,shuffle,2.600335478119898,676.0979664974612,,,0.0
ctrl_full_dlydm2intseq_netseed1_snp_shuffled_p60_pruneseed2,snp_shuffled,simulation_noise_prune_shuffled_rescale,dlydm2intseq,1,2.0,60,0.6,0.072405999856712,0.5573249444759244,0.12991702699544222,100511.0,3.7928640842437744,shuffle,2.608426457115984,1031.2493458792578,,,0.0
ctrl_full_dlydm2intseq_netseed1_snp_shuffled_p70_pruneseed0,snp_shuffled,simulation_noise_prune_shuffled_rescale,dlydm2intseq,1,0.0,70,0.7,0.0647498648534229,0.5573249444759244,0.11617973588874596,77291.0,8.026697158813477,shuffle,3.3967123152489074,587.2759482444609,,,0.0
ctrl_full_dlydm2intseq_netseed1_snp_shuffled_p70_pruneseed1,snp_shuffled,simulation_noise_prune_shuffled_rescale,dlydm2intseq,1,1.0,70,0.7,0.0578166826237323,0.5573249444759244,0.10373962837443013,77280.0,5.321846961975098,shuffle,3.3743220890366117,901.4639553299484,,,0.0
ctrl_full_dlydm2intseq_netseed1_snp_shuffled_p70_pruneseed2,snp_shuffled,simulation_noise_prune_shuffled_rescale,dlydm2intseq,1,2.0,70,0.7,0.046806307274468,0.5573249444759244,0.08398387285263519,77517.0,4.548940658569336,shuffle,3.3980864392372077,1374.99912783901,,,0.0
ctrl_full_dlydm2intseq_netseed1_snp_shuffled_p80_pruneseed0,snp_shuffled,simulation_noise_prune_shuffled_rescale,dlydm2intseq,1,0.0,80,0.8,0.0481382337807824,0.5573249444759244,0.08637372911066947,52087.0,5.355016708374023,shuffle,5.003217729202578,501.9636787382169,,,0.0
ctrl_full_dlydm2intseq_netseed1_snp_shuffled_p80_pruneseed1,snp_shuffled,simulation_noise_prune_shuffled_rescale,dlydm2intseq,1,1.0,80,0.8,0.062086011840794,0.5573249444759244,0.1114000233726772,52136.0,5.472695827484131,shuffle,4.9648982418787915,578.7887360546301,,,0.0
ctrl_full_dlydm2intseq_netseed1_snp_shuffled_p80_pruneseed2,snp_shuffled,simulation_noise_prune_shuffled_rescale,dlydm2intseq,1,2.0,80,0.8,0.0475390296801422,0.5573249444759244,0.08529858595302084,52296.0,7.385897636413574,shuffle,5.037138560457041,2062.498691758516,,,0.0
ctrl_full_dlydm2intseq_netseed1_snp_uniform_p50_pruneseed0,snp_uniform,simulation_noise_prune_uniform_rescale,dlydm2intseq,1,0.0,50,0.5,0.3782899236014772,0.5573249444759244,0.6787600794671029,121097.0,1.3515679836273191,uniform,2.1639752625628215,2.163975262562821,,,0.0
ctrl_full_dlydm2intseq_netseed1_snp_uniform_p50_pruneseed1,snp_uniform,simulation_noise_prune_uniform_rescale,dlydm2intseq,1,1.0,50,0.5,0.3656480196955782,0.5573249444759244,0.6560768961084491,120999.0,1.3963528871536257,uniform,2.163554388532123,2.1635543885321225,,,0.0
ctrl_full_dlydm2intseq_netseed1_snp_uniform_p50_pruneseed2,snp_uniform,simulation_noise_prune_uniform_rescale,dlydm2intseq,1,2.0,50,0.5,0.415710870995265,0.5573249444759244,0.7459039382961318,121141.0,1.175603985786438,uniform,2.1633683981080085,2.1633683981080076,,,0.0
ctrl_full_dlydm2intseq_netseed1_snp_uniform_p60_pruneseed0,snp_uniform,simulation_noise_prune_uniform_rescale,dlydm2intseq,1,0.0,60,0.6,0.2849215498544324,0.5573249444759244,0.5112305714619608,100650.0,1.5349771976470947,uniform,2.605549256125123,2.605549256125123,,,0.0
ctrl_full_dlydm2intseq_netseed1_snp_uniform_p60_pruneseed1,snp_uniform,simulation_noise_prune_uniform_rescale,dlydm2intseq,1,1.0,60,0.6,0.2563844545614412,0.5573249444759244,0.4600268785789412,100466.0,1.7383431196212769,uniform,2.6051507079567005,2.605150707956701,,,0.0
ctrl_full_dlydm2intseq_netseed1_snp_uniform_p60_pruneseed2,snp_uniform,simulation_noise_prune_uniform_rescale,dlydm2intseq,1,2.0,60,0.6,0.3151650742166383,0.5573249444759244,0.5654960850765455,100940.0,1.4927866458892822,uniform,2.605002462265499,2.6050024622654986,,,0.0
ctrl_full_dlydm2intseq_netseed1_snp_uniform_p70_pruneseed0,snp_uniform,simulation_noise_prune_uniform_rescale,dlydm2intseq,1,0.0,70,0.7,0.1748568748900916,0.5573249444759244,0.31374313427603123,77211.0,2.0455658435821533,uniform,3.3908356855921444,3.3908356855921444,,,0.0
ctrl_full_dlydm2intseq_netseed1_snp_uniform_p70_pruneseed1,snp_uniform,simulation_noise_prune_uniform_rescale,dlydm2intseq,1,1.0,70,0.7,0.1117613344014797,0.5573249444759244,0.20053172840948916,77165.0,2.140812873840332,uniform,3.390585033387829,3.3905850333878296,,,0.0
ctrl_full_dlydm2intseq_netseed1_snp_uniform_p70_pruneseed2,snp_uniform,simulation_noise_prune_uniform_rescale,dlydm2intseq,1,2.0,70,0.7,0.1739157336668034,0.5573249444759244,0.31205445833820256,77268.0,1.9150272607803345,uniform,3.3904609284323604,3.390460928432358,,,0.0
ctrl_full_dlydm2intseq_netseed1_snp_uniform_p80_pruneseed0,snp_uniform,simulation_noise_prune_uniform_rescale,dlydm2intseq,1,0.0,80,0.8,0.0709079896051114,0.5573249444759244,0.12722916910132043,52093.0,2.6701455116271973,uniform,5.0195759297212845,5.019575929721284,,,0.0
ctrl_full_dlydm2intseq_netseed1_snp_uniform_p80_pruneseed1,snp_uniform,simulation_noise_prune_uniform_rescale,dlydm2intseq,1,1.0,80,0.8,0.0531533115796192,0.5573249444759244,0.09537220988664243,52150.0,3.005683660507202,uniform,5.019473310769669,5.019473310769671,,,0.0
ctrl_full_dlydm2intseq_netseed1_snp_uniform_p80_pruneseed2,snp_uniform,simulation_noise_prune_uniform_rescale,dlydm2intseq,1,2.0,80,0.8,0.0789744491555781,0.5573249444759244,0.1417026995442327,52287.0,2.707709789276123,uniform,5.019397404532447,5.019397404532446,,,0.0
ctrl_full_dlydm2intseq_netseed1_magnitude_p50_pruneseed0,magnitude,l1_unstructured,dlydm2intseq,1,0.0,50,0.5,0.5934823527879274,0.5573249444759244,1.0648767091270306,131072.0,0.5176271796226501,,,,,,
ctrl_full_dlydm2intseq_netseed1_magnitude_p60_pruneseed0,magnitude,l1_unstructured,dlydm2intseq,1,0.0,60,0.6,0.3241922142545445,0.5573249444759244,0.5816933504732966,104858.0,0.5087985992431641,,,,,,
ctrl_full_dlydm2intseq_netseed1_magnitude_p70_pruneseed0,magnitude,l1_unstructured,dlydm2intseq,1,0.0,70,0.7,0.1182353439236145,0.5573249444759244,0.21214794904756337,78643.0,0.5195462703704834,,,,,,
ctrl_full_dlydm2intseq_netseed1_magnitude_p80_pruneseed0,magnitude,l1_unstructured,dlydm2intseq,1,0.0,80,0.8,0.056530347733771,0.5573249444759244,0.10143157648708656,52429.0,0.5085382461547852,,,,,,
ctrl_full_dlydm2intseq_netseed1_magnitude_gain_invdensity_p50_pruneseed0,magnitude_gain_invdensity,l1_unstructured_gain,dlydm2intseq,1,0.0,50,0.5,0.0458521398750789,0.5573249444759244,0.08227182423746626,131072.0,2.0293262004852295,,,,1.99609375,1.5751462837539698,
ctrl_full_dlydm2intseq_netseed1_magnitude_gain_invdensity_p60_pruneseed0,magnitude_gain_invdensity,l1_unstructured_gain,dlydm2intseq,1,0.0,60,0.6,0.0433836795039632,0.5573249444759244,0.0778427018815005,104858.0,2.764615058898926,,,,2.495107669419596,1.7269819102675628,
ctrl_full_dlydm2intseq_netseed1_magnitude_gain_invdensity_p70_pruneseed0,magnitude_gain_invdensity,l1_unstructured_gain,dlydm2intseq,1,0.0,70,0.7,0.0413092609598989,0.5573249444759244,0.07412060301507534,78643.0,4.05527400970459,,,,3.326831377236372,1.9080876082632987,
ctrl_full_dlydm2intseq_netseed1_magnitude_gain_invdensity_p80_pruneseed0,magnitude_gain_invdensity,l1_unstructured_gain,dlydm2intseq,1,0.0,80,0.8,0.040908706044797,0.5573249444759244,0.07340189318686452,52429.0,6.527930736541748,,,,4.990215338839192,2.144310151292095,
ctrl_full_dlydm2intseq_netseed1_magnitude_gain_matchl1_p50_pruneseed0,magnitude_gain_matchl1,l1_unstructured_gain,dlydm2intseq,1,0.0,50,0.5,0.0765190149605632,0.5573249444759244,0.137296949865607,131072.0,0.92320317029953,,,,1.2672434491012838,1.0,
ctrl_full_dlydm2intseq_netseed1_magnitude_gain_matchl1_p60_pruneseed0,magnitude_gain_matchl1,l1_unstructured_gain,dlydm2intseq,1,0.0,60,0.6,0.0611057920892032,0.5573249444759244,0.10964122940282799,104858.0,1.179880976676941,,,,1.444779292440867,1.0,
ctrl_full_dlydm2intseq_netseed1_magnitude_gain_matchl1_p70_pruneseed0,magnitude_gain_matchl1,l1_unstructured_gain,dlydm2intseq,1,0.0,70,0.7,0.0597543263187375,0.5573249444759244,0.10721631412878344,78643.0,1.6493932008743286,,,,1.7435423361403664,1.0,
ctrl_full_dlydm2intseq_netseed1_magnitude_gain_matchl1_p80_pruneseed0,magnitude_gain_matchl1,l1_unstructured_gain,dlydm2intseq,1,0.0,80,0.8,0.0562958765639552,0.5573249444759244,0.10101086829496306,52429.0,2.5106539726257324,,,,2.327189199018747,1.0,
ctrl_full_dlydm2intseq_netseed1_random_p50_pruneseed0,random,random_unstructured,dlydm2intseq,1,0.0,50,0.5,0.0735783557057907,0.5573249444759244,0.1320205679560592,130812.0,0.1614745110273361,,,,,,
ctrl_full_dlydm2intseq_netseed1_random_p50_pruneseed1,random,random_unstructured,dlydm2intseq,1,1.0,50,0.5,0.0680324612308433,0.5573249444759244,0.12206965057847362,130817.0,0.0938955694437027,,,,,,
ctrl_full_dlydm2intseq_netseed1_random_p50_pruneseed2,random,random_unstructured,dlydm2intseq,1,2.0,50,0.5,0.0643069748659932,0.5573249444759244,0.11538506485917958,130825.0,0.1285617649555206,,,,,,
ctrl_full_dlydm2intseq_netseed1_random_p60_pruneseed0,random,random_unstructured,dlydm2intseq,1,0.0,60,0.6,0.0829669721304962,0.5573249444759244,0.14886642514900075,104643.0,0.0670884028077125,,,,,,
ctrl_full_dlydm2intseq_netseed1_random_p60_pruneseed1,random,random_unstructured,dlydm2intseq,1,1.0,60,0.6,0.0847776106085178,0.5573249444759244,0.1521152272992871,104649.0,-0.0036380488891154,,,,,,
ctrl_full_dlydm2intseq_netseed1_random_p60_pruneseed2,random,random_unstructured,dlydm2intseq,1,2.0,60,0.6,0.0743924917120954,0.5573249444759244,0.1334813602898211,104657.0,0.0044985623098909,,,,,,
ctrl_full_dlydm2intseq_netseed1_random_p70_pruneseed0,random,random_unstructured,dlydm2intseq,1,0.0,70,0.7,0.0774210776555488,0.5573249444759244,0.13891550777141518,78486.0,-0.0411210134625434,,,,,,
ctrl_full_dlydm2intseq_netseed1_random_p70_pruneseed1,random,random_unstructured,dlydm2intseq,1,1.0,70,0.7,0.0793359255423774,0.5573249444759244,0.14235129134042301,78484.0,-0.0433346405625343,,,,,,
ctrl_full_dlydm2intseq_netseed1_random_p70_pruneseed2,random,random_unstructured,dlydm2intseq,1,2.0,70,0.7,0.0821854015644437,0.5573249444759244,0.14746406450858937,78487.0,-0.0822306498885154,,,,,,
ctrl_full_dlydm2intseq_netseed1_random_p80_pruneseed0,random,random_unstructured,dlydm2intseq,1,0.0,80,0.8,0.0549313846173886,0.5573249444759244,0.09856258034357827,52325.0,-0.2601043879985809,,,,,,
ctrl_full_dlydm2intseq_netseed1_random_p80_pruneseed1,random,random_unstructured,dlydm2intseq,1,1.0,80,0.8,0.0586731537023649,0.5573249444759244,0.10527638190954773,52335.0,-0.2340985387563705,,,,,,
ctrl_full_dlydm2intseq_netseed1_random_p80_pruneseed2,random,random_unstructured,dlydm2intseq,1,2.0,80,0.8,0.0617538443502217,0.5573249444759244,0.11080402010050239,52322.0,-0.2504918575286865,,,,,,
ctrl_full_dlydm2intseq_netseed1_random_gain_invdensity_p50_pruneseed0,random_gain_invdensity,random_unstructured_gain,dlydm2intseq,1,0.0,50,0.5,0.3823736298091014,0.5573249444759244,0.6860874138132522,130812.0,1.3230202198028564,,,,2.0000611564688255,0.9968693409375432,
ctrl_full_dlydm2intseq_netseed1_random_gain_invdensity_p50_pruneseed1,random_gain_invdensity,random_unstructured_gain,dlydm2intseq,1,1.0,50,0.5,0.3268332714589969,0.5573249444759244,0.5864321608040202,130817.0,1.187774419784546,,,,1.999984711467164,1.0000813513457585,
ctrl_full_dlydm2intseq_netseed1_random_gain_invdensity_p50_pruneseed2,random_gain_invdensity,random_unstructured_gain,dlydm2intseq,1,2.0,50,0.5,0.4469867198134651,0.5573249444759244,0.8020217365899263,130825.0,1.2569682598114014,,,,1.999862411618574,1.0007224094651102,
ctrl_full_dlydm2intseq_netseed1_random_gain_invdensity_p60_pruneseed0,random_gain_invdensity,random_unstructured_gain,dlydm2intseq,1,0.0,60,0.6,0.2136944189348495,0.5573249444759244,0.3834287717658056,104643.0,1.6679707765579224,,,,2.500234129373202,0.9964167348757264,
ctrl_full_dlydm2intseq_netseed1_random_gain_invdensity_p60_pruneseed1,random_gain_invdensity,random_unstructured_gain,dlydm2intseq,1,1.0,60,0.6,0.2103987963813282,0.5573249444759244,0.3775154843987377,104649.0,1.4909954071044922,,,,2.5000907796538905,0.9994260210604836,
ctrl_full_dlydm2intseq_netseed1_random_gain_invdensity_p60_pruneseed2,random_gain_invdensity,random_unstructured_gain,dlydm2intseq,1,2.0,60,0.6,0.3244299419683855,0.5573249444759244,0.5821199018347551,104657.0,1.5111455917358398,,,,2.4998996722627247,1.0015853997645567,
ctrl_full_dlydm2intseq_netseed1_random_gain_invdensity_p70_pruneseed0,random_gain_invdensity,random_unstructured_gain,dlydm2intseq,1,0.0,70,0.7,0.1259305574552062,0.5573249444759244,0.22595535818628018,78486.0,2.1964099407196045,,,,3.3334862268430037,0.9923527356292968,
ctrl_full_dlydm2intseq_netseed1_random_gain_invdensity_p70_pruneseed1,random_gain_invdensity,random_unstructured_gain,dlydm2intseq,1,1.0,70,0.7,0.1353289435119873,0.5573249444759244,0.24281874488722674,78484.0,2.1891121864318848,,,,3.3335711737424187,0.9974024063347484,
ctrl_full_dlydm2intseq_netseed1_random_gain_invdensity_p70_pruneseed2,random_gain_invdensity,random_unstructured_gain,dlydm2intseq,1,2.0,70,0.7,0.2021923054377772,0.5573249444759244,0.36279069767441857,78487.0,2.0593323707580566,,,,3.333443755016754,1.0027346659254657,
ctrl_full_dlydm2intseq_netseed1_random_gain_invdensity_p80_pruneseed0,random_gain_invdensity,random_unstructured_gain,dlydm2intseq,1,0.0,80,0.8,0.0825240821430664,0.5573249444759244,0.1480717541194342,52325.0,2.6995770931243896,,,,5.000133779264214,0.9969499786750056,
ctrl_full_dlydm2intseq_netseed1_random_gain_invdensity_p80_pruneseed1,random_gain_invdensity,random_unstructured_gain,dlydm2intseq,1,1.0,80,0.8,0.0752880413190306,0.5573249444759244,0.1350882318569592,52335.0,2.828878164291382,,,,4.999178370115601,0.998052800829308,
ctrl_full_dlydm2intseq_netseed1_random_gain_invdensity_p80_pruneseed2,random_gain_invdensity,random_unstructured_gain,dlydm2intseq,1,2.0,80,0.8,0.0999465926779864,0.5573249444759244,0.17933271006193757,52322.0,2.7478559017181396,,,,5.0004204732235005,1.0055787517896702,
ctrl_full_dlydm2intseq_netseed2_lnp_rescale_p50_pruneseed0,lnp_rescale,noise_prune,dlydm2intseq,2,0.0,50,0.5,0.6836951353745351,0.7224838312589148,0.9463120222126062,123323.0,1.1712111234664917,none,2.1173176757155936,545.9631378451667,,,2.0
ctrl_full_dlydm2intseq_netseed2_lnp_rescale_p50_pruneseed1,lnp_rescale,noise_prune,dlydm2intseq,2,1.0,50,0.5,0.7076079381517159,0.7224838312589148,0.9794100677917207,123731.0,1.108475923538208,none,2.1071138560180973,273.9127488760652,,,2.0
ctrl_full_dlydm2intseq_netseed2_lnp_rescale_p50_pruneseed2,lnp_rescale,noise_prune,dlydm2intseq,2,2.0,50,0.5,0.6689918391006728,0.7224838312589148,0.9259609837011396,123431.0,1.0415891408920288,none,2.1235618477329594,300.53551737356867,,,2.0
ctrl_full_dlydm2intseq_netseed2_lnp_rescale_p60_pruneseed0,lnp_rescale,noise_prune,dlydm2intseq,2,0.0,60,0.6,0.5870278825299439,0.7224838312589148,0.8125135222847252,101970.0,1.244767189025879,none,2.547962716328491,682.4539223064583,,,2.0
ctrl_full_dlydm2intseq_netseed2_lnp_rescale_p60_pruneseed1,lnp_rescale,noise_prune,dlydm2intseq,2,1.0,60,0.6,0.6188182653041286,0.7224838312589148,0.8565150367806145,102326.0,0.963875651359558,none,2.5512599449273963,342.39093609508154,,,2.0
ctrl_full_dlydm2intseq_netseed2_lnp_rescale_p60_pruneseed2,lnp_rescale,noise_prune,dlydm2intseq,2,2.0,60,0.6,0.6234002227476113,0.7224838312589148,0.862856988316746,102005.0,0.9086307883262634,none,2.5692152444115584,375.6693967169608,,,2.0
ctrl_full_dlydm2intseq_netseed2_lnp_rescale_p70_pruneseed0,lnp_rescale,noise_prune,dlydm2intseq,2,0.0,70,0.7,0.3937226857369885,0.7224838312589148,0.5449570892831386,78013.0,1.3636890649795532,none,3.336115403620575,909.9385630752776,,,2.0
ctrl_full_dlydm2intseq_netseed2_lnp_rescale_p70_pruneseed1,lnp_rescale,noise_prune,dlydm2intseq,2,1.0,70,0.7,0.4087614060454483,0.7224838312589148,0.5657723929035049,78108.0,1.315229058265686,none,3.320421656213117,456.52124812677533,,,2.0
ctrl_full_dlydm2intseq_netseed2_lnp_rescale_p70_pruneseed2,lnp_rescale,noise_prune,dlydm2intseq,2,2.0,70,0.7,0.339494714629047,0.7224838312589148,0.4698993942016442,77784.0,1.3244004249572754,none,3.3502041191447107,426.4359357058407,,,2.0
ctrl_full_dlydm2intseq_netseed2_lnp_rescale_p80_pruneseed0,lnp_rescale,noise_prune,dlydm2intseq,2,0.0,80,0.8,0.1853494597393462,0.7224838312589148,0.2565447858070099,52303.0,1.831501007080078,none,4.963475164512867,625.379225947074,,,2.0
ctrl_full_dlydm2intseq_netseed2_lnp_rescale_p80_pruneseed1,lnp_rescale,noise_prune,dlydm2intseq,2,1.0,80,0.8,0.140402639103278,0.7224838312589148,0.1943332612144814,52429.0,1.972623348236084,none,4.902832059628388,388.5922437356052,,,2.0
ctrl_full_dlydm2intseq_netseed2_lnp_rescale_p80_pruneseed2,lnp_rescale,noise_prune,dlydm2intseq,2,2.0,80,0.8,0.1576492962608361,0.7224838312589148,0.2182046011827491,52152.0,1.831782579421997,none,4.987231264016794,639.6539035587613,,,2.0
ctrl_full_dlydm2intseq_netseed2_snp_rescale_p50_pruneseed0,snp_rescale,simulation_noise_prune_rescale,dlydm2intseq,2,0.0,50,0.5,0.671883650195067,0.7224838312589148,0.9299635799798067,121723.0,1.1993522644042969,none,2.151675877764772,586.2300097288206,,,0.0
ctrl_full_dlydm2intseq_netseed2_snp_rescale_p50_pruneseed1,snp_rescale,simulation_noise_prune_rescale,dlydm2intseq,2,1.0,50,0.5,0.6808033242801409,0.7224838312589148,0.9423094259339391,121708.0,1.1525038480758667,none,2.1504406034756247,1544.9256072570586,,,0.0
ctrl_full_dlydm2intseq_netseed2_snp_rescale_p50_pruneseed2,snp_rescale,simulation_noise_prune_rescale,dlydm2intseq,2,2.0,50,0.5,0.660000521047044,0.7224838312589148,0.9135159743256887,121815.0,1.1278541088104248,none,2.160902009780858,579.7502579745266,,,0.0
ctrl_full_dlydm2intseq_netseed2_snp_rescale_p60_pruneseed0,snp_rescale,simulation_noise_prune_rescale,dlydm2intseq,2,0.0,60,0.6,0.5642255612653627,0.7224838312589148,0.7809525097360449,101230.0,1.317861557006836,none,2.606004553570748,732.7875121610258,,,0.0
ctrl_full_dlydm2intseq_netseed2_snp_rescale_p60_pruneseed1,snp_rescale,simulation_noise_prune_rescale,dlydm2intseq,2,1.0,60,0.6,0.6268749552225197,0.7224838312589148,0.8676664142506851,101248.0,0.9492825269699096,none,2.5897595708930927,1931.1570090713233,,,0.0
ctrl_full_dlydm2intseq_netseed2_snp_rescale_p60_pruneseed2,snp_rescale,simulation_noise_prune_rescale,dlydm2intseq,2,2.0,60,0.6,0.5195327510632616,0.7224838312589148,0.7190925645463724,101281.0,1.2388375997543335,none,2.602650159645828,724.6878224681582,,,0.0
ctrl_full_dlydm2intseq_netseed2_snp_rescale_p70_pruneseed0,snp_rescale,simulation_noise_prune_rescale,dlydm2intseq,2,0.0,70,0.7,0.3509838019500185,0.7224838312589148,0.4858016010385114,77727.0,1.3394852876663208,none,3.4029464557565694,977.0500162147008,,,0.0
ctrl_full_dlydm2intseq_netseed2_snp_rescale_p70_pruneseed1,snp_rescale,simulation_noise_prune_rescale,dlydm2intseq,2,1.0,70,0.7,0.3736656310856666,0.7224838312589148,0.5171958387422472,77952.0,1.4325343370437622,none,3.3880956161184916,2574.8760120950974,,,0.0
ctrl_full_dlydm2intseq_netseed2_snp_rescale_p70_pruneseed2,snp_rescale,simulation_noise_prune_rescale,dlydm2intseq,2,2.0,70,0.7,0.3246774393143021,0.7224838312589148,0.4493905957017164,77695.0,1.6850239038467407,none,3.379363477131434,966.2504299575444,,,0.0
ctrl_full_dlydm2intseq_netseed2_snp_rescale_p80_pruneseed0,snp_rescale,simulation_noise_prune_rescale,dlydm2intseq,2,0.0,80,0.8,0.1505532868298846,0.7224838312589148,0.20838291504399245,52290.0,2.12459135055542,none,5.095753772091153,1465.575024322052,,,0.0
ctrl_full_dlydm2intseq_netseed2_snp_rescale_p80_pruneseed1,snp_rescale,simulation_noise_prune_rescale,dlydm2intseq,2,1.0,80,0.8,0.1498791822166643,0.7224838312589148,0.2074498773979517,52429.0,1.958446025848389,none,4.979995925239499,965.1079899977952,,,0.0
ctrl_full_dlydm2intseq_netseed2_snp_rescale_p80_pruneseed2,snp_rescale,simulation_noise_prune_rescale,dlydm2intseq,2,2.0,80,0.8,0.1210066628890755,0.7224838312589148,0.16748701860666365,52429.0,1.8446615934371948,none,4.988751070663748,834.3931951032811,,,0.0
ctrl_full_dlydm2intseq_netseed2_lnp_shuffled_p50_pruneseed0,lnp_shuffled,noise_prune_shuffled_rescale,dlydm2intseq,2,0.0,50,0.5,0.0670652676553534,0.7224838312589148,0.09282597721044275,123321.0,3.540078639984131,shuffle,2.1227728028094663,586.7323388954792,,,2.0
ctrl_full_dlydm2intseq_netseed2_lnp_shuffled_p50_pruneseed1,lnp_shuffled,noise_prune_shuffled_rescale,dlydm2intseq,2,1.0,50,0.5,0.0600441587369819,0.7224838312589148,0.08310796192124612,123392.0,5.6488423347473145,shuffle,2.1344839210852973,1427.3385931381397,,,2.0
ctrl_full_dlydm2intseq_netseed2_lnp_shuffled_p50_pruneseed2,lnp_shuffled,noise_prune_shuffled_rescale,dlydm2intseq,2,2.0,50,0.5,0.0724287956648885,0.7224838312589148,0.10024971152459239,123182.0,2.696958303451538,shuffle,2.1045014501504524,201.9870897076073,,,2.0
ctrl_full_dlydm2intseq_netseed2_lnp_shuffled_p60_pruneseed0,lnp_shuffled,noise_prune_shuffled_rescale,dlydm2intseq,2,0.0,60,0.6,0.071676533995063,0.7224838312589148,0.09920849560074993,102005.0,4.678568363189697,shuffle,2.568273547737151,733.4154236193489,,,2.0
ctrl_full_dlydm2intseq_netseed2_lnp_shuffled_p60_pruneseed1,lnp_shuffled,noise_prune_shuffled_rescale,dlydm2intseq,2,1.0,60,0.6,0.0634049121710076,0.7224838312589148,0.08775962786672431,102076.0,4.276750564575195,shuffle,2.5717947142931914,1547.710581760668,,,2.0
ctrl_full_dlydm2intseq_netseed2_lnp_shuffled_p60_pruneseed2,lnp_shuffled,noise_prune_shuffled_rescale,dlydm2intseq,2,2.0,60,0.6,0.0697877384604362,0.7224838312589148,0.09659418722053939,101806.0,2.973074436187744,shuffle,2.5456342475416007,195.05236730962935,,,2.0
ctrl_full_dlydm2intseq_netseed2_lnp_shuffled_p70_pruneseed0,lnp_shuffled,noise_prune_shuffled_rescale,dlydm2intseq,2,0.0,70,0.7,0.0672280948566143,0.7224838312589148,0.09305134862252983,77839.0,5.959189414978027,shuffle,3.385895756380826,977.887231492465,,,2.0
ctrl_full_dlydm2intseq_netseed2_lnp_shuffled_p70_pruneseed1,lnp_shuffled,noise_prune_shuffled_rescale,dlydm2intseq,2,1.0,70,0.7,0.0527885786487947,0.7224838312589148,0.07306541179864409,78092.0,5.001771926879883,shuffle,3.375643599841324,2063.6141090142237,,,2.0
ctrl_full_dlydm2intseq_netseed2_lnp_shuffled_p70_pruneseed2,lnp_shuffled,noise_prune_shuffled_rescale,dlydm2intseq,2,2.0,70,0.7,0.0663325452496792,0.7224838312589148,0.09181180585605073,78005.0,4.074455738067627,shuffle,3.341604984211887,199.16753235661423,,,2.0
ctrl_full_dlydm2intseq_netseed2_lnp_shuffled_p80_pruneseed0,lnp_shuffled,noise_prune_shuffled_rescale,dlydm2intseq,2,0.0,80,0.8,0.0544852380859336,0.7224838312589148,0.07541378191259183,52302.0,5.039988994598389,shuffle,5.059969793811859,1466.830847238698,,,2.0
ctrl_full_dlydm2intseq_netseed2_lnp_shuffled_p80_pruneseed1,lnp_shuffled,noise_prune_shuffled_rescale,dlydm2intseq,2,1.0,80,0.8,0.0547359919758755,0.7224838312589148,0.07576085388720609,52429.0,6.21963357925415,shuffle,5.040653418887828,3095.421163521337,,,2.0
ctrl_full_dlydm2intseq_netseed2_lnp_shuffled_p80_pruneseed2,lnp_shuffled,noise_prune_shuffled_rescale,dlydm2intseq,2,2.0,80,0.8,0.0491673016927515,0.7224838312589148,0.06805315159382651,52356.0,5.163124084472656,shuffle,4.961899338824015,298.7512985349215,,,2.0
ctrl_full_dlydm2intseq_netseed2_lnp_uniform_p50_pruneseed0,lnp_uniform,noise_prune_uniform_rescale,dlydm2intseq,2,0.0,50,0.5,0.3195776913708096,0.7224838312589148,0.44233196307514777,123563.0,1.2968788146972656,uniform,2.120852393250725,2.120852393250725,,,2.0
ctrl_full_dlydm2intseq_netseed2_lnp_uniform_p50_pruneseed1,lnp_uniform,noise_prune_uniform_rescale,dlydm2intseq,2,1.0,50,0.5,0.2911187531344236,0.7224838312589148,0.402941547670561,123599.0,1.2102376222610474,uniform,2.1208523932507255,2.120852393250725,,,2.0
ctrl_full_dlydm2intseq_netseed2_lnp_uniform_p50_pruneseed2,lnp_uniform,noise_prune_uniform_rescale,dlydm2intseq,2,2.0,50,0.5,0.2350931697245615,0.7224838312589148,0.32539575219962497,123267.0,1.4474878311157229,uniform,2.120852393250725,2.120852393250725,,,2.0
ctrl_full_dlydm2intseq_netseed2_lnp_uniform_p60_pruneseed0,lnp_uniform,noise_prune_uniform_rescale,dlydm2intseq,2,0.0,60,0.6,0.2373727505422145,0.7224838312589148,0.32855095196884454,101965.0,1.6193791627883911,uniform,2.5632958324652364,2.563295832465235,,,2.0
ctrl_full_dlydm2intseq_netseed2_lnp_uniform_p60_pruneseed1,lnp_uniform,noise_prune_uniform_rescale,dlydm2intseq,2,1.0,60,0.6,0.1785335130945635,0.7224838312589148,0.2471107384970431,102445.0,1.481085181236267,uniform,2.563295832465236,2.563295832465235,,,2.0
ctrl_full_dlydm2intseq_netseed2_lnp_uniform_p60_pruneseed2,lnp_uniform,noise_prune_uniform_rescale,dlydm2intseq,2,2.0,60,0.6,0.1554446159557631,0.7224838312589148,0.21515307226308955,102085.0,1.545494556427002,uniform,2.563295832465236,2.563295832465235,,,2.0
ctrl_full_dlydm2intseq_netseed2_lnp_uniform_p70_pruneseed0,lnp_uniform,noise_prune_uniform_rescale,dlydm2intseq,2,0.0,70,0.7,0.142353308974384,0.7224838312589148,0.19703321073128513,77777.0,2.1015782356262207,uniform,3.3578014938208365,3.3578014938208356,,,2.0
ctrl_full_dlydm2intseq_netseed2_lnp_uniform_p70_pruneseed1,lnp_uniform,noise_prune_uniform_rescale,dlydm2intseq,2,1.0,70,0.7,0.0874544897972475,0.7224838312589148,0.12104698543199183,78256.0,2.0780088901519775,uniform,3.357801493820836,3.3578014938208356,,,2.0
ctrl_full_dlydm2intseq_netseed2_lnp_uniform_p70_pruneseed2,lnp_uniform,noise_prune_uniform_rescale,dlydm2intseq,2,2.0,70,0.7,0.0978330956056195,0.7224838312589148,0.13541215923842492,78069.0,1.999565601348877,uniform,3.3578014938208365,3.3578014938208356,,,2.0
ctrl_full_dlydm2intseq_netseed2_lnp_uniform_p80_pruneseed0,lnp_uniform,noise_prune_uniform_rescale,dlydm2intseq,2,0.0,80,0.8,0.0691852778157707,0.7224838312589148,0.09576031299581698,52390.0,3.272270441055298,uniform,5.003413090498356,5.003413090498356,,,2.0
ctrl_full_dlydm2intseq_netseed2_lnp_uniform_p80_pruneseed1,lnp_uniform,noise_prune_uniform_rescale,dlydm2intseq,2,1.0,80,0.8,0.0689117281176524,0.7224838312589148,0.0953816890235107,52385.0,2.815385341644287,uniform,5.003413090498356,5.003413090498356,,,2.0
ctrl_full_dlydm2intseq_netseed2_lnp_uniform_p80_pruneseed2,lnp_uniform,noise_prune_uniform_rescale,dlydm2intseq,2,2.0,80,0.8,0.0686446915075845,0.7224838312589148,0.09501207990768787,52285.0,2.77413558959961,uniform,5.003413090498356,5.003413090498356,,,2.0
ctrl_full_dlydm2intseq_netseed2_snp_shuffled_p50_pruneseed0,snp_shuffled,simulation_noise_prune_shuffled_rescale,dlydm2intseq,2,0.0,50,0.5,0.067416974410077,0.7224838312589148,0.09331277946055093,121797.0,3.053988456726074,shuffle,2.148925725202188,294.5052612396902,,,0.0
ctrl_full_dlydm2intseq_netseed2_snp_shuffled_p50_pruneseed1,snp_shuffled,simulation_noise_prune_shuffled_rescale,dlydm2intseq,2,1.0,50,0.5,0.0597836352149644,0.7224838312589148,0.08274736766190673,121222.0,3.450120449066162,shuffle,2.1593245621852923,958.652341774088,,,0.0
ctrl_full_dlydm2intseq_netseed2_snp_shuffled_p50_pruneseed2,snp_shuffled,simulation_noise_prune_shuffled_rescale,dlydm2intseq,2,2.0,50,0.5,0.0815145534952487,0.7224838312589148,0.1128254363190538,121530.0,3.604614496231079,shuffle,2.151497054945654,302.76533215990287,,,0.0
ctrl_full_dlydm2intseq_netseed2_snp_shuffled_p60_pruneseed0,snp_shuffled,simulation_noise_prune_shuffled_rescale,dlydm2intseq,2,0.0,60,0.6,0.0679836130704651,0.7224838312589148,0.09409707197461417,101097.0,3.715667963027954,shuffle,2.576669596735677,368.1315765496128,,,0.0
ctrl_full_dlydm2intseq_netseed2_snp_shuffled_p60_pruneseed1,snp_shuffled,simulation_noise_prune_shuffled_rescale,dlydm2intseq,2,1.0,60,0.6,0.0677361157245484,0.7224838312589148,0.09375450742824164,101062.0,4.589906692504883,shuffle,2.6060887645226174,1198.31542721761,,,0.0
ctrl_full_dlydm2intseq_netseed2_snp_shuffled_p60_pruneseed2,snp_shuffled,simulation_noise_prune_shuffled_rescale,dlydm2intseq,2,2.0,60,0.6,0.0495190084474752,0.7224838312589148,0.0685399538439348,101176.0,3.5099101066589355,shuffle,2.5827341207011036,378.4566651998786,,,0.0
ctrl_full_dlydm2intseq_netseed2_snp_shuffled_p70_pruneseed0,snp_shuffled,simulation_noise_prune_shuffled_rescale,dlydm2intseq,2,0.0,70,0.7,0.0597347870545861,0.7224838312589148,0.08267975623828056,77423.0,4.348536491394043,shuffle,3.3492969692755117,490.8421020661503,,,0.0
ctrl_full_dlydm2intseq_netseed2_snp_shuffled_p70_pruneseed1,snp_shuffled,simulation_noise_prune_shuffled_rescale,dlydm2intseq,2,1.0,70,0.7,0.0393911565290451,0.7224838312589148,0.05452185201211595,77476.0,6.908466815948486,shuffle,3.382645501009744,1597.7539029568131,,,0.0
ctrl_full_dlydm2intseq_netseed2_snp_shuffled_p70_pruneseed2,snp_shuffled,simulation_noise_prune_shuffled_rescale,dlydm2intseq,2,2.0,70,0.7,0.0530425890827618,0.7224838312589148,0.07341699120150005,77707.0,4.862566947937012,shuffle,3.359874845519204,504.6088869331715,,,0.0
ctrl_full_dlydm2intseq_netseed2_snp_shuffled_p80_pruneseed0,snp_shuffled,simulation_noise_prune_shuffled_rescale,dlydm2intseq,2,0.0,80,0.8,0.0771279886932791,0.7224838312589148,0.10675393047742673,52292.0,5.633525848388672,shuffle,4.956762001436896,736.2631530992257,,,0.0
ctrl_full_dlydm2intseq_netseed2_snp_shuffled_p80_pruneseed1,snp_shuffled,simulation_noise_prune_shuffled_rescale,dlydm2intseq,2,1.0,80,0.8,0.0630564619603092,0.7224838312589148,0.08727733304485787,52261.0,6.906158447265625,shuffle,5.044140001869209,2396.630854435221,,,0.0
ctrl_full_dlydm2intseq_netseed2_snp_shuffled_p80_pruneseed2,snp_shuffled,simulation_noise_prune_shuffled_rescale,dlydm2intseq,2,2.0,80,0.8,0.0590802217055172,0.7224838312589148,0.08177376316169041,52288.0,6.124896049499512,shuffle,4.99200678299103,756.9133303997575,,,0.0
ctrl_full_dlydm2intseq_netseed2_snp_uniform_p50_pruneseed0,snp_uniform,simulation_noise_prune_uniform_rescale,dlydm2intseq,2,0.0,50,0.5,0.2291988250389157,0.7224838312589148,0.31723730708207126,121761.0,1.6871061325073242,uniform,2.152384138518507,2.152384138518508,,,0.0
ctrl_full_dlydm2intseq_netseed2_snp_uniform_p50_pruneseed1,snp_uniform,simulation_noise_prune_uniform_rescale,dlydm2intseq,2,1.0,50,0.5,0.2657665578980962,0.7224838312589148,0.36785121880859656,121593.0,1.484397530555725,uniform,2.1525115487506814,2.152511548750682,,,0.0
ctrl_full_dlydm2intseq_netseed2_snp_uniform_p50_pruneseed2,snp_uniform,simulation_noise_prune_uniform_rescale,dlydm2intseq,2,2.0,50,0.5,0.2469632726964835,0.7224838312589148,0.3418253281407759,121790.0,1.3648236989974976,uniform,2.1523573110393386,2.1523573110393386,,,0.0
ctrl_full_dlydm2intseq_netseed2_snp_uniform_p60_pruneseed0,snp_uniform,simulation_noise_prune_uniform_rescale,dlydm2intseq,2,0.0,60,0.6,0.1536372340217667,0.7224838312589148,0.21265144958892251,101288.0,2.205551862716675,uniform,2.5886783987074975,2.5886783987074975,,,0.0
ctrl_full_dlydm2intseq_netseed2_snp_uniform_p60_pruneseed1,snp_uniform,simulation_noise_prune_uniform_rescale,dlydm2intseq,2,1.0,60,0.6,0.1685847710975204,0.7224838312589148,0.23334054521852002,101009.0,1.9478050470352173,uniform,2.588777747777598,2.588777747777597,,,0.0
ctrl_full_dlydm2intseq_netseed2_snp_uniform_p60_pruneseed2,snp_uniform,simulation_noise_prune_uniform_rescale,dlydm2intseq,2,2.0,60,0.6,0.1842520044028475,0.7224838312589148,0.2550257824895427,101605.0,2.043604850769043,uniform,2.5885795294938343,2.588579529493834,,,0.0
ctrl_full_dlydm2intseq_netseed2_snp_uniform_p70_pruneseed0,snp_uniform,simulation_noise_prune_uniform_rescale,dlydm2intseq,2,0.0,70,0.7,0.1240385053765541,0.7224838312589148,0.17168343429972582,77665.0,2.575152635574341,uniform,3.371880506691852,3.3718805066918525,,,0.0
ctrl_full_dlydm2intseq_netseed2_snp_uniform_p70_pruneseed1,snp_uniform,simulation_noise_prune_uniform_rescale,dlydm2intseq,2,1.0,70,0.7,0.0972078391527775,0.7224838312589148,0.1345467330160104,77591.0,2.15388560295105,uniform,3.371882833977636,3.3718828339776357,,,0.0
ctrl_full_dlydm2intseq_netseed2_snp_uniform_p70_pruneseed2,snp_uniform,simulation_noise_prune_uniform_rescale,dlydm2intseq,2,2.0,70,0.7,0.0630694881364101,0.7224838312589148,0.08729536275782487,77726.0,2.40329909324646,uniform,3.371713958661864,3.3717139586618634,,,0.0
ctrl_full_dlydm2intseq_netseed2_snp_uniform_p80_pruneseed0,snp_uniform,simulation_noise_prune_uniform_rescale,dlydm2intseq,2,0.0,80,0.8,0.0839732442342888,0.7224838312589148,0.1162285446415693,52224.0,3.0049800872802734,uniform,5.009343919363041,5.009343919363042,,,0.0
ctrl_full_dlydm2intseq_netseed2_snp_uniform_p80_pruneseed1,snp_uniform,simulation_noise_prune_uniform_rescale,dlydm2intseq,2,1.0,80,0.8,0.0682050580641799,0.7224838312589148,0.09440357709505254,52266.0,3.3613641262054443,uniform,5.009320702622124,5.009320702622124,,,0.0
ctrl_full_dlydm2intseq_netseed2_snp_uniform_p80_pruneseed2,snp_uniform,simulation_noise_prune_uniform_rescale,dlydm2intseq,2,2.0,80,0.8,0.0593407452275347,0.7224838312589148,0.08213435742102981,52389.0,2.689821243286133,uniform,5.009232430328728,5.009232430328729,,,0.0
ctrl_full_dlydm2intseq_netseed2_magnitude_p50_pruneseed0,magnitude,l1_unstructured,dlydm2intseq,2,0.0,50,0.5,0.5042074548805825,0.7224838312589148,0.6978806072407326,131072.0,1.169354796409607,,,,,,
ctrl_full_dlydm2intseq_netseed2_magnitude_p60_pruneseed0,magnitude,l1_unstructured,dlydm2intseq,2,0.0,60,0.6,0.2347642587780144,0.7224838312589148,0.32494050194720897,104858.0,1.2065043449401855,,,,,,
ctrl_full_dlydm2intseq_netseed2_magnitude_p70_pruneseed0,magnitude,l1_unstructured,dlydm2intseq,2,0.0,70,0.7,0.0873177149481883,0.7224838312589148,0.12085767344583861,78643.0,1.213003396987915,,,,,,
ctrl_full_dlydm2intseq_netseed2_magnitude_p80_pruneseed0,magnitude,l1_unstructured,dlydm2intseq,2,0.0,80,0.8,0.0406807479630317,0.7224838312589148,0.056306793595845936,52429.0,1.1886507272720337,,,,,,
ctrl_full_dlydm2intseq_netseed2_magnitude_gain_invdensity_p50_pruneseed0,magnitude_gain_invdensity,l1_unstructured_gain,dlydm2intseq,2,0.0,50,0.5,0.0458065482587259,0.7224838312589148,0.06340148564834847,131072.0,3.330235481262207,,,,1.99609375,1.5741577384488032,
ctrl_full_dlydm2intseq_netseed2_magnitude_gain_invdensity_p60_pruneseed0,magnitude_gain_invdensity,l1_unstructured_gain,dlydm2intseq,2,0.0,60,0.6,0.0428040146674742,0.7224838312589148,0.05924563680946187,104858.0,4.505465984344482,,,,2.495107669419596,1.7251492502099115,
ctrl_full_dlydm2intseq_netseed2_magnitude_gain_invdensity_p70_pruneseed0,magnitude_gain_invdensity,l1_unstructured_gain,dlydm2intseq,2,0.0,70,0.7,0.0405407165699473,0.7224838312589148,0.056112974181451024,78643.0,6.3622894287109375,,,,3.326831377236372,1.9052286954024744,
ctrl_full_dlydm2intseq_netseed2_magnitude_gain_invdensity_p80_pruneseed0,magnitude_gain_invdensity,l1_unstructured_gain,dlydm2intseq,2,0.0,80,0.8,0.0421982974787836,0.7224838312589148,0.05840725515649788,52429.0,9.92183780670166,,,,4.990215338839192,2.1393757586406488,
ctrl_full_dlydm2intseq_netseed2_magnitude_gain_matchl1_p50_pruneseed0,magnitude_gain_matchl1,l1_unstructured_gain,dlydm2intseq,2,0.0,50,0.5,0.0873763327406423,0.7224838312589148,0.12093880715419007,131072.0,1.7508269548416138,,,,1.2680392028779226,1.0,
ctrl_full_dlydm2intseq_netseed2_magnitude_gain_matchl1_p60_pruneseed0,magnitude_gain_matchl1,l1_unstructured_gain,dlydm2intseq,2,0.0,60,0.6,0.0634049121710076,0.7224838312589148,0.08775962786672431,104858.0,2.191298007965088,,,,1.4463140100934253,1.0,
ctrl_full_dlydm2intseq_netseed2_magnitude_gain_matchl1_p70_pruneseed0,magnitude_gain_matchl1,l1_unstructured_gain,dlydm2intseq,2,0.0,70,0.7,0.0563838032526361,0.7224838312589148,0.07804161257752767,78643.0,2.8642547130584717,,,,1.7461585313087309,1.0,
ctrl_full_dlydm2intseq_netseed2_magnitude_gain_matchl1_p80_pruneseed0,magnitude_gain_matchl1,l1_unstructured_gain,dlydm2intseq,2,0.0,80,0.8,0.0598943577118219,0.7224838312589148,0.08290062022212606,52429.0,4.105151653289795,,,,2.3325568278532014,0.9999998814392422,
ctrl_full_dlydm2intseq_netseed2_random_p50_pruneseed0,random,random_unstructured,dlydm2intseq,2,0.0,50,0.5,0.0508997831141679,0.7224838312589148,0.07045110341843355,130812.0,0.2434326708316803,,,,,,
ctrl_full_dlydm2intseq_netseed2_random_p50_pruneseed1,random,random_unstructured,dlydm2intseq,2,1.0,50,0.5,0.0538404423689403,0.7224838312589148,0.07452131112072684,130803.0,0.311501145362854,,,,,,
ctrl_full_dlydm2intseq_netseed2_random_p50_pruneseed2,random,random_unstructured,dlydm2intseq,2,2.0,50,0.5,0.0574226407966809,0.7224838312589148,0.07947948218664354,130825.0,0.2521882355213165,,,,,,
ctrl_full_dlydm2intseq_netseed2_random_p60_pruneseed0,random,random_unstructured,dlydm2intseq,2,0.0,60,0.6,0.0673225346333457,0.7224838312589148,0.09318206404154045,104643.0,0.0522025004029274,,,,,,
ctrl_full_dlydm2intseq_netseed2_random_p60_pruneseed1,random,random_unstructured,dlydm2intseq,2,1.0,60,0.6,0.0695695500107465,0.7224838312589148,0.09629218952834256,104641.0,0.1429254710674286,,,,,,
ctrl_full_dlydm2intseq_netseed2_random_p60_pruneseed2,random,random_unstructured,dlydm2intseq,2,2.0,60,0.6,0.0712010785673811,0.7224838312589148,0.09855041107745557,104657.0,0.0101856347173452,,,,,,
ctrl_full_dlydm2intseq_netseed2_random_p70_pruneseed0,random,random_unstructured,dlydm2intseq,2,0.0,70,0.7,0.0728814552843939,0.7224838312589148,0.10087624405019459,78486.0,-0.0713638886809349,,,,,,
ctrl_full_dlydm2intseq_netseed2_random_p70_pruneseed1,random,random_unstructured,dlydm2intseq,2,1.0,70,0.7,0.0690778118629385,0.7224838312589148,0.09561156786383951,78481.0,-0.0740472823381424,,,,,,
ctrl_full_dlydm2intseq_netseed2_random_p70_pruneseed2,random,random_unstructured,dlydm2intseq,2,2.0,70,0.7,0.0706735184352957,0.7224838312589148,0.09782020770229335,78493.0,-0.0956120789051055,,,,,,
ctrl_full_dlydm2intseq_netseed2_random_p80_pruneseed0,random,random_unstructured,dlydm2intseq,2,0.0,80,0.8,0.0512254375166897,0.7224838312589148,0.07090184624260769,52325.0,-0.2593535184860229,,,,,,
ctrl_full_dlydm2intseq_netseed2_random_p80_pruneseed1,random,random_unstructured,dlydm2intseq,2,1.0,80,0.8,0.0466402235291818,0.7224838312589148,0.0645553872782344,52319.0,-0.2597145140171051,,,,,,
ctrl_full_dlydm2intseq_netseed2_random_p80_pruneseed2,random,random_unstructured,dlydm2intseq,2,2.0,80,0.8,0.0509779401707731,0.7224838312589148,0.07055928169623531,52327.0,-0.2895399034023285,,,,,,
ctrl_full_dlydm2intseq_netseed2_random_gain_invdensity_p50_pruneseed0,random_gain_invdensity,random_unstructured_gain,dlydm2intseq,2,0.0,50,0.5,0.3826992842116232,0.7224838312589148,0.5296994446848405,130812.0,1.4869414567947388,,,,2.0000611564688255,0.9989686399682068,
ctrl_full_dlydm2intseq_netseed2_random_gain_invdensity_p50_pruneseed1,random_gain_invdensity,random_unstructured_gain,dlydm2intseq,2,1.0,50,0.5,0.2472563616587532,0.7224838312589148,0.3422309966825327,130803.0,1.6232631206512451,,,,2.0001987721994143,0.9997605072693158,
ctrl_full_dlydm2intseq_netseed2_random_gain_invdensity_p50_pruneseed2,random_gain_invdensity,random_unstructured_gain,dlydm2intseq,2,2.0,50,0.5,0.2707099917283782,0.7224838312589148,0.3746934948795615,130825.0,1.504204273223877,,,,1.999862411618574,0.9994646981786932,
ctrl_full_dlydm2intseq_netseed2_random_gain_invdensity_p60_pruneseed0,random_gain_invdensity,random_unstructured_gain,dlydm2intseq,2,0.0,60,0.6,0.2008734051075636,0.7224838312589148,0.27803169623539586,104643.0,1.6307525634765625,,,,2.500234129373202,0.9993122290442082,
ctrl_full_dlydm2intseq_netseed2_random_gain_invdensity_p60_pruneseed1,random_gain_invdensity,random_unstructured_gain,dlydm2intseq,2,1.0,60,0.6,0.1256635208451383,0.7224838312589148,0.1739326409923554,104641.0,1.857635736465454,,,,2.5002819162660908,0.9973527754006346,
ctrl_full_dlydm2intseq_netseed2_random_gain_invdensity_p60_pruneseed2,random_gain_invdensity,random_unstructured_gain,dlydm2intseq,2,2.0,60,0.6,0.1745865817359985,0.7224838312589148,0.24164773546805138,104657.0,1.5253627300262451,,,,2.4998996722627247,0.9999407196211176,
ctrl_full_dlydm2intseq_netseed2_random_gain_invdensity_p70_pruneseed0,random_gain_invdensity,random_unstructured_gain,dlydm2intseq,2,0.0,70,0.7,0.1194370086689202,0.7224838312589148,0.16531443819414396,78486.0,2.0955958366394043,,,,3.3334862268430037,0.9988490121636224,
ctrl_full_dlydm2intseq_netseed2_random_gain_invdensity_p70_pruneseed1,random_gain_invdensity,random_unstructured_gain,dlydm2intseq,2,1.0,70,0.7,0.1008975035333502,0.7224838312589148,0.1396536492139044,78481.0,2.0868470668792725,,,,3.3336986022094517,0.9959497273932496,
ctrl_full_dlydm2intseq_netseed2_random_gain_invdensity_p70_pruneseed2,random_gain_invdensity,random_unstructured_gain,dlydm2intseq,2,2.0,70,0.7,0.1177175534236047,0.7224838312589148,0.16293451608250392,78493.0,2.014495849609375,,,,3.3331889467850635,0.998663938820752,
ctrl_full_dlydm2intseq_netseed2_random_gain_invdensity_p80_pruneseed0,random_gain_invdensity,random_unstructured_gain,dlydm2intseq,2,0.0,80,0.8,0.0696021154509987,0.7224838312589148,0.09633726381076002,52325.0,2.703331708908081,,,,5.000133779264214,0.9987788241950258,
ctrl_full_dlydm2intseq_netseed2_random_gain_invdensity_p80_pruneseed1,random_gain_invdensity,random_unstructured_gain,dlydm2intseq,2,1.0,80,0.8,0.0742394341429101,0.7224838312589148,0.10275584162700117,52319.0,2.701950788497925,,,,5.000707200061163,0.9953189841619426,
ctrl_full_dlydm2intseq_netseed2_random_gain_invdensity_p80_pruneseed2,random_gain_invdensity,random_unstructured_gain,dlydm2intseq,2,2.0,80,0.8,0.0861486156431348,0.7224838312589148,0.1192395067070531,52327.0,2.552259922027588,,,,4.999942668220995,0.9965841460080476,
ctrl_full_dm1seqr_netseed0_lnp_rescale_p50_pruneseed0,lnp_rescale,noise_prune,dm1seqr,0,0.0,50,0.5,0.6275929626326991,0.6325103978859259,0.9922255266163804,124103.0,1.7746556997299194,none,2.1117790857816634,256.2541851974862,,,2.0
ctrl_full_dm1seqr_netseed0_lnp_rescale_p50_pruneseed1,lnp_rescale,noise_prune,dm1seqr,0,1.0,50,0.5,0.6272349759498037,0.6325103978859259,0.9916595490702532,124310.0,1.702452540397644,none,2.098548425624647,303.60837094156796,,,2.0
ctrl_full_dm1seqr_netseed0_lnp_rescale_p50_pruneseed2,lnp_rescale,noise_prune,dm1seqr,0,2.0,50,0.5,0.6282373386619109,0.6325103978859259,0.9932442861994094,124266.0,1.6514917612075806,none,2.0987386440396483,305.06835309139103,,,2.0
ctrl_full_dm1seqr_netseed0_lnp_rescale_p60_pruneseed0,lnp_rescale,noise_prune,dm1seqr,0,0.0,60,0.6,0.6243678280622507,0.6325103978859259,0.9871265834508166,102246.0,1.759933352470398,none,2.5691287400829936,320.3177314968577,,,2.0
ctrl_full_dm1seqr_netseed0_lnp_rescale_p60_pruneseed1,lnp_rescale,noise_prune,dm1seqr,0,1.0,60,0.6,0.6158444905849503,0.6325103978859259,0.9736511726025706,102325.0,1.6693373918533323,none,2.5425296207270502,379.51046367695994,,,2.0
ctrl_full_dm1seqr_netseed0_lnp_rescale_p60_pruneseed2,lnp_rescale,noise_prune,dm1seqr,0,2.0,60,0.6,0.617260165194582,0.6325103978859259,0.9758893565349827,102254.0,1.6086130142211914,none,2.5445938397563195,381.3354413642387,,,2.0
ctrl_full_dm1seqr_netseed0_lnp_rescale_p70_pruneseed0,lnp_rescale,noise_prune,dm1seqr,0,0.0,70,0.7,0.60341909826409,0.6325103978859259,0.9540066065015385,77794.0,1.7919212579727173,none,3.369400230174441,426.8799615308707,,,2.0
ctrl_full_dm1seqr_netseed0_lnp_rescale_p70_pruneseed1,lnp_rescale,noise_prune,dm1seqr,0,1.0,70,0.7,0.6039040074981938,0.6325103978859259,0.9547732488140199,77980.0,1.6506292819976809,none,3.3246266163513294,506.0139515692798,,,2.0
ctrl_full_dm1seqr_netseed0_lnp_rescale_p70_pruneseed2,lnp_rescale,noise_prune,dm1seqr,0,2.0,70,0.7,0.6161504064776063,0.6325103978859259,0.9741348261419884,77889.0,1.613637924194336,none,3.3420339154873853,508.44725515231835,,,2.0
ctrl_full_dm1seqr_netseed0_lnp_rescale_p80_pruneseed0,lnp_rescale,noise_prune,dm1seqr,0,0.0,80,0.8,0.5791443467393922,0.6325103978859259,0.915628183623697,52314.0,2.1151390075683594,none,5.016379273206869,611.6123509301594,,,2.0
ctrl_full_dm1seqr_netseed0_lnp_rescale_p80_pruneseed1,lnp_rescale,noise_prune,dm1seqr,0,1.0,80,0.8,0.585688994187598,0.6325103978859259,0.9259752822169854,52167.0,2.0038654804229736,none,4.957959958532141,759.02092735392,,,2.0
ctrl_full_dm1seqr_netseed0_lnp_rescale_p80_pruneseed2,lnp_rescale,noise_prune,dm1seqr,0,2.0,80,0.8,0.5625793265945053,0.6325103978859259,0.8894388589892671,52249.0,2.112804651260376,none,4.997199447856956,762.6708827284777,,,2.0
ctrl_full_dm1seqr_netseed0_snp_rescale_p50_pruneseed0,snp_rescale,simulation_noise_prune_rescale,dm1seqr,0,0.0,50,0.5,0.6282471019350807,0.6325103978859259,0.9932597219506674,124259.0,1.6825995445251465,none,2.107657191155387,276.2824511088304,,,0.0
ctrl_full_dm1seqr_netseed0_snp_rescale_p50_pruneseed1,snp_rescale,simulation_noise_prune_rescale,dm1seqr,0,1.0,50,0.5,0.6206447665601386,0.6325103978859259,0.9812404169710941,123930.0,1.698028802871704,none,2.117133372175255,676.3349019161833,,,0.0
ctrl_full_dm1seqr_netseed0_snp_rescale_p50_pruneseed2,snp_rescale,simulation_noise_prune_rescale,dm1seqr,0,2.0,50,0.5,0.6269616043010473,0.6325103978859259,0.991227348035029,124178.0,1.731990933418274,none,2.1105285208741806,426.30468240722894,,,0.0
ctrl_full_dm1seqr_netseed0_snp_rescale_p60_pruneseed0,snp_rescale,simulation_noise_prune_rescale,dm1seqr,0,0.0,60,0.6,0.6231344012184565,0.6325103978859259,0.9851765335418876,102598.0,1.6246881484985352,none,2.559374031027367,345.353063886038,,,0.0
ctrl_full_dm1seqr_netseed0_snp_rescale_p60_pruneseed1,snp_rescale,simulation_noise_prune_rescale,dm1seqr,0,1.0,60,0.6,0.6168663798433971,0.6325103978859259,0.9752667812342427,102450.0,1.7215416431427002,none,2.556597299870558,476.5128899392884,,,0.0
ctrl_full_dm1seqr_netseed0_snp_rescale_p60_pruneseed2,snp_rescale,simulation_noise_prune_rescale,dm1seqr,0,2.0,60,0.6,0.6252790668914389,0.6325103978859259,0.9885672535682312,102539.0,1.7247567176818848,none,2.5577633204326395,532.8808530090362,,,0.0
ctrl_full_dm1seqr_netseed0_snp_rescale_p70_pruneseed0,snp_rescale,simulation_noise_prune_rescale,dm1seqr,0,0.0,70,0.7,0.6085122724343746,0.6325103978859259,0.9620589234078023,78355.0,1.622158408164978,none,3.3701559407578845,460.47075184805067,,,0.0
ctrl_full_dm1seqr_netseed0_snp_rescale_p70_pruneseed1,snp_rescale,simulation_noise_prune_rescale,dm1seqr,0,1.0,70,0.7,0.6048673171176214,0.6325103978859259,0.9562962429381439,77936.0,1.842950463294983,none,3.356940890650532,635.3505199190511,,,0.0
ctrl_full_dm1seqr_netseed0_snp_rescale_p70_pruneseed2,snp_rescale,simulation_noise_prune_rescale,dm1seqr,0,2.0,70,0.7,0.6050170206395595,0.6325103978859259,0.9565329244574334,78089.0,1.7225531339645386,none,3.351513529734772,425.9243018839476,,,0.0
ctrl_full_dm1seqr_netseed0_snp_rescale_p80_pruneseed0,snp_rescale,simulation_noise_prune_rescale,dm1seqr,0,0.0,80,0.8,0.5383599002844367,0.6325103978859259,0.8511479053685543,52429.0,2.0373239517211914,none,5.025583998503255,690.7061277720763,,,0.0
ctrl_full_dm1seqr_netseed0_snp_rescale_p80_pruneseed1,snp_rescale,simulation_noise_prune_rescale,dm1seqr,0,1.0,80,0.8,0.5417510104987731,0.6325103978859259,0.8565092563055043,52072.0,2.0435609817504883,none,4.985158357631632,480.51341567097177,,,0.0
ctrl_full_dm1seqr_netseed0_snp_rescale_p80_pruneseed2,snp_rescale,simulation_noise_prune_rescale,dm1seqr,0,2.0,80,0.8,0.5665985407161035,0.6325103978859259,0.8957932432571493,52429.0,2.052701950073242,none,5.004118037755224,638.8864528259215,,,0.0
ctrl_full_dm1seqr_netseed0_lnp_shuffled_p50_pruneseed0,lnp_shuffled,noise_prune_shuffled_rescale,dm1seqr,0,0.0,50,0.5,0.34370301424787,0.6325103978859259,0.543395042036696,124176.0,3.6559810638427734,shuffle,2.09126853865293,241.88572051574025,,,2.0
ctrl_full_dm1seqr_netseed0_lnp_shuffled_p50_pruneseed1,lnp_shuffled,noise_prune_shuffled_rescale,dm1seqr,0,1.0,50,0.5,0.4844763956598996,0.6325103978859259,0.7659579941755765,124476.0,3.480554580688477,shuffle,2.1034210337213355,517.1742422512126,,,2.0
ctrl_full_dm1seqr_netseed0_lnp_shuffled_p50_pruneseed2,lnp_shuffled,noise_prune_shuffled_rescale,dm1seqr,0,2.0,50,0.5,0.4845545018452586,0.6325103978859259,0.7660814801856406,124225.0,3.295163154602051,shuffle,2.098749997953851,623.3692956168439,,,2.0
ctrl_full_dm1seqr_netseed0_lnp_shuffled_p60_pruneseed0,lnp_shuffled,noise_prune_shuffled_rescale,dm1seqr,0,0.0,60,0.6,0.3585594615880289,0.6325103978859259,0.5668831102009735,102446.0,3.554868459701538,shuffle,2.541162334199664,295.2769705324627,,,2.0
ctrl_full_dm1seqr_netseed0_lnp_shuffled_p60_pruneseed1,lnp_shuffled,noise_prune_shuffled_rescale,dm1seqr,0,1.0,60,0.6,0.4314748400450412,0.6325103978859259,0.6821624458462393,102545.0,3.16506028175354,shuffle,2.5456858443816097,408.9360270206062,,,2.0
ctrl_full_dm1seqr_netseed0_lnp_shuffled_p60_pruneseed2,lnp_shuffled,noise_prune_shuffled_rescale,dm1seqr,0,2.0,60,0.6,0.4730240762316369,0.6325103978859259,0.7478518579499265,102404.0,3.3455705642700195,shuffle,2.5545374344587035,779.2116195210549,,,2.0
ctrl_full_dm1seqr_netseed0_lnp_shuffled_p70_pruneseed0,lnp_shuffled,noise_prune_shuffled_rescale,dm1seqr,0,0.0,70,0.7,0.3188847738500491,0.6325103978859259,0.504157362338825,78123.0,4.259723663330078,shuffle,3.3347572848187585,393.7026273766169,,,2.0
ctrl_full_dm1seqr_netseed0_lnp_shuffled_p70_pruneseed1,lnp_shuffled,noise_prune_shuffled_rescale,dm1seqr,0,1.0,70,0.7,0.3479630557743252,0.6325103978859259,0.5501301748356092,78112.0,4.069499492645264,shuffle,3.3555361584131833,545.2480360274749,,,2.0
ctrl_full_dm1seqr_netseed0_lnp_shuffled_p70_pruneseed2,lnp_shuffled,noise_prune_shuffled_rescale,dm1seqr,0,2.0,70,0.7,0.3867102325611669,0.6325103978859259,0.6113895263282464,77943.0,4.780493259429932,shuffle,3.3641840010914823,1038.948826028073,,,2.0
ctrl_full_dm1seqr_netseed0_lnp_shuffled_p80_pruneseed0,lnp_shuffled,noise_prune_shuffled_rescale,dm1seqr,0,0.0,80,0.8,0.2336318725307055,0.6325103978859259,0.36937238235384917,52220.0,5.080810546875,shuffle,4.98068889828193,590.5539410649257,,,2.0
ctrl_full_dm1seqr_netseed0_lnp_shuffled_p80_pruneseed1,lnp_shuffled,noise_prune_shuffled_rescale,dm1seqr,0,1.0,80,0.8,0.296728652603214,0.6325103978859259,0.4691284974839725,52292.0,4.951688289642334,shuffle,5.029531878534624,817.8720540412128,,,2.0
ctrl_full_dm1seqr_netseed0_lnp_shuffled_p80_pruneseed2,lnp_shuffled,noise_prune_shuffled_rescale,dm1seqr,0,2.0,80,0.8,0.2416117211348828,0.6325103978859259,0.3819885363820656,52426.0,6.41397762298584,shuffle,5.053893927333922,1558.42323904211,,,2.0
ctrl_full_dm1seqr_netseed0_lnp_uniform_p50_pruneseed0,lnp_uniform,noise_prune_uniform_rescale,dm1seqr,0,0.0,50,0.5,0.6224802619160749,0.6325103978859259,0.9841423382076006,124448.0,1.5773062705993652,uniform,2.1050420573193023,2.1050420573193036,,,2.0
ctrl_full_dm1seqr_netseed0_lnp_uniform_p50_pruneseed1,lnp_uniform,noise_prune_uniform_rescale,dm1seqr,0,1.0,50,0.5,0.5876416488215729,0.6325103978859259,0.9290624324685882,124552.0,1.717890739440918,uniform,2.1050420573193023,2.1050420573193036,,,2.0
ctrl_full_dm1seqr_netseed0_lnp_uniform_p50_pruneseed2,lnp_uniform,noise_prune_uniform_rescale,dm1seqr,0,2.0,50,0.5,0.6022963218495545,0.6325103978859259,0.952231495106867,124200.0,1.5720888376235962,uniform,2.1050420573193027,2.1050420573193036,,,2.0
ctrl_full_dm1seqr_netseed0_lnp_uniform_p60_pruneseed0,lnp_uniform,noise_prune_uniform_rescale,dm1seqr,0,0.0,60,0.6,0.5915339403919628,0.6325103978859259,0.9352161519701163,102287.0,1.7337522506713867,uniform,2.554841892405741,2.554841892405741,,,2.0
ctrl_full_dm1seqr_netseed0_lnp_uniform_p60_pruneseed1,lnp_uniform,noise_prune_uniform_rescale,dm1seqr,0,1.0,60,0.6,0.5624035876774475,0.6325103978859259,0.8891610154666227,102759.0,1.7088702917099,uniform,2.554841892405741,2.554841892405741,,,2.0
ctrl_full_dm1seqr_netseed0_lnp_uniform_p60_pruneseed2,lnp_uniform,noise_prune_uniform_rescale,dm1seqr,0,2.0,60,0.6,0.5841952133926073,0.6325103978859259,0.9236136122745094,102441.0,1.6487748622894287,uniform,2.55484189240574,2.554841892405741,,,2.0
ctrl_full_dm1seqr_netseed0_lnp_uniform_p70_pruneseed0,lnp_uniform,noise_prune_uniform_rescale,dm1seqr,0,0.0,70,0.7,0.5721505887253722,0.6325103978859259,0.9045710404725399,77820.0,2.1551218032836914,uniform,3.355971117365265,3.3559711173652653,,,2.0
ctrl_full_dm1seqr_netseed0_lnp_uniform_p70_pruneseed1,lnp_uniform,noise_prune_uniform_rescale,dm1seqr,0,1.0,70,0.7,0.527838346231702,0.6325103978859259,0.8345133107628349,78312.0,2.210299253463745,uniform,3.3559711173652644,3.3559711173652653,,,2.0
ctrl_full_dm1seqr_netseed0_lnp_uniform_p70_pruneseed2,lnp_uniform,noise_prune_uniform_rescale,dm1seqr,0,2.0,70,0.7,0.5693485293256182,0.6325103978859259,0.9001409798614899,78112.0,2.1176741123199463,uniform,3.355971117365265,3.3559711173652653,,,2.0
ctrl_full_dm1seqr_netseed0_lnp_uniform_p80_pruneseed0,lnp_uniform,noise_prune_uniform_rescale,dm1seqr,0,0.0,80,0.8,0.4744950760558979,0.6325103978859259,0.7501775111394671,52367.0,2.9088096618652344,uniform,5.005949196379455,5.005949196379455,,,2.0
ctrl_full_dm1seqr_netseed0_lnp_uniform_p80_pruneseed1,lnp_uniform,noise_prune_uniform_rescale,dm1seqr,0,1.0,80,0.8,0.4021459674427384,0.6325103978859259,0.6357934490671661,52354.0,2.8814566135406494,uniform,5.005949196379456,5.005949196379455,,,2.0
ctrl_full_dm1seqr_netseed0_lnp_uniform_p80_pruneseed2,lnp_uniform,noise_prune_uniform_rescale,dm1seqr,0,2.0,80,0.8,0.4437049669025039,0.6325103978859259,0.7014982969221111,52256.0,2.87624454498291,uniform,5.005949196379455,5.005949196379455,,,2.0
ctrl_full_dm1seqr_netseed0_snp_shuffled_p50_pruneseed0,snp_shuffled,simulation_noise_prune_shuffled_rescale,dm1seqr,0,0.0,50,0.5,0.3628064854169243,0.6325103978859259,0.5735976619982094,124064.0,3.194241762161255,shuffle,2.1054203659559794,978.2470448846684,,,0.0
ctrl_full_dm1seqr_netseed0_snp_shuffled_p50_pruneseed1,snp_shuffled,simulation_noise_prune_shuffled_rescale,dm1seqr,0,1.0,50,0.5,0.3716682830307803,0.6325103978859259,0.5876081788900666,123934.0,3.3467936515808105,shuffle,2.116975273433815,980.4725336704546,,,0.0
ctrl_full_dm1seqr_netseed0_snp_shuffled_p50_pruneseed2,snp_shuffled,simulation_noise_prune_shuffled_rescale,dm1seqr,0,2.0,50,0.5,0.4317970280596471,0.6325103978859259,0.6826718256377539,123824.0,3.739179849624634,shuffle,2.1233736234346305,988.3129345390576,,,0.0
ctrl_full_dm1seqr_netseed0_snp_shuffled_p60_pruneseed0,snp_shuffled,simulation_noise_prune_shuffled_rescale,dm1seqr,0,0.0,60,0.6,0.3417080520968256,0.6325103978859259,0.5402410035296418,102696.0,3.381666898727417,shuffle,2.55612434512685,1222.8088061058354,,,0.0
ctrl_full_dm1seqr_netseed0_snp_shuffled_p60_pruneseed1,snp_shuffled,simulation_noise_prune_shuffled_rescale,dm1seqr,0,1.0,60,0.6,0.32503889037146,0.6325103978859259,0.513887030881793,102377.0,3.7694475650787354,shuffle,2.570955825134855,1225.5906670880684,,,0.0
ctrl_full_dm1seqr_netseed0_snp_shuffled_p60_pruneseed2,snp_shuffled,simulation_noise_prune_shuffled_rescale,dm1seqr,0,2.0,60,0.6,0.3828504852346765,0.6325103978859259,0.6052872593309117,102391.0,4.05775260925293,shuffle,2.574091559814423,1235.391168173822,,,0.0
ctrl_full_dm1seqr_netseed0_snp_shuffled_p70_pruneseed0,snp_shuffled,simulation_noise_prune_shuffled_rescale,dm1seqr,0,0.0,70,0.7,0.3338030552536173,0.6325103978859259,0.5277431902610701,78394.0,4.815961837768555,shuffle,3.361873067024181,1630.4117414744471,,,0.0
ctrl_full_dm1seqr_netseed0_snp_shuffled_p70_pruneseed1,snp_shuffled,simulation_noise_prune_shuffled_rescale,dm1seqr,0,1.0,70,0.7,0.240977108378841,0.6325103978859259,0.38098521255029477,77985.0,5.529286861419678,shuffle,3.3838894751999176,1634.1208894507577,,,0.0
ctrl_full_dm1seqr_netseed0_snp_shuffled_p70_pruneseed2,snp_shuffled,simulation_noise_prune_shuffled_rescale,dm1seqr,0,2.0,70,0.7,0.3360941700241478,0.6325103978859259,0.5313654465562839,78109.0,4.865377902984619,shuffle,3.3733482400267136,1647.1882242317624,,,0.0
ctrl_full_dm1seqr_netseed0_snp_shuffled_p80_pruneseed0,snp_shuffled,simulation_noise_prune_shuffled_rescale,dm1seqr,0,0.0,80,0.8,0.2757311064392041,0.6325103978859259,0.4359313417784044,52429.0,5.6026787757873535,shuffle,5.0738782427703875,2445.6176122116717,,,0.0
ctrl_full_dm1seqr_netseed0_snp_shuffled_p80_pruneseed1,snp_shuffled,simulation_noise_prune_shuffled_rescale,dm1seqr,0,1.0,80,0.8,0.2113618464302218,0.6325103978859259,0.3341634337343197,52345.0,5.819746494293213,shuffle,5.050129364937333,1224.7612258817323,,,0.0
ctrl_full_dm1seqr_netseed0_snp_shuffled_p80_pruneseed2,snp_shuffled,simulation_noise_prune_shuffled_rescale,dm1seqr,0,2.0,80,0.8,0.2542877041337699,0.6325103978859259,0.4020292867653869,52346.0,7.355820655822754,shuffle,5.035047007895763,2470.782336347645,,,0.0
ctrl_full_dm1seqr_netseed0_snp_uniform_p50_pruneseed0,snp_uniform,simulation_noise_prune_uniform_rescale,dm1seqr,0,0.0,50,0.5,0.596656404381757,0.6325103978859259,0.9433147761301544,124123.0,1.6532018184661863,uniform,2.1090384333366963,2.109038433336697,,,0.0
ctrl_full_dm1seqr_netseed0_snp_uniform_p50_pruneseed1,snp_uniform,simulation_noise_prune_uniform_rescale,dm1seqr,0,1.0,50,0.5,0.6067190845955076,0.6325103978859259,0.9592238904267472,123770.0,1.786020040512085,uniform,2.109031354894882,2.109031354894882,,,0.0
ctrl_full_dm1seqr_netseed0_snp_uniform_p50_pruneseed2,snp_uniform,simulation_noise_prune_uniform_rescale,dm1seqr,0,2.0,50,0.5,0.6019773882593386,0.6325103978859259,0.9517272605657717,124351.0,1.6068406105041504,uniform,2.109105950507246,2.1091059505072463,,,0.0
ctrl_full_dm1seqr_netseed0_snp_uniform_p60_pruneseed0,snp_uniform,simulation_noise_prune_uniform_rescale,dm1seqr,0,0.0,60,0.6,0.5786334021101688,0.6325103978859259,0.914820379307861,102679.0,1.7109256982803345,uniform,2.555654263379452,2.555654263379452,,,0.0
ctrl_full_dm1seqr_netseed0_snp_uniform_p60_pruneseed1,snp_uniform,simulation_noise_prune_uniform_rescale,dm1seqr,0,1.0,60,0.6,0.594632152411203,0.6325103978859259,0.9401144303693262,102135.0,1.882822632789612,uniform,2.555616904115542,2.5556169041155417,,,0.0
ctrl_full_dm1seqr_netseed0_snp_uniform_p60_pruneseed2,snp_uniform,simulation_noise_prune_uniform_rescale,dm1seqr,0,2.0,60,0.6,0.5838111913145921,0.6325103978859259,0.9230064727250274,102528.0,1.5193578004837036,uniform,2.5556579289927184,2.555657928992718,,,0.0
ctrl_full_dm1seqr_netseed0_snp_uniform_p70_pruneseed0,snp_uniform,simulation_noise_prune_uniform_rescale,dm1seqr,0,0.0,70,0.7,0.5869940183679713,0.6325103978859259,0.92803852763514,78293.0,1.9982731342315672,uniform,3.3540495586315653,3.3540495586315653,,,0.0
ctrl_full_dm1seqr_netseed0_snp_uniform_p70_pruneseed1,snp_uniform,simulation_noise_prune_uniform_rescale,dm1seqr,0,1.0,70,0.7,0.5794209728125387,0.6325103978859259,0.9160655299093408,77736.0,2.0770466327667236,uniform,3.3540625297321545,3.3540625297321545,,,0.0
ctrl_full_dm1seqr_netseed0_snp_uniform_p70_pruneseed2,snp_uniform,simulation_noise_prune_uniform_rescale,dm1seqr,0,2.0,70,0.7,0.56221157663844,0.6325103978859259,0.888857445691882,78037.0,2.0158169269561768,uniform,3.3540724113018294,3.3540724113018308,,,0.0
ctrl_full_dm1seqr_netseed0_snp_uniform_p80_pruneseed0,snp_uniform,simulation_noise_prune_uniform_rescale,dm1seqr,0,0.0,80,0.8,0.466170258466385,0.6325103978859259,0.7370159605668007,52429.0,2.8480162620544434,uniform,5.004312186147989,5.004312186147989,,,0.0
ctrl_full_dm1seqr_netseed0_snp_uniform_p80_pruneseed1,snp_uniform,simulation_noise_prune_uniform_rescale,dm1seqr,0,1.0,80,0.8,0.4079681326763735,0.6325103978859259,0.6449983020673616,52165.0,2.848212957382202,uniform,5.004324276971484,5.0043242769714835,,,0.0
ctrl_full_dm1seqr_netseed0_snp_uniform_p80_pruneseed2,snp_uniform,simulation_noise_prune_uniform_rescale,dm1seqr,0,2.0,80,0.8,0.4286207098550479,0.6325103978859259,0.6776500612284799,52395.0,2.757526159286499,uniform,5.004349105213598,5.004349105213598,,,0.0
ctrl_full_dm1seqr_netseed0_magnitude_p50_pruneseed0,magnitude,l1_unstructured,dm1seqr,0,0.0,50,0.5,0.5317501643484317,0.6325103978859259,0.8406979017668791,131072.0,1.6223548650741575,,,,,,
ctrl_full_dm1seqr_netseed0_magnitude_p60_pruneseed0,magnitude,l1_unstructured,dm1seqr,0,0.0,60,0.6,0.3886791593170915,0.6325103978859259,0.6145024028319458,104858.0,1.6308752298355105,,,,,,
ctrl_full_dm1seqr_netseed0_magnitude_p70_pruneseed0,magnitude,l1_unstructured,dm1seqr,0,0.0,70,0.7,0.2058228161185131,0.6325103978859259,0.3254062175206067,78643.0,1.6003644466400146,,,,,,
ctrl_full_dm1seqr_netseed0_magnitude_p80_pruneseed0,magnitude,l1_unstructured,dm1seqr,0,0.0,80,0.8,0.0895194516945787,0.6325103978859259,0.14153040328472774,52429.0,1.542872190475464,,,,,,
ctrl_full_dm1seqr_netseed0_magnitude_gain_invdensity_p50_pruneseed0,magnitude_gain_invdensity,l1_unstructured_gain,dm1seqr,0,0.0,50,0.5,0.006453523565287,0.6325103978859259,0.010203031581547062,131072.0,4.234466075897217,,,,1.99609375,1.560316427792295,
ctrl_full_dm1seqr_netseed0_magnitude_gain_invdensity_p60_pruneseed0,magnitude_gain_invdensity,l1_unstructured_gain,dm1seqr,0,0.0,60,0.6,0.0085916803894895,0.6325103978859259,0.013583461107052065,104858.0,5.564316749572754,,,,2.495107669419596,1.703975957014909,
ctrl_full_dm1seqr_netseed0_magnitude_gain_invdensity_p70_pruneseed0,magnitude_gain_invdensity,l1_unstructured_gain,dm1seqr,0,0.0,70,0.7,0.0129753900427631,0.6325103978859259,0.02051411342190019,78643.0,7.650973796844482,,,,3.326831377236372,1.87399658419114,
ctrl_full_dm1seqr_netseed0_magnitude_gain_invdensity_p80_pruneseed0,magnitude_gain_invdensity,l1_unstructured_gain,dm1seqr,0,0.0,80,0.8,0.031642768343563,0.6325103978859259,0.05002726982722237,52429.0,11.68947982788086,,,,4.990215338839192,2.0944578296322884,
ctrl_full_dm1seqr_netseed0_magnitude_gain_matchl1_p50_pruneseed0,magnitude_gain_matchl1,l1_unstructured_gain,dm1seqr,0,0.0,50,0.5,0.1109368186048933,0.6325103978859259,0.17539129629439057,131072.0,2.3547470569610596,,,,1.279287942309611,1.000000117100064,
ctrl_full_dm1seqr_netseed0_magnitude_gain_matchl1_p60_pruneseed0,magnitude_gain_matchl1,l1_unstructured_gain,dm1seqr,0,0.0,60,0.6,0.0353235223286057,0.6325103978859259,0.05584654805149361,104858.0,2.8523526191711426,,,,1.464285628551744,0.9999998828999362,
ctrl_full_dm1seqr_netseed0_magnitude_gain_matchl1_p70_pruneseed0,magnitude_gain_matchl1,l1_unstructured_gain,dm1seqr,0,0.0,70,0.7,0.0119404830867564,0.6325103978859259,0.01887792378855072,78643.0,3.616323232650757,,,,1.7752601058977155,1.0,
ctrl_full_dm1seqr_netseed0_magnitude_gain_matchl1_p80_pruneseed0,magnitude_gain_matchl1,l1_unstructured_gain,dm1seqr,0,0.0,80,0.8,0.0064405058677271,0.6325103978859259,0.010182450579869605,52429.0,5.05859899520874,,,,2.382580946031701,1.0,
ctrl_full_dm1seqr_netseed0_random_p50_pruneseed0,random,random_unstructured,dm1seqr,0,0.0,50,0.5,0.0100756979113104,0.6325103978859259,0.015929695298270125,130812.0,0.367907166481018,,,,,,
ctrl_full_dm1seqr_netseed0_random_p50_pruneseed1,random,random_unstructured,dm1seqr,0,1.0,50,0.5,0.0096786581357355,0.6325103978859259,0.015301974747110892,130803.0,0.3981794714927673,,,,,,
ctrl_full_dm1seqr_netseed0_random_p50_pruneseed2,random,random_unstructured,dm1seqr,0,2.0,50,0.5,0.0088520343406861,0.6325103978859259,0.013995081140599016,130825.0,0.3555245101451874,,,,,,
ctrl_full_dm1seqr_netseed0_random_p60_pruneseed0,random,random_unstructured,dm1seqr,0,0.0,60,0.6,0.0054121077605004,0.6325103978859259,0.008556551447358942,104643.0,0.0622081831097602,,,,,,
ctrl_full_dm1seqr_netseed0_random_p60_pruneseed1,random,random_unstructured,dm1seqr,0,1.0,60,0.6,0.0058709815994844,0.6325103978859259,0.009282031756485433,104641.0,0.1362637281417846,,,,,,
ctrl_full_dm1seqr_netseed0_random_p60_pruneseed2,random,random_unstructured,dm1seqr,0,2.0,60,0.6,0.0050313401068752,0.6325103978859259,0.007954557148296255,104657.0,0.0972573980689048,,,,,,
ctrl_full_dm1seqr_netseed0_random_p70_pruneseed0,random,random_unstructured,dm1seqr,0,0.0,70,0.7,0.0034041279118962,0.6325103978859259,0.005381931938627417,78486.0,-0.0070309629663825,,,,,,
ctrl_full_dm1seqr_netseed0_random_p70_pruneseed1,random,random_unstructured,dm1seqr,0,1.0,70,0.7,0.004347910984984,0.6325103978859259,0.0068740545602353105,78481.0,-0.0916266068816185,,,,,,
ctrl_full_dm1seqr_netseed0_random_p70_pruneseed2,random,random_unstructured,dm1seqr,0,2.0,70,0.7,0.0033585659704368,0.6325103978859259,0.0053098984327567085,78487.0,-0.0690408796072006,,,,,,
ctrl_full_dm1seqr_netseed0_random_p80_pruneseed0,random,random_unstructured,dm1seqr,0,0.0,80,0.8,0.0038760194484401,0.6325103978859259,0.0061279932494313636,52325.0,-0.1938878744840622,,,,,,
ctrl_full_dm1seqr_netseed0_random_p80_pruneseed1,random,random_unstructured,dm1seqr,0,1.0,80,0.8,0.0038727650240501,0.6325103978859259,0.00612284799901196,52319.0,-0.224241018295288,,,,,,
ctrl_full_dm1seqr_netseed0_random_p80_pruneseed2,random,random_unstructured,dm1seqr,0,2.0,80,0.8,0.003654718589923,0.6325103978859259,0.0057781162209164716,52322.0,-0.2293980717658996,,,,,,
ctrl_full_dm1seqr_netseed0_random_gain_invdensity_p50_pruneseed0,random_gain_invdensity,random_unstructured_gain,dm1seqr,0,0.0,50,0.5,0.6102371173610524,0.6325103978859259,0.9647859061300514,130812.0,1.7358981370925903,,,,2.0000611564688255,0.9989834543464908,
ctrl_full_dm1seqr_netseed0_random_gain_invdensity_p50_pruneseed1,random_gain_invdensity,random_unstructured_gain,dm1seqr,0,1.0,50,0.5,0.6094007302928331,0.6325103978859259,0.9634635767722816,130803.0,1.796636939048767,,,,2.0001987721994143,1.000089230248586,
ctrl_full_dm1seqr_netseed0_random_gain_invdensity_p50_pruneseed2,random_gain_invdensity,random_unstructured_gain,dm1seqr,0,2.0,50,0.5,0.609251026770895,0.6325103978859259,0.963226895252992,130825.0,1.7108625173568726,,,,1.999862411618574,1.0009490960167828,
ctrl_full_dm1seqr_netseed0_random_gain_invdensity_p60_pruneseed0,random_gain_invdensity,random_unstructured_gain,dm1seqr,0,0.0,60,0.6,0.6087823896587411,0.6325103978859259,0.9624859791926074,104643.0,1.655769109725952,,,,2.500234129373202,0.9972885480236144,
ctrl_full_dm1seqr_netseed0_random_gain_invdensity_p60_pruneseed1,random_gain_invdensity,random_unstructured_gain,dm1seqr,0,1.0,60,0.6,0.5551722566829604,0.6325103978859259,0.8777282690348539,104641.0,1.84097957611084,,,,2.5002819162660908,1.0003247184768091,
ctrl_full_dm1seqr_netseed0_random_gain_invdensity_p60_pruneseed2,random_gain_invdensity,random_unstructured_gain,dm1seqr,0,2.0,60,0.6,0.5829878219439327,0.6325103978859259,0.921704724368935,104657.0,1.7430334091186523,,,,2.4998996722627247,1.000809864040971,
ctrl_full_dm1seqr_netseed0_random_gain_invdensity_p70_pruneseed0,random_gain_invdensity,random_unstructured_gain,dm1seqr,0,0.0,70,0.7,0.5563210684926158,0.6325103978859259,0.8795445424328803,78486.0,2.3100485801696777,,,,3.3334862268430037,0.99716044055386,
ctrl_full_dm1seqr_netseed0_random_gain_invdensity_p70_pruneseed1,random_gain_invdensity,random_unstructured_gain,dm1seqr,0,1.0,70,0.7,0.5262924946464719,0.6325103978859259,0.8320693168136494,78481.0,2.028243064880371,,,,3.3336986022094517,1.0017732462655329,
ctrl_full_dm1seqr_netseed0_random_gain_invdensity_p70_pruneseed2,random_gain_invdensity,random_unstructured_gain,dm1seqr,0,2.0,70,0.7,0.524805222700261,0.6325103978859259,0.8297179373720119,78487.0,2.103299856185913,,,,3.333443755016754,0.999619307692713,
ctrl_full_dm1seqr_netseed0_random_gain_invdensity_p80_pruneseed0,random_gain_invdensity,random_unstructured_gain,dm1seqr,0,0.0,80,0.8,0.4542655740479181,0.6325103978859259,0.7181946345328627,52325.0,3.0306687355041504,,,,5.000133779264214,0.9966124122554584,
ctrl_full_dm1seqr_netseed0_random_gain_invdensity_p80_pruneseed1,random_gain_invdensity,random_unstructured_gain,dm1seqr,0,1.0,80,0.8,0.3642612131192356,0.6325103978859259,0.5758975889356535,52319.0,2.8793435096740723,,,,5.000707200061163,1.002039531810525,
ctrl_full_dm1seqr_netseed0_random_gain_invdensity_p80_pruneseed2,random_gain_invdensity,random_unstructured_gain,dm1seqr,0,2.0,80,0.8,0.4684646276613055,0.6325103978859259,0.740643362112434,52322.0,2.8533337116241455,,,,5.0004204732235005,0.9988838021922304,
ctrl_full_dm1seqr_netseed1_lnp_rescale_p50_pruneseed0,lnp_rescale,noise_prune,dm1seqr,1,0.0,50,0.5,0.5794307360857085,0.5831798329829403,0.9935712850733275,127013.0,0.8311601281166077,none,2.0630731865501604,642.2661062022929,,,1.0
ctrl_full_dm1seqr_netseed1_lnp_rescale_p50_pruneseed1,lnp_rescale,noise_prune,dm1seqr,1,1.0,50,0.5,0.5820798375391345,0.5831798329829403,0.998113797182973,126973.0,0.8192498683929443,none,2.0442945801263845,445.5020481167815,,,1.0
ctrl_full_dm1seqr_netseed1_lnp_rescale_p50_pruneseed2,lnp_rescale,noise_prune,dm1seqr,1,2.0,50,0.5,0.5854123681144516,0.5831798329829403,1.0038282104511262,126938.0,0.8269305229187012,none,2.079409598936603,481.15948141193707,,,1.0
ctrl_full_dm1seqr_netseed1_lnp_rescale_p60_pruneseed0,lnp_rescale,noise_prune,dm1seqr,1,0.0,60,0.6,0.5832514303195194,0.5831798329829403,1.0001227705975582,103734.0,0.9645050168037416,none,2.5083908147802902,519.2953593267732,,,1.0
ctrl_full_dm1seqr_netseed1_lnp_rescale_p60_pruneseed1,lnp_rescale,noise_prune,dm1seqr,1,1.0,60,0.6,0.5816437446708801,0.5831798329829403,0.9973660126342107,103806.0,0.9976184964179992,none,2.4982668721368437,556.877560145977,,,1.0
ctrl_full_dm1seqr_netseed1_lnp_rescale_p60_pruneseed2,lnp_rescale,noise_prune,dm1seqr,1,2.0,60,0.6,0.5830822002512416,0.5831798329829403,0.9998325855487846,103730.0,1.006117582321167,none,2.5416770097707233,601.4493517649214,,,1.0
ctrl_full_dm1seqr_netseed1_lnp_rescale_p70_pruneseed0,lnp_rescale,noise_prune,dm1seqr,1,0.0,70,0.7,0.5780248247492465,0.5831798329829403,0.9911605169758253,78392.0,1.4485857486724854,none,3.319421485349773,692.3938124356976,,,1.0
ctrl_full_dm1seqr_netseed1_lnp_rescale_p70_pruneseed1,lnp_rescale,noise_prune,dm1seqr,1,1.0,70,0.7,0.5804656430417152,0.5831798329829403,0.9953458782562111,78460.0,1.2841864824295044,none,3.311604826183648,742.5034135279691,,,1.0
ctrl_full_dm1seqr_netseed1_lnp_rescale_p70_pruneseed2,lnp_rescale,noise_prune,dm1seqr,1,2.0,70,0.7,0.5699310712914207,0.5831798329829403,0.9772818589700664,78475.0,1.3432693481445312,none,3.3634616501227153,599.2823434644021,,,1.0
ctrl_full_dm1seqr_netseed1_lnp_rescale_p80_pruneseed0,lnp_rescale,noise_prune,dm1seqr,1,0.0,80,0.8,0.5418974595963212,0.5831798329829403,0.9292115895444095,52397.0,1.895922899246216,none,4.957165120479288,525.4401892026268,,,1.0
ctrl_full_dm1seqr_netseed1_lnp_rescale_p80_pruneseed1,lnp_rescale,noise_prune,dm1seqr,1,1.0,80,0.8,0.5677701334964885,0.5831798329829403,0.9735764191164983,52429.0,2.0014219284057617,none,4.957763896140601,500.63442350335447,,,1.0
ctrl_full_dm1seqr_netseed1_lnp_rescale_p80_pruneseed2,lnp_rescale,noise_prune,dm1seqr,1,2.0,80,0.8,0.5386690706014827,0.5831798329829403,0.923675751690886,52156.0,1.858885169029236,none,4.976392907760622,375.5384662003866,,,1.0
ctrl_full_dm1seqr_netseed1_snp_rescale_p50_pruneseed0,snp_rescale,simulation_noise_prune_rescale,dm1seqr,1,0.0,50,0.5,0.5786854729004081,0.5831798329829403,0.992293354762383,124594.0,0.974236249923706,none,2.0947875583286013,196.4083359779527,,,0.0
ctrl_full_dm1seqr_netseed1_snp_rescale_p50_pruneseed1,snp_rescale,simulation_noise_prune_rescale,dm1seqr,1,1.0,50,0.5,0.5851585230120349,0.5831798329829403,1.003392932877966,124046.0,0.8591254353523254,none,2.0877726500240317,272.8658707949274,,,0.0
ctrl_full_dm1seqr_netseed1_snp_rescale_p50_pruneseed2,snp_rescale,simulation_noise_prune_rescale,dm1seqr,1,2.0,50,0.5,0.5830756914024616,0.5831798329829403,0.9998214245853702,124258.0,0.8696709275245667,none,2.1041086111898997,377.2556136354167,,,0.0
ctrl_full_dm1seqr_netseed1_snp_rescale_p60_pruneseed0,snp_rescale,simulation_noise_prune_rescale,dm1seqr,1,0.0,60,0.6,0.5690881753744216,0.5831798329829403,0.9758365142079065,102917.0,1.1557130813598633,none,2.5452056113190875,245.51041997244084,,,0.0
ctrl_full_dm1seqr_netseed1_snp_rescale_p60_pruneseed1,snp_rescale,simulation_noise_prune_rescale,dm1seqr,1,1.0,60,0.6,0.5805144594075646,0.5831798329829403,0.9954295854818189,102347.0,1.0810641050338743,none,2.5406911345957797,341.0823384936592,,,0.0
ctrl_full_dm1seqr_netseed1_snp_rescale_p60_pruneseed2,snp_rescale,simulation_noise_prune_rescale,dm1seqr,1,2.0,60,0.6,0.5816535079440499,0.5831798329829403,0.9973827540793321,102701.0,1.0635149478912354,none,2.555830914350873,363.7211833226292,,,0.0
ctrl_full_dm1seqr_netseed1_snp_rescale_p70_pruneseed0,snp_rescale,simulation_noise_prune_rescale,dm1seqr,1,0.0,70,0.7,0.5636174879749019,0.5831798329829403,0.9664557244581352,78378.0,1.3841696977615356,none,3.3481807208301033,268.11240344481706,,,0.0
ctrl_full_dm1seqr_netseed1_snp_rescale_p70_pruneseed1,snp_rescale,simulation_noise_prune_rescale,dm1seqr,1,1.0,70,0.7,0.5697162792816834,0.5831798329829403,0.9769135471773923,77799.0,1.3591922521591189,none,3.3397300940285533,454.776451324879,,,0.0
ctrl_full_dm1seqr_netseed1_snp_rescale_p70_pruneseed2,snp_rescale,simulation_noise_prune_rescale,dm1seqr,1,2.0,70,0.7,0.575193475529983,0.5831798329829403,0.986305497890578,78215.0,1.3962217569351196,none,3.37203811357475,484.9615777635055,,,0.0
ctrl_full_dm1seqr_netseed1_snp_rescale_p80_pruneseed0,snp_rescale,simulation_noise_prune_rescale,dm1seqr,1,0.0,80,0.8,0.4937970671127398,0.5831798329829403,0.8467320699122749,52429.0,2.000525951385498,none,5.011570468924004,402.16860516722573,,,0.0
ctrl_full_dm1seqr_netseed1_snp_rescale_p80_pruneseed1,snp_rescale,simulation_noise_prune_rescale,dm1seqr,1,1.0,80,0.8,0.5419592936597304,0.5831798329829403,0.9293176186968459,52141.0,1.921634078025818,none,4.989825532586476,682.1646769873187,,,0.0
ctrl_full_dm1seqr_netseed1_snp_rescale_p80_pruneseed2,snp_rescale,simulation_noise_prune_rescale,dm1seqr,1,2.0,80,0.8,0.5618438266823746,0.5831798329829403,0.9634143619277216,52313.0,1.9621156454086304,none,5.018144276101147,655.2241677167416,,,0.0
ctrl_full_dm1seqr_netseed1_lnp_shuffled_p50_pruneseed0,lnp_shuffled,noise_prune_shuffled_rescale,dm1seqr,1,0.0,50,0.5,0.4937840494151799,0.5831798329829403,0.8467097479854461,126923.0,3.014963388442993,shuffle,2.063343414254073,444.4126971295932,,,1.0
ctrl_full_dm1seqr_netseed1_lnp_shuffled_p50_pruneseed1,lnp_shuffled,noise_prune_shuffled_rescale,dm1seqr,1,1.0,50,0.5,0.5090082467114041,0.5831798329829403,0.8728152414116386,126685.0,2.5882885456085205,shuffle,2.0507397445885163,247.37828840158707,,,1.0
ctrl_full_dm1seqr_netseed1_lnp_shuffled_p50_pruneseed2,lnp_shuffled,noise_prune_shuffled_rescale,dm1seqr,1,2.0,50,0.5,0.5144659164133639,0.5831798329829403,0.882173709234581,126700.0,2.382267475128174,shuffle,2.0564436593760873,235.73976847254707,,,1.0
ctrl_full_dm1seqr_netseed1_lnp_shuffled_p60_pruneseed0,lnp_shuffled,noise_prune_shuffled_rescale,dm1seqr,1,0.0,60,0.6,0.4486093844581709,0.5831798329829403,0.7692470814080672,103984.0,3.605426788330078,shuffle,2.5236321753817976,555.5158714119915,,,1.0
ctrl_full_dm1seqr_netseed1_lnp_shuffled_p60_pruneseed1,lnp_shuffled,noise_prune_shuffled_rescale,dm1seqr,1,1.0,60,0.6,0.483747404596549,0.5831798329829403,0.8294995424005001,103656.0,2.84302020072937,shuffle,2.505373734830231,309.22286050198386,,,1.0
ctrl_full_dm1seqr_netseed1_lnp_shuffled_p60_pruneseed2,lnp_shuffled,noise_prune_shuffled_rescale,dm1seqr,1,2.0,60,0.6,0.4693335589734244,0.5831798329829403,0.8047835889193956,103538.0,2.9294705390930176,shuffle,2.5151224145057016,294.6747105906838,,,1.0
ctrl_full_dm1seqr_netseed1_lnp_shuffled_p70_pruneseed0,lnp_shuffled,noise_prune_shuffled_rescale,dm1seqr,1,0.0,70,0.7,0.3519041637105645,0.5831798329829403,0.6034230674791847,78449.0,4.494804859161377,shuffle,3.34197214061532,621.3725231317476,,,1.0
ctrl_full_dm1seqr_netseed1_lnp_shuffled_p70_pruneseed1,lnp_shuffled,noise_prune_shuffled_rescale,dm1seqr,1,1.0,70,0.7,0.4388265847419567,0.5831798329829403,0.7524721533962812,78356.0,3.487811326980591,shuffle,3.3121160329803474,412.2971473359784,,,1.0
ctrl_full_dm1seqr_netseed1_lnp_shuffled_p70_pruneseed2,lnp_shuffled,noise_prune_shuffled_rescale,dm1seqr,1,2.0,70,0.7,0.4073595553154513,0.5831798329829403,0.6985144757695484,78219.0,3.685555934906006,shuffle,3.3256368894642834,392.8996141209117,,,1.0
ctrl_full_dm1seqr_netseed1_lnp_shuffled_p80_pruneseed0,lnp_shuffled,noise_prune_shuffled_rescale,dm1seqr,1,0.0,80,0.8,0.2795355285510651,0.5831798329829403,0.4793298957566016,52286.0,4.9921722412109375,shuffle,5.0049908181202,854.2340761627548,,,1.0
ctrl_full_dm1seqr_netseed1_lnp_shuffled_p80_pruneseed1,lnp_shuffled,noise_prune_shuffled_rescale,dm1seqr,1,1.0,80,0.8,0.3026517049929379,0.5831798329829403,0.5189680573227081,52429.0,4.829699993133545,shuffle,4.945472957091237,618.4457210039678,,,1.0
ctrl_full_dm1seqr_netseed1_lnp_shuffled_p80_pruneseed2,lnp_shuffled,noise_prune_shuffled_rescale,dm1seqr,1,2.0,80,0.8,0.3354953559363955,0.5831798329829403,0.5752862787115783,52271.0,4.681716442108154,shuffle,4.991844422528676,589.3494211813677,,,1.0
ctrl_full_dm1seqr_netseed1_lnp_uniform_p50_pruneseed0,lnp_uniform,noise_prune_uniform_rescale,dm1seqr,1,0.0,50,0.5,0.567106230920937,0.5831798329829403,0.9724380008482333,127069.0,1.2254760265350342,uniform,2.0634594560698076,2.0634594560698063,,,1.0
ctrl_full_dm1seqr_netseed1_lnp_uniform_p50_pruneseed1,lnp_uniform,noise_prune_uniform_rescale,dm1seqr,1,1.0,50,0.5,0.5788156498760064,0.5831798329829403,0.9925165740306703,127089.0,1.1596317291259766,uniform,2.063459456069807,2.0634594560698063,,,1.0
ctrl_full_dm1seqr_netseed1_lnp_uniform_p50_pruneseed2,lnp_uniform,noise_prune_uniform_rescale,dm1seqr,1,2.0,50,0.5,0.5714118343888517,0.5831798329829403,0.9798209781468337,126723.0,1.2406753301620483,uniform,2.0634594560698076,2.0634594560698063,,,1.0
ctrl_full_dm1seqr_netseed1_lnp_uniform_p60_pruneseed0,lnp_uniform,noise_prune_uniform_rescale,dm1seqr,1,0.0,60,0.6,0.5689287085793135,0.5831798329829403,0.9755630706042545,103692.0,1.392171025276184,uniform,2.52085498403499,2.5208549840349885,,,1.0
ctrl_full_dm1seqr_netseed1_lnp_uniform_p60_pruneseed1,lnp_uniform,noise_prune_uniform_rescale,dm1seqr,1,1.0,60,0.6,0.5786529286565085,0.5831798329829403,0.9922375499453113,104180.0,1.4261523485183716,uniform,2.5208549840349903,2.5208549840349885,,,1.0
ctrl_full_dm1seqr_netseed1_lnp_uniform_p60_pruneseed2,lnp_uniform,noise_prune_uniform_rescale,dm1seqr,1,2.0,60,0.6,0.5647174834187078,0.5831798329829403,0.9683419272751624,103838.0,1.405627727508545,uniform,2.52085498403499,2.5208549840349885,,,1.0
ctrl_full_dm1seqr_netseed1_lnp_uniform_p70_pruneseed0,lnp_uniform,noise_prune_uniform_rescale,dm1seqr,1,0.0,70,0.7,0.5623808067067178,0.5831798329829403,0.9643351414094065,78255.0,1.877755045890808,uniform,3.3368083122988064,3.336808312298806,,,1.0
ctrl_full_dm1seqr_netseed1_lnp_uniform_p70_pruneseed1,lnp_uniform,noise_prune_uniform_rescale,dm1seqr,1,1.0,70,0.7,0.5686846267500667,0.5831798329829403,0.975144534476216,78643.0,1.8164012432098389,uniform,3.3368083122988064,3.336808312298806,,,1.0
ctrl_full_dm1seqr_netseed1_lnp_uniform_p70_pruneseed2,lnp_uniform,noise_prune_uniform_rescale,dm1seqr,1,2.0,70,0.7,0.5656970651600851,0.5831798329829403,0.9700216522690238,78530.0,1.8522330522537231,uniform,3.3368083122988064,3.336808312298806,,,1.0
ctrl_full_dm1seqr_netseed1_lnp_uniform_p80_pruneseed0,lnp_uniform,noise_prune_uniform_rescale,dm1seqr,1,0.0,80,0.8,0.5060955368823916,0.5831798329829403,0.8678207102837118,52426.0,2.6254711151123047,uniform,5.000071737080029,5.000071737080028,,,1.0
ctrl_full_dm1seqr_netseed1_lnp_uniform_p80_pruneseed1,lnp_uniform,noise_prune_uniform_rescale,dm1seqr,1,1.0,80,0.8,0.532355487284964,0.5831798329829403,0.912849617178955,52425.0,2.5261244773864746,uniform,5.000071737080028,5.000071737080028,,,1.0
ctrl_full_dm1seqr_netseed1_lnp_uniform_p80_pruneseed2,lnp_uniform,noise_prune_uniform_rescale,dm1seqr,1,2.0,80,0.8,0.52488332888562,0.5831798329829403,0.9000368311792674,52318.0,2.4737966060638428,uniform,5.000071737080028,5.000071737080028,,,1.0
ctrl_full_dm1seqr_netseed1_snp_shuffled_p50_pruneseed0,snp_shuffled,simulation_noise_prune_shuffled_rescale,dm1seqr,1,0.0,50,0.5,0.4222778367190195,0.5831798329829403,0.724095403915266,124433.0,2.796314477920532,shuffle,2.130651552375452,605.8212665281615,,,0.0
ctrl_full_dm1seqr_netseed1_snp_shuffled_p50_pruneseed1,snp_shuffled,simulation_noise_prune_shuffled_rescale,dm1seqr,1,1.0,50,0.5,0.4350839966935048,0.5831798329829403,0.746054599433023,124201.0,3.21725082397461,shuffle,2.099176889182584,760.3694833332469,,,0.0
ctrl_full_dm1seqr_netseed1_snp_shuffled_p50_pruneseed2,snp_shuffled,simulation_noise_prune_shuffled_rescale,dm1seqr,1,2.0,50,0.5,0.4473596854924269,0.5831798329829403,0.7671041764325095,124427.0,2.926969051361084,shuffle,2.105085703195473,800.5738380704665,,,0.0
ctrl_full_dm1seqr_netseed1_snp_shuffled_p60_pruneseed0,snp_shuffled,simulation_noise_prune_shuffled_rescale,dm1seqr,1,0.0,60,0.6,0.4273612476161341,0.5831798329829403,0.7328121163418826,102767.0,3.317267417907715,shuffle,2.576805882385857,664.069500183109,,,0.0
ctrl_full_dm1seqr_netseed1_snp_shuffled_p60_pruneseed1,snp_shuffled,simulation_noise_prune_shuffled_rescale,dm1seqr,1,1.0,60,0.6,0.4204195603923534,0.5831798329829403,0.7209089488604656,102573.0,3.934995412826538,shuffle,2.550122249800886,950.4618541665586,,,0.0
ctrl_full_dm1seqr_netseed1_snp_shuffled_p60_pruneseed2,snp_shuffled,simulation_noise_prune_shuffled_rescale,dm1seqr,1,2.0,60,0.6,0.4242923254164036,0.5831798329829403,0.727549722092011,102440.0,3.441570520401001,shuffle,2.5536740383775967,1000.7172975880832,,,0.0
ctrl_full_dm1seqr_netseed1_snp_shuffled_p70_pruneseed0,snp_shuffled,simulation_noise_prune_shuffled_rescale,dm1seqr,1,0.0,70,0.7,0.3583772138221913,0.5831798329829403,0.6145226455947678,78120.0,3.8612778186798096,shuffle,3.3780825800726353,885.4260002441454,,,0.0
ctrl_full_dm1seqr_netseed1_snp_shuffled_p70_pruneseed1,snp_shuffled,simulation_noise_prune_shuffled_rescale,dm1seqr,1,1.0,70,0.7,0.3940261785897928,0.5831798329829403,0.675651242215228,78244.0,4.295152187347412,shuffle,3.351690047072875,1267.2824722220782,,,0.0
ctrl_full_dm1seqr_netseed1_snp_shuffled_p70_pruneseed2,snp_shuffled,simulation_noise_prune_shuffled_rescale,dm1seqr,1,2.0,70,0.7,0.402406321393935,0.5831798329829403,0.6900209826112189,78046.0,3.8129727840423584,shuffle,3.358829517396644,1334.289730117444,,,0.0
ctrl_full_dm1seqr_netseed1_snp_shuffled_p80_pruneseed0,snp_shuffled,simulation_noise_prune_shuffled_rescale,dm1seqr,1,0.0,80,0.8,0.2624432916550049,0.5831798329829403,0.45002120583048716,52429.0,4.774977684020996,shuffle,5.0162561993366355,1328.1390003662184,,,0.0
ctrl_full_dm1seqr_netseed1_snp_shuffled_p80_pruneseed1,snp_shuffled,simulation_noise_prune_shuffled_rescale,dm1seqr,1,1.0,80,0.8,0.2723562683468175,0.5831798329829403,0.4670193531105605,52285.0,7.278360843658447,shuffle,5.0378826987092955,1900.9237083331177,,,0.0
ctrl_full_dm1seqr_netseed1_snp_shuffled_p80_pruneseed2,snp_shuffled,simulation_noise_prune_shuffled_rescale,dm1seqr,1,2.0,80,0.8,0.3030617624660726,0.5831798329829403,0.5196711980178128,52429.0,4.635464668273926,shuffle,4.982134677515024,602.4859697832424,,,0.0
ctrl_full_dm1seqr_netseed1_snp_uniform_p50_pruneseed0,snp_uniform,simulation_noise_prune_uniform_rescale,dm1seqr,1,0.0,50,0.5,0.569673971764614,0.5831798329829403,0.976841000915199,124408.0,1.1874085664749146,uniform,2.1040503100198475,2.1040503100198475,,,0.0
ctrl_full_dm1seqr_netseed1_snp_uniform_p50_pruneseed1,snp_uniform,simulation_noise_prune_uniform_rescale,dm1seqr,1,1.0,50,0.5,0.57231656436926,0.5831798329829403,0.98137235206143,124079.0,1.2343637943267822,uniform,2.1040167900247053,2.104016790024706,,,0.0
ctrl_full_dm1seqr_netseed1_snp_uniform_p50_pruneseed2,snp_uniform,simulation_noise_prune_uniform_rescale,dm1seqr,1,2.0,50,0.5,0.5784674264662809,0.5831798329829403,0.991919462488002,124625.0,1.1987261772155762,uniform,2.1041233098281107,2.1041233098281107,,,0.0
ctrl_full_dm1seqr_netseed1_snp_uniform_p60_pruneseed0,snp_uniform,simulation_noise_prune_uniform_rescale,dm1seqr,1,0.0,60,0.6,0.5682224984866927,0.5831798329829403,0.9743521060737964,102867.0,1.4624637365341189,uniform,2.5513881918822356,2.551388191882236,,,0.0
ctrl_full_dm1seqr_netseed1_snp_uniform_p60_pruneseed1,snp_uniform,simulation_noise_prune_uniform_rescale,dm1seqr,1,1.0,60,0.6,0.5655375983649772,0.5831798329829403,0.969748208665372,102296.0,1.5321922302246094,uniform,2.551394971894223,2.5513949718942235,,,0.0
ctrl_full_dm1seqr_netseed1_snp_uniform_p60_pruneseed2,snp_uniform,simulation_noise_prune_uniform_rescale,dm1seqr,1,2.0,60,0.6,0.5725443740765571,0.5831798329829403,0.9817629857809327,102705.0,1.3686515092849731,uniform,2.5514499548220293,2.55144995482203,,,0.0
ctrl_full_dm1seqr_netseed1_snp_uniform_p70_pruneseed0,snp_uniform,simulation_noise_prune_uniform_rescale,dm1seqr,1,0.0,70,0.7,0.554592969141548,0.5831798329829403,0.9509810486841225,78371.0,1.9066840410232544,uniform,3.350497563689736,3.350497563689736,,,0.0
ctrl_full_dm1seqr_netseed1_snp_uniform_p70_pruneseed1,snp_uniform,simulation_noise_prune_uniform_rescale,dm1seqr,1,1.0,70,0.7,0.5644018042528818,0.5831798329829403,0.9678006205495658,77820.0,1.996766209602356,uniform,3.3504661364622383,3.3504661364622392,,,0.0
ctrl_full_dm1seqr_netseed1_snp_uniform_p70_pruneseed2,snp_uniform,simulation_noise_prune_uniform_rescale,dm1seqr,1,2.0,70,0.7,0.5595104043947747,0.5831798329829403,0.959413156543673,78116.0,1.7913604974746704,uniform,3.350489794651146,3.3504897946511454,,,0.0
ctrl_full_dm1seqr_netseed1_snp_uniform_p80_pruneseed0,snp_uniform,simulation_noise_prune_uniform_rescale,dm1seqr,1,0.0,80,0.8,0.4846228447574477,0.5831798329829403,0.8310006919797317,52429.0,2.515557050704956,uniform,5.002144092461673,5.0021440924616725,,,0.0
ctrl_full_dm1seqr_netseed1_snp_uniform_p80_pruneseed1,snp_uniform,simulation_noise_prune_uniform_rescale,dm1seqr,1,1.0,80,0.8,0.5250232691343882,0.5831798329829403,0.9002767918926763,52191.0,2.5934128761291504,uniform,5.0021451432310196,5.002145143231022,,,0.0
ctrl_full_dm1seqr_netseed1_snp_uniform_p80_pruneseed2,snp_uniform,simulation_noise_prune_uniform_rescale,dm1seqr,1,2.0,80,0.8,0.5008852034340686,0.5831798329829403,0.858886359070515,52412.0,2.4710769653320312,uniform,5.002150258982535,5.002150258982534,,,0.0
ctrl_full_dm1seqr_netseed1_magnitude_p50_pruneseed0,magnitude,l1_unstructured,dm1seqr,1,0.0,50,0.5,0.5437036651327479,0.5831798329829403,0.9323087568918949,131072.0,0.4666005074977875,,,,,,
ctrl_full_dm1seqr_netseed1_magnitude_p60_pruneseed0,magnitude,l1_unstructured,dm1seqr,1,0.0,60,0.6,0.4516229814432721,0.5831798329829403,0.7744146074689168,104858.0,0.4433238506317138,,,,,,
ctrl_full_dm1seqr_netseed1_magnitude_p70_pruneseed0,magnitude,l1_unstructured,dm1seqr,1,0.0,70,0.7,0.2749890976782936,0.5831798329829403,0.47153396281166987,78643.0,0.2351446747779846,,,,,,
ctrl_full_dm1seqr_netseed1_magnitude_p80_pruneseed0,magnitude,l1_unstructured,dm1seqr,1,0.0,80,0.8,0.1261740335986774,0.5831798329829403,0.216355275787406,52429.0,0.0963037312030792,,,,,,
ctrl_full_dm1seqr_netseed1_magnitude_gain_invdensity_p50_pruneseed0,magnitude_gain_invdensity,l1_unstructured_gain,dm1seqr,1,0.0,50,0.5,0.0048132936727481,0.5831798329829403,0.008253532444920645,131072.0,1.9274721145629885,,,,1.99609375,1.5437445778912773,
ctrl_full_dm1seqr_netseed1_magnitude_gain_invdensity_p60_pruneseed0,magnitude_gain_invdensity,l1_unstructured_gain,dm1seqr,1,0.0,60,0.6,0.005203824599543,0.5831798329829403,0.008923190249782225,104858.0,2.601248264312744,,,,2.495107669419596,1.6763842396310658,
ctrl_full_dm1seqr_netseed1_magnitude_gain_invdensity_p70_pruneseed0,magnitude_gain_invdensity,l1_unstructured_gain,dm1seqr,1,0.0,70,0.7,0.0091254059894426,0.5831798329829403,0.015647670706935343,78643.0,3.1091179847717285,,,,3.326831377236372,1.8289791989144315,
ctrl_full_dm1seqr_netseed1_magnitude_gain_invdensity_p80_pruneseed0,magnitude_gain_invdensity,l1_unstructured_gain,dm1seqr,1,0.0,80,0.8,0.0197576104714359,0.5831798329829403,0.0338791044442956,52429.0,4.470791816711426,,,,4.990215338839192,2.020818272571238,
ctrl_full_dm1seqr_netseed1_magnitude_gain_matchl1_p50_pruneseed0,magnitude_gain_matchl1,l1_unstructured_gain,dm1seqr,1,0.0,50,0.5,0.0948306722989904,0.5831798329829403,0.16260965646554598,131072.0,0.8963446617126465,,,,1.2930206221124048,1.0,
ctrl_full_dm1seqr_netseed1_magnitude_gain_matchl1_p60_pruneseed0,magnitude_gain_matchl1,l1_unstructured_gain,dm1seqr,1,0.0,60,0.6,0.0295599367339898,0.5831798329829403,0.050687515346324596,104858.0,1.1482237577438354,,,,1.4883865026971108,1.0000000624981915,
ctrl_full_dm1seqr_netseed1_magnitude_gain_matchl1_p70_pruneseed0,magnitude_gain_matchl1,l1_unstructured_gain,dm1seqr,1,0.0,70,0.7,0.0099715563308317,0.5831798329829403,0.01709859595080236,78643.0,1.2466731071472168,,,,1.8189553995947485,1.0000000624981915,
ctrl_full_dm1seqr_netseed1_magnitude_gain_matchl1_p80_pruneseed0,magnitude_gain_matchl1,l1_unstructured_gain,dm1seqr,1,0.0,80,0.8,0.0058677271750945,0.5831798329829403,0.010061608518047207,52429.0,1.7072162628173828,,,,2.469403509692514,1.0,
ctrl_full_dm1seqr_netseed1_random_p50_pruneseed0,random,random_unstructured,dm1seqr,1,0.0,50,0.5,0.0198161901104551,0.5831798329829403,0.033979553115024784,130812.0,0.105629839003086,,,,,,
ctrl_full_dm1seqr_netseed1_random_p50_pruneseed1,random,random_unstructured,dm1seqr,1,1.0,50,0.5,0.0205158913542961,0.5831798329829403,0.03517935668206869,130817.0,0.0921693444252014,,,,,,
ctrl_full_dm1seqr_netseed1_random_p50_pruneseed2,random,random_unstructured,dm1seqr,1,2.0,50,0.5,0.0215215084907932,0.5831798329829403,0.03690372552958766,130825.0,0.0922151654958725,,,,,,
ctrl_full_dm1seqr_netseed1_random_p60_pruneseed0,random,random_unstructured,dm1seqr,1,0.0,60,0.6,0.0113449234233941,0.5831798329829403,0.019453559231232834,104643.0,-0.0198738072067499,,,,,,
ctrl_full_dm1seqr_netseed1_random_p60_pruneseed1,random,random_unstructured,dm1seqr,1,1.0,60,0.6,0.0119535007843162,0.5831798329829403,0.020497109310475548,104649.0,-0.0571428388357162,,,,,,
ctrl_full_dm1seqr_netseed1_random_p60_pruneseed2,random,random_unstructured,dm1seqr,1,2.0,60,0.6,0.0122952153452618,0.5831798329829403,0.021083059889729538,104657.0,0.0032909931614995,,,,,,
ctrl_full_dm1seqr_netseed1_random_p70_pruneseed0,random,random_unstructured,dm1seqr,1,0.0,70,0.7,0.0077552933212702,0.5831798329829403,0.013298287908212122,78486.0,-0.1212757304310798,,,,,,
ctrl_full_dm1seqr_netseed1_random_p70_pruneseed1,random,random_unstructured,dm1seqr,1,1.0,70,0.7,0.0081458242480652,0.5831798329829403,0.013967945713073875,78484.0,-0.1598483473062515,,,,,,
ctrl_full_dm1seqr_netseed1_random_p70_pruneseed2,random,random_unstructured,dm1seqr,1,2.0,70,0.7,0.0084615034138911,0.5831798329829403,0.014509252438670362,78487.0,-0.1405537277460098,,,,,,
ctrl_full_dm1seqr_netseed1_random_p80_pruneseed0,random,random_unstructured,dm1seqr,1,0.0,80,0.8,0.0069677226189003,0.5831798329829403,0.01194781133507428,52325.0,-0.2873587906360626,,,,,,
ctrl_full_dm1seqr_netseed1_random_p80_pruneseed1,random,random_unstructured,dm1seqr,1,1.0,80,0.8,0.0068700898872016,0.5831798329829403,0.011780396883858927,52335.0,-0.3049179017543793,,,,,,
ctrl_full_dm1seqr_netseed1_random_p80_pruneseed2,random,random_unstructured,dm1seqr,1,2.0,80,0.8,0.0080612092139263,0.5831798329829403,0.013822853188687192,52322.0,-0.2707706093788147,,,,,,
ctrl_full_dm1seqr_netseed1_random_gain_invdensity_p50_pruneseed0,random_gain_invdensity,random_unstructured_gain,dm1seqr,1,0.0,50,0.5,0.5769736456712902,0.5831798329829403,0.989358021384406,130812.0,1.2113274335861206,,,,2.0000611564688255,0.9989889667567744,
ctrl_full_dm1seqr_netseed1_random_gain_invdensity_p50_pruneseed1,random_gain_invdensity,random_unstructured_gain,dm1seqr,1,1.0,50,0.5,0.5596308180972032,0.5831798329829403,0.9596196343668386,130817.0,1.1843219995498655,,,,1.999984711467164,1.0022292479911363,
ctrl_full_dm1seqr_netseed1_random_gain_invdensity_p50_pruneseed2,random_gain_invdensity,random_unstructured_gain,dm1seqr,1,2.0,50,0.5,0.5694331443597571,0.5831798329829403,0.9764280452688677,130825.0,1.1842800378799438,,,,1.999862411618574,0.9992523341355808,
ctrl_full_dm1seqr_netseed1_random_gain_invdensity_p60_pruneseed0,random_gain_invdensity,random_unstructured_gain,dm1seqr,1,0.0,60,0.6,0.5719781042327043,0.5831798329829403,0.9807919819638831,104643.0,1.4505449533462524,,,,2.500234129373202,0.998014869944701,
ctrl_full_dm1seqr_netseed1_random_gain_invdensity_p60_pruneseed1,random_gain_invdensity,random_unstructured_gain,dm1seqr,1,1.0,60,0.6,0.5545050996830191,0.5831798329829403,0.9508303756780286,104649.0,1.3572285175323486,,,,2.5000907796538905,1.0016031411091042,
ctrl_full_dm1seqr_netseed1_random_gain_invdensity_p60_pruneseed2,random_gain_invdensity,random_unstructured_gain,dm1seqr,1,2.0,60,0.6,0.5722514758814609,0.5831798329829403,0.9812607424272863,104657.0,1.508126735687256,,,,2.4998996722627247,1.0006131697564002,
ctrl_full_dm1seqr_netseed1_random_gain_invdensity_p70_pruneseed0,random_gain_invdensity,random_unstructured_gain,dm1seqr,1,0.0,70,0.7,0.5693257483548885,0.5831798329829403,0.9762438893725307,78486.0,1.929215431213379,,,,3.3334862268430037,0.9975312589391944,
ctrl_full_dm1seqr_netseed1_random_gain_invdensity_p70_pruneseed1,random_gain_invdensity,random_unstructured_gain,dm1seqr,1,1.0,70,0.7,0.54432200576684,0.5831798329829403,0.9333690484162592,78484.0,1.8007053136825562,,,,3.3335711737424187,1.00034192760547,
ctrl_full_dm1seqr_netseed1_random_gain_invdensity_p70_pruneseed2,random_gain_invdensity,random_unstructured_gain,dm1seqr,1,2.0,70,0.7,0.5667547530868215,0.5831798329829403,0.9718353088238577,78487.0,1.8649157285690308,,,,3.333443755016754,1.0026749225944274,
ctrl_full_dm1seqr_netseed1_random_gain_invdensity_p80_pruneseed0,random_gain_invdensity,random_unstructured_gain,dm1seqr,1,0.0,80,0.8,0.5280140851487597,0.5831798329829403,0.9054052545815754,52325.0,2.5633015632629395,,,,5.000133779264214,0.999004716301022,
ctrl_full_dm1seqr_netseed1_random_gain_invdensity_p80_pruneseed1,random_gain_invdensity,random_unstructured_gain,dm1seqr,1,1.0,80,0.8,0.4831681170551364,0.5831798329829403,0.8285062166566217,52335.0,2.474839448928833,,,,4.999178370115601,1.0024120552011526,
ctrl_full_dm1seqr_netseed1_random_gain_invdensity_p80_pruneseed2,random_gain_invdensity,random_unstructured_gain,dm1seqr,1,2.0,80,0.8,0.5045203954776518,0.5831798329829403,0.865119757137436,52322.0,2.646453619003296,,,,5.0004204732235005,1.0044774329342845,
ctrl_full_dm1seqr_netseed2_lnp_rescale_p50_pruneseed0,lnp_rescale,noise_prune,dm1seqr,2,0.0,50,0.5,0.6108294226000247,0.6092770621660147,1.002547872766605,125818.0,1.0598416328430176,none,2.0741587836994255,298.33433986142506,,,2.0
ctrl_full_dm1seqr_netseed2_lnp_rescale_p50_pruneseed1,lnp_rescale,noise_prune,dm1seqr,2,1.0,50,0.5,0.6121409556291779,0.6092770621660147,1.0047004780599846,125843.0,1.1261004209518433,none,2.0807798577409566,813.5443231267615,,,2.0
ctrl_full_dm1seqr_netseed2_lnp_rescale_p50_pruneseed2,lnp_rescale,noise_prune,dm1seqr,2,2.0,50,0.5,0.6095536882391611,0.6092770621660147,1.0004540234489756,125695.0,1.1236984729766846,none,2.0808345603335723,518.4230625734124,,,2.0
ctrl_full_dm1seqr_netseed2_lnp_rescale_p60_pruneseed0,lnp_rescale,noise_prune,dm1seqr,2,0.0,60,0.6,0.6120107786535796,0.6092770621660147,1.0044868199663488,103236.0,1.210186004638672,none,2.511757922723307,267.44648732255735,,,2.0
ctrl_full_dm1seqr_netseed2_lnp_rescale_p60_pruneseed1,lnp_rescale,noise_prune,dm1seqr,2,1.0,60,0.6,0.610728535443936,0.6092770621660147,1.0023822877440376,103442.0,1.1105674505233765,none,2.5346382445180624,1016.930403908452,,,2.0
ctrl_full_dm1seqr_netseed2_lnp_rescale_p60_pruneseed2,lnp_rescale,noise_prune,dm1seqr,2,2.0,60,0.6,0.6130717210047059,0.6092770621660147,1.0062281334294794,103256.0,1.1070153713226318,none,2.527987701396426,478.0885988967471,,,2.0
ctrl_full_dm1seqr_netseed2_lnp_rescale_p70_pruneseed0,lnp_rescale,noise_prune,dm1seqr,2,0.0,70,0.7,0.6059184961955779,0.6092770621660147,0.9944876211842,78080.0,1.3838378190994265,none,3.3284650972320726,356.5953164300764,,,2.0
ctrl_full_dm1seqr_netseed2_lnp_rescale_p70_pruneseed1,lnp_rescale,noise_prune,dm1seqr,2,1.0,70,0.7,0.6106764646536967,0.6092770621660147,1.0022968245065833,78484.0,1.4448219537734983,none,3.348602121783556,1355.9072052112692,,,2.0
ctrl_full_dm1seqr_netseed2_lnp_rescale_p70_pruneseed2,lnp_rescale,noise_prune,dm1seqr,2,2.0,70,0.7,0.6105007257366389,0.6092770621660147,1.0020083860801752,78353.0,1.413890361785889,none,3.3514472559948145,637.4514651956628,,,2.0
ctrl_full_dm1seqr_netseed2_lnp_rescale_p80_pruneseed0,lnp_rescale,noise_prune,dm1seqr,2,0.0,80,0.8,0.5902386794847595,0.6092770621660147,0.9687525038057847,52318.0,2.0468544960021973,none,5.012028365772526,534.8929746451149,,,2.0
ctrl_full_dm1seqr_netseed2_lnp_rescale_p80_pruneseed1,lnp_rescale,noise_prune,dm1seqr,2,1.0,80,0.8,0.5969785923963629,0.6092770621660147,0.979814651603771,52429.0,2.034526824951172,none,4.977471050595453,1296.740059758131,,,2.0
ctrl_full_dm1seqr_netseed2_lnp_rescale_p80_pruneseed2,lnp_rescale,noise_prune,dm1seqr,2,2.0,80,0.8,0.5846963947486608,0.6092770621660147,0.9596560104692464,52321.0,2.227370500564575,none,4.97537875767417,755.2226557581795,,,2.0
ctrl_full_dm1seqr_netseed2_snp_rescale_p50_pruneseed0,snp_rescale,simulation_noise_prune_rescale,dm1seqr,2,0.0,50,0.5,0.6105462876780984,0.6092770621660147,1.0020831664129477,124479.0,0.9768149852752686,none,2.100954771439973,408.92849338005016,,,0.0
ctrl_full_dm1seqr_netseed2_snp_rescale_p50_pruneseed1,snp_rescale,simulation_noise_prune_rescale,dm1seqr,2,1.0,50,0.5,0.6058631709809486,0.6092770621660147,0.9943968164944047,124099.0,1.056207537651062,none,2.1065951367121083,328.80806822703477,,,0.0
ctrl_full_dm1seqr_netseed2_snp_rescale_p50_pruneseed2,snp_rescale,simulation_noise_prune_rescale,dm1seqr,2,2.0,50,0.5,0.6029406978787661,0.6092770621660147,0.9896001922922841,124427.0,1.0281437635421753,none,2.1205731024700283,800.7469146259216,,,0.0
ctrl_full_dm1seqr_netseed2_snp_rescale_p60_pruneseed0,snp_rescale,simulation_noise_prune_rescale,dm1seqr,2,0.0,60,0.6,0.6105820863463879,0.6092770621660147,1.0021419223886974,102891.0,1.0586040019989014,none,2.548514869285948,511.1606167250628,,,0.0
ctrl_full_dm1seqr_netseed2_snp_rescale_p60_pruneseed1,snp_rescale,simulation_noise_prune_rescale,dm1seqr,2,1.0,60,0.6,0.6045418746786256,0.6092770621660147,0.9922281868440029,102531.0,1.1199755668640137,none,2.5533924384436144,411.01008528379344,,,0.0
ctrl_full_dm1seqr_netseed2_snp_rescale_p60_pruneseed2,snp_rescale,simulation_noise_prune_rescale,dm1seqr,2,2.0,60,0.6,0.6051439431907678,0.6092770621660147,0.9932163555270677,102758.0,1.048825979232788,none,2.572501629459009,1000.933643282402,,,0.0
ctrl_full_dm1seqr_netseed2_snp_rescale_p70_pruneseed0,snp_rescale,simulation_noise_prune_rescale,dm1seqr,2,0.0,70,0.7,0.609563451512331,0.6092770621660147,1.0004700478059985,78426.0,1.4898419380187988,none,3.3563242112280687,681.5474889667503,,,0.0
ctrl_full_dm1seqr_netseed2_snp_rescale_p70_pruneseed1,snp_rescale,simulation_noise_prune_rescale,dm1seqr,2,1.0,70,0.7,0.5866815936265353,0.6092770621660147,0.9629142963971903,77919.0,1.383947730064392,none,3.3413140144525033,548.0134470450579,,,0.0
ctrl_full_dm1seqr_netseed2_snp_rescale_p70_pruneseed2,snp_rescale,simulation_noise_prune_rescale,dm1seqr,2,2.0,70,0.7,0.6078093167661436,0.6092770621660147,0.9975910049942579,78182.0,1.4267714023590088,none,3.3732734895899275,928.7452827309468,,,0.0
ctrl_full_dm1seqr_netseed2_snp_rescale_p80_pruneseed0,snp_rescale,simulation_noise_prune_rescale,dm1seqr,2,0.0,80,0.8,0.5867857352070139,0.6092770621660147,0.9630852228720989,52429.0,2.0683205127716064,none,5.0086210210420115,679.544055710962,,,0.0
ctrl_full_dm1seqr_netseed2_snp_rescale_p80_pruneseed1,snp_rescale,simulation_noise_prune_rescale,dm1seqr,2,1.0,80,0.8,0.5886798102019696,0.6092770621660147,0.9661939481344977,52142.0,2.0916078090667725,none,5.002668998105148,822.0201705675872,,,0.0
ctrl_full_dm1seqr_netseed2_snp_rescale_p80_pruneseed2,snp_rescale,simulation_noise_prune_rescale,dm1seqr,2,2.0,80,0.8,0.5910848298261486,0.6092770621660147,0.9701412814144165,52415.0,2.0208303928375244,none,5.030538204639341,1393.117924096421,,,0.0
ctrl_full_dm1seqr_netseed2_lnp_shuffled_p50_pruneseed0,lnp_shuffled,noise_prune_shuffled_rescale,dm1seqr,2,0.0,50,0.5,0.491837903629985,0.6092770621660147,0.8072483508265897,125624.0,3.0958454608917236,shuffle,2.0898450277500062,562.2590984871728,,,2.0
ctrl_full_dm1seqr_netseed2_lnp_shuffled_p50_pruneseed1,lnp_shuffled,noise_prune_shuffled_rescale,dm1seqr,2,1.0,50,0.5,0.5311448414118994,0.6092770621660147,0.871762412199877,125981.0,3.3893113136291504,shuffle,2.0703854241169743,273.7773613404855,,,2.0
ctrl_full_dm1seqr_netseed2_lnp_shuffled_p50_pruneseed2,lnp_shuffled,noise_prune_shuffled_rescale,dm1seqr,2,2.0,50,0.5,0.5451974459277388,0.6092770621660147,0.8948268034078466,125442.0,2.87941575050354,shuffle,2.0766314981566816,237.6805059395488,,,2.0
ctrl_full_dm1seqr_netseed2_lnp_shuffled_p60_pruneseed0,lnp_shuffled,noise_prune_shuffled_rescale,dm1seqr,2,0.0,60,0.6,0.4760929984313674,0.6092770621660147,0.7814064044013566,103272.0,3.45871901512146,shuffle,2.554085061638663,702.8238731089659,,,2.0
ctrl_full_dm1seqr_netseed2_lnp_shuffled_p60_pruneseed1,lnp_shuffled,noise_prune_shuffled_rescale,dm1seqr,2,1.0,60,0.6,0.4957074142296452,0.6092770621660147,0.8135993376599097,103654.0,3.667303562164306,shuffle,2.5182633707182456,274.1063922733326,,,2.0
ctrl_full_dm1seqr_netseed2_lnp_shuffled_p60_pruneseed2,lnp_shuffled,noise_prune_shuffled_rescale,dm1seqr,2,2.0,60,0.6,0.4976014892246008,0.6092770621660147,0.8167080629223085,103270.0,3.5562915802001953,shuffle,2.532999900571114,297.10063242443596,,,2.0
ctrl_full_dm1seqr_netseed2_lnp_shuffled_p70_pruneseed0,lnp_shuffled,noise_prune_shuffled_rescale,dm1seqr,2,0.0,70,0.7,0.435302043127632,0.6092770621660147,0.7144566407606228,78421.0,4.334617614746094,shuffle,3.3597748935506813,891.8558762069869,,,2.0
ctrl_full_dm1seqr_netseed2_lnp_shuffled_p70_pruneseed1,lnp_shuffled,noise_prune_shuffled_rescale,dm1seqr,2,1.0,70,0.7,0.4107799553492973,0.6092770621660147,0.6742087973720052,78503.0,4.071198463439941,shuffle,3.327502018507944,365.4751896977767,,,2.0
ctrl_full_dm1seqr_netseed2_lnp_shuffled_p70_pruneseed2,lnp_shuffled,noise_prune_shuffled_rescale,dm1seqr,2,2.0,70,0.7,0.4317189218742881,0.6092770621660147,0.7085757017333013,78305.0,3.6434779167175297,shuffle,3.341159886381943,396.1341765659146,,,2.0
ctrl_full_dm1seqr_netseed2_lnp_shuffled_p80_pruneseed0,lnp_shuffled,noise_prune_shuffled_rescale,dm1seqr,2,0.0,80,0.8,0.352330493305649,0.6092770621660147,0.5782763133295942,52429.0,5.455257892608643,shuffle,5.029012641429927,1337.783814310481,,,2.0
ctrl_full_dm1seqr_netseed2_lnp_shuffled_p80_pruneseed1,lnp_shuffled,noise_prune_shuffled_rescale,dm1seqr,2,1.0,80,0.8,0.308864401153368,0.6092770621660147,0.5069358758646475,52429.0,5.406642436981201,shuffle,4.98291414790772,548.2127845466653,,,2.0
ctrl_full_dm1seqr_netseed2_lnp_shuffled_p80_pruneseed2,lnp_shuffled,noise_prune_shuffled_rescale,dm1seqr,2,2.0,80,0.8,0.3288758567272206,0.6092770621660147,0.5397804663087892,52429.0,5.027952194213867,shuffle,4.997489820482743,594.2012648488721,,,2.0
ctrl_full_dm1seqr_netseed2_lnp_uniform_p50_pruneseed0,lnp_uniform,noise_prune_uniform_rescale,dm1seqr,2,0.0,50,0.5,0.6011410011911194,0.6092770621660147,0.9866463691477713,125890.0,1.362273097038269,uniform,2.0817521390746663,2.081752139074666,,,2.0
ctrl_full_dm1seqr_netseed2_lnp_uniform_p50_pruneseed1,lnp_uniform,noise_prune_uniform_rescale,dm1seqr,2,1.0,50,0.5,0.6095797236342808,0.6092770621660147,1.0004967550677029,125960.0,1.3376089334487915,uniform,2.0817521390746663,2.081752139074666,,,2.0
ctrl_full_dm1seqr_netseed2_lnp_uniform_p50_pruneseed2,lnp_uniform,noise_prune_uniform_rescale,dm1seqr,2,2.0,50,0.5,0.6108456947219745,0.6092770621660147,1.0025745800283095,125590.0,1.331834316253662,uniform,2.081752139074666,2.081752139074666,,,2.0
ctrl_full_dm1seqr_netseed2_lnp_uniform_p60_pruneseed0,lnp_uniform,noise_prune_uniform_rescale,dm1seqr,2,0.0,60,0.6,0.5974472295085168,0.6092770621660147,0.9805838207408594,103135.0,1.578858494758606,uniform,2.533952320119344,2.533952320119344,,,2.0
ctrl_full_dm1seqr_netseed2_lnp_uniform_p60_pruneseed1,lnp_uniform,noise_prune_uniform_rescale,dm1seqr,2,1.0,60,0.6,0.6032108151031327,0.6092770621660147,0.9900435328365782,103631.0,1.4955555200576782,uniform,2.533952320119344,2.533952320119344,,,2.0
ctrl_full_dm1seqr_netseed2_lnp_uniform_p60_pruneseed2,lnp_uniform,noise_prune_uniform_rescale,dm1seqr,2,2.0,60,0.6,0.6062081399662842,0.6092770621660147,0.9949630104425393,103332.0,1.5217827558517456,uniform,2.533952320119344,2.533952320119344,,,2.0
ctrl_full_dm1seqr_netseed2_lnp_uniform_p70_pruneseed0,lnp_uniform,noise_prune_uniform_rescale,dm1seqr,2,0.0,70,0.7,0.5926534623821085,0.6092770621660147,0.9727158614427263,78129.0,2.0135409832000732,uniform,3.342738491574259,3.3427384915742584,,,2.0
ctrl_full_dm1seqr_netseed2_lnp_uniform_p70_pruneseed1,lnp_uniform,noise_prune_uniform_rescale,dm1seqr,2,1.0,70,0.7,0.594326236518547,0.6092770621660147,0.9754613679459445,78636.0,1.9777328968048096,uniform,3.3427384915742593,3.3427384915742584,,,2.0
ctrl_full_dm1seqr_netseed2_lnp_uniform_p70_pruneseed2,lnp_uniform,noise_prune_uniform_rescale,dm1seqr,2,2.0,70,0.7,0.5993185235327427,0.6092770621660147,0.9836551558368719,78400.0,2.016329050064087,uniform,3.342738491574259,3.3427384915742584,,,2.0
ctrl_full_dm1seqr_netseed2_lnp_uniform_p80_pruneseed0,lnp_uniform,noise_prune_uniform_rescale,dm1seqr,2,0.0,80,0.8,0.5465187422300618,0.6092770621660147,0.8969954330582486,52419.0,2.8783929347991943,uniform,5.001216025959621,5.001216025959621,,,2.0
ctrl_full_dm1seqr_netseed2_lnp_uniform_p80_pruneseed1,lnp_uniform,noise_prune_uniform_rescale,dm1seqr,2,1.0,80,0.8,0.5329119938556468,0.6092770621660147,0.8746628208209812,52413.0,2.7371633052825928,uniform,5.001216025959621,5.001216025959621,,,2.0
ctrl_full_dm1seqr_netseed2_lnp_uniform_p80_pruneseed2,lnp_uniform,noise_prune_uniform_rescale,dm1seqr,2,2.0,80,0.8,0.5371004380455229,0.6092770621660147,0.8815372699837085,52305.0,2.870271921157837,uniform,5.001216025959621,5.001216025959621,,,2.0
ctrl_full_dm1seqr_netseed2_snp_shuffled_p50_pruneseed0,snp_shuffled,simulation_noise_prune_shuffled_rescale,dm1seqr,2,0.0,50,0.5,0.488098570005923,0.6092770621660147,0.8011110220869053,124250.0,2.9049813747406006,shuffle,2.10042072800059,368.5481462839409,,,0.0
ctrl_full_dm1seqr_netseed2_snp_shuffled_p50_pruneseed1,snp_shuffled,simulation_noise_prune_shuffled_rescale,dm1seqr,2,1.0,50,0.5,0.536703398269948,0.6092770621660147,0.8808856127981197,124159.0,3.906015396118164,shuffle,2.0899945841195637,327.26638530477624,,,0.0
ctrl_full_dm1seqr_netseed2_snp_shuffled_p50_pruneseed2,snp_shuffled,simulation_noise_prune_shuffled_rescale,dm1seqr,2,2.0,50,0.5,0.5169327701009523,0.6092770621660147,0.848436289827204,124406.0,2.9495272636413574,shuffle,2.105756553385312,359.98193226149846,,,0.0
ctrl_full_dm1seqr_netseed2_snp_shuffled_p60_pruneseed0,snp_shuffled,simulation_noise_prune_shuffled_rescale,dm1seqr,2,0.0,60,0.6,0.4610250135058612,0.6092770621660147,0.7566754800630291,102630.0,3.5666491985321045,shuffle,2.543551237386406,460.6851828549262,,,0.0
ctrl_full_dm1seqr_netseed2_snp_shuffled_p60_pruneseed1,snp_shuffled,simulation_noise_prune_shuffled_rescale,dm1seqr,2,1.0,60,0.6,0.5028704023119431,0.6092770621660147,0.8253558742622119,102349.0,5.472152233123779,shuffle,2.5344497524323284,409.08298163097027,,,0.0
ctrl_full_dm1seqr_netseed2_snp_shuffled_p60_pruneseed2,snp_shuffled,simulation_noise_prune_shuffled_rescale,dm1seqr,2,2.0,60,0.6,0.4458431237267065,0.6092770621660147,0.7317576048927703,102641.0,3.4743812084198,shuffle,2.5425845981485837,449.97741532687303,,,0.0
ctrl_full_dm1seqr_netseed2_snp_shuffled_p70_pruneseed0,snp_shuffled,simulation_noise_prune_shuffled_rescale,dm1seqr,2,0.0,70,0.7,0.371928636981977,0.6092770621660147,0.6104425393264428,78215.0,4.0271687507629395,shuffle,3.3490711685859207,596.1898673746532,,,0.0
ctrl_full_dm1seqr_netseed2_snp_shuffled_p70_pruneseed1,snp_shuffled,simulation_noise_prune_shuffled_rescale,dm1seqr,2,1.0,70,0.7,0.4345958330350111,0.6092770621660147,0.7132975456026494,78106.0,4.242340564727783,shuffle,3.3390158919120387,545.4439755079603,,,0.0
ctrl_full_dm1seqr_netseed2_snp_shuffled_p70_pruneseed2,snp_shuffled,simulation_noise_prune_shuffled_rescale,dm1seqr,2,2.0,70,0.7,0.369744918216315,0.6092770621660147,0.6068584248057045,78190.0,4.2273030281066895,shuffle,3.337903383761436,397.2775810772995,,,0.0
ctrl_full_dm1seqr_netseed2_snp_shuffled_p80_pruneseed0,snp_shuffled,simulation_noise_prune_shuffled_rescale,dm1seqr,2,0.0,80,0.8,0.2911635868963856,0.6092770621660147,0.4778837165825387,52429.0,5.557922840118408,shuffle,5.004685226733523,471.4468748911591,,,0.0
ctrl_full_dm1seqr_netseed2_snp_shuffled_p80_pruneseed1,snp_shuffled,simulation_noise_prune_shuffled_rescale,dm1seqr,2,1.0,80,0.8,0.3366669487167805,0.6092770621660147,0.5525679032128836,52307.0,4.915388107299805,shuffle,4.96685212326205,581.558538305294,,,0.0
ctrl_full_dm1seqr_netseed2_snp_shuffled_p80_pruneseed2,snp_shuffled,simulation_noise_prune_shuffled_rescale,dm1seqr,2,2.0,80,0.8,0.2944961174717028,0.6092770621660147,0.48335336377961163,52341.0,5.909040927886963,shuffle,4.963282285948966,527.6685689283124,,,0.0
ctrl_full_dm1seqr_netseed2_snp_uniform_p50_pruneseed0,snp_uniform,simulation_noise_prune_uniform_rescale,dm1seqr,2,0.0,50,0.5,0.6076726309417654,0.6092770621660147,0.9973666639959405,124328.0,1.3580119609832764,uniform,2.1055578855526775,2.1055578855526775,,,0.0
ctrl_full_dm1seqr_netseed2_snp_uniform_p50_pruneseed1,snp_uniform,simulation_noise_prune_uniform_rescale,dm1seqr,2,1.0,50,0.5,0.5978865768011612,0.6092770621660147,0.9813049168068797,123981.0,1.3145571947097778,uniform,2.1057237796471324,2.1057237796471333,,,0.0
ctrl_full_dm1seqr_netseed2_snp_uniform_p50_pruneseed2,snp_uniform,simulation_noise_prune_uniform_rescale,dm1seqr,2,2.0,50,0.5,0.5969102494841737,0.6092770621660147,0.9797024811046122,124522.0,1.3186537027359009,uniform,2.1059025298344376,2.1059025298344367,,,0.0
ctrl_full_dm1seqr_netseed2_snp_uniform_p60_pruneseed0,snp_uniform,simulation_noise_prune_uniform_rescale,dm1seqr,2,0.0,60,0.6,0.6061007439614156,0.6092770621660147,0.9947867425152899,102824.0,1.4490206241607666,uniform,2.5522966743714974,2.5522966743714974,,,0.0
ctrl_full_dm1seqr_netseed2_snp_uniform_p60_pruneseed1,snp_uniform,simulation_noise_prune_uniform_rescale,dm1seqr,2,1.0,60,0.6,0.5985342072547628,0.6092770621660147,0.9823678658227171,102256.0,1.629048228263855,uniform,2.5524508150931102,2.5524508150931116,,,0.0
ctrl_full_dm1seqr_netseed2_snp_uniform_p60_pruneseed2,snp_uniform,simulation_noise_prune_uniform_rescale,dm1seqr,2,2.0,60,0.6,0.6027812310836582,0.6092770621660147,0.9893384611275805,102651.0,1.638885259628296,uniform,2.552617890241283,2.5526178902412835,,,0.0
ctrl_full_dm1seqr_netseed2_snp_uniform_p70_pruneseed0,snp_uniform,simulation_noise_prune_uniform_rescale,dm1seqr,2,0.0,70,0.7,0.5913907457188047,0.6092770621660147,0.9706433779344602,78347.0,2.0112969875335693,uniform,3.351496285564928,3.3514962855649295,,,0.0
ctrl_full_dm1seqr_netseed2_snp_uniform_p70_pruneseed1,snp_uniform,simulation_noise_prune_uniform_rescale,dm1seqr,2,1.0,70,0.7,0.5805209682563445,0.6092770621660147,0.9528029271158827,77795.0,1.96455717086792,uniform,3.351578302553256,3.351578302553254,,,0.0
ctrl_full_dm1seqr_netseed2_snp_uniform_p70_pruneseed2,snp_uniform,simulation_noise_prune_uniform_rescale,dm1seqr,2,2.0,70,0.7,0.5917226970065804,0.6092770621660147,0.9711882060732312,78083.0,2.0630247592926025,uniform,3.3517136839304564,3.3517136839304587,,,0.0
ctrl_full_dm1seqr_netseed2_snp_uniform_p80_pruneseed0,snp_uniform,simulation_noise_prune_uniform_rescale,dm1seqr,2,0.0,80,0.8,0.5420894706353288,0.6092770621660147,0.8897257164222953,52429.0,2.6888999938964844,uniform,5.003025936853283,5.003025936853283,,,0.0
ctrl_full_dm1seqr_netseed2_snp_uniform_p80_pruneseed1,snp_uniform,simulation_noise_prune_uniform_rescale,dm1seqr,2,1.0,80,0.8,0.5406379973574074,0.6092770621660147,0.8873434286782576,52184.0,2.793846607208252,uniform,5.003031233929987,5.0030312339299865,,,0.0
ctrl_full_dm1seqr_netseed2_snp_uniform_p80_pruneseed2,snp_uniform,simulation_noise_prune_uniform_rescale,dm1seqr,2,2.0,80,0.8,0.5417249751036535,0.6092770621660147,0.8891274737601154,52407.0,2.8431503772735596,uniform,5.003059025321064,5.003059025321062,,,0.0
ctrl_full_dm1seqr_netseed2_magnitude_p50_pruneseed0,magnitude,l1_unstructured,dm1seqr,2,0.0,50,0.5,0.5839283505926307,0.6092770621660147,0.9583954277167962,131072.0,0.9954175353050232,,,,,,
ctrl_full_dm1seqr_netseed2_magnitude_p60_pruneseed0,magnitude,l1_unstructured,dm1seqr,2,0.0,60,0.6,0.4790903232945189,0.6092770621660147,0.7863258820073177,104858.0,0.960671603679657,,,,,,
ctrl_full_dm1seqr_netseed2_magnitude_p70_pruneseed0,magnitude,l1_unstructured,dm1seqr,2,0.0,70,0.7,0.2842316629457748,0.6092770621660147,0.4665064230964399,78643.0,0.8946899771690369,,,,,,
ctrl_full_dm1seqr_netseed2_magnitude_p80_pruneseed0,magnitude,l1_unstructured,dm1seqr,2,0.0,80,0.8,0.1229261180574991,0.6092770621660147,0.20175733782015318,52429.0,0.768795371055603,,,,,,
ctrl_full_dm1seqr_netseed2_magnitude_gain_invdensity_p50_pruneseed0,magnitude_gain_invdensity,l1_unstructured_gain,dm1seqr,2,0.0,50,0.5,0.0054511608531798,0.6092770621660147,0.008946932670993082,131072.0,2.983040571212769,,,,1.99609375,1.55432021637106,
ctrl_full_dm1seqr_netseed2_magnitude_gain_invdensity_p60_pruneseed0,magnitude_gain_invdensity,l1_unstructured_gain,dm1seqr,2,0.0,60,0.6,0.0045529397215514,0.6092770621660147,0.007472691824907111,104858.0,3.892086744308472,,,,2.495107669419596,1.693812240899721,
ctrl_full_dm1seqr_netseed2_magnitude_gain_invdensity_p70_pruneseed0,magnitude_gain_invdensity,l1_unstructured_gain,dm1seqr,2,0.0,70,0.7,0.0040061964240384,0.6092770621660147,0.00657532783163729,78643.0,5.303314208984375,,,,3.326831377236372,1.857162359845588,
ctrl_full_dm1seqr_netseed2_magnitude_gain_invdensity_p80_pruneseed0,magnitude_gain_invdensity,l1_unstructured_gain,dm1seqr,2,0.0,80,0.8,0.007615353072502,0.6092770621660147,0.012498998477685973,52429.0,7.826669692993164,,,,4.990215338839192,2.066637350181011,
ctrl_full_dm1seqr_netseed2_magnitude_gain_matchl1_p50_pruneseed0,magnitude_gain_matchl1,l1_unstructured_gain,dm1seqr,2,0.0,50,0.5,0.0840650364170089,0.6092770621660147,0.137975055417568,131072.0,1.56256103515625,,,,1.284222934129068,1.0,
ctrl_full_dm1seqr_netseed2_magnitude_gain_matchl1_p60_pruneseed0,magnitude_gain_matchl1,l1_unstructured_gain,dm1seqr,2,0.0,60,0.6,0.02643243489524,0.6092770621660147,0.04338327591272054,104858.0,1.888211011886597,,,,1.4730722778265473,1.000000120280986,
ctrl_full_dm1seqr_netseed2_magnitude_gain_matchl1_p70_pruneseed0,magnitude_gain_matchl1,l1_unstructured_gain,dm1seqr,2,0.0,70,0.7,0.009170967930902,0.6092770621660147,0.015052212696632112,78643.0,2.394056558609009,,,,1.791351965719426,1.000000060140493,
ctrl_full_dm1seqr_netseed2_magnitude_gain_matchl1_p80_pruneseed0,magnitude_gain_matchl1,l1_unstructured_gain,dm1seqr,2,0.0,80,0.8,0.0051973157507631,0.6092770621660147,0.008530299388403604,52429.0,3.2710297107696533,,,,2.4146544645361514,1.0,
ctrl_full_dm1seqr_netseed2_random_p50_pruneseed0,random,random_unstructured,dm1seqr,2,0.0,50,0.5,0.0131608922329907,0.6092770621660147,0.021600833266565093,130812.0,0.0804557353258133,,,,,,
ctrl_full_dm1seqr_netseed2_random_p50_pruneseed1,random,random_unstructured,dm1seqr,2,1.0,50,0.5,0.0128419586427748,0.6092770621660147,0.021077370937157724,130803.0,0.1119482144713401,,,,,,
ctrl_full_dm1seqr_netseed2_random_p50_pruneseed2,random,random_unstructured,dm1seqr,2,2.0,50,0.5,0.0127085272427865,0.6092770621660147,0.020858371391181147,130825.0,0.1307765990495681,,,,,,
ctrl_full_dm1seqr_netseed2_random_p60_pruneseed0,random,random_unstructured,dm1seqr,2,0.0,60,0.6,0.0080286649700267,0.6092770621660147,0.013177362924979215,104643.0,0.0117425881326198,,,,,,
ctrl_full_dm1seqr_netseed2_random_p60_pruneseed1,random,random_unstructured,dm1seqr,2,1.0,60,0.6,0.0082564746773238,0.6092770621660147,0.013551264588841668,104641.0,0.0368039272725582,,,,,,
ctrl_full_dm1seqr_netseed2_random_p60_pruneseed2,random,random_unstructured,dm1seqr,2,2.0,60,0.6,0.0064958310823564,0.6092770621660147,0.010661538872419305,104657.0,0.0602397806942462,,,,,,
ctrl_full_dm1seqr_netseed2_random_p70_pruneseed0,random,random_unstructured,dm1seqr,2,0.0,70,0.7,0.0068538177652518,0.6092770621660147,0.011249098629917376,78486.0,-0.1153307035565376,,,,,,
ctrl_full_dm1seqr_netseed2_random_p70_pruneseed1,random,random_unstructured,dm1seqr,2,1.0,70,0.7,0.00621595058482,0.6092770621660147,0.01020217397110264,78481.0,-0.1324066221714019,,,,,,
ctrl_full_dm1seqr_netseed2_random_p70_pruneseed2,random,random_unstructured,dm1seqr,2,2.0,70,0.7,0.0048328202190878,0.6092770621660147,0.007932056726223777,78493.0,-0.1397651731967926,,,,,,
ctrl_full_dm1seqr_netseed2_random_p80_pruneseed0,random,random_unstructured,dm1seqr,2,0.0,80,0.8,0.0053795635166008,0.6092770621660147,0.0088294207194936,52325.0,-0.2834301590919494,,,,,,
ctrl_full_dm1seqr_netseed2_random_p80_pruneseed1,random,random_unstructured,dm1seqr,2,1.0,80,0.8,0.0054511608531798,0.6092770621660147,0.008946932670993082,52319.0,-0.258523941040039,,,,,,
ctrl_full_dm1seqr_netseed2_random_p80_pruneseed2,random,random_unstructured,dm1seqr,2,2.0,80,0.8,0.0045724662678911,0.6092770621660147,0.0075047405389523794,52327.0,-0.2763333320617676,,,,,,
ctrl_full_dm1seqr_netseed2_random_gain_invdensity_p50_pruneseed0,random_gain_invdensity,random_unstructured_gain,dm1seqr,2,0.0,50,0.5,0.5994356828107813,0.6092770621660147,0.9838474481211441,130812.0,1.1609777212142944,,,,2.0000611564688255,1.0009660968795986,
ctrl_full_dm1seqr_netseed2_random_gain_invdensity_p50_pruneseed1,random_gain_invdensity,random_unstructured_gain,dm1seqr,2,1.0,50,0.5,0.6095081262977017,0.6092770621660147,1.000379243116203,130803.0,1.2241175174713137,,,,2.0001987721994143,1.0017426910657448,
ctrl_full_dm1seqr_netseed2_random_gain_invdensity_p50_pruneseed2,random_gain_invdensity,random_unstructured_gain,dm1seqr,2,2.0,50,0.5,0.6074285491125184,0.6092770621660147,0.9969660550703735,130825.0,1.2613976001739502,,,,1.999862411618574,0.9996571390493904,
ctrl_full_dm1seqr_netseed2_random_gain_invdensity_p60_pruneseed0,random_gain_invdensity,random_unstructured_gain,dm1seqr,2,0.0,60,0.6,0.6026510541080599,0.6092770621660147,0.9891248030339448,104643.0,1.5295933485031128,,,,2.500234129373202,1.0004927310591727,
ctrl_full_dm1seqr_netseed2_random_gain_invdensity_p60_pruneseed1,random_gain_invdensity,random_unstructured_gain,dm1seqr,2,1.0,60,0.6,0.6057395028541301,0.6092770621660147,0.9941938413054509,104641.0,1.5923019647598269,,,,2.5002819162660908,1.0033481415264571,
ctrl_full_dm1seqr_netseed2_random_gain_invdensity_p60_pruneseed2,random_gain_invdensity,random_unstructured_gain,dm1seqr,2,2.0,60,0.6,0.5994942624498005,0.6092770621660147,0.9839435942632802,104657.0,1.650493025779724,,,,2.4998996722627247,0.9990898939193872,
ctrl_full_dm1seqr_netseed2_random_gain_invdensity_p70_pruneseed0,random_gain_invdensity,random_unstructured_gain,dm1seqr,2,0.0,70,0.7,0.588181883270306,0.6092770621660147,0.9653767059263413,78486.0,1.94903302192688,,,,3.3334862268430037,1.0010904674191283,
ctrl_full_dm1seqr_netseed2_random_gain_invdensity_p70_pruneseed1,random_gain_invdensity,random_unstructured_gain,dm1seqr,2,1.0,70,0.7,0.5972649817426792,0.6092770621660147,0.9802846994097695,78481.0,1.8922947645187376,,,,3.3336986022094517,1.0025234950864017,
ctrl_full_dm1seqr_netseed2_random_gain_invdensity_p70_pruneseed2,random_gain_invdensity,random_unstructured_gain,dm1seqr,2,2.0,70,0.7,0.5890573234312048,0.6092770621660147,0.9668135566060412,78493.0,1.8673253059387207,,,,3.3331889467850635,0.998295678568791,
ctrl_full_dm1seqr_netseed2_random_gain_invdensity_p80_pruneseed0,random_gain_invdensity,random_unstructured_gain,dm1seqr,2,0.0,80,0.8,0.5072899106335063,0.6092770621660147,0.8326095665411425,52325.0,2.5829451084136963,,,,5.000133779264214,0.9992292394416749,
ctrl_full_dm1seqr_netseed2_random_gain_invdensity_p80_pruneseed1,random_gain_invdensity,random_unstructured_gain,dm1seqr,2,1.0,80,0.8,0.545021707010681,0.6092770621660147,0.8945383649814383,52319.0,2.707904577255249,,,,5.000707200061163,1.0022606811319787,
ctrl_full_dm1seqr_netseed2_random_gain_invdensity_p80_pruneseed2,random_gain_invdensity,random_unstructured_gain,dm1seqr,2,2.0,80,0.8,0.5509089607321153,0.6092770621660147,0.904201052266111,52327.0,2.6182918548583984,,,,4.999942668220995,0.999127541868007,
ctrl_full_dm2seql_netseed0_lnp_rescale_p50_pruneseed0,lnp_rescale,noise_prune,dm2seql,0,0.0,50,0.5,0.6203212736297666,0.6239137798506976,0.9942419828877787,123799.0,1.717728853225708,none,2.1138834590456432,443.2162977220787,,,2.0
ctrl_full_dm2seql_netseed0_lnp_rescale_p50_pruneseed1,lnp_rescale,noise_prune,dm2seql,0,1.0,50,0.5,0.6202691611188557,0.6239137798506976,0.9941584577075472,123865.0,1.7067954540252686,none,2.113603036149867,415.7085577421525,,,2.0
ctrl_full_dm2seql_netseed0_lnp_rescale_p50_pruneseed2,lnp_rescale,noise_prune,dm2seql,0,2.0,50,0.5,0.6213407246244642,0.6239137798506976,0.995875944226061,123668.0,1.745153546333313,none,2.102254531476801,181.91043895032297,,,2.0
ctrl_full_dm2seql_netseed0_lnp_rescale_p60_pruneseed0,lnp_rescale,noise_prune,dm2seql,0,0.0,60,0.6,0.6166766548979247,0.6239137798506976,0.9884004405953258,101997.0,1.7394224405288696,none,2.561634431002927,554.0203721525985,,,2.0
ctrl_full_dm2seql_netseed0_lnp_rescale_p60_pruneseed1,lnp_rescale,noise_prune,dm2seql,0,1.0,60,0.6,0.615442239795719,0.6239137798506976,0.986421937888588,102327.0,1.6608084440231323,none,2.5702624054600944,519.6356971776905,,,2.0
ctrl_full_dm2seql_netseed0_lnp_rescale_p60_pruneseed2,lnp_rescale,noise_prune,dm2seql,0,2.0,60,0.6,0.6141035996716911,0.6239137798506976,0.9842763848213866,101785.0,1.7090057134628296,none,2.5515688551880733,186.28992119888025,,,2.0
ctrl_full_dm2seql_netseed0_lnp_rescale_p70_pruneseed0,lnp_rescale,noise_prune,dm2seql,0,0.0,70,0.7,0.6041924515027945,0.6239137798506976,0.9683909396060745,77554.0,1.7092177867889404,none,3.3604455903813912,738.6938295367979,,,2.0
ctrl_full_dm2seql_netseed0_lnp_rescale_p70_pruneseed1,lnp_rescale,noise_prune,dm2seql,0,1.0,70,0.7,0.6140742863843037,0.6239137798506976,0.9842294019075064,78118.0,1.6197909116744995,none,3.3600024877618564,692.8475962369207,,,2.0
ctrl_full_dm2seql_netseed0_lnp_rescale_p70_pruneseed2,lnp_rescale,noise_prune,dm2seql,0,2.0,70,0.7,0.6058991362351317,0.6239137798506976,0.9711263892586619,77340.0,1.7035239934921265,none,3.345457580621956,248.3865615985069,,,2.0
ctrl_full_dm2seql_netseed0_lnp_rescale_p80_pruneseed0,lnp_rescale,noise_prune,dm2seql,0,0.0,80,0.8,0.5480933335070417,0.6239137798506976,0.8784760830866731,52175.0,2.2323739528656006,none,5.011334269565378,1108.0407443051972,,,2.0
ctrl_full_dm2seql_netseed0_lnp_rescale_p80_pruneseed1,lnp_rescale,noise_prune,dm2seql,0,1.0,80,0.8,0.5553369725236786,0.6239137798506976,0.8900860831388764,52154.0,2.077591896057129,none,4.974497255109144,378.3570883174095,,,2.0
ctrl_full_dm2seql_netseed0_lnp_rescale_p80_pruneseed2,lnp_rescale,noise_prune,dm2seql,0,2.0,80,0.8,0.5700978412392355,0.6239137798506976,0.9137445904394991,51946.0,2.12667465209961,none,4.9814722855706135,372.57984239776056,,,2.0
ctrl_full_dm2seql_netseed0_snp_rescale_p50_pruneseed0,snp_rescale,simulation_noise_prune_rescale,dm2seql,0,0.0,50,0.5,0.6159275375535782,0.6239137798506976,0.9871997661294954,123834.0,1.7158663272857666,none,2.125514584264263,291.67320933839454,,,0.0
ctrl_full_dm2seql_netseed0_snp_rescale_p50_pruneseed1,snp_rescale,simulation_noise_prune_rescale,dm2seql,0,1.0,50,0.5,0.6206795471422801,0.6239137798506976,0.9948162185018714,123327.0,1.7672102451324463,none,2.1084016512133767,403.85251353132594,,,0.0
ctrl_full_dm2seql_netseed0_snp_rescale_p50_pruneseed2,snp_rescale,simulation_noise_prune_rescale,dm2seql,0,2.0,50,0.5,0.6198001485206561,0.6239137798506976,0.9934067310854621,123832.0,1.7797609567642212,none,2.1086811632802895,406.26681106692183,,,0.0
ctrl_full_dm2seql_netseed0_snp_rescale_p60_pruneseed0,snp_rescale,simulation_noise_prune_rescale,dm2seql,0,0.0,60,0.6,0.6044595281212137,0.6239137798506976,0.9688190061547618,102058.0,1.7301676273345947,none,2.5756426659174685,353.14221461803095,,,0.0
ctrl_full_dm2seql_netseed0_snp_rescale_p60_pruneseed1,snp_rescale,simulation_noise_prune_rescale,dm2seql,0,1.0,60,0.6,0.6223699467149576,0.6239137798506976,0.9975255665356366,101804.0,1.7566779851913452,none,2.5584563373397926,504.8156419141575,,,0.0
ctrl_full_dm2seql_netseed0_snp_rescale_p60_pruneseed2,snp_rescale,simulation_noise_prune_rescale,dm2seql,0,2.0,60,0.6,0.6175137121044335,0.6239137798506976,0.9897420638027972,102322.0,1.8273769617080688,none,2.551204131061446,507.83351383365226,,,0.0
ctrl_full_dm2seql_netseed0_snp_rescale_p70_pruneseed0,snp_rescale,simulation_noise_prune_rescale,dm2seql,0,0.0,70,0.7,0.589079823338588,0.6239137798506976,0.9441686373388878,77997.0,1.830812931060791,none,3.362892515891448,318.46161539821986,,,0.0
ctrl_full_dm2seql_netseed0_snp_rescale_p70_pruneseed1,snp_rescale,simulation_noise_prune_rescale,dm2seql,0,1.0,70,0.7,0.620415727555793,0.6239137798506976,0.9943933722769487,77614.0,1.825396180152893,none,3.326881509500387,662.1579737568698,,,0.0
ctrl_full_dm2seql_netseed0_snp_rescale_p70_pruneseed2,snp_rescale,simulation_noise_prune_rescale,dm2seql,0,2.0,70,0.7,0.5978379822035775,0.6239137798506976,0.9582060879415742,78017.0,1.8414549827575684,none,3.350388612937934,498.8104416687,,,0.0
ctrl_full_dm2seql_netseed0_snp_rescale_p80_pruneseed0,snp_rescale,simulation_noise_prune_rescale,dm2seql,0,0.0,80,0.8,0.5170342770040518,0.6239137798506976,0.8286950756685931,52307.0,2.0578174591064453,none,5.00290895110931,473.2908362047344,,,0.0
ctrl_full_dm2seql_netseed0_snp_rescale_p80_pruneseed1,snp_rescale,simulation_noise_prune_rescale,dm2seql,0,1.0,80,0.8,0.5921479474184765,0.6239137798506976,0.949086182325028,52123.0,2.0252249240875244,none,4.96308570216035,993.2369606353049,,,0.0
ctrl_full_dm2seql_netseed0_snp_rescale_p80_pruneseed2,snp_rescale,simulation_noise_prune_rescale,dm2seql,0,2.0,80,0.8,0.4977917323501439,0.6239137798506976,0.7978534028680458,52429.0,2.0076353549957275,none,4.992126097565518,707.5667913354765,,,0.0
ctrl_full_dm2seql_netseed0_lnp_shuffled_p50_pruneseed0,lnp_shuffled,noise_prune_shuffled_rescale,dm2seql,0,0.0,50,0.5,0.4796468074573003,0.6239137798506976,0.7687709791761286,123346.0,3.2036731243133545,shuffle,2.108474374767331,628.2438011137828,,,2.0
ctrl_full_dm2seql_netseed0_lnp_shuffled_p50_pruneseed1,lnp_shuffled,noise_prune_shuffled_rescale,dm2seql,0,1.0,50,0.5,0.4395560014070378,0.6239137798506976,0.7045140139591458,123484.0,3.18575668334961,shuffle,2.115311495839794,761.0602745875748,,,2.0
ctrl_full_dm2seql_netseed0_lnp_shuffled_p50_pruneseed2,lnp_shuffled,noise_prune_shuffled_rescale,dm2seql,0,2.0,50,0.5,0.3935145980171189,0.6239137798506976,0.6307195172244582,123488.0,2.9514095783233643,shuffle,2.1190518946111423,1247.1937241946214,,,2.0
ctrl_full_dm2seql_netseed0_lnp_shuffled_p60_pruneseed0,lnp_shuffled,noise_prune_shuffled_rescale,dm2seql,0,0.0,60,0.6,0.4470960303294813,0.6239137798506976,0.7165990634739167,101732.0,3.4660630226135254,shuffle,2.5486327881629,785.3047513922285,,,2.0
ctrl_full_dm2seql_netseed0_lnp_shuffled_p60_pruneseed1,lnp_shuffled,noise_prune_shuffled_rescale,dm2seql,0,1.0,60,0.6,0.4130633036726292,0.6239137798506976,0.6620519004588665,101983.0,3.795003890991211,shuffle,2.5559328546309033,951.3253432344684,,,2.0
ctrl_full_dm2seql_netseed0_lnp_shuffled_p60_pruneseed2,lnp_shuffled,noise_prune_shuffled_rescale,dm2seql,0,2.0,60,0.6,0.3561141003426397,0.6239137798506976,0.5707745394369358,101928.0,3.993799924850464,shuffle,2.5853914771395163,1558.9921552432763,,,2.0
ctrl_full_dm2seql_netseed0_lnp_shuffled_p70_pruneseed0,lnp_shuffled,noise_prune_shuffled_rescale,dm2seql,0,0.0,70,0.7,0.3916874031033,0.6239137798506976,0.627790915592585,77576.0,3.8513760566711426,shuffle,3.351427517555101,1047.0730018563047,,,2.0
ctrl_full_dm2seql_netseed0_lnp_shuffled_p70_pruneseed1,lnp_shuffled,noise_prune_shuffled_rescale,dm2seql,0,1.0,70,0.7,0.3155738238857694,0.6239137798506976,0.505797169540455,77613.0,4.363011360168457,shuffle,3.361242474190976,1268.4337909792912,,,2.0
ctrl_full_dm2seql_netseed0_lnp_shuffled_p70_pruneseed2,lnp_shuffled,noise_prune_shuffled_rescale,dm2seql,0,2.0,70,0.7,0.2835376578031971,0.6239137798506976,0.4544500649930309,77643.0,4.592836856842041,shuffle,3.404135309572539,2078.656206991035,,,2.0
ctrl_full_dm2seql_netseed0_lnp_shuffled_p80_pruneseed0,lnp_shuffled,noise_prune_shuffled_rescale,dm2seql,0,0.0,80,0.8,0.2732747501856508,0.6239137798506976,0.43800082481115477,52271.0,5.953352928161621,shuffle,5.011073320206285,1570.6095027844576,,,2.0
ctrl_full_dm2seql_netseed0_lnp_shuffled_p80_pruneseed1,lnp_shuffled,noise_prune_shuffled_rescale,dm2seql,0,1.0,80,0.8,0.238945633622992,0.6239137798506976,0.3829786123335369,51987.0,5.260490894317627,shuffle,4.925592458076684,456.5457773724236,,,2.0
ctrl_full_dm2seql_netseed0_lnp_shuffled_p80_pruneseed2,lnp_shuffled,noise_prune_shuffled_rescale,dm2seql,0,2.0,80,0.8,0.2526023685136209,0.6239137798506976,0.404867429878001,52390.0,5.449965476989746,shuffle,5.148109003826013,3117.9843104865545,,,2.0
ctrl_full_dm2seql_netseed0_lnp_uniform_p50_pruneseed0,lnp_uniform,noise_prune_uniform_rescale,dm2seql,0,0.0,50,0.5,0.5670199460635512,0.6239137798506976,0.9088113844820657,123829.0,1.642961025238037,uniform,2.116475527044137,2.1164755270441367,,,2.0
ctrl_full_dm2seql_netseed0_lnp_uniform_p50_pruneseed1,lnp_uniform,noise_prune_uniform_rescale,dm2seql,0,1.0,50,0.5,0.6008116523574397,0.6239137798506976,0.9629722435385443,123879.0,1.6694761514663696,uniform,2.116475527044137,2.1164755270441367,,,2.0
ctrl_full_dm2seql_netseed0_lnp_uniform_p50_pruneseed2,lnp_uniform,noise_prune_uniform_rescale,dm2seql,0,2.0,50,0.5,0.6107521138137239,0.6239137798506976,0.9789046716677369,123544.0,1.7493244409561155,uniform,2.1164755270441376,2.1164755270441367,,,2.0
ctrl_full_dm2seql_netseed0_lnp_uniform_p60_pruneseed0,lnp_uniform,noise_prune_uniform_rescale,dm2seql,0,0.0,60,0.6,0.5205844418098675,0.6239137798506976,0.8343852285718761,101828.0,1.744951605796814,uniform,2.5668096557236852,2.5668096557236857,,,2.0
ctrl_full_dm2seql_netseed0_lnp_uniform_p60_pruneseed1,lnp_uniform,noise_prune_uniform_rescale,dm2seql,0,1.0,60,0.6,0.5809144442852118,0.6239137798506976,0.9310812856613367,102315.0,1.747776985168457,uniform,2.5668096557236852,2.5668096557236857,,,2.0
ctrl_full_dm2seql_netseed0_lnp_uniform_p60_pruneseed2,lnp_uniform,noise_prune_uniform_rescale,dm2seql,0,2.0,60,0.6,0.599303646572951,0.6239137798506976,0.9605552336355901,101947.0,1.8855514526367188,uniform,2.5668096557236852,2.5668096557236857,,,2.0
ctrl_full_dm2seql_netseed0_lnp_uniform_p70_pruneseed0,lnp_uniform,noise_prune_uniform_rescale,dm2seql,0,0.0,70,0.7,0.502485115364071,0.6239137798506976,0.8053758894126615,77523.0,2.1967179775238037,uniform,3.3687725237407724,3.36877252374077,,,2.0
ctrl_full_dm2seql_netseed0_lnp_uniform_p70_pruneseed1,lnp_uniform,noise_prune_uniform_rescale,dm2seql,0,1.0,70,0.7,0.5748921922430528,0.6239137798506976,0.9214289070208135,77993.0,2.1536848545074463,uniform,3.368772523740773,3.36877252374077,,,2.0
ctrl_full_dm2seql_netseed0_lnp_uniform_p70_pruneseed2,lnp_uniform,noise_prune_uniform_rescale,dm2seql,0,2.0,70,0.7,0.5920665216201779,0.6239137798506976,0.9489556742309158,77807.0,2.2948436737060547,uniform,3.3687725237407724,3.36877252374077,,,2.0
ctrl_full_dm2seql_netseed0_lnp_uniform_p80_pruneseed0,lnp_uniform,noise_prune_uniform_rescale,dm2seql,0,0.0,80,0.8,0.4633779329572547,0.6239137798506976,0.7426954619725515,52282.0,3.0863099098205566,uniform,5.015484209330238,5.0154842093302365,,,2.0
ctrl_full_dm2seql_netseed0_lnp_uniform_p80_pruneseed1,lnp_uniform,noise_prune_uniform_rescale,dm2seql,0,1.0,80,0.8,0.5297627577940774,0.6239137798506976,0.8490961009401804,52263.0,2.843193292617798,uniform,5.015484209330238,5.0154842093302365,,,2.0
ctrl_full_dm2seql_netseed0_lnp_uniform_p80_pruneseed2,lnp_uniform,noise_prune_uniform_rescale,dm2seql,0,2.0,80,0.8,0.514203916255195,0.6239137798506976,0.8241586143172601,52173.0,3.012573003768921,uniform,5.015484209330238,5.0154842093302365,,,2.0
ctrl_full_dm2seql_netseed0_snp_shuffled_p50_pruneseed0,snp_shuffled,simulation_noise_prune_shuffled_rescale,dm2seql,0,0.0,50,0.5,0.4198444441549305,0.6239137798506976,0.6729206145365136,123952.0,3.988556146621704,shuffle,2.12022013755337,443.0672334880676,,,0.0
ctrl_full_dm2seql_netseed0_snp_shuffled_p50_pruneseed1,snp_shuffled,simulation_noise_prune_shuffled_rescale,dm2seql,0,1.0,50,0.5,0.4112393657907422,0.6239137798506976,0.6591285191507578,123309.0,3.266110897064209,shuffle,2.099250611176148,388.484730977904,,,0.0
ctrl_full_dm2seql_netseed0_snp_shuffled_p50_pruneseed2,snp_shuffled,simulation_noise_prune_shuffled_rescale,dm2seql,0,2.0,50,0.5,0.4104707062548041,0.6239137798506976,0.6578965227423405,123537.0,3.735462188720703,shuffle,2.1135942188571564,602.9328862418668,,,0.0
ctrl_full_dm2seql_netseed0_snp_shuffled_p60_pruneseed0,snp_shuffled,simulation_noise_prune_shuffled_rescale,dm2seql,0,0.0,60,0.6,0.3772196672616178,0.6239137798506976,0.6046022374307655,102505.0,4.093270301818848,shuffle,2.5631783277308373,553.8340418600845,,,0.0
ctrl_full_dm2seql_netseed0_snp_shuffled_p60_pruneseed1,snp_shuffled,simulation_noise_prune_shuffled_rescale,dm2seql,0,1.0,60,0.6,0.3432260249879489,0.6239137798506976,0.550117718300889,101888.0,3.3345885276794434,shuffle,2.5481616437399177,485.60591372238,,,0.0
ctrl_full_dm2seql_netseed0_snp_shuffled_p60_pruneseed2,snp_shuffled,simulation_noise_prune_shuffled_rescale,dm2seql,0,2.0,60,0.6,0.3555962322654611,0.6239137798506976,0.5699445079583836,102190.0,3.3941500186920166,shuffle,2.5673165717461077,753.6661078023336,,,0.0
ctrl_full_dm2seql_netseed0_snp_shuffled_p70_pruneseed0,snp_shuffled,simulation_noise_prune_shuffled_rescale,dm2seql,0,0.0,70,0.7,0.3111214612348059,0.6239137798506976,0.49866098695441086,78128.0,5.076229095458984,shuffle,3.3719305218432707,738.4453891467793,,,0.0
ctrl_full_dm2seql_netseed0_snp_shuffled_p70_pruneseed1,snp_shuffled,simulation_noise_prune_shuffled_rescale,dm2seql,0,1.0,70,0.7,0.2932826973435647,0.6239137798506976,0.4700692736963546,77682.0,4.458315849304199,shuffle,3.3407465425448977,647.47455162984,,,0.0
ctrl_full_dm2seql_netseed0_snp_shuffled_p70_pruneseed2,snp_shuffled,simulation_noise_prune_shuffled_rescale,dm2seql,0,2.0,70,0.7,0.3418450434488059,0.6239137798506976,0.5479043010247494,78117.0,4.833262920379639,shuffle,3.386202662165516,1004.8881437364448,,,0.0
ctrl_full_dm2seql_netseed0_snp_shuffled_p80_pruneseed0,snp_shuffled,simulation_noise_prune_shuffled_rescale,dm2seql,0,0.0,80,0.8,0.2371184387091731,0.6239137798506976,0.3800500107016637,52429.0,5.4919843673706055,shuffle,5.030187660697268,1107.6680837201695,,,0.0
ctrl_full_dm2seql_netseed0_snp_shuffled_p80_pruneseed1,snp_shuffled,simulation_noise_prune_shuffled_rescale,dm2seql,0,1.0,80,0.8,0.2533938272730826,0.6239137798506976,0.4061359685527696,52230.0,5.370032787322998,shuffle,4.97592659267329,567.5060792649257,,,0.0
ctrl_full_dm2seql_netseed0_snp_shuffled_p80_pruneseed2,snp_shuffled,simulation_noise_prune_shuffled_rescale,dm2seql,0,2.0,80,0.8,0.2749684067902602,0.6239137798506976,0.44071539316868436,52330.0,5.082258224487305,shuffle,4.987023184995915,567.508351855892,,,0.0
ctrl_full_dm2seql_netseed0_snp_uniform_p50_pruneseed0,snp_uniform,simulation_noise_prune_uniform_rescale,dm2seql,0,0.0,50,0.5,0.5910275284338887,0.6239137798506976,0.9472903909500467,123751.0,1.7321244478225708,uniform,2.1150592960553176,2.1150592960553163,,,0.0
ctrl_full_dm2seql_netseed0_snp_uniform_p50_pruneseed1,snp_uniform,simulation_noise_prune_uniform_rescale,dm2seql,0,1.0,50,0.5,0.6034693904139036,0.6239137798506976,0.9672320277303598,123416.0,1.949406623840332,uniform,2.114925914283784,2.1149259142837837,,,0.0
ctrl_full_dm2seql_netseed0_snp_uniform_p50_pruneseed2,snp_uniform,simulation_noise_prune_uniform_rescale,dm2seql,0,2.0,50,0.5,0.592229373216775,0.6239137798506976,0.9492166904191399,124005.0,1.6415212154388428,uniform,2.115079727947734,2.1150797279477325,,,0.0
ctrl_full_dm2seql_netseed0_snp_uniform_p60_pruneseed0,snp_uniform,simulation_noise_prune_uniform_rescale,dm2seql,0,0.0,60,0.6,0.5643752361348151,0.6239137798506976,0.904572481585308,102430.0,1.7455899715423584,uniform,2.5612395931397107,2.5612395931397107,,,0.0
ctrl_full_dm2seql_netseed0_snp_uniform_p60_pruneseed1,snp_uniform,simulation_noise_prune_uniform_rescale,dm2seql,0,1.0,60,0.6,0.5789081126151361,0.6239137798506976,0.9278655662224171,101919.0,1.996300458908081,uniform,2.561087921170899,2.5610879211708992,,,0.0
ctrl_full_dm2seql_netseed0_snp_uniform_p60_pruneseed2,snp_uniform,simulation_noise_prune_uniform_rescale,dm2seql,0,2.0,60,0.6,0.5639420508878669,0.6239137798506976,0.903878178524632,102283.0,2.025838613510132,uniform,2.561292660575364,2.5612926605753636,,,0.0
ctrl_full_dm2seql_netseed0_snp_uniform_p70_pruneseed0,snp_uniform,simulation_noise_prune_uniform_rescale,dm2seql,0,0.0,70,0.7,0.5185162265330849,0.6239137798506976,0.8310703229814314,78161.0,2.1618921756744385,uniform,3.359628188341937,3.359628188341938,,,0.0
ctrl_full_dm2seql_netseed0_snp_uniform_p70_pruneseed1,snp_uniform,simulation_noise_prune_uniform_rescale,dm2seql,0,1.0,70,0.7,0.511715543859192,0.6239137798506976,0.8201702869611974,77619.0,2.1549105644226074,uniform,3.3594993828532873,3.3594993828532895,,,0.0
ctrl_full_dm2seql_netseed0_snp_uniform_p70_pruneseed2,snp_uniform,simulation_noise_prune_uniform_rescale,dm2seql,0,2.0,70,0.7,0.5201512565629194,0.6239137798506976,0.8336909255112003,77904.0,2.392021417617798,uniform,3.3597080469722163,3.3597080469722163,,,0.0
ctrl_full_dm2seql_netseed0_snp_uniform_p80_pruneseed0,snp_uniform,simulation_noise_prune_uniform_rescale,dm2seql,0,0.0,80,0.8,0.4196327370793543,0.6239137798506976,0.6725812934918223,52429.0,2.807997226715088,uniform,5.0073284796053334,5.007328479605333,,,0.0
ctrl_full_dm2seql_netseed0_snp_uniform_p80_pruneseed1,snp_uniform,simulation_noise_prune_uniform_rescale,dm2seql,0,1.0,80,0.8,0.3545670101749678,0.6239137798506976,0.568294885648808,52136.0,2.9511094093322754,uniform,5.00729267349194,5.007292673491939,,,0.0
ctrl_full_dm2seql_netseed0_snp_uniform_p80_pruneseed2,snp_uniform,simulation_noise_prune_uniform_rescale,dm2seql,0,2.0,80,0.8,0.4230656487356202,0.6239137798506976,0.6780835147395842,52370.0,3.09409499168396,uniform,5.007495410162897,5.007495410162898,,,0.0
ctrl_full_dm2seql_netseed0_magnitude_p50_pruneseed0,magnitude,l1_unstructured,dm2seql,0,0.0,50,0.5,0.5361921388277291,0.6239137798506976,0.8594010200512636,131072.0,1.6827178001403809,,,,,,
ctrl_full_dm2seql_netseed0_magnitude_p60_pruneseed0,magnitude,l1_unstructured,dm2seql,0,0.0,60,0.6,0.4081223862318746,0.6239137798506976,0.6541326693081505,104858.0,1.630833387374878,,,,,,
ctrl_full_dm2seql_netseed0_magnitude_p70_pruneseed0,magnitude,l1_unstructured,dm2seql,0,0.0,70,0.7,0.2387990671860547,0.6239137798506976,0.38274369776413536,78643.0,1.589993596076965,,,,,,
ctrl_full_dm2seql_netseed0_magnitude_p80_pruneseed0,magnitude,l1_unstructured,dm2seql,0,0.0,80,0.8,0.1090942845603658,0.6239137798506976,0.1748547444912533,52429.0,1.543398141860962,,,,,,
ctrl_full_dm2seql_netseed0_magnitude_gain_invdensity_p50_pruneseed0,magnitude_gain_invdensity,l1_unstructured_gain,dm2seql,0,0.0,50,0.5,0.0129792722487851,0.6239137798506976,0.02080299020145225,131072.0,4.354956150054932,,,,1.99609375,1.564736320496228,
ctrl_full_dm2seql_netseed0_magnitude_gain_invdensity_p60_pruneseed0,magnitude_gain_invdensity,l1_unstructured_gain,dm2seql,0,0.0,60,0.6,0.0202098831376942,0.6239137798506976,0.03239210895859748,104858.0,5.564212322235107,,,,2.495107669419596,1.710445975724929,
ctrl_full_dm2seql_netseed0_magnitude_gain_invdensity_p70_pruneseed0,magnitude_gain_invdensity,l1_unstructured_gain,dm2seql,0,0.0,70,0.7,0.029173235014396,0.6239137798506976,0.0467584399584461,78643.0,7.616471767425537,,,,3.326831377236372,1.8830693623421595,
ctrl_full_dm2seql_netseed0_magnitude_gain_invdensity_p80_pruneseed0,magnitude_gain_invdensity,l1_unstructured_gain,dm2seql,0,0.0,80,0.8,0.0410907148533684,0.6239137798506976,0.06585960461267804,52429.0,11.69210433959961,,,,4.990215338839192,2.107629507852671,
ctrl_full_dm2seql_netseed0_magnitude_gain_matchl1_p50_pruneseed0,magnitude_gain_matchl1,l1_unstructured_gain,dm2seql,0,0.0,50,0.5,0.1028147269955834,0.6239137798506976,0.16478996027333606,131072.0,2.422273635864258,,,,1.2756740805700322,1.0,
ctrl_full_dm2seql_netseed0_magnitude_gain_matchl1_p60_pruneseed0,magnitude_gain_matchl1,l1_unstructured_gain,dm2seql,0,0.0,60,0.6,0.0335539429628568,0.6239137798506976,0.05377977542167164,104858.0,2.8377199172973633,,,,1.458746864209592,1.0,
ctrl_full_dm2seql_netseed0_magnitude_gain_matchl1_p70_pruneseed0,magnitude_gain_matchl1,l1_unstructured_gain,dm2seql,0,0.0,70,0.7,0.0119077087431765,0.6239137798506976,0.01908550368293839,78643.0,3.575759172439575,,,,1.7667068242442183,1.0,
ctrl_full_dm2seql_netseed0_magnitude_gain_matchl1_p80_pruneseed0,magnitude_gain_matchl1,l1_unstructured_gain,dm2seql,0,0.0,80,0.8,0.0075986554972184,0.6239137798506976,0.012179015342531394,52429.0,5.021980285644531,,,,2.3676907809698307,1.0,
ctrl_full_dm2seql_netseed0_random_p50_pruneseed0,random,random_unstructured,dm2seql,0,0.0,50,0.5,0.0126437979597951,0.6239137798506976,0.020265296853710712,130812.0,0.4768816530704498,,,,,,
ctrl_full_dm2seql_netseed0_random_p50_pruneseed1,random,random_unstructured,dm2seql,0,1.0,50,0.5,0.0125623721614966,0.6239137798506976,0.020134788759598756,130803.0,0.3309028148651123,,,,,,
ctrl_full_dm2seql_netseed0_random_p50_pruneseed2,random,random_unstructured,dm2seql,0,2.0,50,0.5,0.013096525398335,0.6239137798506976,0.02099092185697356,130825.0,0.3335370719432831,,,,,,
ctrl_full_dm2seql_netseed0_random_p60_pruneseed0,random,random_unstructured,dm2seql,0,0.0,60,0.6,0.0063772685227405,0.6239137798506976,0.010221393930851436,104643.0,0.1651613563299179,,,,,,
ctrl_full_dm2seql_netseed0_random_p60_pruneseed1,random,random_unstructured,dm2seql,0,1.0,60,0.6,0.0063935536824003,0.6239137798506976,0.010247495549673987,104641.0,0.099764809012413,,,,,,
ctrl_full_dm2seql_netseed0_random_p60_pruneseed2,random,random_unstructured,dm2seql,0,2.0,60,0.6,0.0062665294370546,0.6239137798506976,0.010043902922859274,104657.0,0.1413912922143936,,,,,,
ctrl_full_dm2seql_netseed0_random_p70_pruneseed0,random,random_unstructured,dm2seql,0,0.0,70,0.7,0.0042406555753872,0.6239137798506976,0.0067968615413526974,78486.0,-0.0706748589873313,,,,,,
ctrl_full_dm2seql_netseed0_random_p70_pruneseed1,random,random_unstructured,dm2seql,0,1.0,70,0.7,0.0044393345232356,0.6239137798506976,0.007115301290985962,78481.0,-0.0502852126955986,,,,,,
ctrl_full_dm2seql_netseed0_random_p70_pruneseed2,random,random_unstructured,dm2seql,0,2.0,70,0.7,0.0054848417733887,0.6239137798506976,0.008791025219384033,78487.0,-0.0586912184953689,,,,,,
ctrl_full_dm2seql_netseed0_random_p80_pruneseed0,random,random_unstructured,dm2seql,0,0.0,80,0.8,0.0049506885365504,0.6239137798506976,0.007934892122009388,52325.0,-0.2332257330417633,,,,,,
ctrl_full_dm2seql_netseed0_random_p80_pruneseed1,random,random_unstructured,dm2seql,0,1.0,80,0.8,0.0050874838776919,0.6239137798506976,0.008154145720117504,52319.0,-0.1785357743501663,,,,,,
ctrl_full_dm2seql_netseed0_random_p80_pruneseed2,random,random_unstructured,dm2seql,0,2.0,80,0.8,0.0066150318537722,0.6239137798506976,0.010602477565658472,52322.0,-0.2174905240535736,,,,,,
ctrl_full_dm2seql_netseed0_random_gain_invdensity_p50_pruneseed0,random_gain_invdensity,random_unstructured_gain,dm2seql,0,0.0,50,0.5,0.5540830152298813,0.6239137798506976,0.8880762584895516,130812.0,1.953853726387024,,,,2.0000611564688255,1.0003486189326898,
ctrl_full_dm2seql_netseed0_random_gain_invdensity_p50_pruneseed1,random_gain_invdensity,random_unstructured_gain,dm2seql,0,1.0,50,0.5,0.6083419101840875,0.6239137798506976,0.9750416320820218,130803.0,1.6620702743530271,,,,2.0001987721994143,1.0006786992666177,
ctrl_full_dm2seql_netseed0_random_gain_invdensity_p50_pruneseed2,random_gain_invdensity,random_unstructured_gain,dm2seql,0,2.0,50,0.5,0.5861810649191604,0.6239137798506976,0.9395225491885006,130825.0,1.6668906211853027,,,,1.999862411618574,0.999774038966036,
ctrl_full_dm2seql_netseed0_random_gain_invdensity_p60_pruneseed0,random_gain_invdensity,random_unstructured_gain,dm2seql,0,0.0,60,0.6,0.5368891436611645,0.6239137798506976,0.8605181693368623,104643.0,1.91317617893219,,,,2.500234129373202,0.99928900392925,
ctrl_full_dm2seql_netseed0_random_gain_invdensity_p60_pruneseed1,random_gain_invdensity,random_unstructured_gain,dm2seql,0,1.0,60,0.6,0.6008605078364189,0.6239137798506976,0.9630505483950116,104641.0,1.749721884727478,,,,2.5002819162660908,1.0016360604894656,
ctrl_full_dm2seql_netseed0_random_gain_invdensity_p60_pruneseed2,random_gain_invdensity,random_unstructured_gain,dm2seql,0,2.0,60,0.6,0.5837057206508852,0.6239137798506976,0.9355551031274959,104657.0,1.8533636331558228,,,,2.4998996722627247,1.0005958002495132,
ctrl_full_dm2seql_netseed0_random_gain_invdensity_p70_pruneseed0,random_gain_invdensity,random_unstructured_gain,dm2seql,0,0.0,70,0.7,0.4803340411949399,0.6239137798506976,0.7698724674904338,78486.0,2.0978925228118896,,,,3.3334862268430037,1.0007903972390313,
ctrl_full_dm2seql_netseed0_random_gain_invdensity_p70_pruneseed1,random_gain_invdensity,random_unstructured_gain,dm2seql,0,1.0,70,0.7,0.5788885704235445,0.6239137798506976,0.9278342442798303,78481.0,2.166062831878662,,,,3.3336986022094517,1.000878659624331,
ctrl_full_dm2seql_netseed0_random_gain_invdensity_p70_pruneseed2,random_gain_invdensity,random_unstructured_gain,dm2seql,0,2.0,70,0.7,0.4664655992287348,0.6239137798506976,0.7476443289012784,78487.0,2.1377997398376465,,,,3.333443755016754,1.0005333053505427,
ctrl_full_dm2seql_netseed0_random_gain_invdensity_p80_pruneseed0,random_gain_invdensity,random_unstructured_gain,dm2seql,0,0.0,80,0.8,0.3539318889482392,0.6239137798506976,0.5672769225147343,52325.0,2.833974123001098,,,,5.000133779264214,1.0009151538470509,
ctrl_full_dm2seql_netseed0_random_gain_invdensity_p80_pruneseed1,random_gain_invdensity,random_unstructured_gain,dm2seql,0,1.0,80,0.8,0.4777772711283661,0.6239137798506976,0.765774513335317,52319.0,3.1079020500183105,,,,5.000707200061163,1.0013591474576469,
ctrl_full_dm2seql_netseed0_random_gain_invdensity_p80_pruneseed2,random_gain_invdensity,random_unstructured_gain,dm2seql,0,2.0,80,0.8,0.3768646507810362,0.6239137798506976,0.6040332221404371,52322.0,2.9128763675689697,,,,5.0004204732235005,0.9971070458334792,
ctrl_full_dm2seql_netseed1_lnp_rescale_p50_pruneseed0,lnp_rescale,noise_prune,dm2seql,1,0.0,50,0.5,0.6148755162395612,0.615442239795719,0.9990791604483534,124741.0,1.711634874343872,none,2.090968452568842,448.43360978922215,,,2.0
ctrl_full_dm2seql_netseed1_lnp_rescale_p50_pruneseed1,lnp_rescale,noise_prune,dm2seql,1,1.0,50,0.5,0.6118692757663796,0.615442239795719,0.9941944770795627,124730.0,1.6456828117370603,none,2.1010516673783837,861.1413383957929,,,2.0
ctrl_full_dm2seql_netseed1_lnp_rescale_p50_pruneseed2,lnp_rescale,noise_prune,dm2seql,1,2.0,50,0.5,0.6132535143374546,0.615442239795719,0.9964436541453656,124354.0,1.6274319887161257,none,2.213434248277845,14376.106099513903,,,2.0
ctrl_full_dm2seql_netseed1_lnp_rescale_p60_pruneseed0,lnp_rescale,noise_prune,dm2seql,1,0.0,60,0.6,0.6113025522102219,0.615442239795719,0.9932736375279162,102819.0,1.7206308841705322,none,2.5482852302269245,560.5420122365277,,,2.0
ctrl_full_dm2seql_netseed1_lnp_rescale_p60_pruneseed1,lnp_rescale,noise_prune,dm2seql,1,1.0,60,0.6,0.610465495003713,0.615442239795719,0.9919135469257718,102768.0,1.6359107494354248,none,2.559643412101071,1076.426672994741,,,2.0
ctrl_full_dm2seql_netseed1_lnp_rescale_p60_pruneseed2,lnp_rescale,noise_prune,dm2seql,1,2.0,60,0.6,0.616380264992118,0.615442239795719,1.0015241482234147,102540.0,1.6003092527389526,none,2.5457319586936,391.5515523319359,,,2.0
ctrl_full_dm2seql_netseed1_lnp_rescale_p70_pruneseed0,lnp_rescale,noise_prune,dm2seql,1,0.0,70,0.7,0.5995316388081868,0.615442239795719,0.9741476941965939,78222.0,1.8268812894821167,none,3.355249956315315,747.3893496487035,,,2.0
ctrl_full_dm2seql_netseed1_lnp_rescale_p70_pruneseed1,lnp_rescale,noise_prune,dm2seql,1,1.0,70,0.7,0.5961834099821515,0.615442239795719,0.9687073317880164,78196.0,1.655014157295227,none,3.3813088370785507,1435.235563992988,,,2.0
ctrl_full_dm2seql_netseed1_lnp_rescale_p70_pruneseed2,lnp_rescale,noise_prune,dm2seql,1,2.0,70,0.7,0.6116640827546673,0.615442239795719,0.9938610696556907,78138.0,1.5515002012252808,none,3.3648848464129295,522.0687364425811,,,2.0
ctrl_full_dm2seql_netseed1_lnp_rescale_p80_pruneseed0,lnp_rescale,noise_prune,dm2seql,1,0.0,80,0.8,0.5759572416847974,0.615442239795719,0.9358428857206362,52370.0,2.083218574523926,none,5.003332275845638,890.6847024090273,,,2.0
ctrl_full_dm2seql_netseed1_lnp_rescale_p80_pruneseed1,lnp_rescale,noise_prune,dm2seql,1,1.0,80,0.8,0.5458264392824107,0.615442239795719,0.8868849162247694,52429.0,2.028078079223633,none,5.019194881078169,2152.8533459894825,,,2.0
ctrl_full_dm2seql_netseed1_lnp_rescale_p80_pruneseed2,lnp_rescale,noise_prune,dm2seql,1,2.0,80,0.8,0.5577602042810428,0.615442239795719,0.9062754686226568,52313.0,1.963832139968872,none,5.064965557552149,783.1031046638719,,,2.0
ctrl_full_dm2seql_netseed1_snp_rescale_p50_pruneseed0,snp_rescale,simulation_noise_prune_rescale,dm2seql,1,0.0,50,0.5,0.6081725445236265,0.615442239795719,0.9881878512685357,123966.0,1.6396098136901855,none,2.1012794199789098,997.6577289349992,,,0.0
ctrl_full_dm2seql_netseed1_snp_rescale_p50_pruneseed1,snp_rescale,simulation_noise_prune_rescale,dm2seql,1,1.0,50,0.5,0.6107553708456558,0.615442239795719,0.9923845510642576,123903.0,1.6013277769088743,none,2.120116000454079,394.3133678482885,,,0.0
ctrl_full_dm2seql_netseed1_snp_rescale_p50_pruneseed2,snp_rescale,simulation_noise_prune_rescale,dm2seql,1,2.0,50,0.5,0.5994371848821606,0.615442239795719,0.9739942209379862,124409.0,1.648112654685974,none,2.1062791240544656,516.6186973521621,,,0.0
ctrl_full_dm2seql_netseed1_snp_rescale_p60_pruneseed0,snp_rescale,simulation_noise_prune_rescale,dm2seql,1,0.0,60,0.6,0.6075602225204216,0.615442239795719,0.9871929211782513,102379.0,1.6943843364715576,none,2.5566335363431065,1247.072161168749,,,0.0
ctrl_full_dm2seql_netseed1_snp_rescale_p60_pruneseed1,snp_rescale,simulation_noise_prune_rescale,dm2seql,1,1.0,60,0.6,0.6089314329637687,0.615442239795719,0.9894209295187288,101970.0,1.637608528137207,none,2.577622612480572,492.8917098103606,,,0.0
ctrl_full_dm2seql_netseed1_snp_rescale_p60_pruneseed2,snp_rescale,simulation_noise_prune_rescale,dm2seql,1,2.0,60,0.6,0.5974308532120849,0.615442239795719,0.9707342372379046,102823.0,1.6762317419052124,none,2.5448646873492695,320.6114901654147,,,0.0
ctrl_full_dm2seql_netseed1_snp_rescale_p70_pruneseed0,snp_rescale,simulation_noise_prune_rescale,dm2seql,1,0.0,70,0.7,0.6082735125135167,0.615442239795719,0.9883519088898062,78153.0,1.817395806312561,none,3.370241359826671,1662.762881558332,,,0.0
ctrl_full_dm2seql_netseed1_snp_rescale_p70_pruneseed1,snp_rescale,simulation_noise_prune_rescale,dm2seql,1,1.0,70,0.7,0.601792018968954,0.615442239795719,0.9778204680405168,77705.0,1.6106551885604858,none,3.3882099460047974,657.188946413814,,,0.0
ctrl_full_dm2seql_netseed1_snp_rescale_p70_pruneseed2,snp_rescale,simulation_noise_prune_rescale,dm2seql,1,2.0,70,0.7,0.5830087158174498,0.615442239795719,0.9473004583029032,78376.0,1.6583324670791626,none,3.3498192970360297,427.4819868872197,,,0.0
ctrl_full_dm2seql_netseed1_snp_rescale_p80_pruneseed0,snp_rescale,simulation_noise_prune_rescale,dm2seql,1,0.0,80,0.8,0.5465397292755059,0.615442239795719,0.8880439039363245,52377.0,2.0909345149993896,none,5.0587234647001225,2494.1443223374986,,,0.0
ctrl_full_dm2seql_netseed1_snp_rescale_p80_pruneseed1,snp_rescale,simulation_noise_prune_rescale,dm2seql,1,1.0,80,0.8,0.5744557499641727,0.615442239795719,0.9334031901269065,52302.0,2.1378650665283203,none,5.058290900423198,985.7834196207216,,,0.0
ctrl_full_dm2seql_netseed1_snp_rescale_p80_pruneseed2,snp_rescale,simulation_noise_prune_rescale,dm2seql,1,2.0,80,0.8,0.518343603840692,0.615442239795719,0.8422294901512504,52429.0,1.9788974523544312,none,5.030960784528751,641.2229803308296,,,0.0
ctrl_full_dm2seql_netseed1_lnp_shuffled_p50_pruneseed0,lnp_shuffled,noise_prune_shuffled_rescale,dm2seql,1,0.0,50,0.5,0.4388850528290579,0.615442239795719,0.7131214343928279,124572.0,2.8407630920410156,shuffle,2.090779638681657,255.34302252238592,,,2.0
ctrl_full_dm2seql_netseed1_lnp_shuffled_p50_pruneseed1,lnp_shuffled,noise_prune_shuffled_rescale,dm2seql,1,1.0,50,0.5,0.5123571791497844,0.615442239795719,0.832502460864319,124621.0,3.167450428009033,shuffle,2.094713770832343,398.8802554646956,,,2.0
ctrl_full_dm2seql_netseed1_lnp_shuffled_p50_pruneseed2,lnp_shuffled,noise_prune_shuffled_rescale,dm2seql,1,2.0,50,0.5,0.3792976536341962,0.615442239795719,0.6163009769366737,124353.0,3.3286044597625732,shuffle,2.093228101192993,403.56820013806936,,,2.0
ctrl_full_dm2seql_netseed1_lnp_shuffled_p60_pruneseed0,lnp_shuffled,noise_prune_shuffled_rescale,dm2seql,1,0.0,60,0.6,0.41279622705421,0.615442239795719,0.6707310619291058,102767.0,3.1041369438171387,shuffle,2.524609557095872,319.17877815298243,,,2.0
ctrl_full_dm2seql_netseed1_lnp_shuffled_p60_pruneseed1,lnp_shuffled,noise_prune_shuffled_rescale,dm2seql,1,1.0,60,0.6,0.4772431178915278,0.615442239795719,0.7754474539315614,102688.0,3.32488751411438,shuffle,2.540347024345883,498.6003193308696,,,2.0
ctrl_full_dm2seql_netseed1_lnp_shuffled_p60_pruneseed2,lnp_shuffled,noise_prune_shuffled_rescale,dm2seql,1,2.0,60,0.6,0.3540491420977891,0.615442239795719,0.5752759872564273,102482.0,3.5462286472320557,shuffle,2.5433699933738385,355.4782029114454,,,2.0
ctrl_full_dm2seql_netseed1_lnp_shuffled_p70_pruneseed0,lnp_shuffled,noise_prune_shuffled_rescale,dm2seql,1,0.0,70,0.7,0.3560652448636606,0.615442239795719,0.5785518475005026,78174.0,3.7455763816833496,shuffle,3.3360144913113934,425.57170420397654,,,2.0
ctrl_full_dm2seql_netseed1_lnp_shuffled_p70_pruneseed1,lnp_shuffled,noise_prune_shuffled_rescale,dm2seql,1,1.0,70,0.7,0.3673052620607892,0.615442239795719,0.5968151652748228,78163.0,4.300026893615723,shuffle,3.338660803621963,664.8004257744926,,,2.0
ctrl_full_dm2seql_netseed1_lnp_shuffled_p70_pruneseed2,lnp_shuffled,noise_prune_shuffled_rescale,dm2seql,1,2.0,70,0.7,0.302382844561408,0.615442239795719,0.4913261147979973,78168.0,4.078557014465332,shuffle,3.3532819155397555,473.9709372152605,,,2.0
ctrl_full_dm2seql_netseed1_lnp_shuffled_p80_pruneseed0,lnp_shuffled,noise_prune_shuffled_rescale,dm2seql,1,0.0,80,0.8,0.1845466862957124,0.615442239795719,0.29986028641285356,52291.0,4.947659015655518,shuffle,4.969178903778698,469.8373539062382,,,2.0
ctrl_full_dm2seql_netseed1_lnp_shuffled_p80_pruneseed1,lnp_shuffled,noise_prune_shuffled_rescale,dm2seql,1,1.0,80,0.8,0.3002266894224631,0.615442239795719,0.48782269075667606,52429.0,5.574130535125732,shuffle,4.972229174850626,997.2006386617392,,,2.0
ctrl_full_dm2seql_netseed1_lnp_shuffled_p80_pruneseed2,lnp_shuffled,noise_prune_shuffled_rescale,dm2seql,1,2.0,80,0.8,0.2253312401474784,0.615442239795719,0.36612898104340647,52218.0,5.5456390380859375,shuffle,5.00611363567848,710.956405822891,,,2.0
ctrl_full_dm2seql_netseed1_lnp_uniform_p50_pruneseed0,lnp_uniform,noise_prune_uniform_rescale,dm2seql,1,0.0,50,0.5,0.5989095457091861,0.615442239795719,0.9731368875623153,124690.0,1.858447790145874,uniform,2.1008590639725213,2.1008590639725213,,,2.0
ctrl_full_dm2seql_netseed1_lnp_uniform_p50_pruneseed1,lnp_uniform,noise_prune_uniform_rescale,dm2seql,1,1.0,50,0.5,0.5949978503589249,0.615442239795719,0.9667809777834228,124803.0,1.5833797454833984,uniform,2.1008590639725213,2.1008590639725213,,,2.0
ctrl_full_dm2seql_netseed1_lnp_uniform_p50_pruneseed2,lnp_uniform,noise_prune_uniform_rescale,dm2seql,1,2.0,50,0.5,0.592060007556314,0.615442239795719,0.962007430222589,124448.0,1.6611871719360352,uniform,2.1008590639725213,2.1008590639725213,,,2.0
ctrl_full_dm2seql_netseed1_lnp_uniform_p60_pruneseed0,lnp_uniform,noise_prune_uniform_rescale,dm2seql,1,0.0,60,0.6,0.5914672277447008,0.615442239795719,0.9610442532202923,102455.0,1.8596426248550415,uniform,2.550829467591949,2.5508294675919485,,,2.0
ctrl_full_dm2seql_netseed1_lnp_uniform_p60_pruneseed1,lnp_uniform,noise_prune_uniform_rescale,dm2seql,1,1.0,60,0.6,0.5750973852547651,0.615442239795719,0.9344457498491728,102918.0,1.6682788133621216,uniform,2.5508294675919494,2.5508294675919485,,,2.0
ctrl_full_dm2seql_netseed1_lnp_uniform_p60_pruneseed2,lnp_uniform,noise_prune_uniform_rescale,dm2seql,1,2.0,60,0.6,0.5698763630678635,0.615442239795719,0.925962383175097,102613.0,1.6966005563735962,uniform,2.550829467591949,2.5508294675919485,,,2.0
ctrl_full_dm2seql_netseed1_lnp_uniform_p70_pruneseed0,lnp_uniform,noise_prune_uniform_rescale,dm2seql,1,0.0,70,0.7,0.5189787250674206,0.615442239795719,0.8432614655108542,77861.0,2.168208599090576,uniform,3.354120694183842,3.3541206941838433,,,2.0
ctrl_full_dm2seql_netseed1_lnp_uniform_p70_pruneseed1,lnp_uniform,noise_prune_uniform_rescale,dm2seql,1,1.0,70,0.7,0.5309287752257124,0.615442239795719,0.8626784788153982,78348.0,2.134209156036377,uniform,3.354120694183842,3.3541206941838433,,,2.0
ctrl_full_dm2seql_netseed1_lnp_uniform_p70_pruneseed2,lnp_uniform,noise_prune_uniform_rescale,dm2seql,1,2.0,70,0.7,0.486457261226989,0.615442239795719,0.7904190349178123,78153.0,2.2619621753692627,uniform,3.354120694183842,3.3541206941838433,,,2.0
ctrl_full_dm2seql_netseed1_lnp_uniform_p80_pruneseed0,lnp_uniform,noise_prune_uniform_rescale,dm2seql,1,0.0,80,0.8,0.4098942116028505,0.615442239795719,0.6660157283629164,52369.0,2.8256564140319824,uniform,5.005510955614171,5.005510955614172,,,2.0
ctrl_full_dm2seql_netseed1_lnp_uniform_p80_pruneseed1,lnp_uniform,noise_prune_uniform_rescale,dm2seql,1,1.0,80,0.8,0.3972243573875998,0.615442239795719,0.6454291429841551,52358.0,2.8128817081451416,uniform,5.005510955614171,5.005510955614172,,,2.0
ctrl_full_dm2seql_netseed1_lnp_uniform_p80_pruneseed2,lnp_uniform,noise_prune_uniform_rescale,dm2seql,1,2.0,80,0.8,0.3755683520721237,0.615442239795719,0.6102414293123338,52261.0,2.7987964153289795,uniform,5.00551095561417,5.005510955614172,,,2.0
ctrl_full_dm2seql_netseed1_snp_shuffled_p50_pruneseed0,snp_shuffled,simulation_noise_prune_shuffled_rescale,dm2seql,1,0.0,50,0.5,0.4639088291621611,0.615442239795719,0.7537812635612146,124054.0,2.9314193725585938,shuffle,2.1118582879630723,1445.8793643720292,,,0.0
ctrl_full_dm2seql_netseed1_snp_shuffled_p50_pruneseed1,snp_shuffled,simulation_noise_prune_shuffled_rescale,dm2seql,1,1.0,50,0.5,0.4249905546073974,0.615442239795719,0.6905449888334974,124103.0,3.9136598110198975,shuffle,2.1323986544005686,796.6547456148369,,,0.0
ctrl_full_dm2seql_netseed1_snp_shuffled_p50_pruneseed2,snp_shuffled,simulation_noise_prune_shuffled_rescale,dm2seql,1,2.0,50,0.5,0.4909454512292038,0.615442239795719,0.7977116607923452,123975.0,3.0032107830047607,shuffle,2.095908833844094,348.28705694125017,,,0.0
ctrl_full_dm2seql_netseed1_snp_shuffled_p60_pruneseed0,snp_shuffled,simulation_noise_prune_shuffled_rescale,dm2seql,1,0.0,60,0.6,0.4360351498886095,0.615442239795719,0.7084907757279394,102559.0,3.4909005165100098,shuffle,2.550796575942839,1807.349205465037,,,0.0
ctrl_full_dm2seql_netseed1_snp_shuffled_p60_pruneseed1,snp_shuffled,simulation_noise_prune_shuffled_rescale,dm2seql,1,1.0,60,0.6,0.3735945907213674,0.615442239795719,0.6070343674255654,102416.0,5.608716011047363,shuffle,2.5928664385152516,995.818432018546,,,0.0
ctrl_full_dm2seql_netseed1_snp_shuffled_p60_pruneseed2,snp_shuffled,simulation_noise_prune_shuffled_rescale,dm2seql,1,2.0,60,0.6,0.454355954505778,0.615442239795719,0.7382592957165084,102400.0,3.301953077316284,shuffle,2.544921094921001,435.3588211765626,,,0.0
ctrl_full_dm2seql_netseed1_snp_shuffled_p70_pruneseed0,snp_shuffled,simulation_noise_prune_shuffled_rescale,dm2seql,1,0.0,70,0.7,0.3630808916450617,0.615442239795719,0.5899512060881253,78354.0,4.202858924865723,shuffle,3.36715382682396,2409.7989406200486,,,0.0
ctrl_full_dm2seql_netseed1_snp_shuffled_p70_pruneseed1,snp_shuffled,simulation_noise_prune_shuffled_rescale,dm2seql,1,1.0,70,0.7,0.2891430097580676,0.615442239795719,0.4698133976862582,77888.0,5.758650779724121,shuffle,3.4388890367154383,1327.7579093580612,,,0.0
ctrl_full_dm2seql_netseed1_snp_shuffled_p70_pruneseed2,snp_shuffled,simulation_noise_prune_shuffled_rescale,dm2seql,1,2.0,70,0.7,0.3838998397540289,0.615442239795719,0.6237788291578021,78127.0,4.274941921234131,shuffle,3.3456035239617377,580.4784282354169,,,0.0
ctrl_full_dm2seql_netseed1_snp_shuffled_p80_pruneseed0,snp_shuffled,simulation_noise_prune_shuffled_rescale,dm2seql,1,0.0,80,0.8,0.2882245267532602,0.615442239795719,0.46832100255083126,52429.0,5.444723606109619,shuffle,5.041487533684132,3614.698410930074,,,0.0
ctrl_full_dm2seql_netseed1_snp_shuffled_p80_pruneseed1,snp_shuffled,simulation_noise_prune_shuffled_rescale,dm2seql,1,1.0,80,0.8,0.2176348736923016,0.615442239795719,0.35362355655754174,52210.0,8.663317680358887,shuffle,5.138001125537458,1991.636864037093,,,0.0
ctrl_full_dm2seql_netseed1_snp_shuffled_p80_pruneseed2,snp_shuffled,simulation_noise_prune_shuffled_rescale,dm2seql,1,2.0,80,0.8,0.2929179097671873,0.615442239795719,0.4759470358492362,52429.0,4.926442623138428,shuffle,4.97872971253876,690.9050732764291,,,0.0
ctrl_full_dm2seql_netseed1_snp_uniform_p50_pruneseed0,snp_uniform,simulation_noise_prune_uniform_rescale,dm2seql,1,0.0,50,0.5,0.6029091809216097,0.615442239795719,0.9796356862371531,124154.0,1.8817440271377563,uniform,2.1085803789130435,2.1085803789130444,,,0.0
ctrl_full_dm2seql_netseed1_snp_uniform_p50_pruneseed1,snp_uniform,simulation_noise_prune_uniform_rescale,dm2seql,1,1.0,50,0.5,0.6084656773975012,0.615442239795719,0.988664147588353,123795.0,1.4844257831573486,uniform,2.108579446009937,2.1085794460099385,,,0.0
ctrl_full_dm2seql_netseed1_snp_uniform_p50_pruneseed2,snp_uniform,simulation_noise_prune_uniform_rescale,dm2seql,1,2.0,50,0.5,0.5977988978203942,0.615442239795719,0.9713322537283416,124362.0,1.527782678604126,uniform,2.1088030522970342,2.108803052297033,,,0.0
ctrl_full_dm2seql_netseed1_snp_uniform_p60_pruneseed0,snp_uniform,simulation_noise_prune_uniform_rescale,dm2seql,1,0.0,60,0.6,0.5935354430214834,0.615442239795719,0.9644047883656686,102709.0,1.8175963163375857,uniform,2.55503442476002,2.555034424760021,,,0.0
ctrl_full_dm2seql_netseed1_snp_uniform_p60_pruneseed1,snp_uniform,simulation_noise_prune_uniform_rescale,dm2seql,1,1.0,60,0.6,0.5944897533775421,0.615442239795719,0.9659553974957397,102157.0,1.591195821762085,uniform,2.5550136972995787,2.5550136972995787,,,0.0
ctrl_full_dm2seql_netseed1_snp_uniform_p60_pruneseed2,snp_uniform,simulation_noise_prune_uniform_rescale,dm2seql,1,2.0,60,0.6,0.5802662949307555,0.615442239795719,0.9428444416219478,102543.0,1.6548264026641846,uniform,2.5552881179783533,2.555288117978353,,,0.0
ctrl_full_dm2seql_netseed1_snp_uniform_p70_pruneseed0,snp_uniform,simulation_noise_prune_uniform_rescale,dm2seql,1,0.0,70,0.7,0.5688178276899827,0.615442239795719,0.9242424242424242,78304.0,2.1363797187805176,uniform,3.3536794930923235,3.3536794930923253,,,0.0
ctrl_full_dm2seql_netseed1_snp_uniform_p70_pruneseed1,snp_uniform,simulation_noise_prune_uniform_rescale,dm2seql,1,1.0,70,0.7,0.5571706815013614,0.615442239795719,0.9053175838016913,77743.0,1.9811549186706543,uniform,3.3537096358533707,3.3537096358533716,,,0.0
ctrl_full_dm2seql_netseed1_snp_uniform_p70_pruneseed2,snp_uniform,simulation_noise_prune_uniform_rescale,dm2seql,1,2.0,70,0.7,0.5496045963234624,0.615442239795719,0.8930238465690788,78038.0,2.075725793838501,uniform,3.353913953369435,3.353913953369435,,,0.0
ctrl_full_dm2seql_netseed1_snp_uniform_p80_pruneseed0,snp_uniform,simulation_noise_prune_uniform_rescale,dm2seql,1,0.0,80,0.8,0.4752107299659965,0.615442239795719,0.7721451327808294,52429.0,2.9159538745880127,uniform,5.003931092517164,5.003931092517166,,,0.0
ctrl_full_dm2seql_netseed1_snp_uniform_p80_pruneseed1,snp_uniform,simulation_noise_prune_uniform_rescale,dm2seql,1,1.0,80,0.8,0.4696672616178329,0.615442239795719,0.763137840154955,52169.0,2.798947811126709,uniform,5.003908904241377,5.003908904241376,,,0.0
ctrl_full_dm2seql_netseed1_snp_uniform_p80_pruneseed2,snp_uniform,simulation_noise_prune_uniform_rescale,dm2seql,1,2.0,80,0.8,0.4369634039892127,0.615442239795719,0.7099990474073603,52398.0,2.8986358642578125,uniform,5.003987098000244,5.003987098000244,,,0.0
ctrl_full_dm2seql_netseed1_magnitude_p50_pruneseed0,magnitude,l1_unstructured,dm2seql,1,0.0,50,0.5,0.5177736232526023,0.615442239795719,0.8413033584182728,131072.0,1.567820429801941,,,,,,
ctrl_full_dm2seql_netseed1_magnitude_p60_pruneseed0,magnitude,l1_unstructured,dm2seql,1,0.0,60,0.6,0.3837435022212958,0.615442239795719,0.6235248044538998,104858.0,1.5348570346832275,,,,,,
ctrl_full_dm2seql_netseed1_magnitude_p70_pruneseed0,magnitude,l1_unstructured,dm2seql,1,0.0,70,0.7,0.2166935914639707,0.615442239795719,0.3520941161527958,78643.0,1.4835152626037598,,,,,,
ctrl_full_dm2seql_netseed1_magnitude_p80_pruneseed0,magnitude,l1_unstructured,dm2seql,1,0.0,80,0.8,0.0968022460492202,0.615442239795719,0.15728892134760095,52429.0,1.4220772981643677,,,,,,
ctrl_full_dm2seql_netseed1_magnitude_gain_invdensity_p50_pruneseed0,magnitude_gain_invdensity,l1_unstructured_gain,dm2seql,1,0.0,50,0.5,0.0078820172752973,0.615442239795719,0.01280707882174864,131072.0,4.1256103515625,,,,1.99609375,1.5599457010288176,
ctrl_full_dm2seql_netseed1_magnitude_gain_invdensity_p60_pruneseed0,magnitude_gain_invdensity,l1_unstructured_gain,dm2seql,1,0.0,60,0.6,0.0118653673280612,0.615442239795719,0.019279416589929897,104858.0,5.324740886688232,,,,2.495107669419596,1.7034145671976295,
ctrl_full_dm2seql_netseed1_magnitude_gain_invdensity_p70_pruneseed0,magnitude_gain_invdensity,l1_unstructured_gain,dm2seql,1,0.0,70,0.7,0.0196496736454004,0.615442239795719,0.03192772997173972,78643.0,7.262236595153809,,,,3.326831377236372,1.8730480338141149,
ctrl_full_dm2seql_netseed1_magnitude_gain_invdensity_p80_pruneseed0,magnitude_gain_invdensity,l1_unstructured_gain,dm2seql,1,0.0,80,0.8,0.0438396498039266,0.615442239795719,0.07123276071931316,52429.0,11.086687088012695,,,,4.990215338839192,2.0922110948555344,
ctrl_full_dm2seql_netseed1_magnitude_gain_matchl1_p50_pruneseed0,magnitude_gain_matchl1,l1_unstructured_gain,dm2seql,1,0.0,50,0.5,0.1178166160741039,0.615442239795719,0.19143407529715584,131072.0,2.285762310028076,,,,1.2795918916959594,1.0000001179079543,
ctrl_full_dm2seql_netseed1_magnitude_gain_matchl1_p60_pruneseed0,magnitude_gain_matchl1,l1_unstructured_gain,dm2seql,1,0.0,60,0.6,0.0383841213179254,0.615442239795719,0.06236835698938388,104858.0,2.71297836303711,,,,1.4647683771939293,1.0,
ctrl_full_dm2seql_netseed1_magnitude_gain_matchl1_p70_pruneseed0,magnitude_gain_matchl1,l1_unstructured_gain,dm2seql,1,0.0,70,0.7,0.0132268066756126,0.615442239795719,0.021491548386413834,78643.0,3.411118507385254,,,,1.7761591684052291,1.0,
ctrl_full_dm2seql_netseed1_magnitude_gain_matchl1_p80_pruneseed0,magnitude_gain_matchl1,l1_unstructured_gain,dm2seql,1,0.0,80,0.8,0.0089112393657907,0.615442239795719,0.014479408122439837,52429.0,4.776992321014404,,,,2.3851394076939463,1.0,
ctrl_full_dm2seql_netseed1_random_p50_pruneseed0,random,random_unstructured,dm2seql,1,0.0,50,0.5,0.0102857068410698,0.615442239795719,0.01671270864424887,130812.0,0.3647856414318084,,,,,,
ctrl_full_dm2seql_netseed1_random_p50_pruneseed1,random,random_unstructured,dm2seql,1,1.0,50,0.5,0.0103410763839128,0.615442239795719,0.016802675726880996,130817.0,0.5057654976844788,,,,,,
ctrl_full_dm2seql_netseed1_random_p50_pruneseed2,random,random_unstructured,dm2seql,1,2.0,50,0.5,0.0102629076175462,0.615442239795719,0.016675663374929744,130825.0,0.3048547208309173,,,,,,
ctrl_full_dm2seql_netseed1_random_p60_pruneseed0,random,random_unstructured,dm2seql,1,0.0,60,0.6,0.0053317612725875,0.615442239795719,0.008663300839339933,104643.0,0.1103281453251838,,,,,,
ctrl_full_dm2seql_netseed1_random_p60_pruneseed1,random,random_unstructured,dm2seql,1,1.0,60,0.6,0.0056183800825983,0.615442239795719,0.00912901279649441,104649.0,0.1771567612886428,,,,,,
ctrl_full_dm2seql_netseed1_random_p60_pruneseed2,random,random_unstructured,dm2seql,1,2.0,60,0.6,0.0060092239144312,0.615442239795719,0.009764074556250502,104657.0,0.0660408809781074,,,,,,
ctrl_full_dm2seql_netseed1_random_p70_pruneseed0,random,random_unstructured,dm2seql,1,0.0,70,0.7,0.0039344945737848,0.615442239795719,0.006392955048211769,78486.0,-0.0518898665904998,,,,,,
ctrl_full_dm2seql_netseed1_random_p70_pruneseed1,random,random_unstructured,dm2seql,1,1.0,70,0.7,0.0044686478106231,0.615442239795719,0.0072608727865451006,78484.0,-0.0579060390591621,,,,,,
ctrl_full_dm2seql_netseed1_random_p70_pruneseed2,random,random_unstructured,dm2seql,1,2.0,70,0.7,0.0039866070846958,0.615442239795719,0.006477629949512496,78487.0,-0.0899820178747177,,,,,,
ctrl_full_dm2seql_netseed1_random_p80_pruneseed0,random,random_unstructured,dm2seql,1,0.0,80,0.8,0.0032896022512604,0.615442239795719,0.005345103144614031,52325.0,-0.2766093313694,,,,,,
ctrl_full_dm2seql_netseed1_random_p80_pruneseed1,random,random_unstructured,dm2seql,1,1.0,80,0.8,0.0049018330575712,0.615442239795719,0.007964732903608052,52335.0,-0.2383747547864914,,,,,,
ctrl_full_dm2seql_netseed1_random_p80_pruneseed2,random,random_unstructured,dm2seql,1,2.0,80,0.8,0.0034687390075172,0.615442239795719,0.005636173117835661,52322.0,-0.2453001886606216,,,,,,
ctrl_full_dm2seql_netseed1_random_gain_invdensity_p50_pruneseed0,random_gain_invdensity,random_unstructured_gain,dm2seql,1,0.0,50,0.5,0.5703714319215185,0.615442239795719,0.9267667947374547,130812.0,1.7296549081802368,,,,2.0000611564688255,0.9996041829969184,
ctrl_full_dm2seql_netseed1_random_gain_invdensity_p50_pruneseed1,random_gain_invdensity,random_unstructured_gain,dm2seql,1,1.0,50,0.5,0.601961384629415,0.615442239795719,0.9780956614697446,130817.0,2.011507987976074,,,,1.999984711467164,1.0017099011554036,
ctrl_full_dm2seql_netseed1_random_gain_invdensity_p50_pruneseed2,random_gain_invdensity,random_unstructured_gain,dm2seql,1,2.0,50,0.5,0.5840574800995348,0.615442239795719,0.9490045406915821,130825.0,1.609529972076416,,,,1.999862411618574,0.999112860550734,
ctrl_full_dm2seql_netseed1_random_gain_invdensity_p60_pruneseed0,random_gain_invdensity,random_unstructured_gain,dm2seql,1,0.0,60,0.6,0.5278411089542322,0.615442239795719,0.8576614909133247,104643.0,1.7760803699493408,,,,2.500234129373202,0.9982474161650864,
ctrl_full_dm2seql_netseed1_random_gain_invdensity_p60_pruneseed1,random_gain_invdensity,random_unstructured_gain,dm2seql,1,1.0,60,0.6,0.5944506689943588,0.615442239795719,0.9658918913197642,104649.0,1.9429987668991089,,,,2.5000907796538905,1.001137929668377,
ctrl_full_dm2seql_netseed1_random_gain_invdensity_p60_pruneseed2,random_gain_invdensity,random_unstructured_gain,dm2seql,1,2.0,60,0.6,0.5781166538556745,0.615442239795719,0.939351601943289,104657.0,1.664995193481445,,,,2.4998996722627247,0.9994116393073048,
ctrl_full_dm2seql_netseed1_random_gain_invdensity_p70_pruneseed0,random_gain_invdensity,random_unstructured_gain,dm2seql,1,0.0,70,0.7,0.5242876871164844,0.615442239795719,0.851887721080875,78486.0,2.160512208938598,,,,3.3334862268430037,0.9967466837208732,
ctrl_full_dm2seql_netseed1_random_gain_invdensity_p70_pruneseed1,random_gain_invdensity,random_unstructured_gain,dm2seql,1,1.0,70,0.7,0.5643296376877679,0.615442239795719,0.9169497983678913,78484.0,2.14053726196289,,,,3.3335711737424187,1.0018594084416437,
ctrl_full_dm2seql_netseed1_random_gain_invdensity_p70_pruneseed2,random_gain_invdensity,random_unstructured_gain,dm2seql,1,2.0,70,0.7,0.5618282371640372,0.615442239795719,0.912885403105452,78487.0,2.033493757247925,,,,3.333443755016754,1.0005439093938682,
ctrl_full_dm2seql_netseed1_random_gain_invdensity_p80_pruneseed0,random_gain_invdensity,random_unstructured_gain,dm2seql,1,0.0,80,0.8,0.4018232864755006,0.615442239795719,0.6529017030239523,52325.0,2.6170501708984375,,,,5.000133779264214,0.9950325378791094,
ctrl_full_dm2seql_netseed1_random_gain_invdensity_p80_pruneseed1,random_gain_invdensity,random_unstructured_gain,dm2seql,1,1.0,80,0.8,0.4778326406712091,0.615442239795719,0.7764053387525269,52335.0,2.8075006008148193,,,,4.999178370115601,1.002220678414072,
ctrl_full_dm2seql_netseed1_random_gain_invdensity_p80_pruneseed2,random_gain_invdensity,random_unstructured_gain,dm2seql,1,2.0,80,0.8,0.4693741287439582,0.615442239795719,0.7626615438351378,52322.0,2.7738163471221924,,,,5.0004204732235005,0.9996771680207216,
ctrl_full_dm2seql_netseed2_lnp_rescale_p50_pruneseed0,lnp_rescale,noise_prune,dm2seql,2,0.0,50,0.5,0.5591411858201858,0.5528095157444923,1.0114536199095023,126570.0,1.1044367551803589,none,2.06540285605797,452.8562488399122,,,2.0
ctrl_full_dm2seql_netseed2_lnp_rescale_p50_pruneseed1,lnp_rescale,noise_prune,dm2seql,2,1.0,50,0.5,0.5617598394934664,0.5528095157444923,1.0161906108597285,127026.0,0.9149478077888488,none,2.06718119024763,633.9640754318045,,,2.0
ctrl_full_dm2seql_netseed2_lnp_rescale_p50_pruneseed2,lnp_rescale,noise_prune,dm2seql,2,2.0,50,0.5,0.5517379522388838,0.5528095157444923,0.9980616044494722,126690.0,0.8802080750465393,none,2.0776834763242977,438.6874414343862,,,2.0
ctrl_full_dm2seql_netseed2_lnp_rescale_p60_pruneseed0,lnp_rescale,noise_prune,dm2seql,2,0.0,60,0.6,0.5493277486092474,0.5528095157444923,0.9937016874057316,103675.0,1.2539129257202148,none,2.522898282246797,566.0703110498903,,,2.0
ctrl_full_dm2seql_netseed2_lnp_rescale_p60_pruneseed1,lnp_rescale,noise_prune,dm2seql,2,1.0,60,0.6,0.565039670648931,0.5528095157444923,1.022123633107089,104081.0,1.080540418624878,none,2.5294086922961565,792.4550942897556,,,2.0
ctrl_full_dm2seql_netseed2_lnp_rescale_p60_pruneseed2,lnp_rescale,noise_prune,dm2seql,2,2.0,60,0.6,0.5346059642768738,0.5528095157444923,0.9670708427601811,103704.0,0.9943116307258606,none,2.5433923463873707,282.3132037363564,,,2.0
ctrl_full_dm2seql_netseed2_lnp_rescale_p70_pruneseed0,lnp_rescale,noise_prune,dm2seql,2,0.0,70,0.7,0.542494495616035,0.5528095157444923,0.9813407334087482,78562.0,1.5058600902557373,none,3.3413118414337473,481.00288815725264,,,2.0
ctrl_full_dm2seql_netseed2_lnp_rescale_p70_pruneseed1,lnp_rescale,noise_prune,dm2seql,2,1.0,70,0.7,0.540341597509022,0.5528095157444923,0.9774462669683259,78643.0,1.3906164169311523,none,3.360815386528043,1056.6067923863409,,,2.0
ctrl_full_dm2seql_netseed2_lnp_rescale_p70_pruneseed2,lnp_rescale,noise_prune,dm2seql,2,2.0,70,0.7,0.5067518271949139,0.5528095157444923,0.9166843420060333,78426.0,1.3989737033843994,none,3.3613999290540733,376.4176049818085,,,2.0
ctrl_full_dm2seql_netseed2_lnp_rescale_p80_pruneseed0,lnp_rescale,noise_prune,dm2seql,2,0.0,80,0.8,0.4986841590994958,0.5528095157444923,0.90209040346908,52372.0,1.9055798053741455,none,5.01189302807719,721.5043322358791,,,2.0
ctrl_full_dm2seql_netseed2_lnp_rescale_p80_pruneseed1,lnp_rescale,noise_prune,dm2seql,2,1.0,80,0.8,0.5067615982907097,0.5528095157444923,0.9167020173453998,52429.0,1.9762758016586304,none,5.034789691559079,1584.9101885795114,,,2.0
ctrl_full_dm2seql_netseed2_lnp_rescale_p80_pruneseed2,lnp_rescale,noise_prune,dm2seql,2,2.0,80,0.8,0.509451906666493,0.5528095157444923,0.9215686274509804,52287.0,1.931767821311951,none,5.033446278166921,564.6264074727129,,,2.0
ctrl_full_dm2seql_netseed2_snp_rescale_p50_pruneseed0,snp_rescale,simulation_noise_prune_rescale,dm2seql,2,0.0,50,0.5,0.5356547285589588,0.5528095157444923,0.9689679958521871,123374.0,1.0924698114395142,none,2.109210375683768,239.65177730512085,,,0.0
ctrl_full_dm2seql_netseed2_snp_rescale_p50_pruneseed1,snp_rescale,simulation_noise_prune_rescale,dm2seql,2,1.0,50,0.5,0.548852221947184,0.5528095157444923,0.9928414875565611,123090.0,1.0799038410186768,none,2.1074861106799636,692.1625286346798,,,0.0
ctrl_full_dm2seql_netseed2_snp_rescale_p50_pruneseed2,snp_rescale,simulation_noise_prune_rescale,dm2seql,2,2.0,50,0.5,0.5478946545591933,0.5528095157444923,0.9911093042986425,123485.0,1.0468838214874268,none,2.1146163790476384,307.43329693852263,,,0.0
ctrl_full_dm2seql_netseed2_snp_rescale_p60_pruneseed0,snp_rescale,simulation_noise_prune_rescale,dm2seql,2,0.0,60,0.6,0.5180472139348854,0.5528095157444923,0.9371170343137255,101969.0,1.1456246376037598,none,2.5500172400486627,299.564721631401,,,0.0
ctrl_full_dm2seql_netseed2_snp_rescale_p60_pruneseed1,snp_rescale,simulation_noise_prune_rescale,dm2seql,2,1.0,60,0.6,0.5425433510950142,0.5528095157444923,0.9814291101055808,101727.0,1.0864335298538208,none,2.557513794804356,865.2031607933498,,,0.0
ctrl_full_dm2seql_netseed2_snp_rescale_p60_pruneseed2,snp_rescale,simulation_noise_prune_rescale,dm2seql,2,2.0,60,0.6,0.5443119194340581,0.5528095157444923,0.98462834653092,102064.0,1.2069990634918213,none,2.568485716739014,384.2916211731533,,,0.0
ctrl_full_dm2seql_netseed2_snp_rescale_p70_pruneseed0,snp_rescale,simulation_noise_prune_rescale,dm2seql,2,0.0,70,0.7,0.5388889612673763,0.5528095157444923,0.9748185331825039,78162.0,1.6285463571548462,none,3.3323266462276546,399.419628841868,,,0.0
ctrl_full_dm2seql_netseed2_snp_rescale_p70_pruneseed1,snp_rescale,simulation_noise_prune_rescale,dm2seql,2,1.0,70,0.7,0.5251866279297003,0.5528095157444923,0.9500318156108599,77798.0,1.3433135747909546,none,3.35115251634059,1153.604214391133,,,0.0
ctrl_full_dm2seql_netseed2_snp_rescale_p70_pruneseed2,snp_rescale,simulation_noise_prune_rescale,dm2seql,2,2.0,70,0.7,0.5142364865745144,0.5528095157444923,0.9302236519607844,77990.0,1.3995472192764282,none,3.3680156845477556,512.3888282308711,,,0.0
ctrl_full_dm2seql_netseed2_snp_rescale_p80_pruneseed0,snp_rescale,simulation_noise_prune_rescale,dm2seql,2,0.0,80,0.8,0.511217217973605,0.5528095157444923,0.9247619720965309,52423.0,1.9393339157104492,none,4.972789407163873,599.1294432628023,,,0.0
ctrl_full_dm2seql_netseed2_snp_rescale_p80_pruneseed1,snp_rescale,simulation_noise_prune_rescale,dm2seql,2,1.0,80,0.8,0.4919714162877653,0.5528095157444923,0.8899474453242836,52070.0,1.9727567434310913,none,4.969143512320686,1730.4063215866995,,,0.0
ctrl_full_dm2seql_netseed2_snp_rescale_p80_pruneseed2,snp_rescale,simulation_noise_prune_rescale,dm2seql,2,2.0,80,0.8,0.4824445978868377,0.5528095157444923,0.8727139894419307,52429.0,1.9920188188552856,none,5.015865491594647,768.583242346307,,,0.0
ctrl_full_dm2seql_netseed2_lnp_shuffled_p50_pruneseed0,lnp_shuffled,noise_prune_shuffled_rescale,dm2seql,2,0.0,50,0.5,0.4385300363484763,0.5528095157444923,0.7932751225490196,126627.0,2.4843685626983643,shuffle,2.0429002658730293,285.9039134295464,,,2.0
ctrl_full_dm2seql_netseed2_lnp_shuffled_p50_pruneseed1,lnp_shuffled,noise_prune_shuffled_rescale,dm2seql,2,1.0,50,0.5,0.4511575491486118,0.5528095157444923,0.8161175527903468,126698.0,2.6547701358795166,shuffle,2.0463105336908773,364.595950464296,,,2.0
ctrl_full_dm2seql_netseed2_lnp_shuffled_p50_pruneseed2,lnp_shuffled,noise_prune_shuffled_rescale,dm2seql,2,2.0,50,0.5,0.3959378297744831,0.5528095157444923,0.7162283182503771,126391.0,2.6308109760284424,shuffle,2.073164562402928,1424.656147294069,,,2.0
ctrl_full_dm2seql_netseed2_lnp_shuffled_p60_pruneseed0,lnp_shuffled,noise_prune_shuffled_rescale,dm2seql,2,0.0,60,0.6,0.3521112080982842,0.5528095157444923,0.6369485294117648,103770.0,2.900423526763916,shuffle,2.4941280650508295,312.36308950782524,,,2.0
ctrl_full_dm2seql_netseed2_lnp_shuffled_p60_pruneseed1,lnp_shuffled,noise_prune_shuffled_rescale,dm2seql,2,1.0,60,0.6,0.3981265552327475,0.5528095157444923,0.7201875942684767,103811.0,3.4449799060821533,shuffle,2.4989970980466074,455.74493808037,,,2.0
ctrl_full_dm2seql_netseed2_lnp_shuffled_p60_pruneseed2,lnp_shuffled,noise_prune_shuffled_rescale,dm2seql,2,2.0,60,0.6,0.3490886824654429,0.5528095157444923,0.6314809577677225,103316.0,3.0206806659698486,shuffle,2.538837272307645,1780.820184117586,,,2.0
ctrl_full_dm2seql_netseed2_lnp_shuffled_p70_pruneseed0,lnp_shuffled,noise_prune_shuffled_rescale,dm2seql,2,0.0,70,0.7,0.2904686217543676,0.5528095157444923,0.5254407051282051,78441.0,3.4826371669769287,shuffle,3.318527580519384,416.4841193437669,,,2.0
ctrl_full_dm2seql_netseed2_lnp_shuffled_p70_pruneseed1,lnp_shuffled,noise_prune_shuffled_rescale,dm2seql,2,1.0,70,0.7,0.3153490886824654,0.5528095157444923,0.5704480109351433,78643.0,3.5182113647460938,shuffle,3.2877482769210102,325.8534499634942,,,2.0
ctrl_full_dm2seql_netseed2_lnp_shuffled_p70_pruneseed2,lnp_shuffled,noise_prune_shuffled_rescale,dm2seql,2,2.0,70,0.7,0.3373405682869315,0.5528095157444923,0.6102293080693816,78118.0,3.499178409576416,shuffle,3.3642928415870696,2374.4269121567813,,,2.0
ctrl_full_dm2seql_netseed2_lnp_shuffled_p80_pruneseed0,lnp_shuffled,noise_prune_shuffled_rescale,dm2seql,2,0.0,80,0.8,0.2708515184282867,0.5528095157444923,0.4899545154600302,52429.0,4.701836109161377,shuffle,4.934682130545025,528.0761118844991,,,2.0
ctrl_full_dm2seql_netseed2_lnp_shuffled_p80_pruneseed1,lnp_shuffled,noise_prune_shuffled_rescale,dm2seql,2,1.0,80,0.8,0.2314056047005485,0.5528095157444923,0.4185991704374058,52327.0,4.508704662322998,shuffle,4.914791329389791,488.7801749452414,,,2.0
ctrl_full_dm2seql_netseed2_lnp_shuffled_p80_pruneseed2,lnp_shuffled,noise_prune_shuffled_rescale,dm2seql,2,2.0,80,0.8,0.2331546308480008,0.5528095157444923,0.42176305618401205,52292.0,4.723222255706787,shuffle,4.965005395227969,487.46057356452815,,,2.0
ctrl_full_dm2seql_netseed2_lnp_uniform_p50_pruneseed0,lnp_uniform,noise_prune_uniform_rescale,dm2seql,2,0.0,50,0.5,0.5631310499368136,0.5528095157444923,1.0186710501508296,126875.0,1.254521131515503,uniform,2.066387220604305,2.0663872206043044,,,2.0
ctrl_full_dm2seql_netseed2_lnp_uniform_p50_pruneseed1,lnp_uniform,noise_prune_uniform_rescale,dm2seql,2,1.0,50,0.5,0.5270431361309066,0.5528095157444923,0.9533901300904977,126917.0,1.4673248529434204,uniform,2.066387220604305,2.0663872206043044,,,2.0
ctrl_full_dm2seql_netseed2_lnp_uniform_p50_pruneseed2,lnp_uniform,noise_prune_uniform_rescale,dm2seql,2,2.0,50,0.5,0.5147608687155569,0.5528095157444923,0.9311722285067875,126565.0,1.4038403034210205,uniform,2.0663872206043052,2.0663872206043044,,,2.0
ctrl_full_dm2seql_netseed2_lnp_uniform_p60_pruneseed0,lnp_uniform,noise_prune_uniform_rescale,dm2seql,2,0.0,60,0.6,0.5368109748947979,0.5528095157444923,0.9710595776772248,103583.0,1.5804367065429688,uniform,2.5233786273605756,2.523378627360576,,,2.0
ctrl_full_dm2seql_netseed2_lnp_uniform_p60_pruneseed1,lnp_uniform,noise_prune_uniform_rescale,dm2seql,2,1.0,60,0.6,0.5237567909115781,0.5528095157444923,0.9474453242835597,104087.0,1.5632970333099363,uniform,2.523378627360575,2.523378627360576,,,2.0
ctrl_full_dm2seql_netseed2_lnp_uniform_p60_pruneseed2,lnp_uniform,noise_prune_uniform_rescale,dm2seql,2,2.0,60,0.6,0.5000358273512514,0.5528095157444923,0.9045354920814481,103737.0,1.536664366722107,uniform,2.5233786273605756,2.523378627360576,,,2.0
ctrl_full_dm2seql_netseed2_lnp_uniform_p70_pruneseed0,lnp_uniform,noise_prune_uniform_rescale,dm2seql,2,0.0,70,0.7,0.4960785335539429,0.5528095157444923,0.897376979638009,78218.0,1.849250555038452,uniform,3.33846593062465,3.3384659306246487,,,2.0
ctrl_full_dm2seql_netseed2_lnp_uniform_p70_pruneseed1,lnp_uniform,noise_prune_uniform_rescale,dm2seql,2,1.0,70,0.7,0.5330979584923851,0.5528095157444923,0.9643429487179488,78643.0,1.9294060468673704,uniform,3.33846593062465,3.3384659306246487,,,2.0
ctrl_full_dm2seql_netseed2_lnp_uniform_p70_pruneseed2,lnp_uniform,noise_prune_uniform_rescale,dm2seql,2,2.0,70,0.7,0.4858644814153758,0.5528095157444923,0.8789003582202112,78495.0,1.8650166988372805,uniform,3.33846593062465,3.3384659306246487,,,2.0
ctrl_full_dm2seql_netseed2_lnp_uniform_p80_pruneseed0,lnp_uniform,noise_prune_uniform_rescale,dm2seql,2,0.0,80,0.8,0.4181084461352059,0.5528095157444923,0.7563336632730016,52425.0,2.5506184101104736,uniform,5.000322900235575,5.000322900235577,,,2.0
ctrl_full_dm2seql_netseed2_lnp_uniform_p80_pruneseed1,lnp_uniform,noise_prune_uniform_rescale,dm2seql,2,1.0,80,0.8,0.449548575374233,0.5528095157444923,0.8132070135746607,52420.0,2.8325655460357666,uniform,5.000322900235575,5.000322900235577,,,2.0
ctrl_full_dm2seql_netseed2_lnp_uniform_p80_pruneseed2,lnp_uniform,noise_prune_uniform_rescale,dm2seql,2,2.0,80,0.8,0.4764060606850189,0.5528095157444923,0.8617906297134238,52317.0,2.484543800354004,uniform,5.000322900235575,5.000322900235577,,,2.0
ctrl_full_dm2seql_netseed2_snp_shuffled_p50_pruneseed0,snp_shuffled,simulation_noise_prune_shuffled_rescale,dm2seql,2,0.0,50,0.5,0.4040445822530844,0.5528095157444923,0.7308929581447964,123521.0,2.9409682750701904,shuffle,2.134271134876225,395.09036752441966,,,0.0
ctrl_full_dm2seql_netseed2_snp_shuffled_p50_pruneseed1,snp_shuffled,simulation_noise_prune_shuffled_rescale,dm2seql,2,1.0,50,0.5,0.3762002162669203,0.5528095157444923,0.6805241327300151,123289.0,2.576176643371582,shuffle,2.1156377014543253,376.652583348885,,,0.0
ctrl_full_dm2seql_netseed2_snp_shuffled_p50_pruneseed2,snp_shuffled,simulation_noise_prune_shuffled_rescale,dm2seql,2,2.0,50,0.5,0.4245150279453339,0.5528095157444923,0.767922794117647,123204.0,2.6386921405792236,shuffle,2.1122988986482287,198.17886949532868,,,0.0
ctrl_full_dm2seql_netseed2_snp_shuffled_p60_pruneseed0,snp_shuffled,simulation_noise_prune_shuffled_rescale,dm2seql,2,0.0,60,0.6,0.3181240798884792,0.5528095157444923,0.5754678073152337,102042.0,3.435130834579468,shuffle,2.588447825954721,493.86295940552446,,,0.0
ctrl_full_dm2seql_netseed2_snp_shuffled_p60_pruneseed1,snp_shuffled,simulation_noise_prune_shuffled_rescale,dm2seql,2,1.0,60,0.6,0.3629082689526688,0.5528095157444923,0.6564797794117647,101699.0,2.871389389038086,shuffle,2.56781411358313,470.8157291861063,,,0.0
ctrl_full_dm2seql_netseed2_snp_shuffled_p60_pruneseed2,snp_shuffled,simulation_noise_prune_shuffled_rescale,dm2seql,2,2.0,60,0.6,0.3548764282085022,0.5528095157444923,0.6419506504524888,102004.0,3.1432647705078125,shuffle,2.564287445029075,247.72358686916084,,,0.0
ctrl_full_dm2seql_netseed2_snp_shuffled_p70_pruneseed0,snp_shuffled,simulation_noise_prune_shuffled_rescale,dm2seql,2,0.0,70,0.7,0.2807366103417278,0.5528095157444923,0.5078360671191554,77799.0,3.7566633224487305,shuffle,3.377969873181489,467.6640610011551,,,0.0
ctrl_full_dm2seql_netseed2_snp_shuffled_p70_pruneseed1,snp_shuffled,simulation_noise_prune_shuffled_rescale,dm2seql,2,1.0,70,0.7,0.2877620282189246,0.5528095157444923,0.5205446361236802,77592.0,3.604800939559937,shuffle,3.359947507381892,359.79127662293837,,,0.0
ctrl_full_dm2seql_netseed2_snp_shuffled_p70_pruneseed2,snp_shuffled,simulation_noise_prune_shuffled_rescale,dm2seql,2,2.0,70,0.7,0.2886479409044126,0.5528095157444923,0.5221472002262443,77823.0,4.079167366027832,shuffle,3.355706929758436,330.29811582554777,,,0.0
ctrl_full_dm2seql_netseed2_snp_shuffled_p80_pruneseed0,snp_shuffled,simulation_noise_prune_shuffled_rescale,dm2seql,2,0.0,80,0.8,0.226953242049585,0.5528095157444923,0.41054510746606326,52429.0,5.499771595001221,shuffle,5.052230889051117,701.496091501733,,,0.0
ctrl_full_dm2seql_netseed2_snp_shuffled_p80_pruneseed1,snp_shuffled,simulation_noise_prune_shuffled_rescale,dm2seql,2,1.0,80,0.8,0.1998677645035632,0.5528095157444923,0.3615490667420815,52132.0,4.801210880279541,shuffle,5.008637089996435,534.7492399515049,,,0.0
ctrl_full_dm2seql_netseed2_snp_shuffled_p80_pruneseed2,snp_shuffled,simulation_noise_prune_shuffled_rescale,dm2seql,2,2.0,80,0.8,0.2474236877418346,0.5528095157444923,0.447574943438914,52429.0,4.431191921234131,shuffle,4.9701022036250615,406.56978607251193,,,0.0
ctrl_full_dm2seql_netseed2_snp_uniform_p50_pruneseed0,snp_uniform,simulation_noise_prune_uniform_rescale,dm2seql,2,0.0,50,0.5,0.5307952369165028,0.5528095157444923,0.96017746040724,123387.0,1.336930751800537,uniform,2.1213887783024714,2.121388778302472,,,0.0
ctrl_full_dm2seql_netseed2_snp_uniform_p50_pruneseed1,snp_uniform,simulation_noise_prune_uniform_rescale,dm2seql,2,1.0,50,0.5,0.506022252042159,0.5528095157444923,0.9153645833333334,123035.0,1.2592281103134155,uniform,2.1214168909784377,2.121416890978437,,,0.0
ctrl_full_dm2seql_netseed2_snp_uniform_p50_pruneseed2,snp_uniform,simulation_noise_prune_uniform_rescale,dm2seql,2,2.0,50,0.5,0.5482138436885235,0.5528095157444923,0.9916866987179488,123650.0,1.2550370693206787,uniform,2.121446023994757,2.121446023994756,,,0.0
ctrl_full_dm2seql_netseed2_snp_uniform_p60_pruneseed0,snp_uniform,simulation_noise_prune_uniform_rescale,dm2seql,2,0.0,60,0.6,0.5312609924827703,0.5528095157444923,0.9610199849170437,102105.0,1.5717464685440063,uniform,2.5692563446946934,2.569256344694693,,,0.0
ctrl_full_dm2seql_netseed2_snp_uniform_p60_pruneseed1,snp_uniform,simulation_noise_prune_uniform_rescale,dm2seql,2,1.0,60,0.6,0.4854247821045637,0.5528095157444923,0.8781049679487178,101584.0,1.5069031715393066,uniform,2.5693626101222757,2.5693626101222744,,,0.0
ctrl_full_dm2seql_netseed2_snp_uniform_p60_pruneseed2,snp_uniform,simulation_noise_prune_uniform_rescale,dm2seql,2,2.0,60,0.6,0.5328569381294215,0.5528095157444923,0.9639069570135748,101958.0,1.570523738861084,uniform,2.569332534083508,2.569332534083509,,,0.0
ctrl_full_dm2seql_netseed2_snp_uniform_p70_pruneseed0,snp_uniform,simulation_noise_prune_uniform_rescale,dm2seql,2,0.0,70,0.7,0.5063349271076254,0.5528095157444923,0.915930194193062,78066.0,2.0323240756988525,uniform,3.363484845415147,3.3634848454151474,,,0.0
ctrl_full_dm2seql_netseed2_snp_uniform_p70_pruneseed1,snp_uniform,simulation_noise_prune_uniform_rescale,dm2seql,2,1.0,70,0.7,0.4572937973083888,0.5528095157444923,0.8272176659125189,77535.0,1.912940502166748,uniform,3.3635867056033244,3.3635867056033235,,,0.0
ctrl_full_dm2seql_netseed2_snp_uniform_p70_pruneseed2,snp_uniform,simulation_noise_prune_uniform_rescale,dm2seql,2,2.0,70,0.7,0.5249977200776477,0.5528095157444923,0.9496900923831072,77800.0,1.8311184644699097,uniform,3.3636129808840356,3.363612980884037,,,0.0
ctrl_full_dm2seql_netseed2_snp_uniform_p80_pruneseed0,snp_uniform,simulation_noise_prune_uniform_rescale,dm2seql,2,0.0,80,0.8,0.4784156493870266,0.5528095157444923,0.8654258578431373,52429.0,2.5245718955993652,uniform,5.0067030618623765,5.0067030618623765,,,0.0
ctrl_full_dm2seql_netseed2_snp_uniform_p80_pruneseed1,snp_uniform,simulation_noise_prune_uniform_rescale,dm2seql,2,1.0,80,0.8,0.4232675847154005,0.5528095157444923,0.7656662424585218,52140.0,2.4228999614715576,uniform,5.006734745694394,5.006734745694395,,,0.0
ctrl_full_dm2seql_netseed2_snp_uniform_p80_pruneseed2,snp_uniform,simulation_noise_prune_uniform_rescale,dm2seql,2,2.0,80,0.8,0.4884407936735411,0.5528095157444923,0.8835607560331824,52372.0,2.6629533767700195,uniform,5.0067861592416465,5.0067861592416465,,,0.0
ctrl_full_dm2seql_netseed2_magnitude_p50_pruneseed0,magnitude,l1_unstructured,dm2seql,2,0.0,50,0.5,0.4590428234558412,0.5528095157444923,0.8303815516591253,131072.0,0.9036965370178224,,,,,,
ctrl_full_dm2seql_netseed2_magnitude_p60_pruneseed0,magnitude,l1_unstructured,dm2seql,2,0.0,60,0.6,0.3546940344203134,0.5528095157444923,0.6416207107843136,104858.0,0.7442705631256104,,,,,,
ctrl_full_dm2seql_netseed2_magnitude_p70_pruneseed0,magnitude,l1_unstructured,dm2seql,2,0.0,70,0.7,0.2224259676641869,0.5528095157444923,0.40235553355957754,78643.0,0.6192514896392822,,,,,,
ctrl_full_dm2seql_netseed2_magnitude_p80_pruneseed0,magnitude,l1_unstructured,dm2seql,2,0.0,80,0.8,0.1084917336529567,0.5528095157444923,0.19625518476621412,52429.0,0.3954235315322876,,,,,,
ctrl_full_dm2seql_netseed2_magnitude_gain_invdensity_p50_pruneseed0,magnitude_gain_invdensity,l1_unstructured_gain,dm2seql,2,0.0,50,0.5,0.009500762145472,0.5528095157444923,0.0171863216440421,131072.0,2.799956798553467,,,,1.99609375,1.5452261250421522,
ctrl_full_dm2seql_netseed2_magnitude_gain_invdensity_p60_pruneseed0,magnitude_gain_invdensity,l1_unstructured_gain,dm2seql,2,0.0,60,0.6,0.0091555167606863,0.5528095157444923,0.0165617929864253,104858.0,3.352142810821533,,,,2.495107669419596,1.6788247487809702,
ctrl_full_dm2seql_netseed2_magnitude_gain_invdensity_p70_pruneseed0,magnitude_gain_invdensity,l1_unstructured_gain,dm2seql,2,0.0,70,0.7,0.0097092121891163,0.5528095157444923,0.017563395550527904,78643.0,4.386976718902588,,,,3.326831377236372,1.8330759750067556,
ctrl_full_dm2seql_netseed2_magnitude_gain_invdensity_p80_pruneseed0,magnitude_gain_invdensity,l1_unstructured_gain,dm2seql,2,0.0,80,0.8,0.0226103156715348,0.5528095157444923,0.04090073529411757,52429.0,5.96346378326416,,,,4.990215338839192,2.0269649326844412,
ctrl_full_dm2seql_netseed2_magnitude_gain_matchl1_p50_pruneseed0,magnitude_gain_matchl1,l1_unstructured_gain,dm2seql,2,0.0,50,0.5,0.132733822322394,0.5528095157444923,0.2401077017345399,131072.0,1.4591588973999023,,,,1.2917809114926075,1.0000000620339853,
ctrl_full_dm2seql_netseed2_magnitude_gain_matchl1_p60_pruneseed0,magnitude_gain_matchl1,l1_unstructured_gain,dm2seql,2,0.0,60,0.6,0.0439731881131362,0.5528095157444923,0.07954491892910999,104858.0,1.592374563217163,,,,1.4862227352435182,0.9999999379660148,
ctrl_full_dm2seql_netseed2_magnitude_gain_matchl1_p70_pruneseed0,magnitude_gain_matchl1,l1_unstructured_gain,dm2seql,2,0.0,70,0.7,0.0148488085777192,0.5528095157444923,0.026860624057315062,78643.0,1.9387634992599487,,,,1.814890204981025,1.0000000620339853,
ctrl_full_dm2seql_netseed2_magnitude_gain_matchl1_p80_pruneseed0,magnitude_gain_matchl1,l1_unstructured_gain,dm2seql,2,0.0,80,0.8,0.0095170473051317,0.5528095157444923,0.01721578054298628,52429.0,2.4354138374328613,,,,2.461914816492216,1.0,
ctrl_full_dm2seql_netseed2_random_p50_pruneseed0,random,random_unstructured,dm2seql,2,0.0,50,0.5,0.0166076058209674,0.5528095157444923,0.03004218514328796,130812.0,0.0601308047771453,,,,,,
ctrl_full_dm2seql_netseed2_random_p50_pruneseed1,random,random_unstructured,dm2seql,2,1.0,50,0.5,0.0149074351524942,0.5528095157444923,0.026966676093514268,130803.0,0.0733216777443885,,,,,,
ctrl_full_dm2seql_netseed2_random_p50_pruneseed2,random,random_unstructured,dm2seql,2,2.0,50,0.5,0.0167899996091561,0.5528095157444923,0.030372124811462925,130825.0,0.1807142198085785,,,,,,
ctrl_full_dm2seql_netseed2_random_p60_pruneseed0,random,random_unstructured,dm2seql,2,0.0,60,0.6,0.0086018213322563,0.5528095157444923,0.015560190422322701,104643.0,-0.0028485723305493,,,,,,
ctrl_full_dm2seql_netseed2_random_p60_pruneseed1,random,random_unstructured,dm2seql,2,1.0,60,0.6,0.0080513829357583,0.5528095157444923,0.014564479638009047,104641.0,0.0094915460795164,,,,,,
ctrl_full_dm2seql_netseed2_random_p60_pruneseed2,random,random_unstructured,dm2seql,2,2.0,60,0.6,0.0096603567101371,0.5528095157444923,0.01747501885369517,104657.0,0.0645039603114128,,,,,,
ctrl_full_dm2seql_netseed2_random_p70_pruneseed0,random,random_unstructured,dm2seql,2,0.0,70,0.7,0.005963625467384,0.5528095157444923,0.01078784879336335,78486.0,-0.1362907588481903,,,,,,
ctrl_full_dm2seql_netseed2_random_p70_pruneseed1,random,random_unstructured,dm2seql,2,1.0,70,0.7,0.0050418854306447,0.5528095157444923,0.00912047511312206,78481.0,-0.1556158065795898,,,,,,
ctrl_full_dm2seql_netseed2_random_p70_pruneseed2,random,random_unstructured,dm2seql,2,2.0,70,0.7,0.0059505973396563,0.5528095157444923,0.010764281674208112,78493.0,-0.0965184718370437,,,,,,
ctrl_full_dm2seql_netseed2_random_p80_pruneseed0,random,random_unstructured,dm2seql,2,0.0,80,0.8,0.0052438214104251,0.5528095157444923,0.009485765460030153,52325.0,-0.3009645342826843,,,,,,
ctrl_full_dm2seql_netseed2_random_p80_pruneseed1,random,random_unstructured,dm2seql,2,1.0,80,0.8,0.0058431152859022,0.5528095157444923,0.010569852941176357,52319.0,-0.274006724357605,,,,,,
ctrl_full_dm2seql_netseed2_random_p80_pruneseed2,random,random_unstructured,dm2seql,2,2.0,80,0.8,0.0045956720559688,0.5528095157444923,0.008313301282051216,52327.0,-0.2556481063365936,,,,,,
ctrl_full_dm2seql_netseed2_random_gain_invdensity_p50_pruneseed0,random_gain_invdensity,random_unstructured_gain,dm2seql,2,0.0,50,0.5,0.5436474849199422,0.5528095157444923,0.9834264234539971,130812.0,1.1203265190124512,,,,2.0000611564688255,1.0002442277997117,
ctrl_full_dm2seql_netseed2_random_gain_invdensity_p50_pruneseed1,random_gain_invdensity,random_unstructured_gain,dm2seql,2,1.0,50,0.5,0.5357328973253254,0.5528095157444923,0.9691093985671192,130803.0,1.1468567848205566,,,,2.0001987721994143,1.001902830461863,
ctrl_full_dm2seql_netseed2_random_gain_invdensity_p50_pruneseed2,random_gain_invdensity,random_unstructured_gain,dm2seql,2,2.0,50,0.5,0.5540406738147661,0.5528095157444923,1.002227092760181,130825.0,1.361266016960144,,,,1.999862411618574,1.001111214776793,
ctrl_full_dm2seql_netseed2_random_gain_invdensity_p60_pruneseed0,random_gain_invdensity,random_unstructured_gain,dm2seql,2,0.0,60,0.6,0.534537566606303,0.5528095157444923,0.9669471153846154,104643.0,1.493112087249756,,,,2.500234129373202,1.0017061827287956,
ctrl_full_dm2seql_netseed2_random_gain_invdensity_p60_pruneseed1,random_gain_invdensity,random_unstructured_gain,dm2seql,2,1.0,60,0.6,0.541501100876793,0.5528095157444923,0.9795437405731525,104641.0,1.5240134000778198,,,,2.5002819162660908,1.0030914636521788,
ctrl_full_dm2seql_netseed2_random_gain_invdensity_p60_pruneseed2,random_gain_invdensity,random_unstructured_gain,dm2seql,2,2.0,60,0.6,0.5311404823012885,0.5528095157444923,0.9608019890648568,104657.0,1.6611530780792236,,,,2.4998996722627247,1.0015153661903369,
ctrl_full_dm2seql_netseed2_random_gain_invdensity_p70_pruneseed0,random_gain_invdensity,random_unstructured_gain,dm2seql,2,0.0,70,0.7,0.5344919681592558,0.5528095157444923,0.9668646304675717,78486.0,1.8791629076004028,,,,3.3334862268430037,1.0019458200136029,
ctrl_full_dm2seql_netseed2_random_gain_invdensity_p70_pruneseed1,random_gain_invdensity,random_unstructured_gain,dm2seql,2,1.0,70,0.7,0.5362377372747762,0.5528095157444923,0.9700226244343891,78481.0,1.814922332763672,,,,3.3336986022094517,1.002613677898209,
ctrl_full_dm2seql_netseed2_random_gain_invdensity_p70_pruneseed2,random_gain_invdensity,random_unstructured_gain,dm2seql,2,2.0,70,0.7,0.5111032218559871,0.5528095157444923,0.9245557598039217,78493.0,2.011474609375,,,,3.3331889467850635,1.0013609015672018,
ctrl_full_dm2seql_netseed2_random_gain_invdensity_p80_pruneseed0,random_gain_invdensity,random_unstructured_gain,dm2seql,2,0.0,80,0.8,0.4971077556444363,0.5528095157444923,0.899238782051282,52325.0,2.4952709674835205,,,,5.000133779264214,1.0012499848016736,
ctrl_full_dm2seql_netseed2_random_gain_invdensity_p80_pruneseed1,random_gain_invdensity,random_unstructured_gain,dm2seql,2,1.0,80,0.8,0.4475357296402933,0.5528095157444923,0.8095658936651583,52319.0,2.6304798126220703,,,,5.000707200061163,1.003791393107131,
ctrl_full_dm2seql_netseed2_random_gain_invdensity_p80_pruneseed2,random_gain_invdensity,random_unstructured_gain,dm2seql,2,2.0,80,0.8,0.4629545188061024,0.5528095157444923,0.8374575791855204,52327.0,2.72171688079834,,,,4.999942668220995,1.0001027903134676,
ctrl_full_dmsintseq_netseed0_lnp_rescale_p50_pruneseed0,lnp_rescale,noise_prune,dmsintseq,0,0.0,50,0.5,0.8634939696131154,0.8641139769226753,0.9992824935990876,124562.0,2.9109818935394287,none,2.1027878779169047,366.39785801178033,,,4.0
ctrl_full_dmsintseq_netseed0_lnp_rescale_p50_pruneseed1,lnp_rescale,noise_prune,dmsintseq,0,1.0,50,0.5,0.8505521328251449,0.8641139769226753,0.9843054915674115,124740.0,2.8479368686676025,none,2.1013819038869217,695.2496550862322,,,4.0
ctrl_full_dmsintseq_netseed0_lnp_rescale_p50_pruneseed2,lnp_rescale,noise_prune,dmsintseq,0,2.0,50,0.5,0.7983344645747402,0.8641139769226753,0.9238763472126764,124481.0,2.8894574642181396,none,2.0922011648498637,509.9195840640549,,,4.0
ctrl_full_dmsintseq_netseed0_lnp_rescale_p60_pruneseed0,lnp_rescale,noise_prune,dmsintseq,0,0.0,60,0.6,0.7895238343862581,0.8641139769226753,0.9136802036207639,102535.0,2.930919647216797,none,2.5566472131955353,279.90729662871144,,,4.0
ctrl_full_dmsintseq_netseed0_lnp_rescale_p60_pruneseed1,lnp_rescale,noise_prune,dmsintseq,0,1.0,60,0.6,0.7420051689030439,0.8641139769226753,0.8586890025150488,102631.0,2.875368595123291,none,2.559921808730823,869.0620688577901,,,4.0
ctrl_full_dmsintseq_netseed0_lnp_rescale_p60_pruneseed2,lnp_rescale,noise_prune,dmsintseq,0,2.0,60,0.6,0.6161110530987313,0.8641139769226753,0.7129974396350536,102232.0,2.8813669681549072,none,2.541585371326577,637.3994800800685,,,4.0
ctrl_full_dmsintseq_netseed0_lnp_rescale_p70_pruneseed0,lnp_rescale,noise_prune,dmsintseq,0,0.0,70,0.7,0.3666005325536469,0.8641139769226753,0.4242502058110465,77801.0,3.0635342597961426,none,3.344784980947501,317.5244709488952,,,4.0
ctrl_full_dmsintseq_netseed0_lnp_rescale_p70_pruneseed1,lnp_rescale,noise_prune,dmsintseq,0,1.0,70,0.7,0.3500430741920325,0.8641139769226753,0.4050890085572078,78049.0,2.906121253967285,none,3.356221225772891,507.31566799663466,,,4.0
ctrl_full_dmsintseq_netseed0_lnp_rescale_p70_pruneseed2,lnp_rescale,noise_prune,dmsintseq,0,2.0,70,0.7,0.3810499660627578,0.8641139769226753,0.4409718813017832,77842.0,2.8446836471557617,none,3.338439308062528,849.8659734400912,,,4.0
ctrl_full_dmsintseq_netseed0_lnp_rescale_p80_pruneseed0,lnp_rescale,noise_prune,dmsintseq,0,0.0,80,0.8,0.1019161489061765,0.8641139769226753,0.11794294691207895,52254.0,3.1504721641540527,none,4.971403146343763,355.0956996426434,,,4.0
ctrl_full_dmsintseq_netseed0_lnp_rescale_p80_pruneseed1,lnp_rescale,noise_prune,dmsintseq,0,1.0,80,0.8,0.1086187542421552,0.8641139769226753,0.12569956874088947,52330.0,2.7457804679870605,none,5.00902277702638,760.9735019949521,,,4.0
ctrl_full_dmsintseq_netseed0_lnp_rescale_p80_pruneseed2,lnp_rescale,noise_prune,dmsintseq,0,2.0,80,0.8,0.1029799509215266,0.8641139769226753,0.11917403684206546,52300.0,2.925598382949829,none,4.952891692320899,574.1232012246892,,,4.0
ctrl_full_dmsintseq_netseed0_snp_rescale_p50_pruneseed0,snp_rescale,simulation_noise_prune_rescale,dmsintseq,0,0.0,50,0.5,0.8455659687777372,0.8641139769226753,0.9785352295642847,125134.0,2.8360116481781006,none,2.117342224536957,1533.1804559776576,,,0.0
ctrl_full_dmsintseq_netseed0_snp_rescale_p50_pruneseed1,snp_rescale,simulation_noise_prune_rescale,dmsintseq,0,1.0,50,0.5,0.6909426721662403,0.8641139769226753,0.7995966858756977,124952.0,2.914212942123413,none,2.087728118520884,339.83126601185774,,,0.0
ctrl_full_dmsintseq_netseed0_snp_rescale_p50_pruneseed2,snp_rescale,simulation_noise_prune_rescale,dmsintseq,0,2.0,50,0.5,0.8389873649036704,0.8641139769226753,0.9709221090156567,125542.0,2.785890817642212,none,2.122528488906866,2303.635422521332,,,0.0
ctrl_full_dmsintseq_netseed0_snp_rescale_p60_pruneseed0,snp_rescale,simulation_noise_prune_rescale,dmsintseq,0,0.0,60,0.6,0.5739897144050541,0.8641139769226753,0.6642523205667545,102580.0,2.883023977279663,none,2.5888635200935948,1916.475569972072,,,0.0
ctrl_full_dmsintseq_netseed0_snp_rescale_p60_pruneseed1,snp_rescale,simulation_noise_prune_rescale,dmsintseq,0,1.0,60,0.6,0.377623609878348,0.8641139769226753,0.43700671434937266,102686.0,2.996403932571411,none,2.5497438071817955,335.0982803916279,,,0.0
ctrl_full_dmsintseq_netseed0_snp_rescale_p60_pruneseed2,snp_rescale,simulation_noise_prune_rescale,dmsintseq,0,2.0,60,0.6,0.8529668981360622,0.8641139769226753,0.9870999901814913,103285.0,2.8748586177825928,none,2.559598452276971,298.4251203020973,,,0.0
ctrl_full_dmsintseq_netseed0_snp_rescale_p70_pruneseed0,snp_rescale,simulation_noise_prune_rescale,dmsintseq,0,0.0,70,0.7,0.2202983866757166,0.8641139769226753,0.2549413532925991,77964.0,2.8258559703826904,none,3.4167463038210135,2555.300759962762,,,0.0
ctrl_full_dmsintseq_netseed0_snp_rescale_p70_pruneseed1,snp_rescale,simulation_noise_prune_rescale,dmsintseq,0,1.0,70,0.7,0.1687203049130684,0.8641139769226753,0.19525237343564714,77976.0,3.0130724906921387,none,3.3326889934394837,446.79770718883714,,,0.0
ctrl_full_dmsintseq_netseed0_snp_rescale_p70_pruneseed2,snp_rescale,simulation_noise_prune_rescale,dmsintseq,0,2.0,70,0.7,0.5206560329974417,0.8641139769226753,0.6025316646903771,78643.0,2.804497241973877,none,3.3622908196184027,397.9001604027963,,,0.0
ctrl_full_dmsintseq_netseed0_snp_rescale_p80_pruneseed0,snp_rescale,simulation_noise_prune_rescale,dmsintseq,0,0.0,80,0.8,0.1192633007883882,0.8641139769226753,0.13801802073971128,52360.0,2.884140729904175,none,5.065033840670672,703.5307578055413,,,0.0
ctrl_full_dmsintseq_netseed0_snp_rescale_p80_pruneseed1,snp_rescale,simulation_noise_prune_rescale,dmsintseq,0,1.0,80,0.8,0.1039458570458936,0.8641139769226753,0.1202918362876974,52313.0,3.2067975997924805,none,4.986523336357919,670.196560783256,,,0.0
ctrl_full_dmsintseq_netseed0_snp_rescale_p80_pruneseed2,snp_rescale,simulation_noise_prune_rescale,dmsintseq,0,2.0,80,0.8,0.1674672375084843,0.8641139769226753,0.19380225523590852,52429.0,2.8342792987823486,none,5.031961824465287,596.8502406041948,,,0.0
ctrl_full_dmsintseq_netseed0_lnp_shuffled_p50_pruneseed0,lnp_shuffled,noise_prune_shuffled_rescale,dmsintseq,0,0.0,50,0.5,0.0337022920691275,0.8641139769226753,0.03900213741380476,124708.0,3.037755966186523,shuffle,2.0820850591426217,230.39282140835223,,,4.0
ctrl_full_dmsintseq_netseed0_lnp_shuffled_p50_pruneseed1,lnp_shuffled,noise_prune_shuffled_rescale,dmsintseq,0,1.0,50,0.5,0.0467877094972067,0.8641139769226753,0.05414529882253423,124895.0,3.0512845516204834,shuffle,2.1012895571388115,538.3075663969324,,,4.0
ctrl_full_dmsintseq_netseed0_lnp_shuffled_p50_pruneseed2,lnp_shuffled,noise_prune_shuffled_rescale,dmsintseq,0,2.0,50,0.5,0.0617788336030909,0.8641139769226753,0.07149384832669954,124783.0,3.4486770629882812,shuffle,2.1134675955393103,226.6630916995871,,,4.0
ctrl_full_dmsintseq_netseed0_lnp_shuffled_p60_pruneseed0,lnp_shuffled,noise_prune_shuffled_rescale,dmsintseq,0,0.0,60,0.6,0.0188090638542264,0.8641139769226753,0.021766878393993987,102538.0,3.269810676574707,shuffle,2.5323139852439462,201.5352115377359,,,4.0
ctrl_full_dmsintseq_netseed0_lnp_shuffled_p60_pruneseed1,lnp_shuffled,noise_prune_shuffled_rescale,dmsintseq,0,1.0,60,0.6,0.0404962669033571,0.8641139769226753,0.04686449702801287,102722.0,3.300797939300537,shuffle,2.5613220092700337,672.8844579961653,,,4.0
ctrl_full_dmsintseq_netseed0_lnp_shuffled_p60_pruneseed2,lnp_shuffled,noise_prune_shuffled_rescale,dmsintseq,0,2.0,60,0.6,0.0326907011956351,0.8641139769226753,0.037831469075474064,102442.0,4.146459102630615,shuffle,2.576101106407535,245.67221453346664,,,4.0
ctrl_full_dmsintseq_netseed0_lnp_shuffled_p70_pruneseed0,lnp_shuffled,noise_prune_shuffled_rescale,dmsintseq,0,0.0,70,0.7,0.0131506813554012,0.8641139769226753,0.015218688398299082,78019.0,3.7295072078704834,shuffle,3.338273229646953,268.71361538364783,,,4.0
ctrl_full_dmsintseq_netseed0_lnp_shuffled_p70_pruneseed1,lnp_shuffled,noise_prune_shuffled_rescale,dmsintseq,0,1.0,70,0.7,0.0337675559964496,0.8641139769226753,0.0390776644033745,78134.0,4.2034406661987305,shuffle,3.369266370749683,897.1792773282205,,,4.0
ctrl_full_dmsintseq_netseed0_lnp_shuffled_p70_pruneseed2,lnp_shuffled,noise_prune_shuffled_rescale,dmsintseq,0,2.0,70,0.7,0.010833811935467,0.8641139769226753,0.012537480268573941,78099.0,5.015092849731445,shuffle,3.3832773294860674,327.5629527112888,,,4.0
ctrl_full_dmsintseq_netseed0_lnp_shuffled_p80_pruneseed0,lnp_shuffled,noise_prune_shuffled_rescale,dmsintseq,0,0.0,80,0.8,0.0072704015036808,0.8641139769226753,0.008413706638067014,52339.0,4.617731094360352,shuffle,4.99991184866846,403.07042307547187,,,4.0
ctrl_full_dmsintseq_netseed0_lnp_shuffled_p80_pruneseed1,lnp_shuffled,noise_prune_shuffled_rescale,dmsintseq,0,1.0,80,0.8,0.0099723280948154,0.8641139769226753,0.011540524006253595,52384.0,4.86387825012207,shuffle,5.028994626086926,1345.7689159923311,,,4.0
ctrl_full_dmsintseq_netseed0_lnp_shuffled_p80_pruneseed2,lnp_shuffled,noise_prune_shuffled_rescale,dmsintseq,0,2.0,80,0.8,0.0043987887015089,0.8641139769226753,0.0050905190969993104,52429.0,6.290844440460205,shuffle,5.055962689477895,456.71145023841,,,4.0
ctrl_full_dmsintseq_netseed0_lnp_uniform_p50_pruneseed0,lnp_uniform,noise_prune_uniform_rescale,dmsintseq,0,0.0,50,0.5,0.700112253954994,0.8641139769226753,0.8102082279102437,124741.0,3.0532917976379395,uniform,2.100226773943817,2.100226773943817,,,4.0
ctrl_full_dmsintseq_netseed0_lnp_uniform_p50_pruneseed1,lnp_uniform,noise_prune_uniform_rescale,dmsintseq,0,1.0,50,0.5,0.496723750848431,0.8641139769226753,0.5748359176151597,124848.0,2.8901617527008057,uniform,2.100226773943817,2.1002267739438176,,,4.0
ctrl_full_dmsintseq_netseed0_lnp_uniform_p50_pruneseed2,lnp_uniform,noise_prune_uniform_rescale,dmsintseq,0,2.0,50,0.5,0.4733266329034616,0.8641139769226753,0.5477594918544142,124497.0,3.007584571838379,uniform,2.1002267739438167,2.1002267739438176,,,4.0
ctrl_full_dmsintseq_netseed0_lnp_uniform_p60_pruneseed0,lnp_uniform,noise_prune_uniform_rescale,dmsintseq,0,0.0,60,0.6,0.2355701456690858,0.8641139769226753,0.2726146688519142,102293.0,3.179351329803467,uniform,2.5546555965313944,2.554655596531395,,,4.0
ctrl_full_dmsintseq_netseed0_lnp_uniform_p60_pruneseed1,lnp_uniform,noise_prune_uniform_rescale,dmsintseq,0,1.0,60,0.6,0.3585861222784942,0.8641139769226753,0.41497549149188456,102764.0,2.75911545753479,uniform,2.5546555965313944,2.554655596531395,,,4.0
ctrl_full_dmsintseq_netseed0_lnp_uniform_p60_pruneseed2,lnp_uniform,noise_prune_uniform_rescale,dmsintseq,0,2.0,60,0.6,0.2013131102177204,0.8641139769226753,0.23297055202676667,102448.0,2.976522445678711,uniform,2.5546555965313944,2.554655596531395,,,4.0
ctrl_full_dmsintseq_netseed0_lnp_uniform_p70_pruneseed0,lnp_uniform,noise_prune_uniform_rescale,dmsintseq,0,0.0,70,0.7,0.0986660053255364,0.8641139769226753,0.11418170283150676,77859.0,3.2264211177825928,uniform,3.354205332800603,3.354205332800603,,,4.0
ctrl_full_dmsintseq_netseed0_lnp_uniform_p70_pruneseed1,lnp_uniform,noise_prune_uniform_rescale,dmsintseq,0,1.0,70,0.7,0.1422753615621573,0.8641139769226753,0.1646488372619955,78344.0,2.7628166675567627,uniform,3.354205332800603,3.354205332800603,,,4.0
ctrl_full_dmsintseq_netseed0_lnp_uniform_p70_pruneseed2,lnp_uniform,noise_prune_uniform_rescale,dmsintseq,0,2.0,70,0.7,0.0970474599279486,0.8641139769226753,0.11230863349017768,78152.0,3.1187026500701904,uniform,3.354205332800603,3.354205332800603,,,4.0
ctrl_full_dmsintseq_netseed0_lnp_uniform_p80_pruneseed0,lnp_uniform,noise_prune_uniform_rescale,dmsintseq,0,0.0,80,0.8,0.0558332898240484,0.8641139769226753,0.06461333957689774,52404.0,3.299121618270874,uniform,5.002178063415187,5.002178063415187,,,4.0
ctrl_full_dmsintseq_netseed0_lnp_uniform_p80_pruneseed1,lnp_uniform,noise_prune_uniform_rescale,dmsintseq,0,1.0,80,0.8,0.0590964861901529,0.8641139769226753,0.06838968905538384,52403.0,3.0230321884155273,uniform,5.002178063415187,5.002178063415187,,,4.0
ctrl_full_dmsintseq_netseed0_lnp_uniform_p80_pruneseed2,lnp_uniform,noise_prune_uniform_rescale,dmsintseq,0,2.0,80,0.8,0.047048765206495,0.8641139769226753,0.05444740678081304,52294.0,3.3181848526000977,uniform,5.002178063415187,5.002178063415187,,,4.0
ctrl_full_dmsintseq_netseed0_snp_shuffled_p50_pruneseed0,snp_shuffled,simulation_noise_prune_shuffled_rescale,dmsintseq,0,0.0,50,0.5,0.0226139508171043,0.8641139769226753,0.02617010188590885,124889.0,3.841728448867798,shuffle,2.0925306210379917,807.8007272641079,,,0.0
ctrl_full_dmsintseq_netseed0_snp_shuffled_p50_pruneseed1,snp_shuffled,simulation_noise_prune_shuffled_rescale,dmsintseq,0,1.0,50,0.5,0.0435245131311021,0.8641139769226753,0.05036894934404801,124955.0,3.484383344650269,shuffle,2.077180401908229,402.91375372137105,,,0.0
ctrl_full_dmsintseq_netseed0_snp_shuffled_p50_pruneseed2,snp_shuffled,simulation_noise_prune_shuffled_rescale,dmsintseq,0,2.0,50,0.5,0.1135527071477053,0.8641139769226753,0.13140940915236057,125733.0,2.838468551635742,shuffle,2.1025847400408213,637.2629230955317,,,0.0
ctrl_full_dmsintseq_netseed0_snp_shuffled_p60_pruneseed0,snp_shuffled,simulation_noise_prune_shuffled_rescale,dmsintseq,0,0.0,60,0.6,0.02528977183731,0.8641139769226753,0.029266708458267468,103071.0,3.5435984134674072,shuffle,2.54321337574449,439.4118658605876,,,0.0
ctrl_full_dmsintseq_netseed0_snp_shuffled_p60_pruneseed1,snp_shuffled,simulation_noise_prune_shuffled_rescale,dmsintseq,0,1.0,60,0.6,0.0153892340625489,0.8641139769226753,0.017809264140540567,102719.0,3.5416791439056396,shuffle,2.5274201077293,489.35626933237154,,,0.0
ctrl_full_dmsintseq_netseed0_snp_shuffled_p60_pruneseed2,snp_shuffled,simulation_noise_prune_shuffled_rescale,dmsintseq,0,2.0,60,0.6,0.0779447084007727,0.8641139769226753,0.09020188364311983,103350.0,3.811129331588745,shuffle,2.5633044017950604,796.5786538694146,,,0.0
ctrl_full_dmsintseq_netseed0_snp_shuffled_p70_pruneseed0,snp_shuffled,simulation_noise_prune_shuffled_rescale,dmsintseq,0,0.0,70,0.7,0.0103834908369446,0.8641139769226753,0.012016344040542883,78410.0,3.6586856842041016,shuffle,3.3552565898742177,580.2219614320516,,,0.0
ctrl_full_dmsintseq_netseed0_snp_shuffled_p70_pruneseed1,snp_shuffled,simulation_noise_prune_shuffled_rescale,dmsintseq,0,1.0,70,0.7,0.0083603090899597,0.8641139769226753,0.009675007363881369,77636.0,4.408005237579346,shuffle,3.330038323775529,652.4750257764954,,,0.0
ctrl_full_dmsintseq_netseed0_snp_shuffled_p70_pruneseed2,snp_shuffled,simulation_noise_prune_shuffled_rescale,dmsintseq,0,2.0,70,0.7,0.0659426721662402,0.8641139769226753,0.07631247026124777,78373.0,4.844521522521973,shuffle,3.367294630572186,1062.104871825886,,,0.0
ctrl_full_dmsintseq_netseed0_snp_shuffled_p80_pruneseed0,snp_shuffled,simulation_noise_prune_shuffled_rescale,dmsintseq,0,0.0,80,0.8,0.0130071007152926,0.8641139769226753,0.015052529021245691,52408.0,4.781718730926514,shuffle,5.013143115954858,870.3329421480776,,,0.0
ctrl_full_dmsintseq_netseed0_snp_shuffled_p80_pruneseed1,snp_shuffled,simulation_noise_prune_shuffled_rescale,dmsintseq,0,1.0,80,0.8,0.0044705790215632,0.8641139769226753,0.005173598785526005,52095.0,5.758302688598633,shuffle,4.986834085161031,978.7125386647434,,,0.0
ctrl_full_dmsintseq_netseed0_snp_shuffled_p80_pruneseed2,snp_shuffled,simulation_noise_prune_shuffled_rescale,dmsintseq,0,2.0,80,0.8,0.0345507231243147,0.8641139769226753,0.03998398827821119,52429.0,5.386610984802246,shuffle,5.057957401605616,1593.1573077388296,,,0.0
ctrl_full_dmsintseq_netseed0_snp_uniform_p50_pruneseed0,snp_uniform,simulation_noise_prune_uniform_rescale,dmsintseq,0,0.0,50,0.5,0.3141283349866862,0.8641139769226753,0.3635265061969895,125130.0,3.095853805541992,uniform,2.091369421955782,2.0913694219557812,,,0.0
ctrl_full_dmsintseq_netseed0_snp_uniform_p50_pruneseed1,snp_uniform,simulation_noise_prune_uniform_rescale,dmsintseq,0,1.0,50,0.5,0.2665574583616144,0.8641139769226753,0.3084748834996186,125005.0,3.0904464721679688,uniform,2.091484979810871,2.091484979810871,,,0.0
ctrl_full_dmsintseq_netseed0_snp_uniform_p50_pruneseed2,snp_uniform,simulation_noise_prune_uniform_rescale,dmsintseq,0,2.0,50,0.5,0.7235811622200178,0.8641139769226753,0.837367733359516,125399.0,2.8446877002716064,uniform,2.0914509931492233,2.091450993149223,,,0.0
ctrl_full_dmsintseq_netseed0_snp_uniform_p60_pruneseed0,snp_uniform,simulation_noise_prune_uniform_rescale,dmsintseq,0,0.0,60,0.6,0.1734323604657233,0.8641139769226753,0.2007054220825811,102846.0,3.0754003524780273,uniform,2.5439576756150397,2.543957675615039,,,0.0
ctrl_full_dmsintseq_netseed0_snp_uniform_p60_pruneseed1,snp_uniform,simulation_noise_prune_uniform_rescale,dmsintseq,0,1.0,60,0.6,0.1598248316190675,0.8641139769226753,0.184958044757294,102721.0,3.0173351764678955,uniform,2.544057920013308,2.544057920013307,,,0.0
ctrl_full_dmsintseq_netseed0_snp_uniform_p60_pruneseed2,snp_uniform,simulation_noise_prune_uniform_rescale,dmsintseq,0,2.0,60,0.6,0.3877525713987365,0.8641139769226753,0.4487285031305937,103080.0,2.782992362976074,uniform,2.5440547998225256,2.544054799822527,,,0.0
ctrl_full_dmsintseq_netseed0_snp_uniform_p70_pruneseed0,snp_uniform,simulation_noise_prune_uniform_rescale,dmsintseq,0,0.0,70,0.7,0.0770440662037278,0.8641139769226753,0.08915961118705762,78103.0,2.885174512863159,uniform,3.3468553958788037,3.3468553958788023,,,0.0
ctrl_full_dmsintseq_netseed0_snp_uniform_p70_pruneseed1,snp_uniform,simulation_noise_prune_uniform_rescale,dmsintseq,0,1.0,70,0.7,0.119380775857568,0.8641139769226753,0.13815396932093682,78028.0,3.0805106163024902,uniform,3.3468566664288906,3.3468566664288883,,,0.0
ctrl_full_dmsintseq_netseed0_snp_uniform_p70_pruneseed2,snp_uniform,simulation_noise_prune_uniform_rescale,dmsintseq,0,2.0,70,0.7,0.2160497050070485,0.8641139769226753,0.25002454627161014,78609.0,2.6323578357696533,uniform,3.3468897115047658,3.346889711504767,,,0.0
ctrl_full_dmsintseq_netseed0_snp_uniform_p80_pruneseed0,snp_uniform,simulation_noise_prune_uniform_rescale,dmsintseq,0,0.0,80,0.8,0.0218568892601681,0.8641139769226753,0.025293988806900123,52130.0,2.820586681365967,uniform,5.000693685057807,5.000693685057807,,,0.0
ctrl_full_dmsintseq_netseed0_snp_uniform_p80_pruneseed1,snp_uniform,simulation_noise_prune_uniform_rescale,dmsintseq,0,1.0,80,0.8,0.0362671644128857,0.8641139769226753,0.04197034810389492,52267.0,2.908111333847046,uniform,5.00069839097228,5.000698390972282,,,0.0
ctrl_full_dmsintseq_netseed0_snp_uniform_p80_pruneseed2,snp_uniform,simulation_noise_prune_uniform_rescale,dmsintseq,0,2.0,80,0.8,0.1028428966741502,0.8641139769226753,0.11901543016396901,52429.0,2.794791460037231,uniform,5.000712136133613,5.000712136133612,,,0.0
ctrl_full_dmsintseq_netseed0_magnitude_p50_pruneseed0,magnitude,l1_unstructured,dmsintseq,0,0.0,50,0.5,0.7745783950294993,0.8641139769226753,0.8963845230092974,131072.0,2.633270740509033,,,,,,
ctrl_full_dmsintseq_netseed0_magnitude_p60_pruneseed0,magnitude,l1_unstructured,dmsintseq,0,0.0,60,0.6,0.2339059155223724,0.8641139769226753,0.2706887306178862,104858.0,2.480241537094116,,,,,,
ctrl_full_dmsintseq_netseed0_magnitude_p70_pruneseed0,magnitude,l1_unstructured,dmsintseq,0,0.0,70,0.7,0.0046076332689395,0.8641139769226753,0.005332205463622319,78643.0,2.3077661991119385,,,,,,
ctrl_full_dmsintseq_netseed0_magnitude_p80_pruneseed0,magnitude,l1_unstructured,dmsintseq,0,0.0,80,0.8,0.0,0.8641139769226753,0.0,52429.0,2.1911864280700684,,,,,,
ctrl_full_dmsintseq_netseed0_magnitude_gain_invdensity_p50_pruneseed0,magnitude_gain_invdensity,l1_unstructured_gain,dmsintseq,0,0.0,50,0.5,0.0,0.8641139769226753,0.0,131072.0,6.252348899841309,,,,1.99609375,1.5498925617304289,
ctrl_full_dmsintseq_netseed0_magnitude_gain_invdensity_p60_pruneseed0,magnitude_gain_invdensity,l1_unstructured_gain,dmsintseq,0,0.0,60,0.6,6.526392732209053e-06,0.8641139769226753,7.552698956972273e-06,104858.0,7.683577060699463,,,,2.495107669419596,1.686912423844925,
ctrl_full_dmsintseq_netseed0_magnitude_gain_invdensity_p70_pruneseed0,magnitude_gain_invdensity,l1_unstructured_gain,dmsintseq,0,0.0,70,0.7,0.0088302093666788,0.8641139769226753,0.01021880168878343,78643.0,10.004380226135254,,,,3.326831377236372,1.8478202329865352,
ctrl_full_dmsintseq_netseed0_magnitude_gain_invdensity_p80_pruneseed0,magnitude_gain_invdensity,l1_unstructured_gain,dmsintseq,0,0.0,80,0.8,0.0559638176786926,0.8641139769226753,0.0647643935560372,52429.0,14.924707412719728,,,,4.990215338839192,2.054557661175069,
ctrl_full_dmsintseq_netseed0_magnitude_gain_matchl1_p50_pruneseed0,magnitude_gain_matchl1,l1_unstructured_gain,dmsintseq,0,0.0,50,0.5,0.0003785307784681,0.8641139769226753,0.0004380565395043628,131072.0,3.6792590618133545,,,,1.2878915809864309,1.0,
ctrl_full_dmsintseq_netseed0_magnitude_gain_matchl1_p60_pruneseed0,magnitude_gain_matchl1,l1_unstructured_gain,dmsintseq,0,0.0,60,0.6,0.0,0.8641139769226753,0.0,104858.0,4.147615909576416,,,,1.4790973178359967,1.0000000603908097,
ctrl_full_dmsintseq_netseed0_magnitude_gain_matchl1_p70_pruneseed0,magnitude_gain_matchl1,l1_unstructured_gain,dmsintseq,0,0.0,70,0.7,0.0,0.8641139769226753,0.0,78643.0,4.9553303718566895,,,,1.800408535071128,0.9999999396091904,
ctrl_full_dmsintseq_netseed0_magnitude_gain_matchl1_p80_pruneseed0,magnitude_gain_matchl1,l1_unstructured_gain,dmsintseq,0,0.0,80,0.8,0.0,0.8641139769226753,0.0,52429.0,6.750916957855225,,,,2.4288512212271023,0.9999999396091904,
ctrl_full_dmsintseq_netseed0_random_p50_pruneseed0,random,random_unstructured,dmsintseq,0,0.0,50,0.5,0.0,0.8641139769226753,0.0,130812.0,0.9944595098495485,,,,,,
ctrl_full_dmsintseq_netseed0_random_p50_pruneseed1,random,random_unstructured,dmsintseq,0,1.0,50,0.5,0.0,0.8641139769226753,0.0,130803.0,1.0001461505889893,,,,,,
ctrl_full_dmsintseq_netseed0_random_p50_pruneseed2,random,random_unstructured,dmsintseq,0,2.0,50,0.5,0.0,0.8641139769226753,0.0,130825.0,0.9903981685638428,,,,,,
ctrl_full_dmsintseq_netseed0_random_p60_pruneseed0,random,random_unstructured,dmsintseq,0,0.0,60,0.6,0.0047055291599227,0.8641139769226753,0.005445495947976978,104643.0,0.5738507509231567,,,,,,
ctrl_full_dmsintseq_netseed0_random_p60_pruneseed1,random,random_unstructured,dmsintseq,0,1.0,60,0.6,4.5684749125463375e-05,0.8641139769226753,5.286889269880592e-05,104641.0,0.6283690333366394,,,,,,
ctrl_full_dmsintseq_netseed0_random_p60_pruneseed2,random,random_unstructured,dmsintseq,0,2.0,60,0.6,0.0014358064010859,0.8641139769226753,0.001661593770533794,104657.0,0.5564690232276917,,,,,,
ctrl_full_dmsintseq_netseed0_random_p70_pruneseed0,random,random_unstructured,dmsintseq,0,0.0,70,0.7,0.0684814389390695,0.8641139769226753,0.07925047015550996,78486.0,0.2247795462608337,,,,,,
ctrl_full_dmsintseq_netseed0_random_p70_pruneseed1,random,random_unstructured,dmsintseq,0,1.0,70,0.7,0.0618114655667519,0.8641139769226753,0.07153161182148435,78481.0,0.1621560454368591,,,,,,
ctrl_full_dmsintseq_netseed0_random_p70_pruneseed2,random,random_unstructured,dmsintseq,0,2.0,70,0.7,0.0681224873387981,0.8641139769226753,0.07883507171287658,78487.0,0.1645846515893936,,,,,,
ctrl_full_dmsintseq_netseed0_random_p80_pruneseed0,random,random_unstructured,dmsintseq,0,0.0,80,0.8,0.1016877251605492,0.8641139769226753,0.11767860244858493,52325.0,-0.2234607934951782,,,,,,
ctrl_full_dmsintseq_netseed0_random_p80_pruneseed1,random,random_unstructured,dmsintseq,0,1.0,80,0.8,0.0946718529734245,0.8641139769226753,0.10955945106983976,52319.0,-0.1984696984291076,,,,,,
ctrl_full_dmsintseq_netseed0_random_p80_pruneseed2,random,random_unstructured,dmsintseq,0,2.0,80,0.8,0.096375241476531,0.8641139769226753,0.11153070549760946,52322.0,-0.2579910457134247,,,,,,
ctrl_full_dmsintseq_netseed0_random_gain_invdensity_p50_pruneseed0,random_gain_invdensity,random_unstructured_gain,dmsintseq,0,0.0,50,0.5,0.375593901738631,0.8641139769226753,0.4346578249737543,130812.0,2.989041328430176,,,,2.0000611564688255,0.9999972824135742,
ctrl_full_dmsintseq_netseed0_random_gain_invdensity_p50_pruneseed1,random_gain_invdensity,random_unstructured_gain,dmsintseq,0,1.0,50,0.5,0.484049496162481,0.8641139769226753,0.5601685762407195,130803.0,3.00068998336792,,,,2.0001987721994143,0.9998141170884792,
ctrl_full_dmsintseq_netseed0_random_gain_invdensity_p50_pruneseed2,random_gain_invdensity,random_unstructured_gain,dmsintseq,0,2.0,50,0.5,0.2410457891714091,0.8641139769226753,0.27895138327681385,130825.0,2.980522394180298,,,,1.999862411618574,0.9985145672596905,
ctrl_full_dmsintseq_netseed0_random_gain_invdensity_p60_pruneseed0,random_gain_invdensity,random_unstructured_gain,dmsintseq,0,0.0,60,0.6,0.154845193964392,0.8641139769226753,0.17919533545312416,104643.0,2.934995412826538,,,,2.500234129373202,0.9993181877611864,
ctrl_full_dmsintseq_netseed0_random_gain_invdensity_p60_pruneseed1,random_gain_invdensity,random_unstructured_gain,dmsintseq,0,1.0,60,0.6,0.261238448284864,0.8641139769226753,0.3023194338496862,104641.0,3.0713813304901123,,,,2.5002819162660908,0.9996947244581752,
ctrl_full_dmsintseq_netseed0_random_gain_invdensity_p60_pruneseed2,random_gain_invdensity,random_unstructured_gain,dmsintseq,0,2.0,60,0.6,0.1184213961259332,0.8641139769226753,0.13704372257426184,104657.0,2.8910164833068848,,,,2.4998996722627247,0.999145047310462,
ctrl_full_dmsintseq_netseed0_random_gain_invdensity_p70_pruneseed0,random_gain_invdensity,random_unstructured_gain,dmsintseq,0,0.0,70,0.7,0.0646504464052628,0.8641139769226753,0.07481703586776724,78486.0,3.0827858448028564,,,,3.3334862268430037,0.9982012597402072,
ctrl_full_dmsintseq_netseed0_random_gain_invdensity_p70_pruneseed1,random_gain_invdensity,random_unstructured_gain,dmsintseq,0,1.0,70,0.7,0.1406698689500339,0.8641139769226753,0.16279087331858033,78481.0,2.874277830123902,,,,3.3336986022094517,0.99985548479296,
ctrl_full_dmsintseq_netseed0_random_gain_invdensity_p70_pruneseed2,random_gain_invdensity,random_unstructured_gain,dmsintseq,0,2.0,70,0.7,0.0380031848796533,0.8641139769226753,0.04397936602644953,78487.0,2.882077217102051,,,,3.333443755016754,0.9985578070792644,
ctrl_full_dmsintseq_netseed0_random_gain_invdensity_p80_pruneseed0,random_gain_invdensity,random_unstructured_gain,dmsintseq,0,0.0,80,0.8,0.0351642040411423,0.8641139769226753,0.04069394198016652,52325.0,2.8828001022338867,,,,5.000133779264214,0.9974960158673228,
ctrl_full_dmsintseq_netseed0_random_gain_invdensity_p80_pruneseed1,random_gain_invdensity,random_unstructured_gain,dmsintseq,0,1.0,80,0.8,0.0406072155798047,0.8641139769226753,0.04699289291028145,52319.0,3.008218288421631,,,,5.000707200061163,1.00078079277552,
ctrl_full_dmsintseq_netseed0_random_gain_invdensity_p80_pruneseed2,random_gain_invdensity,random_unstructured_gain,dmsintseq,0,2.0,80,0.8,0.0224834229624601,0.8641139769226753,0.026019047906769382,52322.0,2.7103569507598877,,,,5.0004204732235005,0.999902106497864,
ctrl_full_dmsintseq_netseed1_lnp_rescale_p50_pruneseed0,lnp_rescale,noise_prune,dmsintseq,1,0.0,50,0.5,0.6568814284968413,0.8851224351276562,0.7421362315848462,126111.0,2.6908092498779297,none,2.0741732892857474,856.8877820132858,,,4.0
ctrl_full_dmsintseq_netseed1_lnp_rescale_p50_pruneseed1,lnp_rescale,noise_prune,dmsintseq,1,1.0,50,0.5,0.8320628622147966,0.8851224351276562,0.9400539735441154,126309.0,2.6788134574890137,none,2.078867949451958,1022.84207373793,,,4.0
ctrl_full_dmsintseq_netseed1_lnp_rescale_p50_pruneseed2,lnp_rescale,noise_prune,dmsintseq,1,2.0,50,0.5,0.6083446457474025,0.8851224351276562,0.6872999955759391,126084.0,2.7517449855804443,none,2.084452636525755,1127.490194547104,,,4.0
ctrl_full_dmsintseq_netseed1_lnp_rescale_p60_pruneseed0,lnp_rescale,noise_prune,dmsintseq,1,0.0,60,0.6,0.3226387511094867,0.8851224351276562,0.3645131320877143,102903.0,2.7757418155670166,none,2.5318895505323633,1071.109727516607,,,4.0
ctrl_full_dmsintseq_netseed1_lnp_rescale_p60_pruneseed1,lnp_rescale,noise_prune,dmsintseq,1,1.0,60,0.6,0.6470526810421344,0.8851224351276562,0.73103183849228,103344.0,2.727309465408325,none,2.53446796126572,522.9655913180345,,,4.0
ctrl_full_dmsintseq_netseed1_lnp_rescale_p60_pruneseed2,lnp_rescale,noise_prune,dmsintseq,1,2.0,60,0.6,0.3939461181016029,0.8851224351276562,0.4450752827712319,103213.0,2.8018798828125,none,2.548921528241575,1409.36274318388,,,4.0
ctrl_full_dmsintseq_netseed1_lnp_rescale_p70_pruneseed0,lnp_rescale,noise_prune,dmsintseq,1,0.0,70,0.7,0.1321529264345011,0.8851224351276562,0.14930468508059164,78121.0,2.7559876441955566,none,3.3532225949661245,1428.1463033554764,,,4.0
ctrl_full_dmsintseq_netseed1_lnp_rescale_p70_pruneseed1,lnp_rescale,noise_prune,dmsintseq,1,1.0,70,0.7,0.3106758732313475,0.8851224351276562,0.3509976257539337,78407.0,2.776641607284546,none,3.3500378207678656,697.2874550907126,,,4.0
ctrl_full_dmsintseq_netseed1_lnp_rescale_p70_pruneseed2,lnp_rescale,noise_prune,dmsintseq,1,2.0,70,0.7,0.2374954315250874,0.8851224351276562,0.26831929922873865,78280.0,2.686894655227661,none,3.3742456586399365,1879.1503242451731,,,4.0
ctrl_full_dmsintseq_netseed1_lnp_rescale_p80_pruneseed0,lnp_rescale,noise_prune,dmsintseq,1,0.0,80,0.8,0.0541103221427452,0.8851224351276562,0.06113314948902089,52132.0,2.7797906398773193,none,5.000250039763608,509.2895904505814,,,4.0
ctrl_full_dmsintseq_netseed1_lnp_rescale_p80_pruneseed1,lnp_rescale,noise_prune,dmsintseq,1,1.0,80,0.8,0.0860113298177831,0.8851224351276562,0.09717449971243602,52417.0,2.777212142944336,none,5.064039315933624,1045.9311826360693,,,4.0
ctrl_full_dmsintseq_netseed1_lnp_rescale_p80_pruneseed2,lnp_rescale,noise_prune,dmsintseq,1,2.0,80,0.8,0.100369393828643,0.8851224351276562,0.11339605668696816,52429.0,2.8808116912841797,none,5.050398326728994,2818.725486367761,,,4.0
ctrl_full_dmsintseq_netseed1_snp_rescale_p50_pruneseed0,snp_rescale,simulation_noise_prune_rescale,dmsintseq,1,0.0,50,0.5,0.8457682869524357,0.8851224351276562,0.9555381870198051,126384.0,2.6126303672790527,none,2.065740936844986,177.0685293728931,,,0.0
ctrl_full_dmsintseq_netseed1_snp_rescale_p50_pruneseed1,snp_rescale,simulation_noise_prune_rescale,dmsintseq,1,1.0,50,0.5,0.8798425834072992,0.8851224351276562,0.9940348910943653,125751.0,2.503176689147949,none,2.0624122103040694,545.0413128001059,,,0.0
ctrl_full_dmsintseq_netseed1_snp_rescale_p50_pruneseed2,snp_rescale,simulation_noise_prune_rescale,dmsintseq,1,2.0,50,0.5,0.7764384169581788,0.8851224351276562,0.87721018713778,126335.0,2.5896639823913574,none,2.0832815985044584,493.30364124567063,,,0.0
ctrl_full_dmsintseq_netseed1_snp_rescale_p60_pruneseed0,snp_rescale,simulation_noise_prune_rescale,dmsintseq,1,0.0,60,0.6,0.5294666631859238,0.8851224351276562,0.59818466030585,103700.0,2.609474420547486,none,2.52682351718831,221.3356617161163,,,0.0
ctrl_full_dmsintseq_netseed1_snp_rescale_p60_pruneseed1,snp_rescale,simulation_noise_prune_rescale,dmsintseq,1,1.0,60,0.6,0.8171892131780922,0.8851224351276562,0.9232499152054977,103209.0,2.4983839988708496,none,2.5087816923103534,681.3016410001322,,,0.0
ctrl_full_dmsintseq_netseed1_snp_rescale_p60_pruneseed2,snp_rescale,simulation_noise_prune_rescale,dmsintseq,1,2.0,60,0.6,0.5609499817261003,0.8851224351276562,0.6337541106900061,103987.0,2.6031103134155273,none,2.534025498420393,616.6295515570883,,,0.0
ctrl_full_dmsintseq_netseed1_snp_rescale_p70_pruneseed0,snp_rescale,simulation_noise_prune_rescale,dmsintseq,1,0.0,70,0.7,0.2642862736908056,0.8851224351276562,0.298587249856218,78590.0,2.433082103729248,none,3.3495007205653096,295.1142156214885,,,0.0
ctrl_full_dmsintseq_netseed1_snp_rescale_p70_pruneseed1,snp_rescale,simulation_noise_prune_rescale,dmsintseq,1,1.0,70,0.7,0.4413603613011017,0.8851224351276562,0.4986432879621301,78133.0,2.4496004581451416,none,3.3156368312149183,908.4021880001764,,,0.0
ctrl_full_dmsintseq_netseed1_snp_rescale_p70_pruneseed2,snp_rescale,simulation_noise_prune_rescale,dmsintseq,1,2.0,70,0.7,0.1516342087401451,0.8851224351276562,0.17131438852103636,78643.0,2.769106388092041,none,3.3448657888119846,489.8214944399675,,,0.0
ctrl_full_dmsintseq_netseed1_snp_rescale_p80_pruneseed0,snp_rescale,simulation_noise_prune_rescale,dmsintseq,1,0.0,80,0.8,0.2121860805095807,0.8851224351276562,0.23972511834363153,52391.0,2.390871524810791,none,5.014307710105272,355.8966272462505,,,0.0
ctrl_full_dmsintseq_netseed1_snp_rescale_p80_pruneseed1,snp_rescale,simulation_noise_prune_rescale,dmsintseq,1,1.0,80,0.8,0.1080248525035242,0.8851224351276562,0.12204509592838915,52204.0,2.4617979526519775,none,4.9183913140890265,534.247245582118,,,0.0
ctrl_full_dmsintseq_netseed1_snp_rescale_p80_pruneseed2,snp_rescale,simulation_noise_prune_rescale,dmsintseq,1,2.0,80,0.8,0.0397979428810108,0.8851224351276562,0.04496320655940776,52429.0,2.810802698135376,none,4.9542373445772885,626.7051963392047,,,0.0
ctrl_full_dmsintseq_netseed1_lnp_shuffled_p50_pruneseed0,lnp_shuffled,noise_prune_shuffled_rescale,dmsintseq,1,0.0,50,0.5,0.0343614577350806,0.8851224351276562,0.03882113521405074,126011.0,2.693442106246948,shuffle,2.071673806050739,278.02982969701975,,,4.0
ctrl_full_dmsintseq_netseed1_lnp_shuffled_p50_pruneseed1,lnp_shuffled,noise_prune_shuffled_rescale,dmsintseq,1,1.0,50,0.5,0.0633190622878922,0.8851224351276562,0.07153706625768677,126134.0,3.098599910736084,shuffle,2.0678161380295466,342.42548631391,,,4.0
ctrl_full_dmsintseq_netseed1_lnp_shuffled_p50_pruneseed2,lnp_shuffled,noise_prune_shuffled_rescale,dmsintseq,1,2.0,50,0.5,0.0450255834595102,0.8851224351276562,0.05086932798513509,125969.0,3.02009654045105,shuffle,2.066175802548736,612.2180640072836,,,4.0
ctrl_full_dmsintseq_netseed1_lnp_shuffled_p60_pruneseed0,lnp_shuffled,noise_prune_shuffled_rescale,dmsintseq,1,0.0,60,0.6,0.028128752675821,0.8851224351276562,0.031779504800106155,103445.0,3.3613932132720947,shuffle,2.532241230160976,347.5372871212747,,,4.0
ctrl_full_dmsintseq_netseed1_lnp_shuffled_p60_pruneseed1,lnp_shuffled,noise_prune_shuffled_rescale,dmsintseq,1,1.0,60,0.6,0.0348574635827285,0.8851224351276562,0.03938151627317096,103179.0,3.2686984539031982,shuffle,2.524223650065651,428.0318578923875,,,4.0
ctrl_full_dmsintseq_netseed1_lnp_shuffled_p60_pruneseed2,lnp_shuffled,noise_prune_shuffled_rescale,dmsintseq,1,2.0,60,0.6,0.013581423275727,0.8851224351276562,0.015344118210909691,102987.0,3.3036067485809326,shuffle,2.5230353569655817,765.2725800091046,,,4.0
ctrl_full_dmsintseq_netseed1_lnp_shuffled_p70_pruneseed0,lnp_shuffled,noise_prune_shuffled_rescale,dmsintseq,1,0.0,70,0.7,0.0139207956978019,0.8851224351276562,0.015727536830307753,78474.0,3.317915678024292,shuffle,3.327430356054496,232.2242166941989,,,4.0
ctrl_full_dmsintseq_netseed1_lnp_shuffled_p70_pruneseed1,lnp_shuffled,noise_prune_shuffled_rescale,dmsintseq,1,1.0,70,0.7,0.0289641309455437,0.8851224351276562,0.03272330447862432,78287.0,3.6261472702026367,shuffle,3.330807676518847,345.49764587960533,,,4.0
ctrl_full_dmsintseq_netseed1_lnp_shuffled_p70_pruneseed2,lnp_shuffled,noise_prune_shuffled_rescale,dmsintseq,1,2.0,70,0.7,0.0074792460711115,0.8851224351276562,0.008449956496733484,78013.0,3.6699085235595703,shuffle,3.3290730501094172,461.21800312550926,,,4.0
ctrl_full_dmsintseq_netseed1_lnp_shuffled_p80_pruneseed0,lnp_shuffled,noise_prune_shuffled_rescale,dmsintseq,1,0.0,80,0.8,0.0184174802902939,0.8851224351276562,0.020807833537331646,52429.0,4.116122245788574,shuffle,4.964522078723928,266.4042859570685,,,4.0
ctrl_full_dmsintseq_netseed1_lnp_shuffled_p80_pruneseed1,lnp_shuffled,noise_prune_shuffled_rescale,dmsintseq,1,1.0,80,0.8,0.0114995039941523,0.8851224351276562,0.012991992449602514,52414.0,4.528938293457031,shuffle,4.991954988853604,518.2464688194082,,,4.0
ctrl_full_dmsintseq_netseed1_lnp_shuffled_p80_pruneseed2,lnp_shuffled,noise_prune_shuffled_rescale,dmsintseq,1,2.0,80,0.8,0.0115908734924032,0.8851224351276562,0.013095220539440415,52292.0,4.312739372253418,shuffle,4.975570596458293,691.8270046882641,,,4.0
ctrl_full_dmsintseq_netseed1_lnp_uniform_p50_pruneseed0,lnp_uniform,noise_prune_uniform_rescale,dmsintseq,1,0.0,50,0.5,0.2097060512713413,0.8851224351276562,0.23692321304803055,126347.0,2.6691243648529053,uniform,2.074900959990859,2.0749009599908588,,,4.0
ctrl_full_dmsintseq_netseed1_lnp_uniform_p50_pruneseed1,lnp_uniform,noise_prune_uniform_rescale,dmsintseq,1,1.0,50,0.5,0.4022607424424372,0.8851224351276562,0.4544690389464836,126352.0,2.8262627124786377,uniform,2.074900959990859,2.0749009599908588,,,4.0
ctrl_full_dmsintseq_netseed1_lnp_uniform_p50_pruneseed2,lnp_uniform,noise_prune_uniform_rescale,dmsintseq,1,2.0,50,0.5,0.4062418420090847,0.8851224351276562,0.45896683428942203,126019.0,2.6830403804779053,uniform,2.0749009599908597,2.0749009599908588,,,4.0
ctrl_full_dmsintseq_netseed1_lnp_uniform_p60_pruneseed0,lnp_uniform,noise_prune_uniform_rescale,dmsintseq,1,0.0,60,0.6,0.107019788022764,0.8851224351276562,0.1209095869401719,103148.0,2.775709390640259,uniform,2.533654057131528,2.533654057131527,,,4.0
ctrl_full_dmsintseq_netseed1_lnp_uniform_p60_pruneseed1,lnp_uniform,noise_prune_uniform_rescale,dmsintseq,1,1.0,60,0.6,0.2777828538610139,0.8851224351276562,0.3138355134122782,103647.0,2.7979345321655273,uniform,2.533654057131528,2.533654057131527,,,4.0
ctrl_full_dmsintseq_netseed1_lnp_uniform_p60_pruneseed2,lnp_uniform,noise_prune_uniform_rescale,dmsintseq,1,2.0,60,0.6,0.2448898344906803,0.8851224351276562,0.27667340107062277,103350.0,2.7714614868164062,uniform,2.533654057131528,2.533654057131527,,,4.0
ctrl_full_dmsintseq_netseed1_lnp_uniform_p70_pruneseed0,lnp_uniform,noise_prune_uniform_rescale,dmsintseq,1,0.0,70,0.7,0.1000234950138359,0.8851224351276562,0.11300526463258168,78115.0,2.43613862991333,uniform,3.343342627552766,3.343342627552768,,,4.0
ctrl_full_dmsintseq_netseed1_lnp_uniform_p70_pruneseed1,lnp_uniform,noise_prune_uniform_rescale,dmsintseq,1,1.0,70,0.7,0.0755691014462486,0.8851224351276562,0.08537700373095806,78620.0,2.9333059787750244,uniform,3.343342627552766,3.343342627552768,,,4.0
ctrl_full_dmsintseq_netseed1_lnp_uniform_p70_pruneseed2,lnp_uniform,noise_prune_uniform_rescale,dmsintseq,1,2.0,70,0.7,0.1269840233905915,0.8851224351276562,0.14346492456976,78386.0,2.8865835666656494,uniform,3.343342627552766,3.343342627552768,,,4.0
ctrl_full_dmsintseq_netseed1_lnp_uniform_p80_pruneseed0,lnp_uniform,noise_prune_uniform_rescale,dmsintseq,1,0.0,80,0.8,0.0353143110739831,0.8851224351276562,0.03989765672236058,52424.0,3.0656139850616455,uniform,5.0004578249859,5.000457824985899,,,4.0
ctrl_full_dmsintseq_netseed1_lnp_uniform_p80_pruneseed1,lnp_uniform,noise_prune_uniform_rescale,dmsintseq,1,1.0,80,0.8,0.053229259123897,0.8851224351276562,0.06013773576558371,52420.0,2.779238224029541,uniform,5.0004578249859,5.000457824985899,,,4.0
ctrl_full_dmsintseq_netseed1_lnp_uniform_p80_pruneseed2,lnp_uniform,noise_prune_uniform_rescale,dmsintseq,1,2.0,80,0.8,0.0555330757583668,0.8851224351276562,0.06274055831649729,52317.0,2.877514123916626,uniform,5.000457824985901,5.000457824985899,,,4.0
ctrl_full_dmsintseq_netseed1_snp_shuffled_p50_pruneseed0,snp_shuffled,simulation_noise_prune_shuffled_rescale,dmsintseq,1,0.0,50,0.5,0.0532749438730225,0.8851224351276562,0.06018934981050272,126286.0,3.166471242904663,shuffle,2.0817781725398308,369.85003088874686,,,0.0
ctrl_full_dmsintseq_netseed1_snp_shuffled_p50_pruneseed1,snp_shuffled,simulation_noise_prune_shuffled_rescale,dmsintseq,1,1.0,50,0.5,0.0903774865556309,0.8851224351276562,0.10210732771969142,125814.0,2.8608438968658447,shuffle,2.0532567336569687,201.93078185358388,,,0.0
ctrl_full_dmsintseq_netseed1_snp_shuffled_p50_pruneseed2,snp_shuffled,simulation_noise_prune_shuffled_rescale,dmsintseq,1,2.0,50,0.5,0.0358168433143632,0.8851224351276562,0.04046541121646921,126471.0,2.574570417404175,shuffle,2.078316048961824,270.3691757844241,,,0.0
ctrl_full_dmsintseq_netseed1_snp_shuffled_p60_pruneseed0,snp_shuffled,simulation_noise_prune_shuffled_rescale,dmsintseq,1,0.0,60,0.6,0.0393084634260951,0.8851224351276562,0.04441019893527596,103555.0,3.2129461765289307,shuffle,2.540621586917472,420.7410840937818,,,0.0
ctrl_full_dmsintseq_netseed1_snp_shuffled_p60_pruneseed1,snp_shuffled,simulation_noise_prune_shuffled_rescale,dmsintseq,1,1.0,60,0.6,0.0488761551715136,0.8851224351276562,0.055219654628305144,103324.0,3.78148889541626,shuffle,2.501782074882931,252.41347731697985,,,0.0
ctrl_full_dmsintseq_netseed1_snp_shuffled_p60_pruneseed2,snp_shuffled,simulation_noise_prune_shuffled_rescale,dmsintseq,1,2.0,60,0.6,0.0119106667362815,0.8851224351276562,0.01345651885387324,103806.0,2.969184160232544,shuffle,2.5286315626461033,337.96146973053015,,,0.0
ctrl_full_dmsintseq_netseed1_snp_shuffled_p70_pruneseed0,snp_shuffled,simulation_noise_prune_shuffled_rescale,dmsintseq,1,0.0,70,0.7,0.0118845611653526,0.8851224351276562,0.013427025113919473,78144.0,3.596731424331665,shuffle,3.3505465901294067,555.8718635617288,,,0.0
ctrl_full_dmsintseq_netseed1_snp_shuffled_p70_pruneseed1,snp_shuffled,simulation_noise_prune_shuffled_rescale,dmsintseq,1,1.0,70,0.7,0.0218503628674359,0.8851224351276562,0.02468626034124256,78481.0,3.5499699115753174,shuffle,3.2994527782794885,336.55130308930643,,,0.0
ctrl_full_dmsintseq_netseed1_snp_shuffled_p70_pruneseed2,snp_shuffled,simulation_noise_prune_shuffled_rescale,dmsintseq,1,2.0,70,0.7,0.0048034250509058,0.8851224351276562,0.005426848151479776,78643.0,3.880744218826294,shuffle,3.340656656018004,450.6152929740401,,,0.0
ctrl_full_dmsintseq_netseed1_snp_shuffled_p80_pruneseed0,snp_shuffled,simulation_noise_prune_shuffled_rescale,dmsintseq,1,0.0,80,0.8,0.0048425834072991,0.8851224351276562,0.005471088761410371,52312.0,4.56633996963501,shuffle,5.037142215693322,833.8077953425935,,,0.0
ctrl_full_dmsintseq_netseed1_snp_shuffled_p80_pruneseed1,snp_shuffled,simulation_noise_prune_shuffled_rescale,dmsintseq,1,1.0,80,0.8,0.0154088132407455,0.8851224351276562,0.01740868000766829,52263.0,4.632687568664551,shuffle,4.925170989487842,504.82695463395976,,,0.0
ctrl_full_dmsintseq_netseed1_snp_shuffled_p80_pruneseed2,snp_shuffled,simulation_noise_prune_shuffled_rescale,dmsintseq,1,2.0,80,0.8,0.0035046728971962,0.8851224351276562,0.003959534588783461,52429.0,4.479778289794922,shuffle,4.997843357722454,675.9229394610604,,,0.0
ctrl_full_dmsintseq_netseed1_snp_uniform_p50_pruneseed0,snp_uniform,simulation_noise_prune_uniform_rescale,dmsintseq,1,0.0,50,0.5,0.4889703962825667,0.8851224351276562,0.552432496202681,126144.0,2.503657579421997,uniform,2.0750560738832458,2.0750560738832444,,,0.0
ctrl_full_dmsintseq_netseed1_snp_uniform_p50_pruneseed1,snp_uniform,simulation_noise_prune_uniform_rescale,dmsintseq,1,1.0,50,0.5,0.6041155432569311,0.8851224351276562,0.6825220097034406,126012.0,2.4394609928131104,uniform,2.075063154691126,2.075063154691126,,,0.0
ctrl_full_dmsintseq_netseed1_snp_uniform_p50_pruneseed2,snp_uniform,simulation_noise_prune_uniform_rescale,dmsintseq,1,2.0,50,0.5,0.3992194434292277,0.8851224351276562,0.4510330182418781,126427.0,2.3749492168426514,uniform,2.0752103332937395,2.075210333293741,,,0.0
ctrl_full_dmsintseq_netseed1_snp_uniform_p60_pruneseed0,snp_uniform,simulation_noise_prune_uniform_rescale,dmsintseq,1,0.0,60,0.6,0.236640474077168,0.8851224351276562,0.26735337924525515,103377.0,2.374309539794922,uniform,2.531033159534146,2.5310331595341453,,,0.0
ctrl_full_dmsintseq_netseed1_snp_uniform_p60_pruneseed1,snp_uniform,simulation_noise_prune_uniform_rescale,dmsintseq,1,1.0,60,0.6,0.2954889573434971,0.8851224351276562,0.3338396425358718,103217.0,2.385981798171997,uniform,2.53106143122394,2.531061431223941,,,0.0
ctrl_full_dmsintseq_netseed1_snp_uniform_p60_pruneseed2,snp_uniform,simulation_noise_prune_uniform_rescale,dmsintseq,1,2.0,60,0.6,0.2376977496997859,0.8851224351276562,0.2685478757133798,103618.0,2.585994243621826,uniform,2.5311215150836044,2.531121515083603,,,0.0
ctrl_full_dmsintseq_netseed1_snp_uniform_p70_pruneseed0,snp_uniform,simulation_noise_prune_uniform_rescale,dmsintseq,1,0.0,70,0.7,0.0924528794444734,0.8851224351276562,0.10445208004601018,78232.0,2.3512825965881348,uniform,3.3417742959844507,3.3417742959844507,,,0.0
ctrl_full_dmsintseq_netseed1_snp_uniform_p70_pruneseed1,snp_uniform,simulation_noise_prune_uniform_rescale,dmsintseq,1,1.0,70,0.7,0.1074635827285542,0.8851224351276562,0.12141098051938469,78154.0,2.5188913345336914,uniform,3.341810282790404,3.341810282790403,,,0.0
ctrl_full_dmsintseq_netseed1_snp_uniform_p70_pruneseed2,snp_uniform,simulation_noise_prune_uniform_rescale,dmsintseq,1,2.0,70,0.7,0.1509163055396021,0.8851224351276562,0.17050331067230975,78643.0,2.6298627853393555,uniform,3.3418289677492363,3.3418289677492345,,,0.0
ctrl_full_dmsintseq_netseed1_snp_uniform_p80_pruneseed0,snp_uniform,simulation_noise_prune_uniform_rescale,dmsintseq,1,0.0,80,0.8,0.0235994361196679,0.8851224351276562,0.02666234091814008,52134.0,2.8317766189575195,uniform,5.000328926394631,5.000328926394631,,,0.0
ctrl_full_dmsintseq_netseed1_snp_uniform_p80_pruneseed1,snp_uniform,simulation_noise_prune_uniform_rescale,dmsintseq,1,1.0,80,0.8,0.0406072155798047,0.8851224351276562,0.04587751249797227,52272.0,2.7408721446990967,uniform,5.000322003293761,5.000322003293763,,,0.0
ctrl_full_dmsintseq_netseed1_snp_uniform_p80_pruneseed2,snp_uniform,simulation_noise_prune_uniform_rescale,dmsintseq,1,2.0,80,0.8,0.0514867122643972,0.8851224351276562,0.0581690286236746,52429.0,2.708346366882324,uniform,5.000333561367165,5.000333561367165,,,0.0
ctrl_full_dmsintseq_netseed1_magnitude_p50_pruneseed0,magnitude,l1_unstructured,dmsintseq,1,0.0,50,0.5,0.5975369393828643,0.8851224351276562,0.6750895872351094,131072.0,2.546252489089966,,,,,,
ctrl_full_dmsintseq_netseed1_magnitude_p60_pruneseed0,magnitude,l1_unstructured,dmsintseq,1,0.0,60,0.6,0.1862306166135853,0.8851224351276562,0.21040096739467046,104858.0,2.402353525161743,,,,,,
ctrl_full_dmsintseq_netseed1_magnitude_p70_pruneseed0,magnitude,l1_unstructured,dmsintseq,1,0.0,70,0.7,0.003093510155067,0.8851224351276562,0.003495008184512734,78643.0,2.2056021690368652,,,,,,
ctrl_full_dmsintseq_netseed1_magnitude_p80_pruneseed0,magnitude,l1_unstructured,dmsintseq,1,0.0,80,0.8,1.957917819662716e-05,0.8851224351276562,2.212030496527112e-05,52429.0,1.9811367988586424,,,,,,
ctrl_full_dmsintseq_netseed1_magnitude_gain_invdensity_p50_pruneseed0,magnitude_gain_invdensity,l1_unstructured_gain,dmsintseq,1,0.0,50,0.5,0.0,0.8851224351276562,0.0,131072.0,6.078652858734131,,,,1.99609375,1.542342551230102,
ctrl_full_dmsintseq_netseed1_magnitude_gain_invdensity_p60_pruneseed0,magnitude_gain_invdensity,l1_unstructured_gain,dmsintseq,1,0.0,60,0.6,0.0,0.8851224351276562,0.0,104858.0,7.489238262176514,,,,2.495107669419596,1.673954221539923,
ctrl_full_dmsintseq_netseed1_magnitude_gain_invdensity_p70_pruneseed0,magnitude_gain_invdensity,l1_unstructured_gain,dmsintseq,1,0.0,70,0.7,0.0,0.8851224351276562,0.0,78643.0,9.664498329162598,,,,3.326831377236372,1.826055564177791,
ctrl_full_dmsintseq_netseed1_magnitude_gain_invdensity_p80_pruneseed0,magnitude_gain_invdensity,l1_unstructured_gain,dmsintseq,1,0.0,80,0.8,0.0036678327155014,0.8851224351276562,0.004143870463494024,52429.0,13.876514434814451,,,,4.990215338839192,2.017323836824092,
ctrl_full_dmsintseq_netseed1_magnitude_gain_matchl1_p50_pruneseed0,magnitude_gain_matchl1,l1_unstructured_gain,dmsintseq,1,0.0,50,0.5,0.0002218973528951,0.8851224351276562,0.0002506967896063972,131072.0,3.5895464420318604,,,,1.2941961592750084,1.0000000623294123,
ctrl_full_dmsintseq_netseed1_magnitude_gain_matchl1_p60_pruneseed0,magnitude_gain_matchl1,l1_unstructured_gain,dmsintseq,1,0.0,60,0.6,0.0,0.8851224351276562,0.0,104858.0,4.071368217468262,,,,1.4905471096720344,1.0,
ctrl_full_dmsintseq_netseed1_magnitude_gain_matchl1_p70_pruneseed0,magnitude_gain_matchl1,l1_unstructured_gain,dmsintseq,1,0.0,70,0.7,0.0,0.8851224351276562,0.0,78643.0,4.840183258056641,,,,1.8218677409361916,1.0000000623294123,
ctrl_full_dmsintseq_netseed1_magnitude_gain_matchl1_p80_pruneseed0,magnitude_gain_matchl1,l1_unstructured_gain,dmsintseq,1,0.0,80,0.8,0.0,0.8851224351276562,0.0,52429.0,6.374381065368652,,,,2.47368094833695,1.0000000623294123,
ctrl_full_dmsintseq_netseed1_random_p50_pruneseed0,random,random_unstructured,dmsintseq,1,0.0,50,0.5,0.0,0.8851224351276562,0.0,130812.0,0.7755444645881653,,,,,,
ctrl_full_dmsintseq_netseed1_random_p50_pruneseed1,random,random_unstructured,dmsintseq,1,1.0,50,0.5,0.0,0.8851224351276562,0.0,130817.0,0.8363408446311951,,,,,,
ctrl_full_dmsintseq_netseed1_random_p50_pruneseed2,random,random_unstructured,dmsintseq,1,2.0,50,0.5,0.0,0.8851224351276562,0.0,130825.0,0.8728347420692444,,,,,,
ctrl_full_dmsintseq_netseed1_random_p60_pruneseed0,random,random_unstructured,dmsintseq,1,0.0,60,0.6,0.0066764997650498,0.8851224351276562,0.007543023993157383,104643.0,0.4780056774616241,,,,,,
ctrl_full_dmsintseq_netseed1_random_p60_pruneseed1,random,random_unstructured,dmsintseq,1,1.0,60,0.6,0.005651856106093,0.8851224351276562,0.006385394699974885,104649.0,0.5259618759155273,,,,,,
ctrl_full_dmsintseq_netseed1_random_p60_pruneseed2,random,random_unstructured,dmsintseq,1,2.0,60,0.6,0.0007962199133295,0.8851224351276562,0.0008995590685876871,104657.0,0.4962091743946075,,,,,,
ctrl_full_dmsintseq_netseed1_random_p70_pruneseed0,random,random_unstructured,dmsintseq,1,0.0,70,0.7,0.0683052263352999,0.8851224351276562,0.07717037058884246,78486.0,0.0340135656297206,,,,,,
ctrl_full_dmsintseq_netseed1_random_p70_pruneseed1,random,random_unstructured,dmsintseq,1,1.0,70,0.7,0.0683900694408186,0.8851224351276562,0.07726622524369195,78484.0,0.1580027192831039,,,,,,
ctrl_full_dmsintseq_netseed1_random_p70_pruneseed2,random,random_unstructured,dmsintseq,1,2.0,70,0.7,0.0601015506709131,0.8851224351276562,0.06790196280839383,78487.0,0.1132944598793983,,,,,,
ctrl_full_dmsintseq_netseed1_random_p80_pruneseed0,random,random_unstructured,dmsintseq,1,0.0,80,0.8,0.0912650759672114,0.8851224351276562,0.10311011487811711,52325.0,-0.3291190564632416,,,,,,
ctrl_full_dmsintseq_netseed1_random_p80_pruneseed1,random,random_unstructured,dmsintseq,1,1.0,80,0.8,0.0860765937451052,0.8851224351276562,0.09724823406232028,52335.0,-0.2063300907611847,,,,,,
ctrl_full_dmsintseq_netseed1_random_p80_pruneseed2,random,random_unstructured,dmsintseq,1,2.0,80,0.8,0.0880736699211611,0.8851224351276562,0.09950450516877785,52322.0,-0.2188687026500702,,,,,,
ctrl_full_dmsintseq_netseed1_random_gain_invdensity_p50_pruneseed0,random_gain_invdensity,random_unstructured_gain,dmsintseq,1,0.0,50,0.5,0.2599201169529577,0.8851224351276562,0.2936544218489625,130812.0,2.5511977672576904,,,,2.0000611564688255,0.9995577104910996,
ctrl_full_dmsintseq_netseed1_random_gain_invdensity_p50_pruneseed1,random_gain_invdensity,random_unstructured_gain,dmsintseq,1,1.0,50,0.5,0.282873440192137,0.8851224351276562,0.31958679270324875,130817.0,2.6726536750793457,,,,1.999984711467164,1.0016430033053287,
ctrl_full_dmsintseq_netseed1_random_gain_invdensity_p50_pruneseed2,random_gain_invdensity,random_unstructured_gain,dmsintseq,1,2.0,50,0.5,0.4826397953323239,0.8851224351276562,0.54528026426391,130825.0,2.7454118728637695,,,,1.999862411618574,1.0006151912983154,
ctrl_full_dmsintseq_netseed1_random_gain_invdensity_p60_pruneseed0,random_gain_invdensity,random_unstructured_gain,dmsintseq,1,0.0,60,0.6,0.116822429906542,0.8851224351276562,0.1319844862927843,104643.0,2.6953601837158203,,,,2.500234129373202,0.9999468953408142,
ctrl_full_dmsintseq_netseed1_random_gain_invdensity_p60_pruneseed1,random_gain_invdensity,random_unstructured_gain,dmsintseq,1,1.0,60,0.6,0.1001344436902835,0.8851224351276562,0.11313061302738493,104649.0,2.8150432109832764,,,,2.5000907796538905,1.0004081329910202,
ctrl_full_dmsintseq_netseed1_random_gain_invdensity_p60_pruneseed2,random_gain_invdensity,random_unstructured_gain,dmsintseq,1,2.0,60,0.6,0.3369511303712212,0.8851224351276562,0.38068307501732757,104657.0,2.740372657775879,,,,2.4998996722627247,1.0004088809439664,
ctrl_full_dmsintseq_netseed1_random_gain_invdensity_p70_pruneseed0,random_gain_invdensity,random_unstructured_gain,dmsintseq,1,0.0,70,0.7,0.0948676447553908,0.8851224351276562,0.10718025099172701,78486.0,2.4468700885772705,,,,3.3334862268430037,0.9992509251243004,
ctrl_full_dmsintseq_netseed1_random_gain_invdensity_p70_pruneseed1,random_gain_invdensity,random_unstructured_gain,dmsintseq,1,1.0,70,0.7,0.0686707043283036,0.8851224351276562,0.0775832829481942,78484.0,2.8602845668792725,,,,3.3335711737424187,0.9995352719027112,
ctrl_full_dmsintseq_netseed1_random_gain_invdensity_p70_pruneseed2,random_gain_invdensity,random_unstructured_gain,dmsintseq,1,2.0,70,0.7,0.2509267477679737,0.8851224351276562,0.2834938284349147,78487.0,2.711104393005371,,,,3.333443755016754,1.000941111794657,
ctrl_full_dmsintseq_netseed1_random_gain_invdensity_p80_pruneseed0,random_gain_invdensity,random_unstructured_gain,dmsintseq,1,0.0,80,0.8,0.0607476635514018,0.8851224351276562,0.0686319328722478,52325.0,2.354494571685791,,,,5.000133779264214,0.9993578200662064,
ctrl_full_dmsintseq_netseed1_random_gain_invdensity_p80_pruneseed1,random_gain_invdensity,random_unstructured_gain,dmsintseq,1,1.0,80,0.8,0.0258901999686733,0.8851224351276562,0.02925041659907683,52335.0,2.9676973819732666,,,,4.999178370115601,1.000439235367703,
ctrl_full_dmsintseq_netseed1_random_gain_invdensity_p80_pruneseed2,random_gain_invdensity,random_unstructured_gain,dmsintseq,1,2.0,80,0.8,0.0914347621782488,0.8851224351276562,0.1033018241878161,52322.0,2.905984878540039,,,,5.0004204732235005,1.0014679823158992,
ctrl_full_dmsintseq_netseed2_lnp_rescale_p50_pruneseed0,lnp_rescale,noise_prune,dmsintseq,2,0.0,50,0.5,0.7587257870829635,0.9267412415809534,0.8187029486123141,121547.0,3.3013455867767334,none,2.1457550512430728,448.1878313164735,,,4.0
ctrl_full_dmsintseq_netseed2_lnp_rescale_p50_pruneseed1,lnp_rescale,noise_prune,dmsintseq,2,1.0,50,0.5,0.803007361771002,0.9267412415809534,0.8664849752463045,121566.0,3.1672120094299316,none,2.156595359318016,479.9696931309411,,,4.0
ctrl_full_dmsintseq_netseed2_lnp_rescale_p50_pruneseed2,lnp_rescale,noise_prune,dmsintseq,2,2.0,50,0.5,0.7048765206495066,0.9267412415809534,0.7605969056120113,121337.0,3.307575225830078,none,2.154571697744637,261.16278157557934,,,4.0
ctrl_full_dmsintseq_netseed2_lnp_rescale_p60_pruneseed0,lnp_rescale,noise_prune,dmsintseq,2,0.0,60,0.6,0.4335221636297185,0.9267412415809534,0.46779202670441333,100462.0,3.3397316932678223,none,2.597374929387384,560.2347891455918,,,4.0
ctrl_full_dmsintseq_netseed2_lnp_rescale_p60_pruneseed1,lnp_rescale,noise_prune,dmsintseq,2,1.0,60,0.6,0.7000861483840651,0.9267412415809534,0.7554278551257403,100271.0,3.2947113513946533,none,2.5982930990818898,599.9621164136764,,,4.0
ctrl_full_dmsintseq_netseed2_lnp_rescale_p60_pruneseed2,lnp_rescale,noise_prune,dmsintseq,2,2.0,60,0.6,0.3942985433091421,0.9267412415809534,0.42546778498440124,100085.0,3.4425573348999023,none,2.5976576272321945,295.2403510474746,,,4.0
ctrl_full_dmsintseq_netseed2_lnp_rescale_p70_pruneseed0,lnp_rescale,noise_prune,dmsintseq,2,0.0,70,0.7,0.1732887798256147,0.9267412415809534,0.18698723230445274,77244.0,3.2409579753875732,none,3.380727153285678,746.979718860789,,,4.0
ctrl_full_dmsintseq_netseed2_lnp_rescale_p70_pruneseed1,lnp_rescale,noise_prune,dmsintseq,2,1.0,70,0.7,0.2963112828277554,0.9267412415809534,0.31973464601863383,77032.0,3.3220534324645996,none,3.376571137304668,362.8175780468272,,,4.0
ctrl_full_dmsintseq_netseed2_lnp_rescale_p70_pruneseed2,lnp_rescale,noise_prune,dmsintseq,2,2.0,70,0.7,0.106895786560852,0.9267412415809534,0.11534588271748383,76959.0,3.5541999340057373,none,3.370836720235161,393.65380139663273,,,4.0
ctrl_full_dmsintseq_netseed2_lnp_rescale_p80_pruneseed0,lnp_rescale,noise_prune,dmsintseq,2,0.0,80,0.8,0.0333237612906594,0.9267412415809534,0.03595799970422324,52264.0,3.179844379425049,none,4.992299420678786,771.5170643801458,,,4.0
ctrl_full_dmsintseq_netseed2_lnp_rescale_p80_pruneseed1,lnp_rescale,noise_prune,dmsintseq,2,1.0,80,0.8,0.077735863833342,0.9267412415809534,0.08388087240050981,52209.0,3.096742868423462,none,4.9587874088617365,298.3592945348089,,,4.0
ctrl_full_dmsintseq_netseed2_lnp_rescale_p80_pruneseed2,lnp_rescale,noise_prune,dmsintseq,2,2.0,80,0.8,0.0545998015976609,0.9267412415809534,0.058915907858506006,52294.0,3.548867702484131,none,4.9677551481752,432.70045365017774,,,4.0
ctrl_full_dmsintseq_netseed2_snp_rescale_p50_pruneseed0,snp_rescale,simulation_noise_prune_rescale,dmsintseq,2,0.0,50,0.5,0.7644102751527176,0.9267412415809534,0.8248367946253143,124130.0,3.249925136566162,none,2.118129927170476,1867.806524159696,,,0.0
ctrl_full_dmsintseq_netseed2_snp_rescale_p50_pruneseed1,snp_rescale,simulation_noise_prune_rescale,dmsintseq,2,1.0,50,0.5,0.721029342661724,0.9267412415809534,0.7780266058211678,124462.0,3.3011653423309326,none,2.1075674077085997,253.68794263138403,,,0.0
ctrl_full_dmsintseq_netseed2_snp_rescale_p50_pruneseed2,snp_rescale,simulation_noise_prune_rescale,dmsintseq,2,2.0,50,0.5,0.7101824779407926,0.9267412415809534,0.7663222980443525,124512.0,3.2935500144958496,none,2.1059251265121497,598.7137894624457,,,0.0
ctrl_full_dmsintseq_netseed2_snp_rescale_p60_pruneseed0,snp_rescale,simulation_noise_prune_rescale,dmsintseq,2,0.0,60,0.6,0.5613807236464261,0.9267412415809534,0.6057577870266692,102058.0,3.1560633182525635,none,2.573549540172555,2334.7581551996204,,,0.0
ctrl_full_dmsintseq_netseed2_snp_rescale_p60_pruneseed1,snp_rescale,simulation_noise_prune_rescale,dmsintseq,2,1.0,60,0.6,0.469906803111784,0.9267412415809534,0.5070528665694828,102373.0,3.252418041229248,none,2.5627316066452552,317.1099282892301,,,0.0
ctrl_full_dmsintseq_netseed2_snp_rescale_p60_pruneseed2,snp_rescale,simulation_noise_prune_rescale,dmsintseq,2,2.0,60,0.6,0.616163264240589,0.9267412415809534,0.66487087937239,102606.0,3.2027506828308105,none,2.5613466013926813,748.3922368280571,,,0.0
ctrl_full_dmsintseq_netseed2_snp_rescale_p70_pruneseed0,snp_rescale,simulation_noise_prune_rescale,dmsintseq,2,0.0,70,0.7,0.3162102542682608,0.9267412415809534,0.34120662821569164,77732.0,3.0996170043945312,none,3.3858087897301594,3113.010873599493,,,0.0
ctrl_full_dmsintseq_netseed2_snp_rescale_p70_pruneseed1,snp_rescale,simulation_noise_prune_rescale,dmsintseq,2,1.0,70,0.7,0.1472354200386362,0.9267412415809534,0.15887435827012863,77867.0,3.3650853633880615,none,3.363905573700796,422.8132377189734,,,0.0
ctrl_full_dmsintseq_netseed2_snp_rescale_p70_pruneseed2,snp_rescale,simulation_noise_prune_rescale,dmsintseq,2,2.0,70,0.7,0.281874902104109,0.9267412415809534,0.3041570715286727,78299.0,3.219925880432129,none,3.364781316832433,997.8563157707428,,,0.0
ctrl_full_dmsintseq_netseed2_snp_rescale_p80_pruneseed0,snp_rescale,simulation_noise_prune_rescale,dmsintseq,2,0.0,80,0.8,0.1567443742494648,0.9267412415809534,0.16913499390840778,52396.0,3.4168126583099365,none,4.995960048020646,972.0871272382386,,,0.0
ctrl_full_dmsintseq_netseed2_snp_rescale_p80_pruneseed1,snp_rescale,simulation_noise_prune_rescale,dmsintseq,2,1.0,80,0.8,0.0575040463634939,0.9267412415809534,0.062049732744596714,52257.0,3.2087602615356445,none,5.006814375095765,634.2198565784604,,,0.0
ctrl_full_dmsintseq_netseed2_snp_rescale_p80_pruneseed2,snp_rescale,simulation_noise_prune_rescale,dmsintseq,2,2.0,80,0.8,0.0954289145303607,0.9267412415809534,0.1029725561447615,52429.0,2.8456997871398926,none,4.970492611652513,819.4926273618946,,,0.0
ctrl_full_dmsintseq_netseed2_lnp_shuffled_p50_pruneseed0,lnp_shuffled,noise_prune_shuffled_rescale,dmsintseq,2,0.0,50,0.5,0.0500965906124366,0.9267412415809534,0.05405671870928658,121142.0,3.935135126113891,shuffle,2.1505229564246404,266.9733742823535,,,4.0
ctrl_full_dmsintseq_netseed2_lnp_shuffled_p50_pruneseed1,lnp_shuffled,noise_prune_shuffled_rescale,dmsintseq,2,1.0,50,0.5,0.0156959745209627,0.9267412415809534,0.01693673899111958,121188.0,3.0109217166900635,shuffle,2.148166257097574,290.10047976186695,,,4.0
ctrl_full_dmsintseq_netseed2_lnp_shuffled_p50_pruneseed2,lnp_shuffled,noise_prune_shuffled_rescale,dmsintseq,2,2.0,50,0.5,0.0112253954993995,0.9267412415809534,0.01211276135747427,121048.0,3.772864580154419,shuffle,2.149380611159414,247.92177899385587,,,4.0
ctrl_full_dmsintseq_netseed2_lnp_shuffled_p60_pruneseed0,lnp_shuffled,noise_prune_shuffled_rescale,dmsintseq,2,0.0,60,0.6,0.0359212655980786,0.9267412415809534,0.03876083634391788,100024.0,3.999897956848145,shuffle,2.603435401639485,333.7167178529419,,,4.0
ctrl_full_dmsintseq_netseed2_lnp_shuffled_p60_pruneseed1,lnp_shuffled,noise_prune_shuffled_rescale,dmsintseq,2,1.0,60,0.6,0.0125045684749125,0.9267412415809534,0.013493052767977189,100272.0,3.46398401260376,shuffle,2.6024411576811444,362.6255997023337,,,4.0
ctrl_full_dmsintseq_netseed2_lnp_shuffled_p60_pruneseed2,lnp_shuffled,noise_prune_shuffled_rescale,dmsintseq,2,2.0,60,0.6,0.0092022137524147,0.9267412415809534,0.009929647391882972,100242.0,3.800509214401245,shuffle,2.6077318105867056,309.90222374231985,,,4.0
ctrl_full_dmsintseq_netseed2_lnp_shuffled_p70_pruneseed0,lnp_shuffled,noise_prune_shuffled_rescale,dmsintseq,2,0.0,70,0.7,0.0154740771680676,0.9267412415809534,0.016697300685216025,76978.0,4.493163585662842,shuffle,3.3830290337854407,444.9556238039224,,,4.0
ctrl_full_dmsintseq_netseed2_lnp_shuffled_p70_pruneseed1,lnp_shuffled,noise_prune_shuffled_rescale,dmsintseq,2,1.0,70,0.7,0.0079752519187594,0.9267412415809534,0.008605694406298567,77073.0,5.015913963317871,shuffle,3.390030002710303,483.50079960311155,,,4.0
ctrl_full_dmsintseq_netseed2_lnp_shuffled_p70_pruneseed2,lnp_shuffled,noise_prune_shuffled_rescale,dmsintseq,2,2.0,70,0.7,0.0137837414504255,0.9267412415809534,0.014873344178480108,76936.0,4.106834411621094,shuffle,3.375638264068846,362.8175780468272,,,4.0
ctrl_full_dmsintseq_netseed2_lnp_shuffled_p80_pruneseed0,lnp_shuffled,noise_prune_shuffled_rescale,dmsintseq,2,0.0,80,0.8,0.0099135905602255,0.9267412415809534,0.010697258431397348,52275.0,5.514706134796143,shuffle,4.9698759944581266,667.433435705884,,,4.0
ctrl_full_dmsintseq_netseed2_lnp_shuffled_p80_pruneseed1,lnp_shuffled,noise_prune_shuffled_rescale,dmsintseq,2,1.0,80,0.8,0.002904244765833,0.9267412415809534,0.0031338248860907163,52227.0,6.931078910827637,shuffle,4.980592636711078,336.4387168495956,,,4.0
ctrl_full_dmsintseq_netseed2_lnp_shuffled_p80_pruneseed2,lnp_shuffled,noise_prune_shuffled_rescale,dmsintseq,2,2.0,80,0.8,0.0095872709236151,0.9267412415809534,0.01034514327565687,52229.0,5.1473069190979,shuffle,4.986102014254117,544.226367070241,,,4.0
ctrl_full_dmsintseq_netseed2_lnp_uniform_p50_pruneseed0,lnp_uniform,noise_prune_uniform_rescale,dmsintseq,2,0.0,50,0.5,0.442528585600167,0.9267412415809534,0.477510405002852,121407.0,3.057417154312134,uniform,2.158269386119148,2.158269386119148,,,4.0
ctrl_full_dmsintseq_netseed2_lnp_uniform_p50_pruneseed1,lnp_uniform,noise_prune_uniform_rescale,dmsintseq,2,1.0,50,0.5,0.3077846812509789,0.9267412415809534,0.33211501489447104,121471.0,3.0138771533966064,uniform,2.158269386119148,2.158269386119148,,,4.0
ctrl_full_dmsintseq_netseed2_lnp_uniform_p50_pruneseed2,lnp_uniform,noise_prune_uniform_rescale,dmsintseq,2,2.0,50,0.5,0.1406763953427661,0.9267412415809534,0.15179684363974388,121116.0,3.530008554458618,uniform,2.158269386119148,2.158269386119148,,,4.0
ctrl_full_dmsintseq_netseed2_lnp_uniform_p60_pruneseed0,lnp_uniform,noise_prune_uniform_rescale,dmsintseq,2,0.0,60,0.6,0.2196065890461024,0.9267412415809534,0.2369664575102641,100048.0,3.0090620517730713,uniform,2.612116438735552,2.6121164387355527,,,4.0
ctrl_full_dmsintseq_netseed2_lnp_uniform_p60_pruneseed1,lnp_uniform,noise_prune_uniform_rescale,dmsintseq,2,1.0,60,0.6,0.1471962616822429,0.9267412415809534,0.1588321044514397,100524.0,3.173619031906128,uniform,2.6121164387355527,2.6121164387355527,,,4.0
ctrl_full_dmsintseq_netseed2_lnp_uniform_p60_pruneseed2,lnp_uniform,noise_prune_uniform_rescale,dmsintseq,2,2.0,60,0.6,0.0945021667623871,0.9267412415809534,0.10197254910245847,100189.0,3.5915849208831787,uniform,2.612116438735552,2.6121164387355527,,,4.0
ctrl_full_dmsintseq_netseed2_lnp_uniform_p70_pruneseed0,lnp_uniform,noise_prune_uniform_rescale,dmsintseq,2,0.0,70,0.7,0.0644350754450999,0.9267412415809534,0.06952865865252562,76817.0,2.846693277359009,uniform,3.397921359233599,3.397921359233598,,,4.0
ctrl_full_dmsintseq_netseed2_lnp_uniform_p70_pruneseed1,lnp_uniform,noise_prune_uniform_rescale,dmsintseq,2,1.0,70,0.7,0.0524004072469064,0.9267412415809534,0.056542651708814756,77325.0,3.078770399093628,uniform,3.397921359233599,3.397921359233598,,,4.0
ctrl_full_dmsintseq_netseed2_lnp_uniform_p70_pruneseed2,lnp_uniform,noise_prune_uniform_rescale,dmsintseq,2,2.0,70,0.7,0.0432308254581527,0.9267412415809534,0.046648215832505786,77117.0,3.555483102798462,uniform,3.397921359233599,3.397921359233598,,,4.0
ctrl_full_dmsintseq_netseed2_lnp_uniform_p80_pruneseed0,lnp_uniform,noise_prune_uniform_rescale,dmsintseq,2,0.0,80,0.8,0.0112776066412572,0.9267412415809534,0.012169099782392785,52255.0,3.080277919769287,uniform,5.017931442595316,5.017931442595317,,,4.0
ctrl_full_dmsintseq_netseed2_lnp_uniform_p80_pruneseed1,lnp_uniform,noise_prune_uniform_rescale,dmsintseq,2,1.0,80,0.8,0.0179280008353782,0.9267412415809534,0.01934520665638483,52238.0,3.3886911869049072,uniform,5.017931442595316,5.017931442595317,,,4.0
ctrl_full_dmsintseq_netseed2_lnp_uniform_p80_pruneseed2,lnp_uniform,noise_prune_uniform_rescale,dmsintseq,2,2.0,80,0.8,0.0548478045214848,0.9267412415809534,0.05918351537686876,52151.0,3.444396734237671,uniform,5.017931442595317,5.017931442595317,,,4.0
ctrl_full_dmsintseq_netseed2_snp_shuffled_p50_pruneseed0,snp_shuffled,simulation_noise_prune_shuffled_rescale,dmsintseq,2,0.0,50,0.5,0.0246893437059468,0.9267412415809534,0.0266410326833287,124279.0,3.4923596382141113,shuffle,2.1027719499299904,199.00860312080889,,,0.0
ctrl_full_dmsintseq_netseed2_snp_shuffled_p50_pruneseed1,snp_shuffled,simulation_noise_prune_shuffled_rescale,dmsintseq,2,1.0,50,0.5,0.0208061400302824,0.9267412415809534,0.02245086233001634,123990.0,3.296769618988037,shuffle,2.106513066677669,385.4850721193375,,,0.0
ctrl_full_dmsintseq_netseed2_snp_shuffled_p50_pruneseed2,snp_shuffled,simulation_noise_prune_shuffled_rescale,dmsintseq,2,2.0,50,0.5,0.0288531822690962,0.9267412415809534,0.031134022070577937,124260.0,3.43962025642395,shuffle,2.127249366076967,1060.9562048132868,,,0.0
ctrl_full_dmsintseq_netseed2_snp_shuffled_p60_pruneseed0,snp_shuffled,simulation_noise_prune_shuffled_rescale,dmsintseq,2,0.0,60,0.6,0.0134117370646896,0.9267412415809534,0.014471932900935918,102138.0,3.648958206176758,shuffle,2.5555211283462724,248.76075390101107,,,0.0
ctrl_full_dmsintseq_netseed2_snp_shuffled_p60_pruneseed1,snp_shuffled,simulation_noise_prune_shuffled_rescale,dmsintseq,2,1.0,60,0.6,0.0131833133190622,0.9267412415809534,0.014225452291917455,102015.0,3.659168004989624,shuffle,2.5640769771727596,481.85634014917184,,,0.0
ctrl_full_dmsintseq_netseed2_snp_shuffled_p60_pruneseed2,snp_shuffled,simulation_noise_prune_shuffled_rescale,dmsintseq,2,2.0,60,0.6,0.0233449068031117,0.9267412415809534,0.025190318241677667,102552.0,3.858453273773194,shuffle,2.57588086266586,1326.1952560166085,,,0.0
ctrl_full_dmsintseq_netseed2_snp_shuffled_p70_pruneseed0,snp_shuffled,simulation_noise_prune_shuffled_rescale,dmsintseq,2,0.0,70,0.7,0.0064350232339581,0.9267412415809534,0.00694371087120329,77635.0,4.24672269821167,shuffle,3.36574751626608,331.68100520134806,,,0.0
ctrl_full_dmsintseq_netseed2_snp_shuffled_p70_pruneseed1,snp_shuffled,simulation_noise_prune_shuffled_rescale,dmsintseq,2,1.0,70,0.7,0.0080666214170103,0.9267412415809534,0.008704286649905888,77981.0,4.453461170196533,shuffle,3.35794341935137,642.4751201988959,,,0.0
ctrl_full_dmsintseq_netseed2_snp_shuffled_p70_pruneseed2,snp_shuffled,simulation_noise_prune_shuffled_rescale,dmsintseq,2,2.0,70,0.7,0.0171839920639064,0.9267412415809534,0.018542384101296445,78324.0,3.7466208934783936,shuffle,3.3636675382363963,1768.260341355478,,,0.0
ctrl_full_dmsintseq_netseed2_snp_shuffled_p80_pruneseed0,snp_shuffled,simulation_noise_prune_shuffled_rescale,dmsintseq,2,0.0,80,0.8,0.0030347726204772,0.9267412415809534,0.0032746709483869496,52202.0,5.504795074462891,shuffle,5.033675670444046,370.2926822178785,,,0.0
ctrl_full_dmsintseq_netseed2_snp_shuffled_p80_pruneseed1,snp_shuffled,simulation_noise_prune_shuffled_rescale,dmsintseq,2,1.0,80,0.8,0.0045554221270819,0.9267412415809534,0.004915527574137824,52429.0,5.382909297943115,shuffle,4.9958967905825205,963.712680298344,,,0.0
ctrl_full_dmsintseq_netseed2_snp_shuffled_p80_pruneseed2,snp_shuffled,simulation_noise_prune_shuffled_rescale,dmsintseq,2,2.0,80,0.8,0.002780243303921,0.9267412415809534,0.003000021126909283,52429.0,4.7755961418151855,shuffle,4.975665004758612,463.77220436525903,,,0.0
ctrl_full_dmsintseq_netseed2_snp_uniform_p50_pruneseed0,snp_uniform,simulation_noise_prune_uniform_rescale,dmsintseq,2,0.0,50,0.5,0.3411671800762282,0.9267412415809534,0.3681363953267276,124147.0,3.081423759460449,uniform,2.107080715624782,2.107080715624782,,,0.0
ctrl_full_dmsintseq_netseed2_snp_uniform_p50_pruneseed1,snp_uniform,simulation_noise_prune_uniform_rescale,dmsintseq,2,1.0,50,0.5,0.1960919960319532,0.9267412415809534,0.2115930393876013,124067.0,3.2620739936828613,uniform,2.1072136119569933,2.107213611956994,,,0.0
ctrl_full_dmsintseq_netseed2_snp_uniform_p50_pruneseed2,snp_uniform,simulation_noise_prune_uniform_rescale,dmsintseq,2,2.0,50,0.5,0.4579112932699838,0.9267412415809534,0.49410911344446085,124430.0,3.1602392196655273,uniform,2.1071139100712455,2.1071139100712464,,,0.0
ctrl_full_dmsintseq_netseed2_snp_uniform_p60_pruneseed0,snp_uniform,simulation_noise_prune_uniform_rescale,dmsintseq,2,0.0,60,0.6,0.2164347621782488,0.9267412415809534,0.23354389819646615,102246.0,2.9651694297790527,uniform,2.5596654797738307,2.5596654797738307,,,0.0
ctrl_full_dmsintseq_netseed2_snp_uniform_p60_pruneseed1,snp_uniform,simulation_noise_prune_uniform_rescale,dmsintseq,2,1.0,60,0.6,0.0992664334568997,0.9267412415809534,0.10711343037627025,102096.0,3.2047600746154785,uniform,2.5598323564896,2.5598323564896,,,0.0
ctrl_full_dmsintseq_netseed2_snp_uniform_p60_pruneseed2,snp_uniform,simulation_noise_prune_uniform_rescale,dmsintseq,2,2.0,60,0.6,0.3687542421552759,0.9267412415809534,0.3979042105930323,102467.0,2.9783718585968018,uniform,2.5596865749574564,2.559686574957456,,,0.0
ctrl_full_dmsintseq_netseed2_snp_uniform_p70_pruneseed0,snp_uniform,simulation_noise_prune_uniform_rescale,dmsintseq,2,0.0,70,0.7,0.1482143789484676,0.9267412415809534,0.15993070373735024,77875.0,2.9818246364593506,uniform,3.3575604635769087,3.3575604635769065,,,0.0
ctrl_full_dmsintseq_netseed2_snp_uniform_p70_pruneseed1,snp_uniform,simulation_noise_prune_uniform_rescale,dmsintseq,2,1.0,70,0.7,0.045893593692894,0.9267412415809534,0.049521475503348546,77777.0,3.208451986312866,uniform,3.357702377886546,3.357702377886544,,,0.0
ctrl_full_dmsintseq_netseed2_snp_uniform_p70_pruneseed2,snp_uniform,simulation_noise_prune_uniform_rescale,dmsintseq,2,2.0,70,0.7,0.1963073669921161,0.9267412415809534,0.21182543539039003,78366.0,3.0605275630950928,uniform,3.357548692097509,3.357548692097508,,,0.0
ctrl_full_dmsintseq_netseed2_snp_uniform_p80_pruneseed0,snp_uniform,simulation_noise_prune_uniform_rescale,dmsintseq,2,0.0,80,0.8,0.0432569310290816,0.9267412415809534,0.046676385044965095,52108.0,3.2633509635925293,uniform,5.002872313782054,5.002872313782054,,,0.0
ctrl_full_dmsintseq_netseed2_snp_uniform_p80_pruneseed1,snp_uniform,simulation_noise_prune_uniform_rescale,dmsintseq,2,1.0,80,0.8,0.023821333472563,0.9267412415809534,0.025704406369058887,52244.0,3.2720038890838623,uniform,5.002913336547956,5.002913336547956,,,0.0
ctrl_full_dmsintseq_netseed2_snp_uniform_p80_pruneseed2,snp_uniform,simulation_noise_prune_uniform_rescale,dmsintseq,2,2.0,80,0.8,0.058535216415183,0.9267412415809534,0.06316241663673688,52429.0,3.109480381011963,uniform,5.002875779255668,5.0028757792556675,,,0.0
ctrl_full_dmsintseq_netseed2_magnitude_p50_pruneseed0,magnitude,l1_unstructured,dmsintseq,2,0.0,50,0.5,0.7352111940688143,0.9267412415809534,0.7933295304896514,131072.0,2.9806900024414062,,,,,,
ctrl_full_dmsintseq_netseed2_magnitude_p60_pruneseed0,magnitude,l1_unstructured,dmsintseq,2,0.0,60,0.6,0.1744374249464835,0.9267412415809534,0.18822667765265944,104858.0,2.7809367179870605,,,,,,
ctrl_full_dmsintseq_netseed2_magnitude_p70_pruneseed0,magnitude,l1_unstructured,dmsintseq,2,0.0,70,0.7,0.0025126612019004,0.9267412415809534,0.0027112866992020147,78643.0,2.6598689556121826,,,,,,
ctrl_full_dmsintseq_netseed2_magnitude_p80_pruneseed0,magnitude,l1_unstructured,dmsintseq,2,0.0,80,0.8,0.0,0.9267412415809534,0.0,52429.0,2.5100626945495605,,,,,,
ctrl_full_dmsintseq_netseed2_magnitude_gain_invdensity_p50_pruneseed0,magnitude_gain_invdensity,l1_unstructured_gain,dmsintseq,2,0.0,50,0.5,0.0,0.9267412415809534,0.0,131072.0,6.945830345153809,,,,1.99609375,1.5557243760519266,
ctrl_full_dmsintseq_netseed2_magnitude_gain_invdensity_p60_pruneseed0,magnitude_gain_invdensity,l1_unstructured_gain,dmsintseq,2,0.0,60,0.6,0.0,0.9267412415809534,0.0,104858.0,8.433843612670898,,,,2.495107669419596,1.6980333068733044,
ctrl_full_dmsintseq_netseed2_magnitude_gain_invdensity_p70_pruneseed0,magnitude_gain_invdensity,l1_unstructured_gain,dmsintseq,2,0.0,70,0.7,0.0,0.9267412415809534,0.0,78643.0,11.175766944885254,,,,3.326831377236372,1.867480889805837,
ctrl_full_dmsintseq_netseed2_magnitude_gain_invdensity_p80_pruneseed0,magnitude_gain_invdensity,l1_unstructured_gain,dmsintseq,2,0.0,80,0.8,0.0001501070328408,0.9267412415809534,0.00016197297164063647,52429.0,16.515968322753906,,,,4.990215338839192,2.0911780454151447,
ctrl_full_dmsintseq_netseed2_magnitude_gain_matchl1_p50_pruneseed0,magnitude_gain_matchl1,l1_unstructured_gain,dmsintseq,2,0.0,50,0.5,9.136949825092676e-05,0.9267412415809534,9.859224360734936e-05,131072.0,4.107479095458984,,,,1.2830637546316734,1.0,
ctrl_full_dmsintseq_netseed2_magnitude_gain_matchl1_p60_pruneseed0,magnitude_gain_matchl1,l1_unstructured_gain,dmsintseq,2,0.0,60,0.6,0.0,0.9267412415809534,0.0,104858.0,4.5557475090026855,,,,1.4694102963657203,1.0,
ctrl_full_dmsintseq_netseed2_magnitude_gain_matchl1_p70_pruneseed0,magnitude_gain_matchl1,l1_unstructured_gain,dmsintseq,2,0.0,70,0.7,0.0,0.9267412415809534,0.0,78643.0,5.519888401031494,,,,1.7814540815980888,0.9999998829892592,
ctrl_full_dmsintseq_netseed2_magnitude_gain_matchl1_p80_pruneseed0,magnitude_gain_matchl1,l1_unstructured_gain,dmsintseq,2,0.0,80,0.8,0.0,0.9267412415809534,0.0,52429.0,7.376125335693359,,,,2.3863178720499723,1.0000001170107409,
ctrl_full_dmsintseq_netseed2_random_p50_pruneseed0,random,random_unstructured,dmsintseq,2,0.0,50,0.5,0.0,0.9267412415809534,0.0,130812.0,1.199169635772705,,,,,,
ctrl_full_dmsintseq_netseed2_random_p50_pruneseed1,random,random_unstructured,dmsintseq,2,1.0,50,0.5,0.0,0.9267412415809534,0.0,130803.0,1.1362006664276123,,,,,,
ctrl_full_dmsintseq_netseed2_random_p50_pruneseed2,random,random_unstructured,dmsintseq,2,2.0,50,0.5,0.0,0.9267412415809534,0.0,130825.0,1.116788625717163,,,,,,
ctrl_full_dmsintseq_netseed2_random_p60_pruneseed0,random,random_unstructured,dmsintseq,2,0.0,60,0.6,0.0001696862110374,0.9267412415809534,0.0001830998809850392,104643.0,0.7499228119850159,,,,,,
ctrl_full_dmsintseq_netseed2_random_p60_pruneseed1,random,random_unstructured,dmsintseq,2,1.0,60,0.6,1.957917819662716e-05,0.9267412415809534,2.1126909344432003e-05,104641.0,0.7284100651741028,,,,,,
ctrl_full_dmsintseq_netseed2_random_p60_pruneseed2,random,random_unstructured,dmsintseq,2,2.0,60,0.6,2.6105570928836212e-05,0.9267412415809534,2.8169212459242667e-05,104657.0,0.6700520515441895,,,,,,
ctrl_full_dmsintseq_netseed2_random_p70_pruneseed0,random,random_unstructured,dmsintseq,2,0.0,70,0.7,0.0644807601942254,0.9267412415809534,0.06957795477432935,78486.0,0.3253875076770782,,,,,,
ctrl_full_dmsintseq_netseed2_random_p70_pruneseed1,random,random_unstructured,dmsintseq,2,1.0,70,0.7,0.0543909570302302,0.9267412415809534,0.058690554158832044,78481.0,0.3507982492446899,,,,,,
ctrl_full_dmsintseq_netseed2_random_p70_pruneseed2,random,random_unstructured,dmsintseq,2,2.0,70,0.7,0.0580131049966062,0.9267412415809534,0.06259903238755195,78493.0,0.3337910771369934,,,,,,
ctrl_full_dmsintseq_netseed2_random_p80_pruneseed0,random,random_unstructured,dmsintseq,2,0.0,80,0.8,0.1057667206181799,0.9267412415809534,0.11412756427862167,52325.0,-0.1530002802610397,,,,,,
ctrl_full_dmsintseq_netseed2_random_p80_pruneseed1,random,random_unstructured,dmsintseq,2,1.0,80,0.8,0.0968973528951078,0.9267412415809534,0.10455707434559397,52319.0,-0.0984149277210235,,,,,,
ctrl_full_dmsintseq_netseed2_random_p80_pruneseed2,random,random_unstructured,dmsintseq,2,2.0,80,0.8,0.1035803790528898,0.9267412415809534,0.11176839273516001,52327.0,-0.1769362241029739,,,,,,
ctrl_full_dmsintseq_netseed2_random_gain_invdensity_p50_pruneseed0,random_gain_invdensity,random_unstructured_gain,dmsintseq,2,0.0,50,0.5,0.2796363493969613,0.9267412415809534,0.30174156156029264,130812.0,3.3984742164611816,,,,2.0000611564688255,0.9995647200447824,
ctrl_full_dmsintseq_netseed2_random_gain_invdensity_p50_pruneseed1,random_gain_invdensity,random_unstructured_gain,dmsintseq,2,1.0,50,0.5,0.4285686315459719,0.9267412415809534,0.4624469186402721,130803.0,3.2728259563446045,,,,2.0001987721994143,1.0013477297108055,
ctrl_full_dmsintseq_netseed2_random_gain_invdensity_p50_pruneseed2,random_gain_invdensity,random_unstructured_gain,dmsintseq,2,2.0,50,0.5,0.3788440453192711,0.9267412415809534,0.40879161120852964,130825.0,3.233285903930664,,,,1.999862411618574,0.9997208123728092,
ctrl_full_dmsintseq_netseed2_random_gain_invdensity_p60_pruneseed0,random_gain_invdensity,random_unstructured_gain,dmsintseq,2,0.0,60,0.6,0.1414465096851668,0.9267412415809534,0.1526278354072916,104643.0,3.3752167224884033,,,,2.500234129373202,0.9996184279747408,
ctrl_full_dmsintseq_netseed2_random_gain_invdensity_p60_pruneseed1,random_gain_invdensity,random_unstructured_gain,dmsintseq,2,1.0,60,0.6,0.2047525191875946,0.9267412415809534,0.22093817562095505,104641.0,3.321512222290039,,,,2.5002819162660908,1.0010285244103128,
ctrl_full_dmsintseq_netseed2_random_gain_invdensity_p60_pruneseed2,random_gain_invdensity,random_unstructured_gain,dmsintseq,2,2.0,60,0.6,0.2546272124471362,0.9267412415809534,0.2747554560243382,104657.0,3.1749625205993652,,,,2.4998996722627247,0.998324172172412,
ctrl_full_dmsintseq_netseed2_random_gain_invdensity_p70_pruneseed0,random_gain_invdensity,random_unstructured_gain,dmsintseq,2,0.0,70,0.7,0.0186459040359212,0.9267412415809534,0.020119859999014007,78486.0,3.418161153793335,,,,3.3334862268430037,0.9985569065355648,
ctrl_full_dmsintseq_netseed2_random_gain_invdensity_p70_pruneseed1,random_gain_invdensity,random_unstructured_gain,dmsintseq,2,1.0,70,0.7,0.1091865504098574,0.9267412415809534,0.1178177311107824,78481.0,3.5031542778015137,,,,3.3336986022094517,1.0008179050771429,
ctrl_full_dmsintseq_netseed2_random_gain_invdensity_p70_pruneseed2,random_gain_invdensity,random_unstructured_gain,dmsintseq,2,2.0,70,0.7,0.1264814911502114,0.9267412415809534,0.13647983436503067,78493.0,3.4457778930664062,,,,3.3331889467850635,0.998785779544276,
ctrl_full_dmsintseq_netseed2_random_gain_invdensity_p80_pruneseed0,random_gain_invdensity,random_unstructured_gain,dmsintseq,2,0.0,80,0.8,0.0104095964078734,0.9267412415809534,0.01123247346812297,52325.0,3.235111951828003,,,,5.000133779264214,0.998342893890916,
ctrl_full_dmsintseq_netseed2_random_gain_invdensity_p80_pruneseed1,random_gain_invdensity,random_unstructured_gain,dmsintseq,2,1.0,80,0.8,0.0273260063697593,0.9267412415809534,0.029486123141712256,52319.0,3.5085630416870117,,,,5.000707200061163,0.9987374541083875,
ctrl_full_dmsintseq_netseed2_random_gain_invdensity_p80_pruneseed2,random_gain_invdensity,random_unstructured_gain,dmsintseq,2,2.0,80,0.8,0.020949720670391,0.9267412415809534,0.02260579299854218,52327.0,3.115271806716919,,,,4.999942668220995,0.9974967892252764,
ctrl_full_multidlydmintseq_netseed0_lnp_rescale_p50_pruneseed0,lnp_rescale,noise_prune,multidlydmintseq,0,0.0,50,0.5,0.5375630501112026,0.5692826696450959,0.9442814242814243,116839.0,0.707228422164917,none,2.2478049153739748,1033.836687525962,,,0.5
ctrl_full_multidlydmintseq_netseed0_lnp_rescale_p50_pruneseed1,lnp_rescale,noise_prune,multidlydmintseq,0,1.0,50,0.5,0.5046385995304415,0.5692826696450959,0.8864464464464464,116859.0,0.5670968890190125,none,2.5121758419679128,31598.804884667592,,,0.5
ctrl_full_multidlydmintseq_netseed0_lnp_rescale_p50_pruneseed2,lnp_rescale,noise_prune,multidlydmintseq,0,2.0,50,0.5,0.5186699967762629,0.5692826696450959,0.9110939510939511,116685.0,0.4981211423873901,none,2.231119914233661,462.9969269351399,,,0.5
ctrl_full_multidlydmintseq_netseed0_lnp_rescale_p60_pruneseed0,lnp_rescale,noise_prune,multidlydmintseq,0,0.0,60,0.6,0.478015089694787,0.5692826696450959,0.8396796796796797,96415.0,0.9262614846229552,none,2.7225945630303032,1292.2958594074523,,,0.5
ctrl_full_multidlydmintseq_netseed0_lnp_rescale_p60_pruneseed1,lnp_rescale,noise_prune,multidlydmintseq,0,1.0,60,0.6,0.4688811678394774,0.5692826696450959,0.8236350636350636,96461.0,0.9371083974838256,none,3.1350293002399807,39498.50610583449,,,0.5
ctrl_full_multidlydmintseq_netseed0_lnp_rescale_p60_pruneseed2,lnp_rescale,noise_prune,multidlydmintseq,0,2.0,60,0.6,0.4009124152954929,0.5692826696450959,0.704241384241384,96236.0,0.7831801176071167,none,2.6913810129001297,578.7461586689247,,,0.5
ctrl_full_multidlydmintseq_netseed0_lnp_rescale_p70_pruneseed0,lnp_rescale,noise_prune,multidlydmintseq,0,0.0,70,0.7,0.3422436559132782,0.5692826696450959,0.6011840411840411,74317.0,1.2326695919036863,none,3.5570006135834404,1723.061145876603,,,0.5
ctrl_full_multidlydmintseq_netseed0_lnp_rescale_p70_pruneseed1,lnp_rescale,noise_prune,multidlydmintseq,0,1.0,70,0.7,0.3453762166351348,0.5692826696450959,0.6066866866866866,74171.0,1.1884965896606443,none,3.523552111018152,1082.0401699840254,,,0.5
ctrl_full_multidlydmintseq_netseed0_lnp_rescale_p70_pruneseed2,lnp_rescale,noise_prune,multidlydmintseq,0,2.0,70,0.7,0.2533694565560718,0.5692826696450959,0.4450679250679249,73983.0,1.1952478885650637,none,3.514639252199982,771.6615448918998,,,0.5
ctrl_full_multidlydmintseq_netseed0_lnp_rescale_p80_pruneseed0,lnp_rescale,noise_prune,multidlydmintseq,0,0.0,80,0.8,0.1494413817132697,0.5692826696450959,0.2625082225082224,50814.0,1.9425482749938965,none,5.2277504913845805,2584.591718814905,,,0.5
ctrl_full_multidlydmintseq_netseed0_lnp_rescale_p80_pruneseed1,lnp_rescale,noise_prune,multidlydmintseq,0,1.0,80,0.8,0.1546677434165752,0.5692826696450959,0.2716888316888316,50879.0,1.8706098794937136,none,5.125517117595738,1354.380362623804,,,0.5
ctrl_full_multidlydmintseq_netseed0_lnp_rescale_p80_pruneseed2,lnp_rescale,noise_prune,multidlydmintseq,0,2.0,80,0.8,0.1292816276290553,0.5692826696450959,0.22709566709566703,50756.0,1.9094001054763792,none,5.123331353624394,609.4678120737146,,,0.5
ctrl_full_multidlydmintseq_netseed0_snp_rescale_p50_pruneseed0,snp_rescale,simulation_noise_prune_rescale,multidlydmintseq,0,0.0,50,0.5,0.5348896277072065,0.5692826696450959,0.9395852995852995,117254.0,0.6139615774154663,none,2.233771701276234,572.3413515605952,,,0.0
ctrl_full_multidlydmintseq_netseed0_snp_rescale_p50_pruneseed1,snp_rescale,simulation_noise_prune_rescale,multidlydmintseq,0,1.0,50,0.5,0.5123951064321697,0.5692826696450959,0.9000715000715,117213.0,0.5881028771400452,none,2.232949753150337,653.6315743695409,,,0.0
ctrl_full_multidlydmintseq_netseed0_snp_rescale_p50_pruneseed2,snp_rescale,simulation_noise_prune_rescale,multidlydmintseq,0,2.0,50,0.5,0.537826810421463,0.5692826696450959,0.9447447447447448,117494.0,0.5542083382606506,none,2.226354402776724,545.7481316833565,,,0.0
ctrl_full_multidlydmintseq_netseed0_snp_rescale_p60_pruneseed0,snp_rescale,simulation_noise_prune_rescale,multidlydmintseq,0,0.0,60,0.6,0.4463312894622872,0.5692826696450959,0.784024024024024,97376.0,0.8525921702384949,none,2.6815956146522604,398.4662203336903,,,0.0
ctrl_full_multidlydmintseq_netseed0_snp_rescale_p60_pruneseed1,snp_rescale,simulation_noise_prune_rescale,multidlydmintseq,0,1.0,60,0.6,0.4658495524215476,0.5692826696450959,0.8183097383097382,97472.0,0.82908695936203,none,2.6813926790252536,294.4033457540419,,,0.0
ctrl_full_multidlydmintseq_netseed0_snp_rescale_p60_pruneseed2,snp_rescale,simulation_noise_prune_rescale,multidlydmintseq,0,2.0,60,0.6,0.4631565922167914,0.5692826696450959,0.8135792935792935,97783.0,1.0103425979614258,none,2.682648702375056,682.1851646041955,,,0.0
ctrl_full_multidlydmintseq_netseed0_snp_rescale_p70_pruneseed0,snp_rescale,simulation_noise_prune_rescale,multidlydmintseq,0,0.0,70,0.7,0.3285899894821505,0.5692826696450959,0.5772000572000571,75283.0,1.2839770317077637,none,3.457943904520332,531.2882937782537,,,0.0
ctrl_full_multidlydmintseq_netseed0_snp_rescale_p70_pruneseed1,snp_rescale,simulation_noise_prune_rescale,multidlydmintseq,0,1.0,70,0.7,0.3375610963311266,0.5692826696450959,0.5929586729586728,75490.0,1.2612236738204956,none,3.4602408757705057,257.3552919401718,,,0.0
ctrl_full_multidlydmintseq_netseed0_snp_rescale_p70_pruneseed2,snp_rescale,simulation_noise_prune_rescale,multidlydmintseq,0,2.0,70,0.7,0.3279289605564365,0.5692826696450959,0.5760388960388959,75602.0,1.2425888776779177,none,3.495649862753776,909.5802194722608,,,0.0
ctrl_full_multidlydmintseq_netseed0_snp_rescale_p80_pruneseed0,snp_rescale,simulation_noise_prune_rescale,multidlydmintseq,0,0.0,80,0.8,0.1460776236824195,0.5692826696450959,0.2565994565994565,51262.0,1.9698543548583984,none,5.057431297836138,796.9324406673809,,,0.0
ctrl_full_multidlydmintseq_netseed0_snp_rescale_p80_pruneseed1,snp_rescale,simulation_noise_prune_rescale,multidlydmintseq,0,1.0,80,0.8,0.1294086233339954,0.5692826696450959,0.2273187473187472,51352.0,1.919172286987305,none,5.089230709295018,386.03293791025783,,,0.0
ctrl_full_multidlydmintseq_netseed0_snp_rescale_p80_pruneseed2,snp_rescale,simulation_noise_prune_rescale,multidlydmintseq,0,2.0,80,0.8,0.1549705793283555,0.5692826696450959,0.27222079222079215,51430.0,1.7815334796905518,none,5.14292580450353,1364.3703292083917,,,0.0
ctrl_full_multidlydmintseq_netseed0_lnp_shuffled_p50_pruneseed0,lnp_shuffled,noise_prune_shuffled_rescale,multidlydmintseq,0,0.0,50,0.5,0.0636606674763999,0.5692826696450959,0.1118261118261117,116785.0,3.2759974002838135,shuffle,2.2581178770555015,1284.4929751448758,,,0.5
ctrl_full_multidlydmintseq_netseed0_lnp_shuffled_p50_pruneseed1,lnp_shuffled,noise_prune_shuffled_rescale,multidlydmintseq,0,1.0,50,0.5,0.0636215918748799,0.5692826696450959,0.11175747175747171,116921.0,2.922140121459961,shuffle,2.227785081100892,314.9638843065202,,,0.5
ctrl_full_multidlydmintseq_netseed0_lnp_shuffled_p50_pruneseed2,lnp_shuffled,noise_prune_shuffled_rescale,multidlydmintseq,0,2.0,50,0.5,0.0497074214336186,0.5692826696450959,0.08731588731588714,116699.0,3.656421184539795,shuffle,2.254853929364621,580.3275722521572,,,0.5
ctrl_full_multidlydmintseq_netseed0_lnp_shuffled_p60_pruneseed0,lnp_shuffled,noise_prune_shuffled_rescale,multidlydmintseq,0,0.0,60,0.6,0.033123084888488,0.5692826696450959,0.05818389818389818,96264.0,3.609263420104981,shuffle,2.721850237019867,1605.6162189310946,,,0.5
ctrl_full_multidlydmintseq_netseed0_lnp_shuffled_p60_pruneseed1,lnp_shuffled,noise_prune_shuffled_rescale,multidlydmintseq,0,1.0,60,0.6,0.0622702273223118,0.5692826696450959,0.10938366938366931,96507.0,3.2008187770843506,shuffle,2.677192999280392,288.3545233834553,,,0.5
ctrl_full_multidlydmintseq_netseed0_lnp_shuffled_p60_pruneseed2,lnp_shuffled,noise_prune_shuffled_rescale,multidlydmintseq,0,2.0,60,0.6,0.0437353670013057,0.5692826696450959,0.07682539682539669,96203.0,5.581643104553223,shuffle,2.7290013331315097,725.4094653151965,,,0.5
ctrl_full_multidlydmintseq_netseed0_lnp_shuffled_p70_pruneseed0,lnp_shuffled,noise_prune_shuffled_rescale,multidlydmintseq,0,0.0,70,0.7,0.0581998521639742,0.5692826696450959,0.10223366223366213,73991.0,4.108172416687012,shuffle,3.539143652720066,2140.8216252414595,,,0.5
ctrl_full_multidlydmintseq_netseed0_lnp_shuffled_p70_pruneseed1,lnp_shuffled,noise_prune_shuffled_rescale,multidlydmintseq,0,1.0,70,0.7,0.0528074191542086,0.5692826696450959,0.09276133276133275,74320.0,4.021667003631592,shuffle,3.4805968850746623,384.472697844607,,,0.5
ctrl_full_multidlydmintseq_netseed0_lnp_shuffled_p70_pruneseed2,lnp_shuffled,noise_prune_shuffled_rescale,multidlydmintseq,0,2.0,70,0.7,0.0475973389515364,0.5692826696450959,0.08360932360932345,74071.0,4.54618501663208,shuffle,3.556774249896423,967.212620420262,,,0.5
ctrl_full_multidlydmintseq_netseed0_lnp_shuffled_p80_pruneseed0,lnp_shuffled,noise_prune_shuffled_rescale,multidlydmintseq,0,0.0,80,0.8,0.0526218100469884,0.5692826696450959,0.0924352924352924,50603.0,5.764064788818359,shuffle,5.189165890803776,3211.23243786219,,,0.5
ctrl_full_multidlydmintseq_netseed0_lnp_shuffled_p80_pruneseed1,lnp_shuffled,noise_prune_shuffled_rescale,multidlydmintseq,0,1.0,80,0.8,0.0466758060156888,0.5692826696450959,0.08199056199056189,50875.0,4.4632086753845215,shuffle,5.080497991374138,521.7827028955815,,,0.5
ctrl_full_multidlydmintseq_netseed0_lnp_shuffled_p80_pruneseed2,lnp_shuffled,noise_prune_shuffled_rescale,multidlydmintseq,0,2.0,80,0.8,0.0422765445445575,0.5692826696450959,0.07426283426283412,50628.0,5.453888416290283,shuffle,5.193792006860857,844.1083940109493,,,0.5
ctrl_full_multidlydmintseq_netseed0_lnp_uniform_p50_pruneseed0,lnp_uniform,noise_prune_uniform_rescale,multidlydmintseq,0,0.0,50,0.5,0.2459613737678974,0.5692826696450959,0.432054912054912,116723.0,1.4581726789474487,uniform,2.241844147343144,2.2418441473431434,,,0.5
ctrl_full_multidlydmintseq_netseed0_lnp_uniform_p50_pruneseed1,lnp_uniform,noise_prune_uniform_rescale,multidlydmintseq,0,1.0,50,0.5,0.2037792619270133,0.5692826696450959,0.35795795795795793,116971.0,1.2261227369308472,uniform,2.2418441473431443,2.2418441473431434,,,0.5
ctrl_full_multidlydmintseq_netseed0_lnp_uniform_p50_pruneseed2,lnp_uniform,noise_prune_uniform_rescale,multidlydmintseq,0,2.0,50,0.5,0.2341800799096051,0.5692826696450959,0.4113599313599313,116624.0,1.2230441570281982,uniform,2.241844147343144,2.2418441473431434,,,0.5
ctrl_full_multidlydmintseq_netseed0_lnp_uniform_p60_pruneseed0,lnp_uniform,noise_prune_uniform_rescale,multidlydmintseq,0,0.0,60,0.6,0.1537722608817409,0.5692826696450959,0.27011583011583,96408.0,1.4214692115783691,uniform,2.7124489970194365,2.712448997019437,,,0.5
ctrl_full_multidlydmintseq_netseed0_lnp_uniform_p60_pruneseed1,lnp_uniform,noise_prune_uniform_rescale,multidlydmintseq,0,1.0,60,0.6,0.1439219529985639,0.5692826696450959,0.25281281281281265,96888.0,1.648622751235962,uniform,2.712448997019439,2.7124489970194383,,,0.5
ctrl_full_multidlydmintseq_netseed0_lnp_uniform_p60_pruneseed2,lnp_uniform,noise_prune_uniform_rescale,multidlydmintseq,0,2.0,60,0.6,0.1814475556583099,0.5692826696450959,0.31873015873015864,96517.0,1.4820324182510376,uniform,2.712448997019439,2.7124489970194383,,,0.5
ctrl_full_multidlydmintseq_netseed0_lnp_uniform_p70_pruneseed0,lnp_uniform,noise_prune_uniform_rescale,multidlydmintseq,0,0.0,70,0.7,0.1065689342455315,0.5692826696450959,0.18719862719862712,74049.0,2.056870460510254,uniform,3.5251567894218576,3.52515678942186,,,0.5
ctrl_full_multidlydmintseq_netseed0_lnp_uniform_p70_pruneseed1,lnp_uniform,noise_prune_uniform_rescale,multidlydmintseq,0,1.0,70,0.7,0.1025311220884606,0.5692826696450959,0.18010582010582002,74452.0,1.903842210769653,uniform,3.525156789421857,3.52515678942186,,,0.5
ctrl_full_multidlydmintseq_netseed0_lnp_uniform_p70_pruneseed2,lnp_uniform,noise_prune_uniform_rescale,multidlydmintseq,0,2.0,70,0.7,0.1222675571562079,0.5692826696450959,0.21477477477477463,74281.0,1.999912142753601,uniform,3.5251567894218576,3.52515678942186,,,0.5
ctrl_full_multidlydmintseq_netseed0_lnp_uniform_p80_pruneseed0,lnp_uniform,noise_prune_uniform_rescale,multidlydmintseq,0,0.0,80,0.8,0.0688837728795787,0.5692826696450959,0.12100100100100088,50891.0,2.768399715423584,uniform,5.151497387196656,5.151497387196656,,,0.5
ctrl_full_multidlydmintseq_netseed0_lnp_uniform_p80_pruneseed1,lnp_uniform,noise_prune_uniform_rescale,multidlydmintseq,0,1.0,80,0.8,0.0760867087597729,0.5692826696450959,0.13365365365365353,50882.0,2.7910563945770264,uniform,5.151497387196656,5.151497387196656,,,0.5
ctrl_full_multidlydmintseq_netseed0_lnp_uniform_p80_pruneseed2,lnp_uniform,noise_prune_uniform_rescale,multidlydmintseq,0,2.0,80,0.8,0.0671677027128236,0.5692826696450959,0.11798655798655792,50823.0,2.619258403778076,uniform,5.151497387196656,5.151497387196656,,,0.5
ctrl_full_multidlydmintseq_netseed0_snp_shuffled_p50_pruneseed0,snp_shuffled,simulation_noise_prune_shuffled_rescale,multidlydmintseq,0,0.0,50,0.5,0.0842665346779682,0.5692826696450959,0.148022308022308,117032.0,3.205371379852295,shuffle,2.2396317669838077,489.17198093454425,,,0.0
ctrl_full_multidlydmintseq_netseed0_snp_shuffled_p50_pruneseed1,snp_shuffled,simulation_noise_prune_shuffled_rescale,multidlydmintseq,0,1.0,50,0.5,0.0664122410834361,0.5692826696450959,0.11665951665951652,117127.0,3.3525805473327637,shuffle,2.223266577251813,266.3258777864051,,,0.0
ctrl_full_multidlydmintseq_netseed0_snp_shuffled_p50_pruneseed2,snp_shuffled,simulation_noise_prune_shuffled_rescale,multidlydmintseq,0,2.0,50,0.5,0.0641198057942604,0.5692826696450959,0.11263263263263254,117227.0,2.8615334033966064,shuffle,2.222227725254426,316.98230016186443,,,0.0
ctrl_full_multidlydmintseq_netseed0_snp_shuffled_p60_pruneseed0,snp_shuffled,simulation_noise_prune_shuffled_rescale,multidlydmintseq,0,0.0,60,0.6,0.060235039743143,0.5692826696450959,0.10580866580866573,97340.0,4.045352458953857,shuffle,2.6894450418707256,603.2004810106574,,,0.0
ctrl_full_multidlydmintseq_netseed0_snp_shuffled_p60_pruneseed1,snp_shuffled,simulation_noise_prune_shuffled_rescale,multidlydmintseq,0,1.0,60,0.6,0.0627293656401723,0.5692826696450959,0.11019019019019013,97409.0,3.559319496154785,shuffle,2.6674051695841388,332.9073472330064,,,0.0
ctrl_full_multidlydmintseq_netseed0_snp_shuffled_p60_pruneseed2,snp_shuffled,simulation_noise_prune_shuffled_rescale,multidlydmintseq,0,2.0,60,0.6,0.074595323301758,0.5692826696450959,0.13103389103389088,97654.0,3.493034601211548,shuffle,2.6861721191537535,396.22787520233055,,,0.0
ctrl_full_multidlydmintseq_netseed0_snp_shuffled_p70_pruneseed0,snp_shuffled,simulation_noise_prune_shuffled_rescale,multidlydmintseq,0,0.0,70,0.7,0.0578221213492805,0.5692826696450959,0.10157014157014152,75146.0,4.396694183349609,shuffle,3.4892605277439204,804.2673080142099,,,0.0
ctrl_full_multidlydmintseq_netseed0_snp_shuffled_p70_pruneseed1,snp_shuffled,simulation_noise_prune_shuffled_rescale,multidlydmintseq,0,1.0,70,0.7,0.0464348398063152,0.5692826696450959,0.08156728156728145,74951.0,4.011073589324951,shuffle,3.4166003926084025,346.5915752895854,,,0.0
ctrl_full_multidlydmintseq_netseed0_snp_shuffled_p70_pruneseed2,snp_shuffled,simulation_noise_prune_shuffled_rescale,multidlydmintseq,0,2.0,70,0.7,0.0789750469721293,0.5692826696450959,0.13872729872729866,75602.0,3.970950126647949,shuffle,3.4474109388281557,528.3038336031074,,,0.0
ctrl_full_multidlydmintseq_netseed0_snp_shuffled_p80_pruneseed0,snp_shuffled,simulation_noise_prune_shuffled_rescale,multidlydmintseq,0,0.0,80,0.8,0.0579719111551073,0.5692826696450959,0.10183326183326176,51301.0,5.8000922203063965,shuffle,5.121557683886822,1206.4009620213153,,,0.0
ctrl_full_multidlydmintseq_netseed0_snp_shuffled_p80_pruneseed1,snp_shuffled,simulation_noise_prune_shuffled_rescale,multidlydmintseq,0,1.0,80,0.8,0.0640123478900803,0.5692826696450959,0.11244387244387237,51058.0,4.496898651123047,shuffle,4.975419716641141,283.0123467291796,,,0.0
ctrl_full_multidlydmintseq_netseed0_snp_shuffled_p80_pruneseed2,snp_shuffled,simulation_noise_prune_shuffled_rescale,multidlydmintseq,0,2.0,80,0.8,0.0560441814801186,0.5692826696450959,0.09844701844701834,51497.0,5.295144081115723,shuffle,5.03418031907216,494.3744907960911,,,0.0
ctrl_full_multidlydmintseq_netseed0_snp_uniform_p50_pruneseed0,snp_uniform,simulation_noise_prune_uniform_rescale,multidlydmintseq,0,0.0,50,0.5,0.244593727714696,0.5692826696450959,0.4296525096525096,117342.0,1.0938891172409058,uniform,2.234456102640237,2.234456102640236,,,0.0
ctrl_full_multidlydmintseq_netseed0_snp_uniform_p50_pruneseed1,snp_uniform,simulation_noise_prune_uniform_rescale,multidlydmintseq,0,1.0,50,0.5,0.2121186465514153,0.5692826696450959,0.3726068926068925,117096.0,1.2891240119934082,uniform,2.2342219342244465,2.2342219342244465,,,0.0
ctrl_full_multidlydmintseq_netseed0_snp_uniform_p50_pruneseed2,snp_uniform,simulation_noise_prune_uniform_rescale,multidlydmintseq,0,2.0,50,0.5,0.2192206371276827,0.5692826696450959,0.3850822250822249,117359.0,1.1236766576766968,uniform,2.234769046236508,2.234769046236507,,,0.0
ctrl_full_multidlydmintseq_netseed0_snp_uniform_p60_pruneseed0,snp_uniform,simulation_noise_prune_uniform_rescale,multidlydmintseq,0,0.0,60,0.6,0.1650879038219194,0.5692826696450959,0.28999284999284985,97569.0,1.4310264587402344,uniform,2.687462737426432,2.6874627374264324,,,0.0
ctrl_full_multidlydmintseq_netseed0_snp_uniform_p60_pruneseed1,snp_uniform,simulation_noise_prune_uniform_rescale,multidlydmintseq,0,1.0,60,0.6,0.163710488868338,0.5692826696450959,0.28757328757328754,97319.0,1.529685139656067,uniform,2.687437721486556,2.6874377214865555,,,0.0
ctrl_full_multidlydmintseq_netseed0_snp_uniform_p60_pruneseed2,snp_uniform,simulation_noise_prune_uniform_rescale,multidlydmintseq,0,2.0,60,0.6,0.1567094435959973,0.5692826696450959,0.2752752752752752,97776.0,1.4510045051574707,uniform,2.6880782961048695,2.6880782961048695,,,0.0
ctrl_full_multidlydmintseq_netseed0_snp_uniform_p70_pruneseed0,snp_uniform,simulation_noise_prune_uniform_rescale,multidlydmintseq,0,0.0,70,0.7,0.1202160880764058,0.5692826696450959,0.2111711711711711,75342.0,1.849308967590332,uniform,3.4772938067809354,3.477293806780936,,,0.0
ctrl_full_multidlydmintseq_netseed0_snp_uniform_p70_pruneseed1,snp_uniform,simulation_noise_prune_uniform_rescale,multidlydmintseq,0,1.0,70,0.7,0.1040680957482489,0.5692826696450959,0.18280566280566277,75258.0,1.8347699642181396,uniform,3.477569757815935,3.477569757815935,,,0.0
ctrl_full_multidlydmintseq_netseed0_snp_uniform_p70_pruneseed2,snp_uniform,simulation_noise_prune_uniform_rescale,multidlydmintseq,0,2.0,70,0.7,0.1090079030404074,0.5692826696450959,0.19148291148291144,75336.0,1.8084715604782104,uniform,3.478306898470855,3.478306898470855,,,0.0
ctrl_full_multidlydmintseq_netseed0_snp_uniform_p80_pruneseed0,snp_uniform,simulation_noise_prune_uniform_rescale,multidlydmintseq,0,0.0,80,0.8,0.0946899513834391,0.5692826696450959,0.1663320463320463,51346.0,2.671525001525879,uniform,5.093035275559154,5.093035275559155,,,0.0
ctrl_full_multidlydmintseq_netseed0_snp_uniform_p80_pruneseed1,snp_uniform,simulation_noise_prune_uniform_rescale,multidlydmintseq,0,1.0,80,0.8,0.0580207556570073,0.5692826696450959,0.10191906191906175,51355.0,2.680173873901367,uniform,5.0935841830758894,5.093584183075887,,,0.0
ctrl_full_multidlydmintseq_netseed0_snp_uniform_p80_pruneseed2,snp_uniform,simulation_noise_prune_uniform_rescale,multidlydmintseq,0,2.0,80,0.8,0.0739733699775641,0.5692826696450959,0.12994136994136993,51498.0,2.9243834018707275,uniform,5.094291855176961,5.094291855176961,,,0.0
ctrl_full_multidlydmintseq_netseed0_magnitude_p50_pruneseed0,magnitude,l1_unstructured,multidlydmintseq,0,0.0,50,0.5,0.4052367818637108,0.5692826696450959,0.7118375518375518,131072.0,0.2635485231876373,,,,,,
ctrl_full_multidlydmintseq_netseed0_magnitude_p60_pruneseed0,magnitude,l1_unstructured,multidlydmintseq,0,0.0,60,0.6,0.2329101228602037,0.5692826696450959,0.40912912912912897,104858.0,0.2409118413925171,,,,,,
ctrl_full_multidlydmintseq_netseed0_magnitude_p70_pruneseed0,magnitude,l1_unstructured,multidlydmintseq,0,0.0,70,0.7,0.1052208259930901,0.5692826696450959,0.18483054483054476,78643.0,0.2832741439342499,,,,,,
ctrl_full_multidlydmintseq_netseed0_magnitude_p80_pruneseed0,magnitude,l1_unstructured,multidlydmintseq,0,0.0,80,0.8,0.0462720247999817,0.5692826696450959,0.08128128128128116,52429.0,0.298682153224945,,,,,,
ctrl_full_multidlydmintseq_netseed0_magnitude_gain_invdensity_p50_pruneseed0,magnitude_gain_invdensity,l1_unstructured_gain,multidlydmintseq,0,0.0,50,0.5,0.0603359850470698,0.5692826696450959,0.10598598598598595,131072.0,1.5221613645553589,,,,1.99609375,1.5740332534536974,
ctrl_full_multidlydmintseq_netseed0_magnitude_gain_invdensity_p60_pruneseed0,magnitude_gain_invdensity,l1_unstructured_gain,multidlydmintseq,0,0.0,60,0.6,0.1520757285157458,0.5692826696450959,0.26713570713570706,104858.0,2.0962085723876953,,,,2.495107669419596,1.7249491276752218,
ctrl_full_multidlydmintseq_netseed0_magnitude_gain_invdensity_p70_pruneseed0,magnitude_gain_invdensity,l1_unstructured_gain,multidlydmintseq,0,0.0,70,0.7,0.20387043833056,0.5692826696450959,0.358118118118118,78643.0,3.2692365646362305,,,,3.326831377236372,1.9043383593519816,
ctrl_full_multidlydmintseq_netseed0_magnitude_gain_invdensity_p80_pruneseed0,magnitude_gain_invdensity,l1_unstructured_gain,multidlydmintseq,0,0.0,80,0.8,0.149112495400476,0.5692826696450959,0.26193050193050177,52429.0,5.480703830718994,,,,4.990215338839192,2.135657316485022,
ctrl_full_multidlydmintseq_netseed0_magnitude_gain_matchl1_p50_pruneseed0,magnitude_gain_matchl1,l1_unstructured_gain,multidlydmintseq,0,0.0,50,0.5,0.0895059215817803,0.5692826696450959,0.15722579722579713,131072.0,0.6023557782173157,,,,1.2681394637491776,1.0,
ctrl_full_multidlydmintseq_netseed0_magnitude_gain_matchl1_p60_pruneseed0,magnitude_gain_matchl1,l1_unstructured_gain,multidlydmintseq,0,0.0,60,0.6,0.0543769558152635,0.5692826696450959,0.09551837551837537,104858.0,0.794956386089325,,,,1.4464818133715367,1.0,
ctrl_full_multidlydmintseq_netseed0_magnitude_gain_matchl1_p70_pruneseed0,magnitude_gain_matchl1,l1_unstructured_gain,multidlydmintseq,0,0.0,70,0.7,0.0424979729531711,0.5692826696450959,0.07465179465179456,78643.0,1.2418476343154907,,,,1.7469748231204238,1.0,
ctrl_full_multidlydmintseq_netseed0_magnitude_gain_matchl1_p80_pruneseed0,magnitude_gain_matchl1,l1_unstructured_gain,multidlydmintseq,0,0.0,80,0.8,0.0437809552030791,0.5692826696450959,0.07690547690547679,52429.0,2.0345237255096436,,,,2.336617777368609,0.9999999384373148,
ctrl_full_multidlydmintseq_netseed0_random_p50_pruneseed0,random,random_unstructured,multidlydmintseq,0,0.0,50,0.5,0.0423677209481043,0.5692826696450959,0.07442299442299434,130812.0,0.0179665405303239,,,,,,
ctrl_full_multidlydmintseq_netseed0_random_p50_pruneseed1,random,random_unstructured,multidlydmintseq,0,1.0,50,0.5,0.0382680390886267,0.5692826696450959,0.06722150722150719,130803.0,0.0373510606586933,,,,,,
ctrl_full_multidlydmintseq_netseed0_random_p50_pruneseed2,random,random_unstructured,multidlydmintseq,0,2.0,50,0.5,0.0394240256335945,0.5692826696450959,0.06925210925210908,130825.0,-0.0171466264873743,,,,,,
ctrl_full_multidlydmintseq_netseed0_random_p60_pruneseed0,random,random_unstructured,multidlydmintseq,0,0.0,60,0.6,0.0461287475944082,0.5692826696450959,0.08102960102960088,104643.0,-0.0450990237295627,,,,,,
ctrl_full_multidlydmintseq_netseed0_random_p60_pruneseed1,random,random_unstructured,multidlydmintseq,0,1.0,60,0.6,0.0418695070287238,0.5692826696450959,0.07354783354783351,104641.0,-0.0853382423520088,,,,,,
ctrl_full_multidlydmintseq_netseed0_random_p60_pruneseed2,random,random_unstructured,multidlydmintseq,0,2.0,60,0.6,0.043022237273565,0.5692826696450959,0.07557271557271551,104657.0,-0.0050832633860409,,,,,,
ctrl_full_multidlydmintseq_netseed0_random_p70_pruneseed0,random,random_unstructured,multidlydmintseq,0,0.0,70,0.7,0.0549891402390775,0.5692826696450959,0.09659373659373649,78486.0,-0.0958026796579361,,,,,,
ctrl_full_multidlydmintseq_netseed0_random_p70_pruneseed1,random,random_unstructured,multidlydmintseq,0,1.0,70,0.7,0.0513192899963203,0.5692826696450959,0.09014729014729,78481.0,-0.1176372990012168,,,,,,
ctrl_full_multidlydmintseq_netseed0_random_p70_pruneseed2,random,random_unstructured,multidlydmintseq,0,2.0,70,0.7,0.0553798962542779,0.5692826696450959,0.09728013728013717,78487.0,-0.1169158518314361,,,,,,
ctrl_full_multidlydmintseq_netseed0_random_p80_pruneseed0,random,random_unstructured,multidlydmintseq,0,0.0,80,0.8,0.0477341035568566,0.5692826696450959,0.0838495638495638,52325.0,-0.2190390229225158,,,,,,
ctrl_full_multidlydmintseq_netseed0_random_p80_pruneseed1,random,random_unstructured,multidlydmintseq,0,1.0,80,0.8,0.0476136204521698,0.5692826696450959,0.08363792363792356,52319.0,-0.3011772930622101,,,,,,
ctrl_full_multidlydmintseq_netseed0_random_p80_pruneseed2,random,random_unstructured,multidlydmintseq,0,2.0,80,0.8,0.0469884108278491,0.5692826696450959,0.0825396825396824,52322.0,-0.2394431084394455,,,,,,
ctrl_full_multidlydmintseq_netseed0_random_gain_invdensity_p50_pruneseed0,random_gain_invdensity,random_unstructured_gain,multidlydmintseq,0,0.0,50,0.5,0.2749912893971611,0.5692826696450959,0.48304876304876293,130812.0,1.0359954833984375,,,,2.0000611564688255,1.002194401908049,
ctrl_full_multidlydmintseq_netseed0_random_gain_invdensity_p50_pruneseed1,random_gain_invdensity,random_unstructured_gain,multidlydmintseq,0,1.0,50,0.5,0.3015854925316756,0.5692826696450959,0.5297640497640497,130803.0,1.0749083757400513,,,,2.0001987721994143,1.00034068789898,
ctrl_full_multidlydmintseq_netseed0_random_gain_invdensity_p50_pruneseed2,random_gain_invdensity,random_unstructured_gain,multidlydmintseq,0,2.0,50,0.5,0.3286030146826573,0.5692826696450959,0.5772229372229373,130825.0,0.9655715227127076,,,,1.999862411618574,0.9991162060936468,
ctrl_full_multidlydmintseq_netseed0_random_gain_invdensity_p60_pruneseed0,random_gain_invdensity,random_unstructured_gain,multidlydmintseq,0,0.0,60,0.6,0.169780232304451,0.5692826696450959,0.29823537823537816,104643.0,1.3874759674072266,,,,2.500234129373202,1.0035415781446555,
ctrl_full_multidlydmintseq_netseed0_random_gain_invdensity_p60_pruneseed1,random_gain_invdensity,random_unstructured_gain,multidlydmintseq,0,1.0,60,0.6,0.1951272724904509,0.5692826696450959,0.3427599027599027,104641.0,1.286912202835083,,,,2.5002819162660908,1.0009742910533534,
ctrl_full_multidlydmintseq_netseed0_random_gain_invdensity_p60_pruneseed2,random_gain_invdensity,random_unstructured_gain,multidlydmintseq,0,2.0,60,0.6,0.2002298947889429,0.5692826696450959,0.3517231517231517,104657.0,1.4871920347213743,,,,2.4998996722627247,1.0006838383053616,
ctrl_full_multidlydmintseq_netseed0_random_gain_invdensity_p70_pruneseed0,random_gain_invdensity,random_unstructured_gain,multidlydmintseq,0,0.0,70,0.7,0.1198709202629788,0.5692826696450959,0.21056485056485055,78486.0,2.014129400253296,,,,3.3334862268430037,1.0042674637638958,
ctrl_full_multidlydmintseq_netseed0_random_gain_invdensity_p70_pruneseed1,random_gain_invdensity,random_unstructured_gain,multidlydmintseq,0,1.0,70,0.7,0.1285326785999212,0.5692826696450959,0.2257800657800658,78481.0,1.9415313005447388,,,,3.3336986022094517,1.0023999597133788,
ctrl_full_multidlydmintseq_netseed0_random_gain_invdensity_p70_pruneseed2,random_gain_invdensity,random_unstructured_gain,multidlydmintseq,0,2.0,70,0.7,0.1117301699463036,0.5692826696450959,0.19626483626483623,78487.0,1.943711280822754,,,,3.333443755016754,0.9999342510523832,
ctrl_full_multidlydmintseq_netseed0_random_gain_invdensity_p80_pruneseed0,random_gain_invdensity,random_unstructured_gain,multidlydmintseq,0,0.0,80,0.8,0.0713455357753413,0.5692826696450959,0.12532532532532525,52325.0,2.904909610748291,,,,5.000133779264214,1.0036427871988522,
ctrl_full_multidlydmintseq_netseed0_random_gain_invdensity_p80_pruneseed1,random_gain_invdensity,random_unstructured_gain,multidlydmintseq,0,1.0,80,0.8,0.0551747493462977,0.5692826696450959,0.09691977691977682,52319.0,2.49460768699646,,,,5.000707200061163,0.9993412177074474,
ctrl_full_multidlydmintseq_netseed0_random_gain_invdensity_p80_pruneseed2,random_gain_invdensity,random_unstructured_gain,multidlydmintseq,0,2.0,80,0.8,0.0847386981963353,0.5692826696450959,0.14885170885170873,52322.0,2.8031044006347656,,,,5.0004204732235005,0.9978858142705506,
ctrl_full_multidlydmintseq_netseed1_lnp_rescale_p50_pruneseed0,lnp_rescale,noise_prune,multidlydmintseq,1,0.0,50,0.5,0.5159184231692266,0.6083908341664035,0.8480049241309175,116658.0,0.5793136954307556,none,2.2422314511877808,651.1119581243053,,,0.5
ctrl_full_multidlydmintseq_netseed1_lnp_rescale_p50_pruneseed1,lnp_rescale,noise_prune,multidlydmintseq,1,1.0,50,0.5,0.479594395256222,0.6083908341664035,0.7882998367543554,116900.0,0.5996790528297424,none,2.242204543873664,491.7873834817941,,,0.5
ctrl_full_multidlydmintseq_netseed1_lnp_rescale_p50_pruneseed2,lnp_rescale,noise_prune,multidlydmintseq,1,2.0,50,0.5,0.4771684516618528,0.6083908341664035,0.7843123611742981,116769.0,0.6029486656188965,none,2.2461397726197694,539.5511807320089,,,0.5
ctrl_full_multidlydmintseq_netseed1_lnp_rescale_p60_pruneseed0,lnp_rescale,noise_prune,multidlydmintseq,1,0.0,60,0.6,0.4064937137126054,0.6083908341664035,0.6681456900473678,96511.0,0.8659244775772095,none,2.701965646662147,813.8899476553815,,,0.5
ctrl_full_multidlydmintseq_netseed1_lnp_rescale_p60_pruneseed1,lnp_rescale,noise_prune,multidlydmintseq,1,1.0,60,0.6,0.3705213662132811,0.6083908341664035,0.6090186528220086,97011.0,0.8882831931114197,none,2.7081868756940817,430.0167413339035,,,0.5
ctrl_full_multidlydmintseq_netseed1_lnp_rescale_p60_pruneseed2,lnp_rescale,noise_prune,multidlydmintseq,1,2.0,60,0.6,0.3817686268507996,0.6083908341664035,0.6275055530280729,96702.0,0.8811820149421692,none,2.6964192699843736,329.6373257728321,,,0.5
ctrl_full_multidlydmintseq_netseed1_lnp_rescale_p70_pruneseed0,lnp_rescale,noise_prune,multidlydmintseq,1,0.0,70,0.7,0.2495009720055878,0.6083908341664035,0.41009982069740675,74651.0,1.2384215593338013,none,3.4876176342906184,376.84649103040505,,,0.5
ctrl_full_multidlydmintseq_netseed1_lnp_rescale_p70_pruneseed1,lnp_rescale,noise_prune,multidlydmintseq,1,1.0,70,0.7,0.2261044555954633,0.6083908341664035,0.37164342869376715,74971.0,1.293891668319702,none,3.5128788434138496,573.3556551118713,,,0.5
ctrl_full_multidlydmintseq_netseed1_lnp_rescale_p70_pruneseed2,lnp_rescale,noise_prune,multidlydmintseq,1,2.0,70,0.7,0.2612171398613467,0.6083908341664035,0.4293574544384081,74556.0,1.3070199489593506,none,3.4926778535449907,393.5643053993956,,,0.5
ctrl_full_multidlydmintseq_netseed1_lnp_rescale_p80_pruneseed0,lnp_rescale,noise_prune,multidlydmintseq,1,0.0,80,0.8,0.1126158835807578,0.6083908341664035,0.18510450397409467,51373.0,1.866742730140686,none,5.115147204219323,565.2697365456077,,,0.5
ctrl_full_multidlydmintseq_netseed1_lnp_rescale_p80_pruneseed1,lnp_rescale,noise_prune,multidlydmintseq,1,1.0,80,0.8,0.086321260057897,0.6083908341664035,0.14188455053924584,51198.0,1.8695825338363647,none,5.115647301828939,860.0334826678072,,,0.5
ctrl_full_multidlydmintseq_netseed1_lnp_rescale_p80_pruneseed2,lnp_rescale,noise_prune,multidlydmintseq,1,2.0,80,0.8,0.1290146110186683,0.6083908341664035,0.21205876843203883,51114.0,1.8876307010650637,none,5.092320606749315,590.3464580990935,,,0.5
ctrl_full_multidlydmintseq_netseed1_snp_rescale_p50_pruneseed0,snp_rescale,simulation_noise_prune_rescale,multidlydmintseq,1,0.0,50,0.5,0.4997932249419564,0.6083908341664035,0.82150025423502,119225.0,0.7255880832672119,none,2.1972663170592237,762.5721622869017,,,0.0
ctrl_full_multidlydmintseq_netseed1_snp_rescale_p50_pruneseed1,snp_rescale,simulation_noise_prune_rescale,multidlydmintseq,1,1.0,50,0.5,0.5196045549126171,0.6083908341664035,0.8540637460861187,118920.0,0.5819273591041565,none,2.19744853062896,510.69306496584727,,,0.0
ctrl_full_multidlydmintseq_netseed1_snp_rescale_p50_pruneseed2,snp_rescale,simulation_noise_prune_rescale,multidlydmintseq,1,2.0,50,0.5,0.5070873372256974,0.6083908341664035,0.8334894425562662,119292.0,0.5464760661125183,none,2.204259718197429,871.1372684908805,,,0.0
ctrl_full_multidlydmintseq_netseed1_snp_rescale_p60_pruneseed0,snp_rescale,simulation_noise_prune_rescale,multidlydmintseq,1,0.0,60,0.6,0.4357190073494694,0.6083908341664035,0.7161827280755747,99563.0,0.8186336159706116,none,2.6364763080927243,953.215202858627,,,0.0
ctrl_full_multidlydmintseq_netseed1_snp_rescale_p60_pruneseed1,snp_rescale,simulation_noise_prune_rescale,multidlydmintseq,1,1.0,60,0.6,0.3867019215427048,0.6083908341664035,0.6356143120935585,99124.0,0.8706483244895935,none,2.6359887189662614,638.366331207309,,,0.0
ctrl_full_multidlydmintseq_netseed1_snp_rescale_p60_pruneseed2,snp_rescale,simulation_noise_prune_rescale,multidlydmintseq,1,2.0,60,0.6,0.415923958879442,0.6083908341664035,0.6836459978055504,99306.0,0.8458872437477112,none,2.642287098216997,1088.9215856136009,,,0.0
ctrl_full_multidlydmintseq_netseed1_snp_rescale_p70_pruneseed0,snp_rescale,simulation_noise_prune_rescale,multidlydmintseq,1,0.0,70,0.7,0.2435126360726415,0.6083908341664035,0.4002569111783123,76683.0,1.2513980865478516,none,3.418261867668481,1270.9536038115027,,,0.0
ctrl_full_multidlydmintseq_netseed1_snp_rescale_p70_pruneseed1,snp_rescale,simulation_noise_prune_rescale,multidlydmintseq,1,1.0,70,0.7,0.2249549816507488,0.6083908341664035,0.369754061069928,76439.0,1.3000315427780151,none,3.3912639920436387,734.4910171087466,,,0.0
ctrl_full_multidlydmintseq_netseed1_snp_rescale_p70_pruneseed2,snp_rescale,simulation_noise_prune_rescale,multidlydmintseq,1,2.0,70,0.7,0.2491720856927941,0.6083908341664035,0.4095592367597077,76566.0,1.2847156524658203,none,3.4254924380839906,576.9358195207355,,,0.0
ctrl_full_multidlydmintseq_netseed1_snp_rescale_p80_pruneseed0,snp_rescale,simulation_noise_prune_rescale,multidlydmintseq,1,0.0,80,0.8,0.1384741628866449,0.6083908341664035,0.22760724703615484,51994.0,2.1769614219665527,none,5.0506426987874,1906.4304057172544,,,0.0
ctrl_full_multidlydmintseq_netseed1_snp_rescale_p80_pruneseed1,snp_rescale,simulation_noise_prune_rescale,multidlydmintseq,1,1.0,80,0.8,0.1027558067972008,0.6083908341664035,0.16889769047555314,51927.0,2.0755817890167236,none,5.01713861931102,1101.7365256631203,,,0.0
ctrl_full_multidlydmintseq_netseed1_snp_rescale_p80_pruneseed2,snp_rescale,simulation_noise_prune_rescale,multidlydmintseq,1,2.0,80,0.8,0.1073211395747923,0.6083908341664035,0.1764016378087617,52048.0,1.959961175918579,none,5.0205876609719935,509.8891239103699,,,0.0
ctrl_full_multidlydmintseq_netseed1_lnp_shuffled_p50_pruneseed0,lnp_shuffled,noise_prune_shuffled_rescale,multidlydmintseq,1,0.0,50,0.5,0.0399645714546218,0.6083908341664035,0.06568897690475549,116581.0,4.884422302246094,shuffle,2.23733981953026,858.2592665981314,,,0.5
ctrl_full_multidlydmintseq_netseed1_lnp_shuffled_p50_pruneseed1,lnp_shuffled,noise_prune_shuffled_rescale,multidlydmintseq,1,1.0,50,0.5,0.0580989068600474,0.6083908341664035,0.09549602590521035,116482.0,3.4108526706695557,shuffle,2.2455563601336235,912.8160752923822,,,0.5
ctrl_full_multidlydmintseq_netseed1_lnp_shuffled_p50_pruneseed2,lnp_shuffled,noise_prune_shuffled_rescale,multidlydmintseq,1,2.0,50,0.5,0.0628368235443524,0.6083908341664035,0.10328364599780548,116572.0,3.65764832496643,shuffle,2.2460337570277034,919.6093681695694,,,0.5
ctrl_full_multidlydmintseq_netseed1_lnp_shuffled_p60_pruneseed0,lnp_shuffled,noise_prune_shuffled_rescale,multidlydmintseq,1,0.0,60,0.6,0.05422390970931,0.6083908341664035,0.08912676960954838,96639.0,5.956859111785889,shuffle,2.6957212920501115,1072.8240832476642,,,0.5
ctrl_full_multidlydmintseq_netseed1_lnp_shuffled_p60_pruneseed1,lnp_shuffled,noise_prune_shuffled_rescale,multidlydmintseq,1,1.0,60,0.6,0.0683497396588048,0.6083908341664035,0.11234511734953287,96859.0,4.528100967407227,shuffle,2.70811884073293,1141.0200941154778,,,0.5
ctrl_full_multidlydmintseq_netseed1_lnp_shuffled_p60_pruneseed2,lnp_shuffled,noise_prune_shuffled_rescale,multidlydmintseq,1,2.0,60,0.6,0.0593623513091954,0.6083908341664035,0.09757272459656904,96780.0,3.784552812576294,shuffle,2.7165220995702497,1149.5117102119616,,,0.5
ctrl_full_multidlydmintseq_netseed1_lnp_shuffled_p70_pruneseed0,lnp_shuffled,noise_prune_shuffled_rescale,multidlydmintseq,1,0.0,70,0.7,0.0530353601630755,0.6083908341664035,0.08717317419113119,74781.0,8.7357816696167,shuffle,3.4961577590118145,1430.4321109968855,,,0.5
ctrl_full_multidlydmintseq_netseed1_lnp_shuffled_p70_pruneseed1,lnp_shuffled,noise_prune_shuffled_rescale,multidlydmintseq,1,1.0,70,0.7,0.0610621399753172,0.6083908341664035,0.1003666336607166,74707.0,4.283384799957275,shuffle,3.516502085102866,1521.3601254873035,,,0.5
ctrl_full_multidlydmintseq_netseed1_lnp_shuffled_p70_pruneseed2,lnp_shuffled,noise_prune_shuffled_rescale,multidlydmintseq,1,2.0,70,0.7,0.06055090085543,0.6083908341664035,0.09952632001498642,74872.0,4.3949174880981445,shuffle,3.505345605811561,351.11693802919217,,,0.5
ctrl_full_multidlydmintseq_netseed1_lnp_shuffled_p80_pruneseed0,lnp_shuffled,noise_prune_shuffled_rescale,multidlydmintseq,1,0.0,80,0.8,0.0618078327043246,0.6083908341664035,0.10159231407391532,51315.0,13.359060287475586,shuffle,5.095831478257799,2145.648166495329,,,0.5
ctrl_full_multidlydmintseq_netseed1_lnp_shuffled_p80_pruneseed1,lnp_shuffled,noise_prune_shuffled_rescale,multidlydmintseq,1,1.0,80,0.8,0.0645366122104742,0.6083908341664035,0.10607755506195303,51171.0,5.1504106521606445,shuffle,5.057558489452398,627.6699372442425,,,0.5
ctrl_full_multidlydmintseq_netseed1_lnp_shuffled_p80_pruneseed2,lnp_shuffled,noise_prune_shuffled_rescale,multidlydmintseq,1,2.0,80,0.8,0.0625698069339655,0.6083908341664035,0.1028447560681885,51287.0,5.912952423095703,shuffle,5.096217277086231,526.6754070437884,,,0.5
ctrl_full_multidlydmintseq_netseed1_lnp_uniform_p50_pruneseed0,lnp_uniform,noise_prune_uniform_rescale,multidlydmintseq,1,0.0,50,0.5,0.1718023946831131,0.6083908341664035,0.2823882034950624,116657.0,1.4600069522857666,uniform,2.2427644069951356,2.2427644069951373,,,0.5
ctrl_full_multidlydmintseq_netseed1_lnp_uniform_p50_pruneseed1,lnp_uniform,noise_prune_uniform_rescale,multidlydmintseq,1,1.0,50,0.5,0.151619846498012,0.6083908341664035,0.24921454759547187,116932.0,1.254741907119751,uniform,2.242764406995136,2.2427644069951373,,,0.5
ctrl_full_multidlydmintseq_netseed1_lnp_uniform_p50_pruneseed2,lnp_uniform,noise_prune_uniform_rescale,multidlydmintseq,1,2.0,50,0.5,0.2405461466572451,0.6083908341664035,0.3953809511065913,116565.0,1.4167498350143433,uniform,2.242764406995136,2.2427644069951373,,,0.5
ctrl_full_multidlydmintseq_netseed1_lnp_uniform_p60_pruneseed0,lnp_uniform,noise_prune_uniform_rescale,multidlydmintseq,1,0.0,60,0.6,0.1526748877390531,0.6083908341664035,0.25094869804908065,96681.0,1.5975383520126345,uniform,2.7048354357230027,2.7048354357230027,,,0.5
ctrl_full_multidlydmintseq_netseed1_lnp_uniform_p60_pruneseed1,lnp_uniform,noise_prune_uniform_rescale,multidlydmintseq,1,1.0,60,0.6,0.1495065077158031,0.6083908341664035,0.2457408943720394,97158.0,1.864734172821045,uniform,2.7048354357230027,2.7048354357230027,,,0.5
ctrl_full_multidlydmintseq_netseed1_lnp_uniform_p60_pruneseed2,lnp_uniform,noise_prune_uniform_rescale,multidlydmintseq,1,2.0,60,0.6,0.1366538911158363,0.6083908341664035,0.22461530227205814,96775.0,1.6245923042297363,uniform,2.7048354357230027,2.7048354357230027,,,0.5
ctrl_full_multidlydmintseq_netseed1_lnp_uniform_p70_pruneseed0,lnp_uniform,noise_prune_uniform_rescale,multidlydmintseq,1,0.0,70,0.7,0.097167995779835,0.6083908341664035,0.15971311585088438,74506.0,2.00911021232605,uniform,3.5031764632373674,3.503176463237369,,,0.5
ctrl_full_multidlydmintseq_netseed1_lnp_uniform_p70_pruneseed1,lnp_uniform,noise_prune_uniform_rescale,multidlydmintseq,1,1.0,70,0.7,0.1063507621370446,0.6083908341664035,0.17480664757673875,74885.0,2.13856840133667,uniform,3.5031764632373674,3.503176463237369,,,0.5
ctrl_full_multidlydmintseq_netseed1_lnp_uniform_p70_pruneseed2,lnp_uniform,noise_prune_uniform_rescale,multidlydmintseq,1,2.0,70,0.7,0.0994897377701508,0.6083908341664035,0.1635293173120668,74740.0,2.0965819358825684,uniform,3.5031764632373674,3.503176463237369,,,0.5
ctrl_full_multidlydmintseq_netseed1_lnp_uniform_p80_pruneseed0,lnp_uniform,noise_prune_uniform_rescale,multidlydmintseq,1,0.0,80,0.8,0.0713162290742013,0.6083908341664035,0.11722107742125404,51317.0,2.8966264724731445,uniform,5.114138273776461,5.114138273776461,,,0.5
ctrl_full_multidlydmintseq_netseed1_lnp_uniform_p80_pruneseed1,lnp_uniform,noise_prune_uniform_rescale,multidlydmintseq,1,1.0,80,0.8,0.0484537458848507,0.6083908341664035,0.07964246527684853,51243.0,2.798382520675659,uniform,5.114138273776461,5.114138273776461,,,0.5
ctrl_full_multidlydmintseq_netseed1_lnp_uniform_p80_pruneseed2,lnp_uniform,noise_prune_uniform_rescale,multidlydmintseq,1,2.0,80,0.8,0.079391853388343,0.6083908341664035,0.13049482163406195,51179.0,2.7801673412323,uniform,5.114138273776462,5.114138273776461,,,0.5
ctrl_full_multidlydmintseq_netseed1_snp_shuffled_p50_pruneseed0,snp_shuffled,simulation_noise_prune_shuffled_rescale,multidlydmintseq,1,0.0,50,0.5,0.058616658580188,0.6083908341664035,0.09634704418337031,119185.0,2.9725046157836914,shuffle,2.180499399640099,260.8107655319271,,,0.0
ctrl_full_multidlydmintseq_netseed1_snp_shuffled_p50_pruneseed1,snp_shuffled,simulation_noise_prune_shuffled_rescale,multidlydmintseq,1,1.0,50,0.5,0.0379456653760863,0.6083908341664035,0.062370540851553365,118921.0,3.609517335891723,shuffle,2.2090038509152885,954.838804303276,,,0.0
ctrl_full_multidlydmintseq_netseed1_snp_shuffled_p50_pruneseed2,snp_shuffled,simulation_noise_prune_shuffled_rescale,multidlydmintseq,1,2.0,50,0.5,0.0409609992933828,0.6083908341664035,0.06732678566649705,119065.0,5.4106550216674805,shuffle,2.210718331447997,696.6091249517214,,,0.0
ctrl_full_multidlydmintseq_netseed1_snp_shuffled_p60_pruneseed0,snp_shuffled,simulation_noise_prune_shuffled_rescale,multidlydmintseq,1,0.0,60,0.6,0.0531558432677623,0.6083908341664035,0.08737120989108035,99208.0,3.230466842651367,shuffle,2.6106369584784197,326.01345691490883,,,0.0
ctrl_full_multidlydmintseq_netseed1_snp_shuffled_p60_pruneseed1,snp_shuffled,simulation_noise_prune_shuffled_rescale,multidlydmintseq,1,1.0,60,0.6,0.0495674005281718,0.6083908341664035,0.08147295742232438,99120.0,3.5431928634643555,shuffle,2.6398909192442335,1193.5485053790949,,,0.0
ctrl_full_multidlydmintseq_netseed1_snp_shuffled_p60_pruneseed2,snp_shuffled,simulation_noise_prune_shuffled_rescale,multidlydmintseq,1,2.0,60,0.6,0.0526283226472417,0.6083908341664035,0.08650413466427588,99205.0,4.3808698654174805,shuffle,2.6476416562109057,870.7614061896517,,,0.0
ctrl_full_multidlydmintseq_netseed1_snp_shuffled_p70_pruneseed0,snp_shuffled,simulation_noise_prune_shuffled_rescale,multidlydmintseq,1,0.0,70,0.7,0.047147969534056,0.6083908341664035,0.07749618647469689,76887.0,4.069499969482422,shuffle,3.371378343909934,282.0735612982891,,,0.0
ctrl_full_multidlydmintseq_netseed1_snp_shuffled_p70_pruneseed1,snp_shuffled,simulation_noise_prune_shuffled_rescale,multidlydmintseq,1,1.0,70,0.7,0.0437972367037125,0.6083908341664035,0.07198865308962452,76602.0,4.2353339195251465,shuffle,3.4301151803735648,1591.3980071721264,,,0.0
ctrl_full_multidlydmintseq_netseed1_snp_shuffled_p70_pruneseed2,snp_shuffled,simulation_noise_prune_shuffled_rescale,multidlydmintseq,1,2.0,70,0.7,0.0644649736076874,0.6083908341664035,0.1059598041052264,76681.0,4.9175028800964355,shuffle,3.440114963679339,1161.015208252869,,,0.0
ctrl_full_multidlydmintseq_netseed1_snp_shuffled_p80_pruneseed0,snp_shuffled,simulation_noise_prune_shuffled_rescale,multidlydmintseq,1,0.0,80,0.8,0.047493137347483,0.6083908341664035,0.07806353199347009,51957.0,5.411109447479248,shuffle,4.974661386326,423.1103419474339,,,0.0
ctrl_full_multidlydmintseq_netseed1_snp_shuffled_p80_pruneseed1,snp_shuffled,simulation_noise_prune_shuffled_rescale,multidlydmintseq,1,1.0,80,0.8,0.0470470242301292,0.6083908341664035,0.07733026467203676,51997.0,5.389735221862793,shuffle,5.07253970236733,2387.09701075819,,,0.0
ctrl_full_multidlydmintseq_netseed1_snp_shuffled_p80_pruneseed2,snp_shuffled,simulation_noise_prune_shuffled_rescale,multidlydmintseq,1,2.0,80,0.8,0.0607365099626502,0.6083908341664035,0.09983140203923241,51989.0,5.6589226722717285,shuffle,5.044014690869478,1514.1706523052846,,,0.0
ctrl_full_multidlydmintseq_netseed1_snp_uniform_p50_pruneseed0,snp_uniform,simulation_noise_prune_uniform_rescale,multidlydmintseq,1,0.0,50,0.5,0.1879438744110167,0.6083908341664035,0.3089196349720341,119238.0,1.186373949050903,uniform,2.198476094896776,2.1984760948967756,,,0.0
ctrl_full_multidlydmintseq_netseed1_snp_uniform_p50_pruneseed1,snp_uniform,simulation_noise_prune_uniform_rescale,multidlydmintseq,1,1.0,50,0.5,0.1963060531363054,0.6083908341664035,0.3226643830117482,119094.0,1.2671334743499756,uniform,2.198929426264375,2.1989294262643755,,,0.0
ctrl_full_multidlydmintseq_netseed1_snp_uniform_p50_pruneseed2,snp_uniform,simulation_noise_prune_uniform_rescale,multidlydmintseq,1,2.0,50,0.5,0.1909754898289465,0.6083908341664035,0.3139026413680519,119284.0,1.2047522068023682,uniform,2.198830094679306,2.1988300946793062,,,0.0
ctrl_full_multidlydmintseq_netseed1_snp_uniform_p60_pruneseed0,snp_uniform,simulation_noise_prune_uniform_rescale,multidlydmintseq,1,0.0,60,0.6,0.122938354982302,0.6083908341664035,0.20207134637514382,99456.0,1.5181715488433838,uniform,2.637471308696593,2.6374713086965933,,,0.0
ctrl_full_multidlydmintseq_netseed1_snp_uniform_p60_pruneseed1,snp_uniform,simulation_noise_prune_uniform_rescale,multidlydmintseq,1,1.0,60,0.6,0.1242766943343634,0.6083908341664035,0.20427114833944388,99182.0,1.5444084405899048,uniform,2.6379948541667706,2.6379948541667706,,,0.0
ctrl_full_multidlydmintseq_netseed1_snp_uniform_p60_pruneseed2,snp_uniform,simulation_noise_prune_uniform_rescale,multidlydmintseq,1,2.0,60,0.6,0.1425868699466292,0.6083908341664035,0.23436722241550023,99639.0,1.607815861701965,uniform,2.637816354903866,2.637816354903866,,,0.0
ctrl_full_multidlydmintseq_netseed1_snp_uniform_p70_pruneseed0,snp_uniform,simulation_noise_prune_uniform_rescale,multidlydmintseq,1,0.0,70,0.7,0.0769300904925805,0.6083908341664035,0.12644847057564157,76683.0,2.064483642578125,uniform,3.4154432963033368,3.4154432963033368,,,0.0
ctrl_full_multidlydmintseq_netseed1_snp_uniform_p70_pruneseed1,snp_uniform,simulation_noise_prune_uniform_rescale,multidlydmintseq,1,1.0,70,0.7,0.0760769398593929,0.6083908341664035,0.12504616372735292,76557.0,2.0279459953308105,uniform,3.416039497516565,3.4160394975165653,,,0.0
ctrl_full_multidlydmintseq_netseed1_snp_uniform_p70_pruneseed2,snp_uniform,simulation_noise_prune_uniform_rescale,multidlydmintseq,1,2.0,70,0.7,0.0779232620312149,0.6083908341664035,0.1280809270211684,76685.0,2.0851433277130127,uniform,3.4157367856127583,3.4157367856127596,,,0.0
ctrl_full_multidlydmintseq_netseed1_snp_uniform_p80_pruneseed0,snp_uniform,simulation_noise_prune_uniform_rescale,multidlydmintseq,1,0.0,80,0.8,0.05739228973256,0.6083908341664035,0.09433457328658965,51906.0,2.783102035522461,uniform,5.035038203637838,5.035038203637836,,,0.0
ctrl_full_multidlydmintseq_netseed1_snp_uniform_p80_pruneseed1,snp_uniform,simulation_noise_prune_uniform_rescale,multidlydmintseq,1,1.0,80,0.8,0.0560734881812586,0.6083908341664035,0.09216688521957862,51964.0,2.7247910499572754,uniform,5.035616281050415,5.035616281050415,,,0.0
ctrl_full_multidlydmintseq_netseed1_snp_uniform_p80_pruneseed2,snp_uniform,simulation_noise_prune_uniform_rescale,multidlydmintseq,1,2.0,80,0.8,0.0569559455155862,0.6083908341664035,0.09361736291380081,52100.0,2.8602654933929443,uniform,5.035174888122087,5.035174888122089,,,0.0
ctrl_full_multidlydmintseq_netseed1_magnitude_p50_pruneseed0,magnitude,l1_unstructured,multidlydmintseq,1,0.0,50,0.5,0.3395832587097888,0.6083908341664035,0.5581662964647951,131072.0,0.0680835023522377,,,,,,
ctrl_full_multidlydmintseq_netseed1_magnitude_p60_pruneseed0,magnitude,l1_unstructured,multidlydmintseq,1,0.0,60,0.6,0.1796337964877546,0.6083908341664035,0.2952605239917573,104858.0,0.0402823127806186,,,,,,
ctrl_full_multidlydmintseq_netseed1_magnitude_p70_pruneseed0,magnitude,l1_unstructured,multidlydmintseq,1,0.0,70,0.7,0.0747679072084716,0.6083908341664035,0.12289453260898654,78643.0,0.038630973547697,,,,,,
ctrl_full_multidlydmintseq_netseed1_magnitude_p80_pruneseed0,magnitude,l1_unstructured,multidlydmintseq,1,0.0,80,0.8,0.0366398890252916,0.6083908341664035,0.06022426204940173,52429.0,0.2197716385126114,,,,,,
ctrl_full_multidlydmintseq_netseed1_magnitude_gain_invdensity_p50_pruneseed0,magnitude_gain_invdensity,l1_unstructured_gain,multidlydmintseq,1,0.0,50,0.5,0.0399938781557618,0.6083908341664035,0.065737147750689,131072.0,1.1319948434829712,,,,1.99609375,1.5774854368862654,
ctrl_full_multidlydmintseq_netseed1_magnitude_gain_invdensity_p60_pruneseed0,magnitude_gain_invdensity,l1_unstructured_gain,multidlydmintseq,1,0.0,60,0.6,0.0703849272379736,0.6083908341664035,0.11569031498380912,104858.0,1.595616340637207,,,,2.495107669419596,1.7309994632855643,
ctrl_full_multidlydmintseq_netseed1_magnitude_gain_invdensity_p70_pruneseed0,magnitude_gain_invdensity,l1_unstructured_gain,multidlydmintseq,1,0.0,70,0.7,0.086311491157517,0.6083908341664035,0.14186849359060133,78643.0,2.455350160598755,,,,3.326831377236372,1.9142195497935448,
ctrl_full_multidlydmintseq_netseed1_magnitude_gain_invdensity_p80_pruneseed0,magnitude_gain_invdensity,l1_unstructured_gain,multidlydmintseq,1,0.0,80,0.8,0.0589162381918416,0.6083908341664035,0.0968394572751357,52429.0,5.086923122406006,,,,4.990215338839192,2.153212318084656,
ctrl_full_multidlydmintseq_netseed1_magnitude_gain_matchl1_p50_pruneseed0,magnitude_gain_matchl1,l1_unstructured_gain,multidlydmintseq,1,0.0,50,0.5,0.0810818731540848,0.6083908341664035,0.133272673749565,131072.0,0.3515147268772125,,,,1.2653642445691091,1.0,
ctrl_full_multidlydmintseq_netseed1_magnitude_gain_matchl1_p60_pruneseed0,magnitude_gain_matchl1,l1_unstructured_gain,multidlydmintseq,1,0.0,60,0.6,0.0507461811740264,0.6083908341664035,0.08341049589209722,104858.0,0.4994898736476898,,,,1.4414258903702473,1.0,
ctrl_full_multidlydmintseq_netseed1_magnitude_gain_matchl1_p70_pruneseed0,magnitude_gain_matchl1,l1_unstructured_gain,multidlydmintseq,1,0.0,70,0.7,0.0410326378961696,0.6083908341664035,0.06744453662322367,78643.0,0.8050958514213562,,,,1.737956940700153,0.99999988088894,
ctrl_full_multidlydmintseq_netseed1_magnitude_gain_matchl1_p80_pruneseed0,magnitude_gain_matchl1,l1_unstructured_gain,multidlydmintseq,1,0.0,80,0.8,0.0455067942702143,0.6083908341664035,0.07479861910241657,52429.0,1.826903223991394,,,,2.3175676146635835,1.0,
ctrl_full_multidlydmintseq_netseed1_random_p50_pruneseed0,random,random_unstructured,multidlydmintseq,1,0.0,50,0.5,0.0456598403761677,0.6083908341664035,0.07505017796451399,130812.0,0.0516416206955909,,,,,,
ctrl_full_multidlydmintseq_netseed1_random_p50_pruneseed1,random,random_unstructured,multidlydmintseq,1,1.0,50,0.5,0.0452202398590673,0.6083908341664035,0.07432761527551042,130817.0,0.140580952167511,,,,,,
ctrl_full_multidlydmintseq_netseed1_random_p50_pruneseed2,random,random_unstructured,multidlydmintseq,1,2.0,50,0.5,0.0428496533668515,0.6083908341664035,0.07043112907110549,130825.0,0.0400680303573608,,,,,,
ctrl_full_multidlydmintseq_netseed1_random_p60_pruneseed0,random,random_unstructured,multidlydmintseq,1,0.0,60,0.6,0.0542597290107034,0.6083908341664035,0.0891856450879117,104643.0,-0.0377351343631744,,,,,,
ctrl_full_multidlydmintseq_netseed1_random_p60_pruneseed1,random,random_unstructured,multidlydmintseq,1,1.0,60,0.6,0.0508992272799799,0.6083908341664035,0.0836620547541948,104649.0,-0.016410132870078,,,,,,
ctrl_full_multidlydmintseq_netseed1_random_p60_pruneseed2,random,random_unstructured,multidlydmintseq,1,2.0,60,0.6,0.049052905108158,0.6083908341664035,0.08062729146037946,104657.0,0.0268300082534551,,,,,,
ctrl_full_multidlydmintseq_netseed1_random_p70_pruneseed0,random,random_unstructured,multidlydmintseq,1,0.0,70,0.7,0.0652399730378349,0.6083908341664035,0.10723365536435883,78486.0,-0.1252416372299194,,,,,,
ctrl_full_multidlydmintseq_netseed1_random_p70_pruneseed1,random,random_unstructured,multidlydmintseq,1,1.0,70,0.7,0.0609937576726571,0.6083908341664035,0.10025423502020486,78484.0,-0.1037545502185821,,,,,,
ctrl_full_multidlydmintseq_netseed1_random_p70_pruneseed2,random,random_unstructured,multidlydmintseq,1,2.0,70,0.7,0.0611761104797506,0.6083908341664035,0.10055396472823598,78487.0,-0.1280277222394943,,,,,,
ctrl_full_multidlydmintseq_netseed1_random_p80_pruneseed0,random,random_unstructured,multidlydmintseq,1,0.0,80,0.8,0.0475387255492564,0.6083908341664035,0.07813846442047792,52325.0,-0.2853739261627197,,,,,,
ctrl_full_multidlydmintseq_netseed1_random_p80_pruneseed1,random,random_unstructured,multidlydmintseq,1,1.0,80,0.8,0.0492059512141115,0.6083908341664035,0.08087885032247703,52335.0,-0.2478913515806198,,,,,,
ctrl_full_multidlydmintseq_netseed1_random_p80_pruneseed2,random,random_unstructured,multidlydmintseq,1,2.0,80,0.8,0.0493003839177849,0.6083908341664035,0.0810340674927074,52322.0,-0.262178897857666,,,,,,
ctrl_full_multidlydmintseq_netseed1_random_gain_invdensity_p50_pruneseed0,random_gain_invdensity,random_unstructured_gain,multidlydmintseq,1,0.0,50,0.5,0.2025939686809053,0.6083908341664035,0.332999705622608,130812.0,1.103347659111023,,,,2.0000611564688255,0.9994751966702266,
ctrl_full_multidlydmintseq_netseed1_random_gain_invdensity_p50_pruneseed1,random_gain_invdensity,random_unstructured_gain,multidlydmintseq,1,1.0,50,0.5,0.1722843271018603,0.6083908341664035,0.28318034629485905,130817.0,1.2811444997787476,,,,1.999984711467164,1.000350662960248,
ctrl_full_multidlydmintseq_netseed1_random_gain_invdensity_p50_pruneseed2,random_gain_invdensity,random_unstructured_gain,multidlydmintseq,1,2.0,50,0.5,0.2559777529575346,0.6083908341664035,0.4207455776487275,130825.0,1.0799930095672607,,,,1.999862411618574,1.000136739496727,
ctrl_full_multidlydmintseq_netseed1_random_gain_invdensity_p60_pruneseed0,random_gain_invdensity,random_unstructured_gain,multidlydmintseq,1,0.0,60,0.6,0.1375884492521907,0.6083908341664035,0.2261514170257179,104643.0,1.405887484550476,,,,2.500234129373202,0.9976427921252344,
ctrl_full_multidlydmintseq_netseed1_random_gain_invdensity_p60_pruneseed1,random_gain_invdensity,random_unstructured_gain,multidlydmintseq,1,1.0,60,0.6,0.1154684024917208,0.6083908341664035,0.18979313297829625,104649.0,1.45906400680542,,,,2.5000907796538905,1.0015063975741365,
ctrl_full_multidlydmintseq_netseed1_random_gain_invdensity_p60_pruneseed2,random_gain_invdensity,random_unstructured_gain,multidlydmintseq,1,2.0,60,0.6,0.1515677456959853,0.6083908341664035,0.24912891053603445,104657.0,1.5669718980789185,,,,2.4998996722627247,1.0006427232790418,
ctrl_full_multidlydmintseq_netseed1_random_gain_invdensity_p70_pruneseed0,random_gain_invdensity,random_unstructured_gain,multidlydmintseq,1,0.0,70,0.7,0.0978159995050423,0.6083908341664035,0.16077822677763787,78486.0,1.9159950017929075,,,,3.3334862268430037,0.9961119767838252,
ctrl_full_multidlydmintseq_netseed1_random_gain_invdensity_p70_pruneseed1,random_gain_invdensity,random_unstructured_gain,multidlydmintseq,1,1.0,70,0.7,0.0606323083585967,0.6083908341664035,0.09966012792035736,78484.0,1.987697958946228,,,,3.3335711737424187,1.0004676300210371,
ctrl_full_multidlydmintseq_netseed1_random_gain_invdensity_p70_pruneseed2,random_gain_invdensity,random_unstructured_gain,multidlydmintseq,1,2.0,70,0.7,0.0908182105328283,0.6083908341664035,0.14927609923194246,78487.0,1.9066704511642456,,,,3.333443755016754,1.001854797424247,
ctrl_full_multidlydmintseq_netseed1_random_gain_invdensity_p80_pruneseed0,random_gain_invdensity,random_unstructured_gain,multidlydmintseq,1,0.0,80,0.8,0.0523613060368548,0.6083908341664035,0.08606524473465892,52325.0,2.5732262134552,,,,5.000133779264214,1.00001786665898,
ctrl_full_multidlydmintseq_netseed1_random_gain_invdensity_p80_pruneseed1,random_gain_invdensity,random_unstructured_gain,multidlydmintseq,1,1.0,80,0.8,0.0622441769212984,0.6083908341664035,0.10230952444670416,52335.0,2.759925365447998,,,,4.999178370115601,1.002363163427759,
ctrl_full_multidlydmintseq_netseed1_random_gain_invdensity_p80_pruneseed2,random_gain_invdensity,random_unstructured_gain,multidlydmintseq,1,2.0,80,0.8,0.0690531004861656,0.6083908341664035,0.11350121765193885,52322.0,2.68941593170166,,,,5.0004204732235005,1.0057103033210784,
ctrl_full_multidlydmintseq_netseed2_lnp_rescale_p50_pruneseed0,lnp_rescale,noise_prune,multidlydmintseq,2,0.0,50,0.5,0.5154006714490861,0.5695985307573829,0.9048490184196384,112235.0,0.6588485836982727,none,2.3441499105391226,1761.3788253036134,,,0.5
ctrl_full_multidlydmintseq_netseed2_lnp_rescale_p50_pruneseed1,lnp_rescale,noise_prune,multidlydmintseq,2,1.0,50,0.5,0.4735376770206156,0.5695985307573829,0.8313534032311544,112297.0,0.6597691178321838,none,2.3532291228764564,2891.548208626557,,,0.5
ctrl_full_multidlydmintseq_netseed2_lnp_rescale_p50_pruneseed2,lnp_rescale,noise_prune,multidlydmintseq,2,2.0,50,0.5,0.5153746210480727,0.5695985307573829,0.9048032837493282,111908.0,0.6154534816741943,none,2.3406262964344813,620.8623588990223,,,0.5
ctrl_full_multidlydmintseq_netseed2_lnp_rescale_p60_pruneseed0,lnp_rescale,noise_prune,multidlydmintseq,2,0.0,60,0.6,0.4605808588165954,0.5695985307573829,0.808606121585621,92726.0,0.9545683860778807,none,2.845979492161568,2201.723531629517,,,0.5
ctrl_full_multidlydmintseq_netseed2_lnp_rescale_p60_pruneseed1,lnp_rescale,noise_prune,multidlydmintseq,2,1.0,60,0.6,0.3820226182606798,0.5695985307573829,0.6706875064314379,92920.0,0.8976204991340637,none,2.8549609839201313,3614.435260783197,,,0.5
ctrl_full_multidlydmintseq_netseed2_lnp_rescale_p60_pruneseed2,lnp_rescale,noise_prune,multidlydmintseq,2,2.0,60,0.6,0.4336252063680205,0.5695985307573829,0.7612821714821463,92608.0,0.8917410969734192,none,2.82693831655959,776.077948623778,,,0.5
ctrl_full_multidlydmintseq_netseed2_lnp_rescale_p70_pruneseed0,lnp_rescale,noise_prune,multidlydmintseq,2,0.0,70,0.7,0.2782508458239579,0.5695985307573829,0.48850344725077466,71655.0,1.3250739574432373,none,3.6948184758670215,2935.6313755060223,,,0.5
ctrl_full_multidlydmintseq_netseed2_lnp_rescale_p70_pruneseed1,lnp_rescale,noise_prune,multidlydmintseq,2,1.0,70,0.7,0.2479542294454195,0.5695985307573829,0.4353140256800173,71863.0,1.2935760021209717,none,3.705242961161322,4819.247014377595,,,0.5
ctrl_full_multidlydmintseq_netseed2_lnp_rescale_p70_pruneseed2,lnp_rescale,noise_prune,multidlydmintseq,2,2.0,70,0.7,0.2641347847748431,0.5695985307573829,0.4637209727764374,71480.0,1.436288356781006,none,3.646514768265283,1034.770598165037,,,0.5
ctrl_full_multidlydmintseq_netseed2_lnp_rescale_p80_pruneseed0,lnp_rescale,noise_prune,multidlydmintseq,2,0.0,80,0.8,0.1189461310270044,0.5695985307573829,0.20882450463635202,49278.0,2.038862705230713,none,5.3971182168458025,4403.447063259035,,,0.5
ctrl_full_multidlydmintseq_netseed2_lnp_rescale_p80_pruneseed1,lnp_rescale,noise_prune,multidlydmintseq,2,1.0,80,0.8,0.1051296495895433,0.5695985307573829,0.18456797887058218,49245.0,2.0618274211883545,none,5.435068576723329,7228.870521566395,,,0.5
ctrl_full_multidlydmintseq_netseed2_lnp_rescale_p80_pruneseed2,lnp_rescale,noise_prune,multidlydmintseq,2,2.0,80,0.8,0.1036968775338085,0.5695985307573829,0.1820525720035215,49135.0,1.9861652851104736,none,5.319353855871115,1552.155897247556,,,0.5
ctrl_full_multidlydmintseq_netseed2_snp_rescale_p50_pruneseed0,snp_rescale,simulation_noise_prune_rescale,multidlydmintseq,2,0.0,50,0.5,0.4679368408027431,0.5695985307573829,0.8215204491144624,120831.0,0.6057811379432678,none,2.158748789579598,657.4744571786465,,,0.0
ctrl_full_multidlydmintseq_netseed2_snp_rescale_p50_pruneseed1,snp_rescale,simulation_noise_prune_rescale,multidlydmintseq,2,1.0,50,0.5,0.5159379609699867,0.5695985307573829,0.9057922959947862,120645.0,0.5828349590301514,none,2.164249435721408,286.090798900051,,,0.0
ctrl_full_multidlydmintseq_netseed2_snp_rescale_p50_pruneseed2,snp_rescale,simulation_noise_prune_rescale,multidlydmintseq,2,2.0,50,0.5,0.4842020599354601,0.5695985307573829,0.8500760338893907,120751.0,0.6929486989974976,none,2.180583353653426,1881.8191993230553,,,0.0
ctrl_full_multidlydmintseq_netseed2_snp_rescale_p60_pruneseed0,snp_rescale,simulation_noise_prune_rescale,multidlydmintseq,2,0.0,60,0.6,0.3915538087314432,0.5695985307573829,0.6874206789311808,100362.0,0.8852507472038269,none,2.5863358670450927,821.843071473308,,,0.0
ctrl_full_multidlydmintseq_netseed2_snp_rescale_p60_pruneseed1,snp_rescale,simulation_noise_prune_rescale,multidlydmintseq,2,1.0,60,0.6,0.4514046050596391,0.5695985307573829,0.7924960839688545,100555.0,0.8070464134216309,none,2.602114836639757,357.6134986250638,,,0.0
ctrl_full_multidlydmintseq_netseed2_snp_rescale_p60_pruneseed2,snp_rescale,simulation_noise_prune_rescale,multidlydmintseq,2,2.0,60,0.6,0.4120359365281979,0.5695985307573829,0.7233795634625718,100414.0,0.9963615536689758,none,2.6228526747764893,2352.2739991538197,,,0.0
ctrl_full_multidlydmintseq_netseed2_snp_rescale_p70_pruneseed0,snp_rescale,simulation_noise_prune_rescale,multidlydmintseq,2,0.0,70,0.7,0.2569220799942689,0.5695985307573829,0.45105818593430214,77149.0,1.205461859703064,none,3.372051001225144,1095.7907619644106,,,0.0
ctrl_full_multidlydmintseq_netseed2_snp_rescale_p70_pruneseed1,snp_rescale,simulation_noise_prune_rescale,multidlydmintseq,2,1.0,70,0.7,0.3195602692308945,0.5695985307573829,0.561027200695167,77124.0,1.2043238878250122,none,3.37140456027316,476.8179981667517,,,0.0
ctrl_full_multidlydmintseq_netseed2_snp_rescale_p70_pruneseed2,snp_rescale,simulation_noise_prune_rescale,multidlydmintseq,2,2.0,70,0.7,0.2780554678163577,0.5695985307573829,0.48816043722344815,77294.0,1.16448974609375,none,3.3707376819786936,426.7574928253669,,,0.0
ctrl_full_multidlydmintseq_netseed2_snp_rescale_p80_pruneseed0,snp_rescale,simulation_noise_prune_rescale,multidlydmintseq,2,0.0,80,0.8,0.1284317332959944,0.5695985307573829,0.22547764146305202,52136.0,1.95638108253479,none,5.007061423300389,1643.6861429466169,,,0.0
ctrl_full_multidlydmintseq_netseed2_snp_rescale_p80_pruneseed1,snp_rescale,simulation_noise_prune_rescale,multidlydmintseq,2,1.0,80,0.8,0.1702719336235782,0.5695985307573829,0.29893323881501466,52171.0,1.767082929611206,none,4.994076971956115,715.2269972501279,,,0.0
ctrl_full_multidlydmintseq_netseed2_snp_rescale_p80_pruneseed2,snp_rescale,simulation_noise_prune_rescale,multidlydmintseq,2,2.0,80,0.8,0.1144296427513131,0.5695985307573829,0.20089525617132206,52181.0,1.9169126749038696,none,4.941078148340715,640.1362392380506,,,0.0
ctrl_full_multidlydmintseq_netseed2_lnp_shuffled_p50_pruneseed0,lnp_shuffled,noise_prune_shuffled_rescale,multidlydmintseq,2,0.0,50,0.5,0.0645073055093341,0.5695985307573829,0.11325047735562122,112176.0,4.234079360961914,shuffle,2.332905393379374,407.0505582904198,,,0.5
ctrl_full_multidlydmintseq_netseed2_lnp_shuffled_p50_pruneseed1,lnp_shuffled,noise_prune_shuffled_rescale,multidlydmintseq,2,1.0,50,0.5,0.0573597267312933,0.5695985307573829,0.10070202718926138,112245.0,5.230248928070068,shuffle,2.330255075864574,445.8081810075642,,,0.5
ctrl_full_multidlydmintseq_netseed2_lnp_shuffled_p50_pruneseed2,lnp_shuffled,noise_prune_shuffled_rescale,multidlydmintseq,2,2.0,50,0.5,0.0592646623053953,0.5695985307573829,0.10404637495569442,112163.0,3.683124542236328,shuffle,2.3244221269285843,454.57382630981425,,,0.5
ctrl_full_multidlydmintseq_netseed2_lnp_shuffled_p60_pruneseed0,lnp_shuffled,noise_prune_shuffled_rescale,multidlydmintseq,2,0.0,60,0.6,0.0648785237237745,0.5695985307573829,0.11390219640754153,92671.0,4.157315254211426,shuffle,2.8085024579024807,378.6489523854347,,,0.5
ctrl_full_multidlydmintseq_netseed2_lnp_shuffled_p60_pruneseed1,lnp_shuffled,noise_prune_shuffled_rescale,multidlydmintseq,2,1.0,60,0.6,0.0549956528393308,0.5695985307573829,0.0965516058586111,92877.0,3.6629912853240967,shuffle,2.8191286709645085,367.509678421142,,,0.5
ctrl_full_multidlydmintseq_netseed2_lnp_shuffled_p60_pruneseed2,lnp_shuffled,noise_prune_shuffled_rescale,multidlydmintseq,2,2.0,60,0.6,0.0657609810581021,0.5695985307573829,0.1154514583642994,92816.0,4.575467109680176,shuffle,2.8167268893414796,568.2172828872677,,,0.5
ctrl_full_multidlydmintseq_netseed2_lnp_shuffled_p70_pruneseed0,lnp_shuffled,noise_prune_shuffled_rescale,multidlydmintseq,2,0.0,70,0.7,0.0587208601842414,0.5695985307573829,0.1030916637129691,71646.0,5.371549129486084,shuffle,3.639070316970437,504.8652698472462,,,0.5
ctrl_full_multidlydmintseq_netseed2_lnp_shuffled_p70_pruneseed1,lnp_shuffled,noise_prune_shuffled_rescale,multidlydmintseq,2,1.0,70,0.7,0.0519477559207677,0.5695985307573829,0.0912006494323184,71646.0,4.090101718902588,shuffle,3.643095946160384,490.0129045615226,,,0.5
ctrl_full_multidlydmintseq_netseed2_lnp_shuffled_p70_pruneseed2,lnp_shuffled,noise_prune_shuffled_rescale,multidlydmintseq,2,2.0,70,0.7,0.0346535459480229,0.5695985307573829,0.06083854518013736,71507.0,5.218573093414307,shuffle,3.6500821907585017,743.523630970791,,,0.5
ctrl_full_multidlydmintseq_netseed2_lnp_shuffled_p80_pruneseed0,lnp_shuffled,noise_prune_shuffled_rescale,multidlydmintseq,2,0.0,80,0.8,0.0536345193863828,0.5695985307573829,0.09416196933490355,49035.0,4.980266094207764,shuffle,5.221792164262649,580.4248513154521,,,0.5
ctrl_full_multidlydmintseq_netseed2_lnp_shuffled_p80_pruneseed1,lnp_shuffled,noise_prune_shuffled_rescale,multidlydmintseq,2,1.0,80,0.8,0.0507592063745331,0.5695985307573829,0.08911400509941568,49482.0,5.364665985107422,shuffle,5.304928777307106,735.0193568422841,,,0.5
ctrl_full_multidlydmintseq_netseed2_lnp_shuffled_p80_pruneseed2,lnp_shuffled,noise_prune_shuffled_rescale,multidlydmintseq,2,2.0,80,0.8,0.0639341966870402,0.5695985307573829,0.11224431460879697,49118.0,6.061206817626953,shuffle,5.270101780875878,1115.285446456187,,,0.5
ctrl_full_multidlydmintseq_netseed2_lnp_uniform_p50_pruneseed0,lnp_uniform,noise_prune_uniform_rescale,multidlydmintseq,2,0.0,50,0.5,0.2138770486198171,0.5695985307573829,0.3754873600804928,111940.0,1.2962390184402466,uniform,2.33394149241974,2.3339414924197386,,,0.5
ctrl_full_multidlydmintseq_netseed2_lnp_uniform_p50_pruneseed1,lnp_uniform,noise_prune_uniform_rescale,multidlydmintseq,2,1.0,50,0.5,0.2123270497595222,0.5695985307573829,0.3727661471970363,112441.0,1.231113314628601,uniform,2.3339414924197395,2.3339414924197386,,,0.5
ctrl_full_multidlydmintseq_netseed2_lnp_uniform_p50_pruneseed2,lnp_uniform,noise_prune_uniform_rescale,multidlydmintseq,2,2.0,50,0.5,0.2104514208865602,0.5695985307573829,0.3694732509347022,112085.0,1.191278338432312,uniform,2.3339414924197395,2.3339414924197386,,,0.5
ctrl_full_multidlydmintseq_netseed2_lnp_uniform_p60_pruneseed0,lnp_uniform,noise_prune_uniform_rescale,multidlydmintseq,2,0.0,60,0.6,0.1740915736721622,0.5695985307573829,0.305639084849247,92491.0,1.5647526979446411,uniform,2.822430797014199,2.8224307970141975,,,0.5
ctrl_full_multidlydmintseq_netseed2_lnp_uniform_p60_pruneseed1,lnp_uniform,noise_prune_uniform_rescale,multidlydmintseq,2,1.0,60,0.6,0.1455142837605056,0.5695985307573829,0.2554681515189626,93028.0,1.5077412128448486,uniform,2.8224307970141993,2.8224307970141975,,,0.5
ctrl_full_multidlydmintseq_netseed2_lnp_uniform_p60_pruneseed2,lnp_uniform,noise_prune_uniform_rescale,multidlydmintseq,2,2.0,60,0.6,0.1413722699993813,0.5695985307573829,0.24819633893964163,92787.0,1.4322751760482788,uniform,2.822430797014199,2.8224307970141975,,,0.5
ctrl_full_multidlydmintseq_netseed2_lnp_uniform_p70_pruneseed0,lnp_uniform,noise_prune_uniform_rescale,multidlydmintseq,2,0.0,70,0.7,0.1060642077258976,0.5695985307573829,0.18620871016796042,71324.0,1.9557262659072876,uniform,3.654991941853807,3.6549919418538055,,,0.5
ctrl_full_multidlydmintseq_netseed2_lnp_uniform_p70_pruneseed1,lnp_uniform,noise_prune_uniform_rescale,multidlydmintseq,2,1.0,70,0.7,0.0997697795810444,0.5695985307573829,0.17515807045425955,71860.0,1.889815092086792,uniform,3.6549919418538073,3.6549919418538055,,,0.5
ctrl_full_multidlydmintseq_netseed2_lnp_uniform_p70_pruneseed2,lnp_uniform,noise_prune_uniform_rescale,multidlydmintseq,2,2.0,70,0.7,0.0999325945873779,0.5695985307573829,0.17544391214369826,71617.0,1.9351850748062136,uniform,3.6549919418538073,3.6549919418538055,,,0.5
ctrl_full_multidlydmintseq_netseed2_lnp_uniform_p80_pruneseed0,lnp_uniform,noise_prune_uniform_rescale,multidlydmintseq,2,0.0,80,0.8,0.0531330491668756,0.5695985307573829,0.09328157693143227,49318.0,2.752903699874878,uniform,5.319784873700081,5.3197848737000815,,,0.5
ctrl_full_multidlydmintseq_netseed2_lnp_uniform_p80_pruneseed1,lnp_uniform,noise_prune_uniform_rescale,multidlydmintseq,2,1.0,80,0.8,0.0611337785781039,0.5695985307573829,0.1073278375504509,49277.0,2.6375203132629395,uniform,5.319784873700081,5.3197848737000815,,,0.5
ctrl_full_multidlydmintseq_netseed2_lnp_uniform_p80_pruneseed2,lnp_uniform,noise_prune_uniform_rescale,multidlydmintseq,2,2.0,80,0.8,0.0577439701462404,0.5695985307573829,0.10137661357633682,49210.0,2.764800548553467,uniform,5.319784873700081,5.3197848737000815,,,0.5
ctrl_full_multidlydmintseq_netseed2_snp_shuffled_p50_pruneseed0,snp_shuffled,simulation_noise_prune_shuffled_rescale,multidlydmintseq,2,0.0,50,0.5,0.0570406093188797,0.5695985307573829,0.1001417774779616,120718.0,3.333207845687866,shuffle,2.176583693947536,916.2477643975708,,,0.0
ctrl_full_multidlydmintseq_netseed2_snp_shuffled_p50_pruneseed1,snp_shuffled,simulation_noise_prune_shuffled_rescale,multidlydmintseq,2,1.0,50,0.5,0.0791867064803628,0.5695985307573829,0.1390219640754163,120799.0,3.0518765449523926,shuffle,2.168340572075366,347.5861865791999,,,0.0
ctrl_full_multidlydmintseq_netseed2_snp_shuffled_p50_pruneseed2,snp_shuffled,simulation_noise_prune_shuffled_rescale,multidlydmintseq,2,2.0,50,0.5,0.0854941598257228,0.5695985307573829,0.1500954711242725,120565.0,3.2234020233154297,shuffle,2.174608595479929,878.0616658556663,,,0.0
ctrl_full_multidlydmintseq_netseed2_snp_shuffled_p60_pruneseed0,snp_shuffled,simulation_noise_prune_shuffled_rescale,multidlydmintseq,2,0.0,60,0.6,0.052605528546355,0.5695985307573829,0.09235544985765073,100526.0,4.366241455078125,shuffle,2.62600786834267,1145.3097054969633,,,0.0
ctrl_full_multidlydmintseq_netseed2_snp_shuffled_p60_pruneseed1,snp_shuffled,simulation_noise_prune_shuffled_rescale,multidlydmintseq,2,1.0,60,0.6,0.0759922760560995,0.5695985307573829,0.1334137501286287,100517.0,3.278191089630127,shuffle,2.6146659914638515,434.4827332239999,,,0.0
ctrl_full_multidlydmintseq_netseed2_snp_shuffled_p60_pruneseed2,snp_shuffled,simulation_noise_prune_shuffled_rescale,multidlydmintseq,2,2.0,60,0.6,0.0498311608384321,0.5695985307573829,0.08748470746961493,100555.0,4.333247184753418,shuffle,2.627796044606182,1097.577082319583,,,0.0
ctrl_full_multidlydmintseq_netseed2_snp_shuffled_p70_pruneseed0,snp_shuffled,simulation_noise_prune_shuffled_rescale,multidlydmintseq,2,0.0,70,0.7,0.0673956437216905,0.5695985307573829,0.1183213089262642,77347.0,5.842236042022705,shuffle,3.4109041906209603,1527.0796073292845,,,0.0
ctrl_full_multidlydmintseq_netseed2_snp_shuffled_p70_pruneseed1,snp_shuffled,simulation_noise_prune_shuffled_rescale,multidlydmintseq,2,1.0,70,0.7,0.0624037356275053,0.5695985307573829,0.10955740272807304,76921.0,4.42137336730957,shuffle,3.3999429402732004,579.3103109653331,,,0.0
ctrl_full_multidlydmintseq_netseed2_snp_shuffled_p70_pruneseed2,snp_shuffled,simulation_noise_prune_shuffled_rescale,multidlydmintseq,2,2.0,70,0.7,0.0327909422755676,0.5695985307573829,0.05756851625295836,77259.0,3.871032238006592,shuffle,3.3976322794890956,463.7899492405507,,,0.0
ctrl_full_multidlydmintseq_netseed2_snp_shuffled_p80_pruneseed0,snp_shuffled,simulation_noise_prune_shuffled_rescale,multidlydmintseq,2,0.0,80,0.8,0.0593330446080554,0.5695985307573829,0.10416642846525874,52141.0,5.978109359741211,shuffle,5.064310428201458,2290.619410993927,,,0.0
ctrl_full_multidlydmintseq_netseed2_snp_shuffled_p80_pruneseed1,snp_shuffled,simulation_noise_prune_shuffled_rescale,multidlydmintseq,2,1.0,80,0.8,0.0482746493778838,0.5695985307573829,0.08475206091858074,51896.0,5.528922080993652,shuffle,5.0362098683420555,539.1447094844581,,,0.0
ctrl_full_multidlydmintseq_netseed2_snp_shuffled_p80_pruneseed2,snp_shuffled,simulation_noise_prune_shuffled_rescale,multidlydmintseq,2,2.0,80,0.8,0.0675096142261239,0.5695985307573829,0.11852139810887123,52267.0,5.5717949867248535,shuffle,5.063933083069969,695.6849238608263,,,0.0
ctrl_full_multidlydmintseq_netseed2_snp_uniform_p50_pruneseed0,snp_uniform,simulation_noise_prune_uniform_rescale,multidlydmintseq,2,0.0,50,0.5,0.1639286609768249,0.5695985307573829,0.28779684659448207,120776.0,1.2306740283966064,uniform,2.169838646967189,2.169838646967189,,,0.0
ctrl_full_multidlydmintseq_netseed2_snp_uniform_p50_pruneseed1,snp_uniform,simulation_noise_prune_uniform_rescale,multidlydmintseq,2,1.0,50,0.5,0.2237664321045142,0.5695985307573829,0.3928493842970009,120687.0,1.0902361869812012,uniform,2.1699435966050764,2.1699435966050764,,,0.0
ctrl_full_multidlydmintseq_netseed2_snp_uniform_p50_pruneseed2,snp_uniform,simulation_noise_prune_uniform_rescale,multidlydmintseq,2,2.0,50,0.5,0.2673975975017665,0.5695985307573829,0.4694492402327894,120789.0,1.1047139167785645,uniform,2.169876388783038,2.1698763887830395,,,0.0
ctrl_full_multidlydmintseq_netseed2_snp_uniform_p60_pruneseed0,snp_uniform,simulation_noise_prune_uniform_rescale,multidlydmintseq,2,0.0,60,0.6,0.1480248911581682,0.5695985307573829,0.2598758303701077,100549.0,1.5758399963378906,uniform,2.607942870913196,2.607942870913196,,,0.0
ctrl_full_multidlydmintseq_netseed2_snp_uniform_p60_pruneseed1,snp_uniform,simulation_noise_prune_uniform_rescale,multidlydmintseq,2,1.0,60,0.6,0.1531177445562802,0.5695985307573829,0.2688169584157509,100350.0,1.4235117435455322,uniform,2.6080943874002496,2.608094387400248,,,0.0
ctrl_full_multidlydmintseq_netseed2_snp_uniform_p60_pruneseed2,snp_uniform,simulation_noise_prune_uniform_rescale,multidlydmintseq,2,2.0,60,0.6,0.1785136292441801,0.5695985307573829,0.31340254513440263,100814.0,1.580292582511902,uniform,2.608047856722891,2.608047856722889,,,0.0
ctrl_full_multidlydmintseq_netseed2_snp_uniform_p70_pruneseed0,snp_uniform,simulation_noise_prune_uniform_rescale,multidlydmintseq,2,0.0,70,0.7,0.0918797643741228,0.5695985307573829,0.16130618218405912,77262.0,1.9796220064163208,uniform,3.3888666276470394,3.388866627647038,,,0.0
ctrl_full_multidlydmintseq_netseed2_snp_uniform_p70_pruneseed1,snp_uniform,simulation_noise_prune_uniform_rescale,multidlydmintseq,2,1.0,70,0.7,0.1029576974050544,0.5695985307573829,0.1807548507334697,77210.0,1.835636019706726,uniform,3.389029541232695,3.3890295412326967,,,0.0
ctrl_full_multidlydmintseq_netseed2_snp_uniform_p70_pruneseed2,snp_uniform,simulation_noise_prune_uniform_rescale,multidlydmintseq,2,2.0,70,0.7,0.1084771261197602,0.5695985307573829,0.1904448840054424,77308.0,1.8572962284088137,uniform,3.389012752856132,3.389012752856132,,,0.0
ctrl_full_multidlydmintseq_netseed2_snp_uniform_p80_pruneseed0,snp_uniform,simulation_noise_prune_uniform_rescale,multidlydmintseq,2,0.0,80,0.8,0.0747581383080915,0.5695985307573829,0.1312470701226831,52106.0,2.510755777359009,uniform,5.018361850523646,5.018361850523643,,,0.0
ctrl_full_multidlydmintseq_netseed2_snp_uniform_p80_pruneseed1,snp_uniform,simulation_noise_prune_uniform_rescale,multidlydmintseq,2,1.0,80,0.8,0.0721563545068822,0.5695985307573829,0.12667931992545248,52157.0,2.4843454360961914,uniform,5.018536832791654,5.018536832791656,,,0.0
ctrl_full_multidlydmintseq_netseed2_snp_uniform_p80_pruneseed2,snp_uniform,simulation_noise_prune_uniform_rescale,multidlydmintseq,2,2.0,80,0.8,0.060905837569237,0.5695985307573829,0.10692765918523671,52299.0,2.6133463382720947,uniform,5.018414929311647,5.018414929311647,,,0.0
ctrl_full_multidlydmintseq_netseed2_magnitude_p50_pruneseed0,magnitude,l1_unstructured,multidlydmintseq,2,0.0,50,0.5,0.3839601168360485,0.5695985307573829,0.6740890225357588,131072.0,0.3391729295253753,,,,,,
ctrl_full_multidlydmintseq_netseed2_magnitude_p60_pruneseed0,magnitude,l1_unstructured,multidlydmintseq,2,0.0,60,0.6,0.2255671660745627,0.5695985307573829,0.3960107933821931,104858.0,0.2829486131668091,,,,,,
ctrl_full_multidlydmintseq_netseed2_magnitude_p70_pruneseed0,magnitude,l1_unstructured,multidlydmintseq,2,0.0,70,0.7,0.1081938280087399,0.5695985307573829,0.18994751946581903,78643.0,0.1028180569410324,,,,,,
ctrl_full_multidlydmintseq_netseed2_magnitude_p80_pruneseed0,magnitude,l1_unstructured,multidlydmintseq,2,0.0,80,0.8,0.0479490193652168,0.5695985307573829,0.08418037753970331,52429.0,0.4063655734062195,,,,,,
ctrl_full_multidlydmintseq_netseed2_magnitude_gain_invdensity_p50_pruneseed0,magnitude_gain_invdensity,l1_unstructured_gain,multidlydmintseq,2,0.0,50,0.5,0.0424556410515244,0.5695985307573829,0.07453607893804089,131072.0,1.673114776611328,,,,1.99609375,1.5703336629647466,
ctrl_full_multidlydmintseq_netseed2_magnitude_gain_invdensity_p60_pruneseed0,magnitude_gain_invdensity,l1_unstructured_gain,multidlydmintseq,2,0.0,60,0.6,0.0432469219823052,0.5695985307573829,0.07592526954871302,104858.0,2.20109486579895,,,,2.495107669419596,1.718940939608829,
ctrl_full_multidlydmintseq_netseed2_magnitude_gain_invdensity_p70_pruneseed0,magnitude_gain_invdensity,l1_unstructured_gain,multidlydmintseq,2,0.0,70,0.7,0.0442921943229663,0.5695985307573829,0.07776037319490962,78643.0,2.6688895225524902,,,,3.326831377236372,1.895036045011231,
ctrl_full_multidlydmintseq_netseed2_magnitude_gain_invdensity_p80_pruneseed0,magnitude_gain_invdensity,l1_unstructured_gain,multidlydmintseq,2,0.0,80,0.8,0.0434781192912988,0.5695985307573829,0.07633116474771605,52429.0,6.018066883087158,,,,4.990215338839192,2.1211058459947334,
ctrl_full_multidlydmintseq_netseed2_magnitude_gain_matchl1_p50_pruneseed0,magnitude_gain_matchl1,l1_unstructured_gain,multidlydmintseq,2,0.0,50,0.5,0.0871418476898178,0.5695985307573829,0.15298818902139225,131072.0,0.7022590041160583,,,,1.2711271581987214,1.0,
ctrl_full_multidlydmintseq_netseed2_magnitude_gain_matchl1_p60_pruneseed0,magnitude_gain_matchl1,l1_unstructured_gain,multidlydmintseq,2,0.0,60,0.6,0.0599810483332627,0.5695985307573829,0.10530407838922476,104858.0,0.8622481822967529,,,,1.4515375950341325,0.9999998774604412,
ctrl_full_multidlydmintseq_netseed2_magnitude_gain_matchl1_p70_pruneseed0,magnitude_gain_matchl1,l1_unstructured_gain,multidlydmintseq,2,0.0,70,0.7,0.0540317880018365,0.5695985307573829,0.09485942305713393,78643.0,0.9360525608062744,,,,1.755550316082224,1.0,
ctrl_full_multidlydmintseq_netseed2_magnitude_gain_matchl1_p80_pruneseed0,magnitude_gain_matchl1,l1_unstructured_gain,multidlydmintseq,2,0.0,80,0.8,0.053198175169409,0.5695985307573829,0.09339591360720775,52429.0,2.308683156967163,,,,2.3526479660968085,1.0000001225395587,
ctrl_full_multidlydmintseq_netseed2_random_p50_pruneseed0,random,random_unstructured,multidlydmintseq,2,0.0,50,0.5,0.0460994408932682,0.5695985307573829,0.08093321594767945,130812.0,-0.0165279693901538,,,,,,
ctrl_full_multidlydmintseq_netseed2_random_p50_pruneseed1,random,random_unstructured,multidlydmintseq,2,1.0,50,0.5,0.0469916671279758,0.5695985307573829,0.08249962840580363,130803.0,0.0683395862579345,,,,,,
ctrl_full_multidlydmintseq_netseed2_random_p50_pruneseed2,random,random_unstructured,multidlydmintseq,2,2.0,50,0.5,0.0451941894580539,0.5695985307573829,0.07934393615440012,130825.0,0.0972938686609268,,,,,,
ctrl_full_multidlydmintseq_netseed2_random_p60_pruneseed0,random,random_unstructured,multidlydmintseq,2,0.0,60,0.6,0.0479425067649635,0.5695985307573829,0.08416894387212583,104643.0,-0.0413465350866317,,,,,,
ctrl_full_multidlydmintseq_netseed2_random_p60_pruneseed1,random,random_unstructured,multidlydmintseq,2,1.0,60,0.6,0.046832108421769,0.5695985307573829,0.08221950355015374,104641.0,-0.0758118405938148,,,,,,
ctrl_full_multidlydmintseq_netseed2_random_p60_pruneseed2,random,random_unstructured,multidlydmintseq,2,2.0,60,0.6,0.0488868338016978,0.5695985307573829,0.08582682567087038,104657.0,0.0257553849369287,,,,,,
ctrl_full_multidlydmintseq_netseed2_random_p70_pruneseed0,random,random_unstructured,multidlydmintseq,2,0.0,70,0.7,0.0622083576199051,0.5695985307573829,0.1092143927007466,78486.0,-0.1358870416879654,,,,,,
ctrl_full_multidlydmintseq_netseed2_random_p70_pruneseed1,random,random_unstructured,multidlydmintseq,2,1.0,70,0.7,0.060205733042003,0.5695985307573829,0.10569853992065031,78481.0,-0.1840683966875076,,,,,,
ctrl_full_multidlydmintseq_netseed2_random_p70_pruneseed2,random,random_unstructured,multidlydmintseq,2,2.0,70,0.7,0.06376812538058,0.5695985307573829,0.11195275608556944,78493.0,-0.0359059534966945,,,,,,
ctrl_full_multidlydmintseq_netseed2_random_p80_pruneseed0,random,random_unstructured,multidlydmintseq,2,0.0,80,0.8,0.051351852997587,0.5695985307573829,0.09015446884897255,52325.0,-0.2940793335437774,,,,,,
ctrl_full_multidlydmintseq_netseed2_random_p80_pruneseed1,random,random_unstructured,multidlydmintseq,2,1.0,80,0.8,0.0552952324509845,0.5695985307573829,0.09707755456717844,52319.0,-0.2835130393505096,,,,,,
ctrl_full_multidlydmintseq_netseed2_random_p80_pruneseed2,random,random_unstructured,multidlydmintseq,2,2.0,80,0.8,0.0554222281559246,0.5695985307573829,0.09730051108494057,52327.0,-0.2783221900463104,,,,,,
ctrl_full_multidlydmintseq_netseed2_random_gain_invdensity_p50_pruneseed0,random_gain_invdensity,random_unstructured_gain,multidlydmintseq,2,0.0,50,0.5,0.2779187032110375,0.5695985307573829,0.4879203302043195,130812.0,0.9670042991638184,,,,2.0000611564688255,0.9996606879615912,
ctrl_full_multidlydmintseq_netseed2_random_gain_invdensity_p50_pruneseed1,random_gain_invdensity,random_unstructured_gain,multidlydmintseq,2,1.0,50,0.5,0.2639035874658496,0.5695985307573829,0.4633150775774345,130803.0,1.1368916034698486,,,,2.0001987721994143,1.003165258074438,
ctrl_full_multidlydmintseq_netseed2_random_gain_invdensity_p50_pruneseed2,random_gain_invdensity,random_unstructured_gain,multidlydmintseq,2,2.0,50,0.5,0.2936954773247541,0.5695985307573829,0.5156183899109318,130825.0,1.19443678855896,,,,1.999862411618574,0.9988058519991716,
ctrl_full_multidlydmintseq_netseed2_random_gain_invdensity_p60_pruneseed0,random_gain_invdensity,random_unstructured_gain,multidlydmintseq,2,0.0,60,0.6,0.1504703725532974,0.5695985307573829,0.2641691725454772,104643.0,1.3968580961227417,,,,2.500234129373202,1.0009850342436797,
ctrl_full_multidlydmintseq_netseed2_random_gain_invdensity_p60_pruneseed1,random_gain_invdensity,random_unstructured_gain,multidlydmintseq,2,1.0,60,0.6,0.1889337896495244,0.5695985307573829,0.33169641325848087,104641.0,1.3107308149337769,,,,2.5002819162660908,1.0028824980424305,
ctrl_full_multidlydmintseq_netseed2_random_gain_invdensity_p60_pruneseed2,random_gain_invdensity,random_unstructured_gain,multidlydmintseq,2,2.0,60,0.6,0.1721931506983135,0.5695985307573829,0.3023061707503915,104657.0,1.5642855167388916,,,,2.4998996722627247,0.9978924421276298,
ctrl_full_multidlydmintseq_netseed2_random_gain_invdensity_p70_pruneseed0,random_gain_invdensity,random_unstructured_gain,multidlydmintseq,2,0.0,70,0.7,0.1121144133612506,0.5695985307573829,0.1968305873475033,78486.0,1.8805087804794312,,,,3.3334862268430037,1.002434064526881,
ctrl_full_multidlydmintseq_netseed2_random_gain_invdensity_p70_pruneseed1,random_gain_invdensity,random_unstructured_gain,multidlydmintseq,2,1.0,70,0.7,0.1237784804149828,0.5695985307573829,0.2173082859788933,78481.0,1.7200700044631958,,,,3.3336986022094517,1.0015296613129134,
ctrl_full_multidlydmintseq_netseed2_random_gain_invdensity_p70_pruneseed2,random_gain_invdensity,random_unstructured_gain,multidlydmintseq,2,2.0,70,0.7,0.1102290155879087,0.5695985307573829,0.19352054058380302,78493.0,2.213507652282715,,,,3.3331889467850635,0.9975933843342976,
ctrl_full_multidlydmintseq_netseed2_random_gain_invdensity_p80_pruneseed0,random_gain_invdensity,random_unstructured_gain,multidlydmintseq,2,0.0,80,0.8,0.0734230552561568,0.5695985307573829,0.12890316826928566,52325.0,2.529697895050049,,,,5.000133779264214,1.0001483954057468,
ctrl_full_multidlydmintseq_netseed2_random_gain_invdensity_p80_pruneseed1,random_gain_invdensity,random_unstructured_gain,multidlydmintseq,2,1.0,80,0.8,0.0823778806044995,0.5695985307573829,0.14462446118841532,52319.0,2.5829412937164307,,,,5.000707200061163,0.9998543004645476,
ctrl_full_multidlydmintseq_netseed2_random_gain_invdensity_p80_pruneseed2,random_gain_invdensity,random_unstructured_gain,multidlydmintseq,2,2.0,80,0.8,0.0561223326831587,0.5695985307573829,0.09852963034952714,52327.0,2.6083478927612305,,,,4.999942668220995,0.9978961795841744,
