run_id,arm,strategy,task_short,source_network_seed,pruning_seed,pruning_pct,amount,post_acc_sequence,baseline_acc_sequence,sequence_retention,floor_corrected_retention,post_rec_weight_nz_count,post_rec_ct_abscissa,prune_sim_np_sigma_factor,prune_sigma_used,prune_sigma_factor
noisenec_ctxdlydm1intseq_netseed0_snp_rescale_sf0p001_p50,snp_rescale_sf0p001,simulation_noise_prune_rescale,ctxdlydm1intseq,0,0.0,50,0.5,0.4381097789251288,0.7247518563973683,0.6044962493823833,0.5644301346615357,100527.0,1.5737924575805664,0.001,0.0004171620296045,0.001
noisenec_ctxdlydm1intseq_netseed0_snp_rescale_sf0p001_p60,snp_rescale_sf0p001,simulation_noise_prune_rescale,ctxdlydm1intseq,0,0.0,60,0.6,0.2558459019275281,0.7247518563973683,0.3530117234874007,0.28746921859505215,85427.0,1.877053141593933,0.001,0.0004171620296045,0.001
noisenec_ctxdlydm1intseq_netseed0_snp_rescale_sf0p001_p70,snp_rescale_sf0p001,simulation_noise_prune_rescale,ctxdlydm1intseq,0,0.0,70,0.7,0.1304768198553947,0.7247518563973683,0.18002964560032342,0.09696336307893527,68062.0,2.291890859603882,0.001,0.0004171620296045,0.001
noisenec_ctxdlydm1intseq_netseed0_snp_rescale_sf0p001_p80,snp_rescale_sf0p001,simulation_noise_prune_rescale,ctxdlydm1intseq,0,0.0,80,0.8,0.0773127244198046,0.7247518563973683,0.10667475183039121,0.016177324637095168,48544.0,3.066516160964966,0.001,0.0004171620296045,0.001
noisenec_ctxdlydm1intseq_netseed0_snp_rescale_sf0p25_p50,snp_rescale_sf0p25,simulation_noise_prune_rescale,ctxdlydm1intseq,0,0.0,50,0.5,0.5088140217005609,0.7247518563973683,0.7020527332345147,0.6718694812366581,103917.0,1.1402052640914917,0.25,0.104290507401129,0.25
noisenec_ctxdlydm1intseq_netseed0_snp_rescale_sf0p25_p60,snp_rescale_sf0p25,simulation_noise_prune_rescale,ctxdlydm1intseq,0,0.0,60,0.6,0.3392820519498276,0.7247518563973683,0.4681354714099627,0.4142554634829561,87909.0,1.5477445125579834,0.25,0.104290507401129,0.25
noisenec_ctxdlydm1intseq_netseed0_snp_rescale_sf0p25_p70,snp_rescale_sf0p25,simulation_noise_prune_rescale,ctxdlydm1intseq,0,0.0,70,0.7,0.1799199820301386,0.7247518563973683,0.24825046040515658,0.1720952197842606,69722.0,1.8996909856796265,0.25,0.104290507401129,0.25
noisenec_ctxdlydm1intseq_netseed0_snp_rescale_sf0p25_p80,snp_rescale_sf0p25,simulation_noise_prune_rescale,ctxdlydm1intseq,0,0.0,80,0.8,0.0865157675767707,0.7247518563973683,0.1193729506355837,0.030161901862928383,49283.0,2.726027727127075,0.25,0.104290507401129,0.25
noisenec_ctxdlydm1intseq_netseed0_snp_rescale_sf0p5_p50,snp_rescale_sf0p5,simulation_noise_prune_rescale,ctxdlydm1intseq,0,0.0,50,0.5,0.626441739560715,0.7247518563973683,0.8643534114899161,0.8506118685380486,110514.0,0.9670230150222778,0.5,0.2085810148022581,0.5
noisenec_ctxdlydm1intseq_netseed0_snp_rescale_sf0p5_p60,snp_rescale_sf0p5,simulation_noise_prune_rescale,ctxdlydm1intseq,0,0.0,60,0.6,0.4681572102441231,0.7247518563973683,0.6459551722589049,0.610089012551327,92717.0,1.1691842079162598,0.5,0.2085810148022581,0.5
noisenec_ctxdlydm1intseq_netseed0_snp_rescale_sf0p5_p70,snp_rescale_sf0p5,simulation_noise_prune_rescale,ctxdlydm1intseq,0,0.0,70,0.7,0.285115290333712,0.7247518563973683,0.3933971162916049,0.33194581351456615,72641.0,1.567640781402588,0.5,0.2085810148022581,0.5
noisenec_ctxdlydm1intseq_netseed0_snp_rescale_sf0p5_p80,snp_rescale_sf0p5,simulation_noise_prune_rescale,ctxdlydm1intseq,0,0.0,80,0.8,0.1320882476455249,0.7247518563973683,0.18225306562457885,0.09941202446089044,50556.0,2.1866378784179688,0.5,0.2085810148022581,0.5
noisenec_ctxdlydm1intseq_netseed0_snp_rescale_sf1p0_p50,snp_rescale_sf1p0,simulation_noise_prune_rescale,ctxdlydm1intseq,0,0.0,50,0.5,0.6310448888440365,0.7247518563973683,0.8707047567713246,0.8576066305463005,119440.0,0.6729455590248108,1.0,0.4171620296045162,1.0
noisenec_ctxdlydm1intseq_netseed0_snp_rescale_sf1p0_p60,snp_rescale_sf1p0,simulation_noise_prune_rescale,ctxdlydm1intseq,0,0.0,60,0.6,0.5787434769728597,0.7247518563973683,0.7985401787719535,0.7781314916321739,99054.0,0.9771041870117188,1.0,0.4171620296045162,1.0
noisenec_ctxdlydm1intseq_netseed0_snp_rescale_sf1p0_p70,snp_rescale_sf1p0,simulation_noise_prune_rescale,ctxdlydm1intseq,0,0.0,70,0.7,0.3659406017950329,0.7247518563973683,0.5049184745991107,0.45476473228463576,76322.0,1.246288180351257,1.0,0.4171620296045162,1.0
noisenec_ctxdlydm1intseq_netseed0_snp_rescale_sf1p0_p80,snp_rescale_sf1p0,simulation_noise_prune_rescale,ctxdlydm1intseq,0,0.0,80,0.8,0.1371243664158916,0.7247518563973683,0.1892018146700804,0.10706470962833442,51946.0,2.0367043018341064,1.0,0.4171620296045162,1.0
noisenec_ctxdlydm1intseq_netseed0_snp_rescale_sf2p0_p50,snp_rescale_sf2p0,simulation_noise_prune_rescale,ctxdlydm1intseq,0,0.0,50,0.5,0.6221999407515438,0.7247518563973683,0.8585006513048555,0.8441662002942351,123356.0,0.6742993593215942,2.0,0.8343240592090324,2.0
noisenec_ctxdlydm1intseq_netseed0_snp_rescale_sf2p0_p60,snp_rescale_sf2p0,simulation_noise_prune_rescale,ctxdlydm1intseq,0,0.0,60,0.6,0.5799610001920692,0.7247518563973683,0.8002200961236132,0.7799815913429845,101949.0,0.8321601748466492,2.0,0.8343240592090324,2.0
noisenec_ctxdlydm1intseq_netseed0_snp_rescale_sf2p0_p70,snp_rescale_sf2p0,simulation_noise_prune_rescale,ctxdlydm1intseq,0,0.0,70,0.7,0.3633492956921164,0.7247518563973683,0.5013430355298029,0.4508270869108249,77783.0,1.30751371383667,2.0,0.8343240592090324,2.0
noisenec_ctxdlydm1intseq_netseed0_snp_rescale_sf2p0_p80,snp_rescale_sf2p0,simulation_noise_prune_rescale,ctxdlydm1intseq,0,0.0,80,0.8,0.1213877160371247,0.7247518563973683,0.1674886583119975,0.08315192352657368,52214.0,1.8844187259674072,2.0,0.8343240592090324,2.0
noisenec_ctxdlydm1intseq_netseed1_snp_rescale_sf0p001_p50,snp_rescale_sf0p001,simulation_noise_prune_rescale,ctxdlydm1intseq,1,0.0,50,0.5,0.3519260631354153,0.6834211751377852,0.5149475549458401,0.462516921320741,107525.0,1.7312190532684326,0.001,0.0003824322682986,0.001
noisenec_ctxdlydm1intseq_netseed1_snp_rescale_sf0p001_p60,snp_rescale_sf0p001,simulation_noise_prune_rescale,ctxdlydm1intseq,1,0.0,60,0.6,0.243686946783818,0.6834211751377852,0.3565692074652033,0.2870190289422762,91516.0,1.9031782150268557,0.001,0.0003824322682986,0.001
noisenec_ctxdlydm1intseq_netseed1_snp_rescale_sf0p001_p70,snp_rescale_sf0p001,simulation_noise_prune_rescale,ctxdlydm1intseq,1,0.0,70,0.7,0.1806394275687624,0.6834211751377852,0.2643164042032258,0.18479437010460517,72610.0,2.252312183380127,0.001,0.0003824322682986,0.001
noisenec_ctxdlydm1intseq_netseed1_snp_rescale_sf0p001_p80,snp_rescale_sf0p001,simulation_noise_prune_rescale,ctxdlydm1intseq,1,0.0,80,0.8,0.1039484863972706,0.6834211751377852,0.15210018386731058,0.06044839432632987,50705.0,2.8476359844207764,0.001,0.0003824322682986,0.001
noisenec_ctxdlydm1intseq_netseed1_snp_rescale_sf0p25_p50,snp_rescale_sf0p25,simulation_noise_prune_rescale,ctxdlydm1intseq,1,0.0,50,0.5,0.4617342869513414,0.6834211751377852,0.6756218621090437,0.6405589498875548,109894.0,1.5597983598709106,0.25,0.0956080670746681,0.25
noisenec_ctxdlydm1intseq_netseed1_snp_rescale_sf0p25_p60,snp_rescale_sf0p25,simulation_noise_prune_rescale,ctxdlydm1intseq,1,0.0,60,0.6,0.3175945126814484,0.6834211751377852,0.4647127192355693,0.4068520660461977,93211.0,1.8918501138687136,0.25,0.0956080670746681,0.25
noisenec_ctxdlydm1intseq_netseed1_snp_rescale_sf0p25_p70,snp_rescale_sf0p25,simulation_noise_prune_rescale,ctxdlydm1intseq,1,0.0,70,0.7,0.2063278653302124,0.6834211751377852,0.3019044080520544,0.22644536317983938,73597.0,1.9813612699508667,0.25,0.0956080670746681,0.25
noisenec_ctxdlydm1intseq_netseed1_snp_rescale_sf0p25_p80,snp_rescale_sf0p25,simulation_noise_prune_rescale,ctxdlydm1intseq,1,0.0,80,0.8,0.1287026215814129,0.6834211751377852,0.18832109139062753,0.10058451792841862,50992.0,2.7014825344085693,0.25,0.0956080670746681,0.25
noisenec_ctxdlydm1intseq_netseed1_snp_rescale_sf0p5_p50,snp_rescale_sf0p5,simulation_noise_prune_rescale,ctxdlydm1intseq,1,0.0,50,0.5,0.5469902109831012,0.6834211751377852,0.8003705926624558,0.7787921088848062,114480.0,1.0825271606445312,0.5,0.1912161341493363,0.5
noisenec_ctxdlydm1intseq_netseed1_snp_rescale_sf0p5_p60,snp_rescale_sf0p5,simulation_noise_prune_rescale,ctxdlydm1intseq,1,0.0,60,0.6,0.433060638516054,0.6834211751377852,0.6336658187811406,0.5940677641054404,96415.0,1.387461543083191,0.5,0.1912161341493363,0.5
noisenec_ctxdlydm1intseq_netseed1_snp_rescale_sf0p5_p70,snp_rescale_sf0p5,simulation_noise_prune_rescale,ctxdlydm1intseq,1,0.0,70,0.7,0.2738450620318314,0.6834211751377852,0.40069736202806594,0.33591711535071256,75263.0,2.006901264190674,0.5,0.1912161341493363,0.5
noisenec_ctxdlydm1intseq_netseed1_snp_rescale_sf0p5_p80,snp_rescale_sf0p5,simulation_noise_prune_rescale,ctxdlydm1intseq,1,0.0,80,0.8,0.1475449327920672,0.6834211751377852,0.21589166118875455,0.13113526535199688,51490.0,2.3997859954833984,0.5,0.1912161341493363,0.5
noisenec_ctxdlydm1intseq_netseed1_snp_rescale_sf1p0_p50,snp_rescale_sf1p0,simulation_noise_prune_rescale,ctxdlydm1intseq,1,0.0,50,0.5,0.6303449757634749,0.6834211751377852,0.9223374965465336,0.9139427460272943,120774.0,0.7588960528373718,1.0,0.3824322682986727,1.0
noisenec_ctxdlydm1intseq_netseed1_snp_rescale_sf1p0_p60,snp_rescale_sf1p0,simulation_noise_prune_rescale,ctxdlydm1intseq,1,0.0,60,0.6,0.5221481797376791,0.6834211751377852,0.7640210732897006,0.7385134714298434,100482.0,1.0058521032333374,1.0,0.3824322682986727,1.0
noisenec_ctxdlydm1intseq_netseed1_snp_rescale_sf1p0_p70,snp_rescale_sf1p0,simulation_noise_prune_rescale,ctxdlydm1intseq,1,0.0,70,0.7,0.3039738785927515,0.6834211751377852,0.4447826459744491,0.384767697141524,77211.0,1.479572892189026,1.0,0.3824322682986727,1.0
noisenec_ctxdlydm1intseq_netseed1_snp_rescale_sf1p0_p80,snp_rescale_sf1p0,simulation_noise_prune_rescale,ctxdlydm1intseq,1,0.0,80,0.8,0.1784290043980584,0.6834211751377852,0.2610820543599416,0.18121041061935803,51979.0,1.9983532428741455,1.0,0.3824322682986727,1.0
noisenec_ctxdlydm1intseq_netseed1_snp_rescale_sf2p0_p50,snp_rescale_sf2p0,simulation_noise_prune_rescale,ctxdlydm1intseq,1,0.0,50,0.5,0.6306021531279604,0.6834211751377852,0.9227138052911867,0.9143597310042231,123390.0,0.7416602373123169,2.0,0.7648645365973454,2.0
noisenec_ctxdlydm1intseq_netseed1_snp_rescale_sf2p0_p60,snp_rescale_sf2p0,simulation_noise_prune_rescale,ctxdlydm1intseq,1,0.0,60,0.6,0.4978758451857374,0.6834211751377852,0.7285051492373794,0.6991585348731398,102137.0,1.1413127183914185,2.0,0.7648645365973454,2.0
noisenec_ctxdlydm1intseq_netseed1_snp_rescale_sf2p0_p70,snp_rescale_sf2p0,simulation_noise_prune_rescale,ctxdlydm1intseq,1,0.0,70,0.7,0.3096057373340148,0.6834211751377852,0.4530233311421685,0.39389914030717543,77973.0,1.308441996574402,2.0,0.7648645365973454,2.0
noisenec_ctxdlydm1intseq_netseed1_snp_rescale_sf2p0_p80,snp_rescale_sf2p0,simulation_noise_prune_rescale,ctxdlydm1intseq,1,0.0,80,0.8,0.1702351382409719,0.6834211751377852,0.2490925719511846,0.16792495255696235,52164.0,1.9828680753707888,2.0,0.7648645365973454,2.0
noisenec_ctxdlydm1intseq_netseed2_snp_rescale_sf0p001_p50,snp_rescale_sf0p001,simulation_noise_prune_rescale,ctxdlydm1intseq,2,0.0,50,0.5,0.3526227208062998,0.608579306662847,0.5794195053064018,0.5276792476028032,105092.0,1.6002206802368164,0.001,0.000532263644543,0.001
noisenec_ctxdlydm1intseq_netseed2_snp_rescale_sf0p001_p60,snp_rescale_sf0p001,simulation_noise_prune_rescale,ctxdlydm1intseq,2,0.0,60,0.6,0.2550385603276244,0.608579306662847,0.41907202156795614,0.347605646663428,89893.0,1.7940807342529297,0.001,0.000532263644543,0.001
noisenec_ctxdlydm1intseq_netseed2_snp_rescale_sf0p001_p70,snp_rescale_sf0p001,simulation_noise_prune_rescale,ctxdlydm1intseq,2,0.0,70,0.7,0.1348032593161686,0.608579306662847,0.22150483567271476,0.1257335364053922,71873.0,2.506175994873047,0.001,0.000532263644543,0.001
noisenec_ctxdlydm1intseq_netseed2_snp_rescale_sf0p001_p80,snp_rescale_sf0p001,simulation_noise_prune_rescale,ctxdlydm1intseq,2,0.0,80,0.8,0.086558087902572,0.608579306662847,0.14222975864429974,0.03670595547659773,50439.0,3.056206226348877,0.001,0.000532263644543,0.001
noisenec_ctxdlydm1intseq_netseed2_snp_rescale_sf0p25_p50,snp_rescale_sf0p25,simulation_noise_prune_rescale,ctxdlydm1intseq,2,0.0,50,0.5,0.4537390007845537,0.608579306662847,0.7455708661417322,0.7142707247437803,108584.0,1.5983741283416748,0.25,0.1330659111357524,0.25
noisenec_ctxdlydm1intseq_netseed2_snp_rescale_sf0p25_p60,snp_rescale_sf0p25,simulation_noise_prune_rescale,ctxdlydm1intseq,2,0.0,60,0.6,0.352531569335343,0.608579306662847,0.579269727832934,0.5275110443459877,92302.0,1.6125104427337646,0.25,0.1330659111357524,0.25
noisenec_ctxdlydm1intseq_netseed2_snp_rescale_sf0p25_p70,snp_rescale_sf0p25,simulation_noise_prune_rescale,ctxdlydm1intseq,2,0.0,70,0.7,0.2216445678606424,0.608579306662847,0.36419997432386164,0.2859831820772221,73106.0,1.8665300607681272,0.25,0.1330659111357524,0.25
noisenec_ctxdlydm1intseq_netseed2_snp_rescale_sf0p25_p80,snp_rescale_sf0p25,simulation_noise_prune_rescale,ctxdlydm1intseq,2,0.0,80,0.8,0.1043130922810981,0.608579306662847,0.171404270797672,0.06946954700059549,50986.0,2.6329967975616455,0.25,0.1330659111357524,0.25
noisenec_ctxdlydm1intseq_netseed2_snp_rescale_sf0p5_p50,snp_rescale_sf0p5,simulation_noise_prune_rescale,ctxdlydm1intseq,2,0.0,50,0.5,0.5320055602397283,0.608579306662847,0.874176223895926,0.8586972497566058,114967.0,1.2380003929138184,0.5,0.2661318222715049,0.5
noisenec_ctxdlydm1intseq_netseed2_snp_rescale_sf0p5_p60,snp_rescale_sf0p5,simulation_noise_prune_rescale,ctxdlydm1intseq,2,0.0,60,0.6,0.4745964105852901,0.608579306662847,0.7798431615884971,0.7527592342586782,96656.0,1.4935590028762815,0.5,0.2661318222715049,0.5
noisenec_ctxdlydm1intseq_netseed2_snp_rescale_sf0p5_p70,snp_rescale_sf0p5,simulation_noise_prune_rescale,ctxdlydm1intseq,2,0.0,70,0.7,0.2937714246649369,0.608579306662847,0.48271674940089,0.41908001629168673,75418.0,1.774666666984558,0.5,0.2661318222715049,0.5
noisenec_ctxdlydm1intseq_netseed2_snp_rescale_sf0p5_p80,snp_rescale_sf0p5,simulation_noise_prune_rescale,ctxdlydm1intseq,2,0.0,80,0.8,0.145620985672942,0.608579306662847,0.23928021225607665,0.14569565863389314,51762.0,2.187023401260376,0.5,0.2661318222715049,0.5
noisenec_ctxdlydm1intseq_netseed2_snp_rescale_sf1p0_p50,snp_rescale_sf1p0,simulation_noise_prune_rescale,ctxdlydm1intseq,2,0.0,50,0.5,0.5501642354182062,0.608579306662847,0.9040140362889422,0.8922057414179295,122051.0,1.0606975555419922,1.0,0.5322636445430098,1.0
noisenec_ctxdlydm1intseq_netseed2_snp_rescale_sf1p0_p60,snp_rescale_sf1p0,simulation_noise_prune_rescale,ctxdlydm1intseq,2,0.0,60,0.6,0.5047740582913657,0.608579306662847,0.8294302036973639,0.8084465267829646,101366.0,1.39935040473938,1.0,0.5322636445430098,1.0
noisenec_ctxdlydm1intseq_netseed2_snp_rescale_sf1p0_p70,snp_rescale_sf1p0,simulation_noise_prune_rescale,ctxdlydm1intseq,2,0.0,70,0.7,0.4185447667661737,0.608579306662847,0.687740713796645,0.6493262458354676,77785.0,1.6057534217834473,1.0,0.5322636445430098,1.0
noisenec_ctxdlydm1intseq_netseed2_snp_rescale_sf1p0_p80,snp_rescale_sf1p0,simulation_noise_prune_rescale,ctxdlydm1intseq,2,0.0,80,0.8,0.1774068057594708,0.608579306662847,0.2915097569325573,0.20435053718913934,52251.0,1.9255702495574951,1.0,0.5322636445430098,1.0
noisenec_ctxdlydm1intseq_netseed2_snp_rescale_sf2p0_p50,snp_rescale_sf2p0,simulation_noise_prune_rescale,ctxdlydm1intseq,2,0.0,50,0.5,0.5429274597061667,0.608579306662847,0.8921227747346799,0.8788516042786103,124315.0,1.0151944160461426,2.0,1.0645272890860196,2.0
noisenec_ctxdlydm1intseq_netseed2_snp_rescale_sf2p0_p60,snp_rescale_sf2p0,simulation_noise_prune_rescale,ctxdlydm1intseq,2,0.0,60,0.6,0.4914106015671542,0.608579306662847,0.8074717562478603,0.7837867278819726,102978.0,1.340747952461243,2.0,1.0645272890860196,2.0
noisenec_ctxdlydm1intseq_netseed2_snp_rescale_sf2p0_p70,snp_rescale_sf2p0,simulation_noise_prune_rescale,ctxdlydm1intseq,2,0.0,70,0.7,0.4258857155878781,0.608579306662847,0.6998031496062991,0.6628726152682901,78398.0,1.5340940952301023,2.0,1.0645272890860196,2.0
noisenec_ctxdlydm1intseq_netseed2_snp_rescale_sf2p0_p80,snp_rescale_sf2p0,simulation_noise_prune_rescale,ctxdlydm1intseq,2,0.0,80,0.8,0.1784778355432139,0.608579306662847,0.29326964224580615,0.20632692545672182,52347.0,1.9250015020370483,2.0,1.0645272890860196,2.0
noisenec_ctxdlydm1intseq_netseed0_snp_mask_sf0p001_p50,snp_mask_sf0p001,simulation_noise_prune_mask_only,ctxdlydm1intseq,0,0.0,50,0.5,0.3774321979549516,0.7247518563973683,0.5207743790145083,0.47222690335191236,130816.0,0.6053199768066406,0.001,0.0004171620296045,
noisenec_ctxdlydm1intseq_netseed0_snp_mask_sf0p001_p60,snp_mask_sf0p001,simulation_noise_prune_mask_only,ctxdlydm1intseq,0,0.0,60,0.6,0.1941819318252105,0.7247518563973683,0.2679288505592238,0.19376710971223193,104653.0,0.6465253233909607,0.001,0.0004171620296045,
noisenec_ctxdlydm1intseq_netseed0_snp_mask_sf0p001_p70,snp_mask_sf0p001,simulation_noise_prune_mask_only,ctxdlydm1intseq,0,0.0,70,0.7,0.1120577119027544,0.7247518563973683,0.15461528095943944,0.06897442146458643,78490.0,0.7119396328926086,0.001,0.0004171620296045,
noisenec_ctxdlydm1intseq_netseed0_snp_mask_sf0p001_p80,snp_mask_sf0p001,simulation_noise_prune_mask_only,ctxdlydm1intseq,0,0.0,80,0.8,0.0765607247844104,0.7247518563973683,0.10563715581907188,0.015034615992182603,52326.0,0.8167677521705627,0.001,0.0004171620296045,
noisenec_ctxdlydm1intseq_netseed0_snp_mask_sf0p25_p50,snp_mask_sf0p25,simulation_noise_prune_mask_only,ctxdlydm1intseq,0,0.0,50,0.5,0.462538373141568,0.7247518563973683,0.6382023985985716,0.6015508518538428,130816.0,0.5945775508880615,0.25,0.104290507401129,
noisenec_ctxdlydm1intseq_netseed0_snp_mask_sf0p25_p60,snp_mask_sf0p25,simulation_noise_prune_mask_only,ctxdlydm1intseq,0,0.0,60,0.6,0.2295519579661502,0.7247518563973683,0.3167317971522256,0.24751399034848157,104653.0,0.6306331157684326,0.25,0.104290507401129,
noisenec_ctxdlydm1intseq_netseed0_snp_mask_sf0p25_p70,snp_mask_sf0p25,simulation_noise_prune_mask_only,ctxdlydm1intseq,0,0.0,70,0.7,0.1234679228207473,0.7247518563973683,0.17035889143421812,0.08631292276509757,78490.0,0.7178525328636169,0.25,0.104290507401129,
noisenec_ctxdlydm1intseq_netseed0_snp_mask_sf0p25_p80,snp_mask_sf0p25,simulation_noise_prune_mask_only,ctxdlydm1intseq,0,0.0,80,0.8,0.0777261614487875,0.7247518563973683,0.10724520504873554,0.016805567052263465,52326.0,0.7803751826286316,0.25,0.104290507401129,
noisenec_ctxdlydm1intseq_netseed0_snp_mask_sf0p5_p50,snp_mask_sf0p5,simulation_noise_prune_mask_only,ctxdlydm1intseq,0,0.0,50,0.5,0.5615093381426586,0.7247518563973683,0.7747608139064817,0.7519431818219294,130816.0,0.5929464101791382,0.5,0.2085810148022581,
noisenec_ctxdlydm1intseq_netseed0_snp_mask_sf0p5_p60,snp_mask_sf0p5,simulation_noise_prune_mask_only,ctxdlydm1intseq,0,0.0,60,0.6,0.3370195422242912,0.7247518563973683,0.4650136998607555,0.41081744396687764,104653.0,0.594506561756134,0.5,0.2085810148022581,
noisenec_ctxdlydm1intseq_netseed0_snp_mask_sf0p5_p70,snp_mask_sf0p5,simulation_noise_prune_mask_only,ctxdlydm1intseq,0,0.0,70,0.7,0.1484597029113128,0.7247518563973683,0.20484211471948965,0.12428943474342141,78490.0,0.6748350262641907,0.5,0.2085810148022581,
noisenec_ctxdlydm1intseq_netseed0_snp_mask_sf0p5_p80,snp_mask_sf0p5,simulation_noise_prune_mask_only,ctxdlydm1intseq,0,0.0,80,0.8,0.0784325853487032,0.7247518563973683,0.10821991645330818,0.017879020627787307,52326.0,0.7832044959068298,0.5,0.2085810148022581,
noisenec_ctxdlydm1intseq_netseed0_snp_mask_sf1p0_p50,snp_mask_sf1p0,simulation_noise_prune_mask_only,ctxdlydm1intseq,0,0.0,50,0.5,0.6446622675230564,0.7247518563973683,0.8894937789156898,0.8782990559214899,130816.0,0.5998082160949707,1.0,0.4171620296045162,
noisenec_ctxdlydm1intseq_netseed0_snp_mask_sf1p0_p60,snp_mask_sf1p0,simulation_noise_prune_mask_only,ctxdlydm1intseq,0,0.0,60,0.6,0.4320482061064974,0.7247518563973683,0.5961325966850828,0.5552192104328474,104653.0,0.6242287158966064,1.0,0.4171620296045162,
noisenec_ctxdlydm1intseq_netseed0_snp_mask_sf1p0_p70,snp_mask_sf1p0,simulation_noise_prune_mask_only,ctxdlydm1intseq,0,0.0,70,0.7,0.1662895817124106,0.7247518563973683,0.22944347123029243,0.15138300724638876,78490.0,0.6800229549407959,1.0,0.4171620296045162,
noisenec_ctxdlydm1intseq_netseed0_snp_mask_sf1p0_p80,snp_mask_sf1p0,simulation_noise_prune_mask_only,ctxdlydm1intseq,0,0.0,80,0.8,0.071752484691436,0.7247518563973683,0.09900282980730361,0.007728206171682005,52326.0,0.7982010245323181,1.0,0.4171620296045162,
noisenec_ctxdlydm1intseq_netseed0_snp_mask_sf2p0_p50,snp_mask_sf2p0,simulation_noise_prune_mask_only,ctxdlydm1intseq,0,0.0,50,0.5,0.6208163916388058,0.7247518563973683,0.8565916543143333,0.842063814259223,130816.0,0.6049171686172485,2.0,0.8343240592090324,
noisenec_ctxdlydm1intseq_netseed0_snp_mask_sf2p0_p60,snp_mask_sf2p0,simulation_noise_prune_mask_only,ctxdlydm1intseq,0,0.0,60,0.6,0.3208010912133237,0.7247518563973683,0.4426357633742083,0.38617253284586556,104653.0,0.6522939205169678,2.0,0.8343240592090324,
noisenec_ctxdlydm1intseq_netseed0_snp_mask_sf2p0_p70,snp_mask_sf2p0,simulation_noise_prune_mask_only,ctxdlydm1intseq,0,0.0,70,0.7,0.1113219893157454,0.7247518563973683,0.15360014373624395,0.067856446773027,78490.0,0.6686719655990601,2.0,0.8343240592090324,
noisenec_ctxdlydm1intseq_netseed0_snp_mask_sf2p0_p80,snp_mask_sf2p0,simulation_noise_prune_mask_only,ctxdlydm1intseq,0,0.0,80,0.8,0.0459077872654884,0.7247518563973683,0.0633427660243453,-0.03154436496234342,52326.0,0.8090900182723999,2.0,0.8343240592090324,
noisenec_ctxdlydm1intseq_netseed1_snp_mask_sf0p001_p50,snp_mask_sf0p001,simulation_noise_prune_mask_only,ctxdlydm1intseq,1,0.0,50,0.5,0.2003899980793083,0.6834211751377852,0.2932159631122162,0.21681776067455152,130816.0,0.5280875563621521,0.001,0.0003824322682986,
noisenec_ctxdlydm1intseq_netseed1_snp_mask_sf0p001_p60,snp_mask_sf0p001,simulation_noise_prune_mask_only,ctxdlydm1intseq,1,0.0,60,0.6,0.1254862768205064,0.6834211751377852,0.18361485038154837,0.09536956657138751,104653.0,0.4218683838844299,0.001,0.0003824322682986,
noisenec_ctxdlydm1intseq_netseed1_snp_mask_sf0p001_p70,snp_mask_sf0p001,simulation_noise_prune_mask_only,ctxdlydm1intseq,1,0.0,70,0.7,0.093104716763081,0.6834211751377852,0.13623329236807752,0.04286640751431553,78490.0,0.2846637666225433,0.001,0.0003824322682986,
noisenec_ctxdlydm1intseq_netseed1_snp_mask_sf0p001_p80,snp_mask_sf0p001,simulation_noise_prune_mask_only,ctxdlydm1intseq,1,0.0,80,0.8,0.0846015866866765,0.6834211751377852,0.12379128678537052,0.029079511821435988,52326.0,0.3908384442329407,0.001,0.0003824322682986,
noisenec_ctxdlydm1intseq_netseed1_snp_mask_sf0p25_p50,snp_mask_sf0p25,simulation_noise_prune_mask_only,ctxdlydm1intseq,1,0.0,50,0.5,0.2489834983283471,0.6834211751377852,0.36431926224432437,0.2956068081506663,130816.0,0.4543361961841583,0.25,0.0956080670746681,
noisenec_ctxdlydm1intseq_netseed1_snp_mask_sf0p25_p60,snp_mask_sf0p25,simulation_noise_prune_mask_only,ctxdlydm1intseq,1,0.0,60,0.6,0.1456730722277745,0.6834211751377852,0.21315270513589984,0.12810024811485843,104653.0,0.5008824467658997,0.25,0.0956080670746681,
noisenec_ctxdlydm1intseq_netseed1_snp_mask_sf0p25_p70,snp_mask_sf0p25,simulation_noise_prune_mask_only,ctxdlydm1intseq,1,0.0,70,0.7,0.0973497709819292,0.6834211751377852,0.14244476835576894,0.049749298779060924,78490.0,0.4539644420146942,0.25,0.0956080670746681,
noisenec_ctxdlydm1intseq_netseed1_snp_mask_sf0p25_p80,snp_mask_sf0p25,simulation_noise_prune_mask_only,ctxdlydm1intseq,1,0.0,80,0.8,0.0836900719771079,0.6834211751377852,0.12245753427267608,0.02760159038422077,52326.0,0.4374342560768127,0.25,0.0956080670746681,
noisenec_ctxdlydm1intseq_netseed1_snp_mask_sf0p5_p50,snp_mask_sf0p5,simulation_noise_prune_mask_only,ctxdlydm1intseq,1,0.0,50,0.5,0.3773508127130259,0.6834211751377852,0.5521497232463537,0.5037403728373523,130816.0,0.5709299445152283,0.5,0.1912161341493363,
noisenec_ctxdlydm1intseq_netseed1_snp_mask_sf0p5_p60,snp_mask_sf0p5,simulation_noise_prune_mask_only,ctxdlydm1intseq,1,0.0,60,0.6,0.1985018604666304,0.6834211751377852,0.2904531900502062,0.21375635198317697,104653.0,0.5658161640167236,0.5,0.1912161341493363,
noisenec_ctxdlydm1intseq_netseed1_snp_mask_sf0p5_p70,snp_mask_sf0p5,simulation_noise_prune_mask_only,ctxdlydm1intseq,1,0.0,70,0.7,0.1119340063350272,0.6834211751377852,0.16378480855888036,0.07339604177450504,78490.0,0.515568196773529,0.5,0.1912161341493363,
noisenec_ctxdlydm1intseq_netseed1_snp_mask_sf0p5_p80,snp_mask_sf0p5,simulation_noise_prune_mask_only,ctxdlydm1intseq,1,0.0,80,0.8,0.0807602032677802,0.6834211751377852,0.11817047262472963,0.0228511286217432,52326.0,0.5215916037559509,0.5,0.1912161341493363,
noisenec_ctxdlydm1intseq_netseed1_snp_mask_sf1p0_p50,snp_mask_sf1p0,simulation_noise_prune_mask_only,ctxdlydm1intseq,1,0.0,50,0.5,0.5406812270290154,0.6834211751377852,0.7911391199138776,0.7685627812229378,130816.0,0.5899187326431274,1.0,0.3824322682986727,
noisenec_ctxdlydm1intseq_netseed1_snp_mask_sf1p0_p60,snp_mask_sf1p0,simulation_noise_prune_mask_only,ctxdlydm1intseq,1,0.0,60,0.6,0.313333181414215,0.6834211751377852,0.45847742623872256,0.3999427833272163,104653.0,0.6876781582832336,1.0,0.3824322682986727,
noisenec_ctxdlydm1intseq_netseed1_snp_mask_sf1p0_p70,snp_mask_sf1p0,simulation_noise_prune_mask_only,ctxdlydm1intseq,1,0.0,70,0.7,0.1499116156272686,0.6834211751377852,0.2193546543199291,0.13497258279790936,78490.0,0.6424170732498169,1.0,0.3824322682986727,
noisenec_ctxdlydm1intseq_netseed1_snp_mask_sf1p0_p80,snp_mask_sf1p0,simulation_noise_prune_mask_only,ctxdlydm1intseq,1,0.0,80,0.8,0.0726119128461721,0.6834211751377852,0.10624767784160732,0.00963956663120825,52326.0,0.575754702091217,1.0,0.3824322682986727,
noisenec_ctxdlydm1intseq_netseed1_snp_mask_sf2p0_p50,snp_mask_sf2p0,simulation_noise_prune_mask_only,ctxdlydm1intseq,1,0.0,50,0.5,0.5100738652455719,0.6834211751377852,0.7463536158983299,0.7189362906775884,130816.0,0.6828488707542419,2.0,0.7648645365973454,
noisenec_ctxdlydm1intseq_netseed1_snp_mask_sf2p0_p60,snp_mask_sf2p0,simulation_noise_prune_mask_only,ctxdlydm1intseq,1,0.0,60,0.6,0.2798773361633694,0.6834211751377852,0.4095239456210046,0.3456977882905691,104653.0,0.6831201910972595,2.0,0.7648645365973454,
noisenec_ctxdlydm1intseq_netseed1_snp_mask_sf2p0_p70,snp_mask_sf2p0,simulation_noise_prune_mask_only,ctxdlydm1intseq,1,0.0,70,0.7,0.125014242417337,0.6834211751377852,0.18292415711604598,0.09460421439854401,78490.0,0.6499015688896179,2.0,0.7648645365973454,
noisenec_ctxdlydm1intseq_netseed1_snp_mask_sf2p0_p80,snp_mask_sf2p0,simulation_noise_prune_mask_only,ctxdlydm1intseq,1,0.0,80,0.8,0.0554591592578968,0.6834211751377852,0.08114931359379614,-0.01817174784267457,52326.0,0.6085521578788757,2.0,0.7648645365973454,
noisenec_ctxdlydm1intseq_netseed2_snp_mask_sf0p001_p50,snp_mask_sf0p001,simulation_noise_prune_mask_only,ctxdlydm1intseq,2,0.0,50,0.5,0.2046610955755727,0.608579306662847,0.3362932214994864,0.2546433109769845,130816.0,0.4624404013156891,0.001,0.000532263644543,
noisenec_ctxdlydm1intseq_netseed2_snp_mask_sf0p001_p60,snp_mask_sf0p001,simulation_noise_prune_mask_only,ctxdlydm1intseq,2,0.0,60,0.6,0.132524472542247,0.608579306662847,0.21776039883601495,0.12152845498500374,104653.0,0.5046863555908203,0.001,0.000532263644543,
noisenec_ctxdlydm1intseq_netseed2_snp_mask_sf0p001_p70,snp_mask_sf0p001,simulation_noise_prune_mask_only,ctxdlydm1intseq,2,0.0,70,0.7,0.095318395343462,0.608579306662847,0.15662444368366998,0.05287148990840531,78490.0,0.3995611369609833,0.001,0.000532263644543,
noisenec_ctxdlydm1intseq_netseed2_snp_mask_sf0p001_p80,snp_mask_sf0p001,simulation_noise_prune_mask_only,ctxdlydm1intseq,2,0.0,80,0.8,0.0828241330030177,0.608579306662847,0.1360942314275932,0.029815629206332826,52326.0,0.5395471453666687,0.001,0.000532263644543,
noisenec_ctxdlydm1intseq_netseed2_snp_mask_sf0p25_p50,snp_mask_sf0p25,simulation_noise_prune_mask_only,ctxdlydm1intseq,2,0.0,50,0.5,0.2512232201861443,0.608579306662847,0.41280276446422454,0.3405651389138635,130816.0,0.4829170405864715,0.25,0.1330659111357524,
noisenec_ctxdlydm1intseq_netseed2_snp_mask_sf0p25_p60,snp_mask_sf0p25,simulation_noise_prune_mask_only,ctxdlydm1intseq,2,0.0,60,0.6,0.1524052594398742,0.608579306662847,0.25042793563848,0.15821478674830664,104653.0,0.3939317464828491,0.25,0.1330659111357524,
noisenec_ctxdlydm1intseq_netseed2_snp_mask_sf0p25_p70,snp_mask_sf0p25,simulation_noise_prune_mask_only,ctxdlydm1intseq,2,0.0,70,0.7,0.104944641758442,0.608579306662847,0.1724420147209858,0.07063495527996012,78490.0,0.6778648495674133,0.25,0.1330659111357524,
noisenec_ctxdlydm1intseq_netseed2_snp_mask_sf0p25_p80,snp_mask_sf0p25,simulation_noise_prune_mask_only,ctxdlydm1intseq,2,0.0,80,0.8,0.0813917527451242,0.608579306662847,0.1337405854159534,0.0271724351706602,52326.0,0.4970465004444122,0.25,0.1330659111357524,
noisenec_ctxdlydm1intseq_netseed2_snp_mask_sf0p5_p50,snp_mask_sf0p5,simulation_noise_prune_mask_only,ctxdlydm1intseq,2,0.0,50,0.5,0.3686784013334158,0.608579306662847,0.6058017374186921,0.5573070498390255,130816.0,0.5534341335296631,0.5,0.2661318222715049,
noisenec_ctxdlydm1intseq_netseed2_snp_mask_sf0p5_p60,snp_mask_sf0p5,simulation_noise_prune_mask_only,ctxdlydm1intseq,2,0.0,60,0.6,0.2208372262607388,0.608579306662847,0.3628733738445738,0.2844933818025702,104653.0,0.7099664211273193,0.5,0.2661318222715049,
noisenec_ctxdlydm1intseq_netseed2_snp_mask_sf0p5_p70,snp_mask_sf0p5,simulation_noise_prune_mask_only,ctxdlydm1intseq,2,0.0,70,0.7,0.1298582920167588,0.608579306662847,0.21337940773707625,0.11660850972314937,78490.0,0.7090136408805847,0.5,0.2661318222715049,
noisenec_ctxdlydm1intseq_netseed2_snp_mask_sf0p5_p80,snp_mask_sf0p5,simulation_noise_prune_mask_only,ctxdlydm1intseq,2,0.0,80,0.8,0.084865274870516,0.608579306662847,0.13944817699417994,0.033582180707166384,52326.0,0.7406514883041382,0.5,0.2661318222715049,
noisenec_ctxdlydm1intseq_netseed2_snp_mask_sf1p0_p50,snp_mask_sf1p0,simulation_noise_prune_mask_only,ctxdlydm1intseq,2,0.0,50,0.5,0.5471725139250149,0.608579306662847,0.8990981256419034,0.8866850702388767,130816.0,0.6090855002403259,1.0,0.5322636445430098,
noisenec_ctxdlydm1intseq_netseed2_snp_mask_sf1p0_p60,snp_mask_sf1p0,simulation_noise_prune_mask_only,ctxdlydm1intseq,2,0.0,60,0.6,0.3591628388474547,0.608579306662847,0.5901660390277301,0.5397478312793178,104653.0,0.5789686441421509,1.0,0.5322636445430098,
noisenec_ctxdlydm1intseq_netseed2_snp_mask_sf1p0_p70,snp_mask_sf1p0,simulation_noise_prune_mask_only,ctxdlydm1intseq,2,0.0,70,0.7,0.1823029419137251,0.608579306662847,0.2995549469359808,0.21338545498380235,78490.0,0.8301803469657898,1.0,0.5322636445430098,
noisenec_ctxdlydm1intseq_netseed2_snp_mask_sf1p0_p80,snp_mask_sf1p0,simulation_noise_prune_mask_only,ctxdlydm1intseq,2,0.0,80,0.8,0.0940129760629726,0.608579306662847,0.15447941629578904,0.050462578980439876,52326.0,0.9002516269683838,1.0,0.5322636445430098,
noisenec_ctxdlydm1intseq_netseed2_snp_mask_sf2p0_p50,snp_mask_sf2p0,simulation_noise_prune_mask_only,ctxdlydm1intseq,2,0.0,50,0.5,0.5557309859659288,0.608579306662847,0.9131611605614515,0.902478154602021,130816.0,0.7011063098907471,2.0,1.0645272890860196,
noisenec_ctxdlydm1intseq_netseed2_snp_mask_sf2p0_p60,snp_mask_sf2p0,simulation_noise_prune_mask_only,ctxdlydm1intseq,2,0.0,60,0.6,0.3511708080903441,0.608579306662847,0.577033764121876,0.5250000100120986,104653.0,0.629738450050354,2.0,1.0645272890860196,
noisenec_ctxdlydm1intseq_netseed2_snp_mask_sf2p0_p70,snp_mask_sf2p0,simulation_noise_prune_mask_only,ctxdlydm1intseq,2,0.0,70,0.7,0.1484531920919588,0.608579306662847,0.2439340123245464,0.15092197411351876,78490.0,0.8629857897758484,2.0,1.0645272890860196,
noisenec_ctxdlydm1intseq_netseed2_snp_mask_sf2p0_p80,snp_mask_sf2p0,simulation_noise_prune_mask_only,ctxdlydm1intseq,2,0.0,80,0.8,0.067006097382325,0.608579306662847,0.11010249058541584,0.0006263568896653385,52326.0,0.9535104632377625,2.0,1.0645272890860196,
noisenec_ctxdlydm2intseq_netseed0_snp_rescale_sf0p001_p50,snp_rescale_sf0p001,simulation_noise_prune_rescale,ctxdlydm2intseq,0,0.0,50,0.5,0.3254768751770878,0.6899244750872005,0.4717572530470822,0.41525385645195617,107451.0,1.520011305809021,0.001,0.0003458394574072,0.001
noisenec_ctxdlydm2intseq_netseed0_snp_rescale_sf0p001_p60,snp_rescale_sf0p001,simulation_noise_prune_rescale,ctxdlydm2intseq,0,0.0,60,0.6,0.190036834271831,0.6899244750872005,0.2754458511532179,0.1979440384675007,91594.0,1.693980097770691,0.001,0.0003458394574072,0.001
noisenec_ctxdlydm2intseq_netseed0_snp_rescale_sf0p001_p70,snp_rescale_sf0p001,simulation_noise_prune_rescale,ctxdlydm2intseq,0,0.0,70,0.7,0.1290078846836519,0.6899244750872005,0.18698841589486506,0.10002476852230857,72628.0,2.2724249362945557,0.001,0.0003458394574072,0.001
noisenec_ctxdlydm2intseq_netseed0_snp_rescale_sf0p001_p80,snp_rescale_sf0p001,simulation_noise_prune_rescale,ctxdlydm2intseq,0,0.0,80,0.8,0.0638721254775265,0.6899244750872005,0.09257843109487256,-0.004483764425225757,50549.0,3.101349115371704,0.001,0.0003458394574072,0.001
noisenec_ctxdlydm2intseq_netseed0_snp_rescale_sf0p25_p50,snp_rescale_sf0p25,simulation_noise_prune_rescale,ctxdlydm2intseq,0,0.0,50,0.5,0.4378425733835747,0.6899244750872005,0.6346239178255493,0.5955415266397476,109921.0,1.241824746131897,0.25,0.0864598643518164,0.25
noisenec_ctxdlydm2intseq_netseed0_snp_rescale_sf0p25_p60,snp_rescale_sf0p25,simulation_noise_prune_rescale,ctxdlydm2intseq,0,0.0,60,0.6,0.291726781544434,0.6899244750872005,0.4228387194229662,0.3611027601051914,93212.0,1.645946979522705,0.25,0.0864598643518164,0.25
noisenec_ctxdlydm2intseq_netseed0_snp_rescale_sf0p25_p70,snp_rescale_sf0p25,simulation_noise_prune_rescale,ctxdlydm2intseq,0,0.0,70,0.7,0.1427417595122634,0.6899244750872005,0.2068947611899434,0.12206039269429611,73567.0,1.8397305011749268,0.25,0.0864598643518164,0.25
noisenec_ctxdlydm2intseq_netseed0_snp_rescale_sf0p25_p80,snp_rescale_sf0p25,simulation_noise_prune_rescale,ctxdlydm2intseq,0,0.0,80,0.8,0.0835040433022527,0.6899244750872005,0.12103360051359029,0.027015107405161082,50916.0,2.6882548332214355,0.25,0.0864598643518164,0.25
noisenec_ctxdlydm2intseq_netseed0_snp_rescale_sf0p5_p50,snp_rescale_sf0p5,simulation_noise_prune_rescale,ctxdlydm2intseq,0,0.0,50,0.5,0.5290456634239915,0.6899244750872005,0.7668167785424987,0.7418743744728853,114723.0,1.0498099327087402,0.5,0.1729197287036328,0.5
noisenec_ctxdlydm2intseq_netseed0_snp_rescale_sf0p5_p60,snp_rescale_sf0p5,simulation_noise_prune_rescale,ctxdlydm2intseq,0,0.0,60,0.6,0.3838971376090617,0.6899244750872005,0.5564335684141956,0.5089875596525998,96475.0,1.1913752555847168,0.5,0.1729197287036328,0.5
noisenec_ctxdlydm2intseq_netseed0_snp_rescale_sf0p5_p70,snp_rescale_sf0p5,simulation_noise_prune_rescale,ctxdlydm2intseq,0,0.0,70,0.7,0.2198983230798792,0.6899244750872005,0.31872810868477447,0.2458559753972978,75271.0,1.7237448692321775,0.5,0.1729197287036328,0.5
noisenec_ctxdlydm2intseq_netseed0_snp_rescale_sf0p5_p80,snp_rescale_sf0p5,simulation_noise_prune_rescale,ctxdlydm2intseq,0,0.0,80,0.8,0.0958147017922104,0.6899244750872005,0.13887708764078888,0.046767220132245074,51481.0,2.3205885887145996,0.5,0.1729197287036328,0.5
noisenec_ctxdlydm2intseq_netseed0_snp_rescale_sf1p0_p50,snp_rescale_sf1p0,simulation_noise_prune_rescale,ctxdlydm2intseq,0,0.0,50,0.5,0.5903221288971539,0.6899244750872005,0.8556329717430915,0.8401907768432779,120938.0,1.05608069896698,1.0,0.3458394574072657,1.0
noisenec_ctxdlydm2intseq_netseed0_snp_rescale_sf1p0_p60,snp_rescale_sf1p0,simulation_noise_prune_rescale,ctxdlydm2intseq,0,0.0,60,0.6,0.4639554992493104,0.6899244750872005,0.6724728807318663,0.6374389974984142,100671.0,1.040220856666565,1.0,0.3458394574072657,1.0
noisenec_ctxdlydm2intseq_netseed0_snp_rescale_sf1p0_p70,snp_rescale_sf1p0,simulation_noise_prune_rescale,ctxdlydm2intseq,0,0.0,70,0.7,0.2424906611605238,0.6899244750872005,0.3514742119126519,0.28210476005015017,77299.0,1.3260873556137085,1.0,0.3458394574072657,1.0
noisenec_ctxdlydm2intseq_netseed0_snp_rescale_sf1p0_p80,snp_rescale_sf1p0,simulation_noise_prune_rescale,ctxdlydm2intseq,0,0.0,80,0.8,0.1339386616555556,0.6899244750872005,0.1941352517442245,0.10793606446643693,52093.0,1.953803777694702,1.0,0.3458394574072657,1.0
noisenec_ctxdlydm2intseq_netseed0_snp_rescale_sf2p0_p50,snp_rescale_sf2p0,simulation_noise_prune_rescale,ctxdlydm2intseq,0,0.0,50,0.5,0.5973991291348995,0.6899244750872005,0.8658906165916108,0.8515456289480277,123634.0,1.0724990367889404,2.0,0.6916789148145314,2.0
noisenec_ctxdlydm2intseq_netseed0_snp_rescale_sf2p0_p60,snp_rescale_sf2p0,simulation_noise_prune_rescale,ctxdlydm2intseq,0,0.0,60,0.6,0.4989106044272775,0.6899244750872005,0.7231379990747822,0.6935235017047083,102282.0,1.1209248304367063,2.0,0.6916789148145314,2.0
noisenec_ctxdlydm2intseq_netseed0_snp_rescale_sf2p0_p70,snp_rescale_sf2p0,simulation_noise_prune_rescale,ctxdlydm2intseq,0,0.0,70,0.7,0.2460861550687019,0.6899244750872005,0.35668564307361145,0.28787363106885405,78155.0,1.3626543283462524,2.0,0.6916789148145314,2.0
noisenec_ctxdlydm2intseq_netseed0_snp_rescale_sf2p0_p80,snp_rescale_sf2p0,simulation_noise_prune_rescale,ctxdlydm2intseq,0,0.0,80,0.8,0.1416051405141165,0.6899244750872005,0.2052473069551835,0.12023671879436161,52271.0,2.101422071456909,2.0,0.6916789148145314,2.0
noisenec_ctxdlydm2intseq_netseed1_snp_rescale_sf0p001_p50,snp_rescale_sf0p001,simulation_noise_prune_rescale,ctxdlydm2intseq,1,0.0,50,0.5,0.2576803202073922,0.7227073026956434,0.3565486598049641,0.29116131387368605,106913.0,1.6374266147613523,0.001,0.0003486488557637,0.001
noisenec_ctxdlydm2intseq_netseed1_snp_rescale_sf0p001_p60,snp_rescale_sf0p001,simulation_noise_prune_rescale,ctxdlydm2intseq,1,0.0,60,0.6,0.1806279738545062,0.7227073026956434,0.2499324044198496,0.17371074431859732,91072.0,2.170013904571533,0.001,0.0003486488557637,0.001
noisenec_ctxdlydm2intseq_netseed1_snp_rescale_sf0p001_p70,snp_rescale_sf0p001,simulation_noise_prune_rescale,ctxdlydm2intseq,1,0.0,70,0.7,0.1307763205460982,0.7227073026956434,0.18095336806244028,0.09772207750344272,72518.0,2.341349840164185,0.001,0.0003486488557637,0.001
noisenec_ctxdlydm2intseq_netseed1_snp_rescale_sf0p001_p80,snp_rescale_sf0p001,simulation_noise_prune_rescale,ctxdlydm2intseq,1,0.0,80,0.8,0.0790617845243949,0.7227073026956434,0.10939668691529812,0.018893826353129674,50678.0,3.529668092727661,0.001,0.0003486488557637,0.001
noisenec_ctxdlydm2intseq_netseed1_snp_rescale_sf0p25_p50,snp_rescale_sf0p25,simulation_noise_prune_rescale,ctxdlydm2intseq,1,0.0,50,0.5,0.3534722244838805,0.7227073026956434,0.48909457973574627,0.43717651326181856,109378.0,1.4738922119140625,0.25,0.0871622139409425,0.25
noisenec_ctxdlydm2intseq_netseed1_snp_rescale_sf0p25_p60,snp_rescale_sf0p25,simulation_noise_prune_rescale,ctxdlydm2intseq,1,0.0,60,0.6,0.2412726224633692,0.7227073026956434,0.3338455576184724,0.26615112876786845,92783.0,1.475464105606079,0.25,0.0871622139409425,0.25
noisenec_ctxdlydm2intseq_netseed1_snp_rescale_sf0p25_p70,snp_rescale_sf0p25,simulation_noise_prune_rescale,ctxdlydm2intseq,1,0.0,70,0.7,0.1443245584609722,0.7227073026956434,0.19969987562413238,0.1183735999409577,73453.0,1.905502200126648,0.25,0.0871622139409425,0.25
noisenec_ctxdlydm2intseq_netseed1_snp_rescale_sf0p25_p80,snp_rescale_sf0p25,simulation_noise_prune_rescale,ctxdlydm2intseq,1,0.0,80,0.8,0.1049141673533061,0.7227073026956434,0.1451682679308542,0.05830050546586884,51030.0,2.57124924659729,0.25,0.0871622139409425,0.25
noisenec_ctxdlydm2intseq_netseed1_snp_rescale_sf0p5_p50,snp_rescale_sf0p5,simulation_noise_prune_rescale,ctxdlydm2intseq,1,0.0,50,0.5,0.4692347525329668,0.7227073026956434,0.6492735728319844,0.6136328510121728,114037.0,1.4764447212219238,0.5,0.174324427881885,0.5
noisenec_ctxdlydm2intseq_netseed1_snp_rescale_sf0p5_p60,snp_rescale_sf0p5,simulation_noise_prune_rescale,ctxdlydm2intseq,1,0.0,60,0.6,0.3163090170688257,0.7227073026956434,0.4376723687293833,0.3805287914987213,96016.0,1.8047292232513428,0.5,0.174324427881885,0.5
noisenec_ctxdlydm2intseq_netseed1_snp_rescale_sf0p5_p70,snp_rescale_sf0p5,simulation_noise_prune_rescale,ctxdlydm2intseq,1,0.0,70,0.7,0.2168467127610722,0.7227073026956434,0.30004776754330614,0.2289188166810024,75318.0,1.6232975721359253,0.5,0.174324427881885,0.5
noisenec_ctxdlydm2intseq_netseed1_snp_rescale_sf0p5_p80,snp_rescale_sf0p5,simulation_noise_prune_rescale,ctxdlydm2intseq,1,0.0,80,0.8,0.1176319243383021,0.7227073026956434,0.1627656506299908,0.0776861292924305,51748.0,2.1826350688934326,0.5,0.174324427881885,0.5
noisenec_ctxdlydm2intseq_netseed1_snp_rescale_sf1p0_p50,snp_rescale_sf1p0,simulation_noise_prune_rescale,ctxdlydm2intseq,1,0.0,50,0.5,0.5697522561398595,0.7227073026956434,0.7883582385493086,0.7668512617120442,120699.0,1.3607146739959717,1.0,0.3486488557637701,1.0
noisenec_ctxdlydm2intseq_netseed1_snp_rescale_sf1p0_p60,snp_rescale_sf1p0,simulation_noise_prune_rescale,ctxdlydm2intseq,1,0.0,60,0.6,0.470055463098964,0.7227073026956434,0.65040917857851,0.6148838566982915,100441.0,1.381948709487915,1.0,0.3486488557637701,1.0
noisenec_ctxdlydm2intseq_netseed1_snp_rescale_sf1p0_p70,snp_rescale_sf1p0,simulation_noise_prune_rescale,ctxdlydm2intseq,1,0.0,70,0.7,0.2319907767764964,0.7227073026956434,0.3210023973899093,0.25200285017485946,77396.0,1.383999586105347,1.0,0.3486488557637701,1.0
noisenec_ctxdlydm2intseq_netseed1_snp_rescale_sf1p0_p80,snp_rescale_sf1p0,simulation_noise_prune_rescale,ctxdlydm2intseq,1,0.0,80,0.8,0.1361825885602066,0.7227073026956434,0.18843394559907706,0.10596282924533576,52371.0,1.9536781311035156,1.0,0.3486488557637701,1.0
noisenec_ctxdlydm2intseq_netseed1_snp_rescale_sf2p0_p50,snp_rescale_sf2p0,simulation_noise_prune_rescale,ctxdlydm2intseq,1,0.0,50,0.5,0.5983859358868722,0.7227073026956434,0.8279782612614236,0.8104974600944078,123618.0,1.2595179080963137,2.0,0.6972977115275403,2.0
noisenec_ctxdlydm2intseq_netseed1_snp_rescale_sf2p0_p60,snp_rescale_sf2p0,simulation_noise_prune_rescale,ctxdlydm2intseq,1,0.0,60,0.6,0.4723059035795356,0.7227073026956434,0.6535230816374352,0.6183141937185613,102427.0,1.3223851919174194,2.0,0.6972977115275403,2.0
noisenec_ctxdlydm2intseq_netseed1_snp_rescale_sf2p0_p70,snp_rescale_sf2p0,simulation_noise_prune_rescale,ctxdlydm2intseq,1,0.0,70,0.7,0.2849298650712748,0.7227073026956434,0.3942534744128197,0.33269768123779403,78319.0,1.364230751991272,2.0,0.6972977115275403,2.0
noisenec_ctxdlydm2intseq_netseed1_snp_rescale_sf2p0_p80,snp_rescale_sf2p0,simulation_noise_prune_rescale,ctxdlydm2intseq,1,0.0,80,0.8,0.145353703456429,0.7227073026956434,0.20112388917929944,0.11994232135688436,52429.0,1.9019044637680056,2.0,0.6972977115275403,2.0
noisenec_ctxdlydm2intseq_netseed2_snp_rescale_sf0p001_p50,snp_rescale_sf0p001,simulation_noise_prune_rescale,ctxdlydm2intseq,2,0.0,50,0.5,0.3592790774171066,0.6546306639613615,0.5488271436033929,0.4976706262573743,107006.0,1.3915126323699951,0.001,0.0004122649150915,0.001
noisenec_ctxdlydm2intseq_netseed2_snp_rescale_sf0p001_p60,snp_rescale_sf0p001,simulation_noise_prune_rescale,ctxdlydm2intseq,2,0.0,60,0.6,0.2470241100012701,0.6546306639613615,0.37734882216860266,0.3067491277773017,91129.0,1.639413356781006,0.001,0.0004122649150915,0.001
noisenec_ctxdlydm2intseq_netseed2_snp_rescale_sf0p001_p70,snp_rescale_sf0p001,simulation_noise_prune_rescale,ctxdlydm2intseq,2,0.0,70,0.7,0.1230349355644502,0.6546306639613615,0.18794557349319668,0.09587027293701976,72420.0,2.1448662281036377,0.001,0.0004122649150915,0.001
noisenec_ctxdlydm2intseq_netseed2_snp_rescale_sf0p001_p80,snp_rescale_sf0p001,simulation_noise_prune_rescale,ctxdlydm2intseq,2,0.0,80,0.8,0.0811591559708322,0.6546306639613615,0.12397701549712693,0.024648599864698386,50684.0,2.7474725246429443,0.001,0.0004122649150915,0.001
noisenec_ctxdlydm2intseq_netseed2_snp_rescale_sf0p25_p50,snp_rescale_sf0p25,simulation_noise_prune_rescale,ctxdlydm2intseq,2,0.0,50,0.5,0.4352566837430915,0.6546306639613615,0.6648889331111165,0.6268921545747009,109875.0,1.2404147386550903,0.25,0.1030662287728899,0.25
noisenec_ctxdlydm2intseq_netseed2_snp_rescale_sf0p25_p60,snp_rescale_sf0p25,simulation_noise_prune_rescale,ctxdlydm2intseq,2,0.0,60,0.6,0.3244802980612341,0.6546306639613615,0.4956692619586576,0.43848540485608684,93212.0,1.629268765449524,0.25,0.1030662287728899,0.25
noisenec_ctxdlydm2intseq_netseed2_snp_rescale_sf0p25_p70,snp_rescale_sf0p25,simulation_noise_prune_rescale,ctxdlydm2intseq,2,0.0,70,0.7,0.161761401200452,0.6546306639613615,0.24710330588791315,0.1617356419293181,73532.0,1.8849645853042605,0.25,0.1030662287728899,0.25
noisenec_ctxdlydm2intseq_netseed2_snp_rescale_sf0p25_p80,snp_rescale_sf0p25,simulation_noise_prune_rescale,ctxdlydm2intseq,2,0.0,80,0.8,0.0869855496318201,0.6546306639613615,0.1328772916096614,0.03455803936745019,51019.0,2.7280948162078857,0.25,0.1030662287728899,0.25
noisenec_ctxdlydm2intseq_netseed2_snp_rescale_sf0p5_p50,snp_rescale_sf0p5,simulation_noise_prune_rescale,ctxdlydm2intseq,2,0.0,50,0.5,0.5209785996463129,0.6546306639613615,0.7958359244794906,0.7726866527032258,115281.0,0.9533376693725586,0.5,0.2061324575457798,0.5
noisenec_ctxdlydm2intseq_netseed2_snp_rescale_sf0p5_p60,snp_rescale_sf0p5,simulation_noise_prune_rescale,ctxdlydm2intseq,2,0.0,60,0.6,0.4104920680929226,0.6546306639613615,0.6270590283823784,0.5847728823673644,96923.0,1.3322910070419312,0.5,0.2061324575457798,0.5
noisenec_ctxdlydm2intseq_netseed2_snp_rescale_sf0p5_p70,snp_rescale_sf0p5,simulation_noise_prune_rescale,ctxdlydm2intseq,2,0.0,70,0.7,0.2701473045194446,0.6546306639613615,0.4126713265839157,0.3460766965137678,75625.0,1.4927023649215698,0.5,0.2061324575457798,0.5
noisenec_ctxdlydm2intseq_netseed2_snp_rescale_sf0p5_p80,snp_rescale_sf0p5,simulation_noise_prune_rescale,ctxdlydm2intseq,2,0.0,80,0.8,0.103233664765788,0.6546306639613615,0.15769756971219606,0.062192580272552825,51619.0,2.2425694465637207,0.5,0.2061324575457798,0.5
noisenec_ctxdlydm2intseq_netseed2_snp_rescale_sf1p0_p50,snp_rescale_sf1p0,simulation_noise_prune_rescale,ctxdlydm2intseq,2,0.0,50,0.5,0.5510061846403366,0.6546306639613615,0.8417054302131787,0.8237571011187492,122102.0,0.946058750152588,1.0,0.4122649150915597,1.0
noisenec_ctxdlydm2intseq_netseed2_snp_rescale_sf1p0_p60,snp_rescale_sf1p0,simulation_noise_prune_rescale,ctxdlydm2intseq,2,0.0,60,0.6,0.4592266431309457,0.6546306639613615,0.7015049376881172,0.6676598878001081,101265.0,1.3537834882736206,1.0,0.4122649150915597,1.0
noisenec_ctxdlydm2intseq_netseed2_snp_rescale_sf1p0_p70,snp_rescale_sf1p0,simulation_noise_prune_rescale,ctxdlydm2intseq,2,0.0,70,0.7,0.3200152417676542,0.6546306639613615,0.488848536106067,0.4308913067240172,77604.0,1.4339224100112915,1.0,0.4122649150915597,1.0
noisenec_ctxdlydm2intseq_netseed2_snp_rescale_sf1p0_p80,snp_rescale_sf1p0,simulation_noise_prune_rescale,ctxdlydm2intseq,2,0.0,80,0.8,0.1363877662017059,0.6546306639613615,0.2083430760428845,0.11858055910878187,52302.0,1.8724510669708252,1.0,0.4122649150915597,1.0
noisenec_ctxdlydm2intseq_netseed2_snp_rescale_sf2p0_p50,snp_rescale_sf2p0,simulation_noise_prune_rescale,ctxdlydm2intseq,2,0.0,50,0.5,0.5708628208343239,0.6546306639613615,0.872038009004751,0.857528958384416,124657.0,0.8640003800392151,2.0,0.8245298301831195,2.0
noisenec_ctxdlydm2intseq_netseed2_snp_rescale_sf2p0_p60,snp_rescale_sf2p0,simulation_noise_prune_rescale,ctxdlydm2intseq,2,0.0,60,0.6,0.474149245565069,0.6546306639613615,0.7243003905375488,0.6930400173705994,102782.0,1.1815087795257568,2.0,0.8245298301831195,2.0
noisenec_ctxdlydm2intseq_netseed2_snp_rescale_sf2p0_p70,snp_rescale_sf2p0,simulation_noise_prune_rescale,ctxdlydm2intseq,2,0.0,70,0.7,0.3180969936590338,0.6546306639613615,0.48591826073978256,0.42762878024714696,78168.0,1.2431235313415527,2.0,0.8245298301831195,2.0
noisenec_ctxdlydm2intseq_netseed2_snp_rescale_sf2p0_p80,snp_rescale_sf2p0,simulation_noise_prune_rescale,ctxdlydm2intseq,2,0.0,80,0.8,0.1305581157527577,0.6546306639613615,0.1994378249297281,0.10866558051184184,52429.0,1.951907753944397,2.0,0.8245298301831195,2.0
noisenec_ctxdlydm2intseq_netseed0_snp_mask_sf0p001_p50,snp_mask_sf0p001,simulation_noise_prune_mask_only,ctxdlydm2intseq,0,0.0,50,0.5,0.1718900117570045,0.6899244750872005,0.24914322938794004,0.1688279611883177,130816.0,0.6495949625968933,0.001,0.0003458394574072,
noisenec_ctxdlydm2intseq_netseed0_snp_mask_sf0p001_p60,snp_mask_sf0p001,simulation_noise_prune_mask_only,ctxdlydm2intseq,0,0.0,60,0.6,0.115749500897245,0.6899244750872005,0.16777126348882648,0.07875205664083784,104653.0,0.663232684135437,0.001,0.0003458394574072,
noisenec_ctxdlydm2intseq_netseed0_snp_mask_sf0p001_p70,snp_mask_sf0p001,simulation_noise_prune_mask_only,ctxdlydm2intseq,0,0.0,70,0.7,0.0886172003999335,0.6899244750872005,0.12844478432038964,0.03521902724154246,78490.0,0.5170766115188599,0.001,0.0003458394574072,
noisenec_ctxdlydm2intseq_netseed0_snp_mask_sf0p001_p80,snp_mask_sf0p001,simulation_noise_prune_mask_only,ctxdlydm2intseq,0,0.0,80,0.8,0.0824716415188356,0.6899244750872005,0.1195372022545104,0.025358647157942647,52326.0,0.4343585073947906,0.001,0.0003458394574072,
noisenec_ctxdlydm2intseq_netseed0_snp_mask_sf0p25_p50,snp_mask_sf0p25,simulation_noise_prune_mask_only,ctxdlydm2intseq,0,0.0,50,0.5,0.2126063748367535,0.6899244750872005,0.30815891088641534,0.23415624513382144,130816.0,0.6407499313354492,0.25,0.0864598643518164,
noisenec_ctxdlydm2intseq_netseed0_snp_mask_sf0p25_p60,snp_mask_sf0p25,simulation_noise_prune_mask_only,ctxdlydm2intseq,0,0.0,60,0.6,0.1316068014759763,0.6899244750872005,0.19075537428838477,0.1041946589869152,104653.0,0.6633963584899902,0.25,0.0864598643518164,
noisenec_ctxdlydm2intseq_netseed0_snp_mask_sf0p25_p70,snp_mask_sf0p25,simulation_noise_prune_mask_only,ctxdlydm2intseq,0,0.0,70,0.7,0.0920531116980566,0.6899244750872005,0.13342491101858925,0.04073185235452489,78490.0,0.5720462203025818,0.25,0.0864598643518164,
noisenec_ctxdlydm2intseq_netseed0_snp_mask_sf0p25_p80,snp_mask_sf0p25,simulation_noise_prune_mask_only,ctxdlydm2intseq,0,0.0,80,0.8,0.0805696773500167,0.6899244750872005,0.11678043069835056,0.02230699799587459,52326.0,0.4470986127853393,0.25,0.0864598643518164,
noisenec_ctxdlydm2intseq_netseed0_snp_mask_sf0p5_p50,snp_mask_sf0p5,simulation_noise_prune_mask_only,ctxdlydm2intseq,0,0.0,50,0.5,0.3223503587351938,0.6899244750872005,0.4672255737766826,0.4102374468704746,130816.0,0.7614597678184509,0.5,0.1729197287036328,
noisenec_ctxdlydm2intseq_netseed0_snp_mask_sf0p5_p60,snp_mask_sf0p5,simulation_noise_prune_mask_only,ctxdlydm2intseq,0,0.0,60,0.6,0.1843114010376126,0.6899244750872005,0.2671472134892986,0.18875773842141247,104653.0,0.7261168360710144,0.5,0.1729197287036328,
noisenec_ctxdlydm2intseq_netseed0_snp_mask_sf0p5_p70,snp_mask_sf0p5,simulation_noise_prune_mask_only,ctxdlydm2intseq,0,0.0,70,0.7,0.1143002302549087,0.6899244750872005,0.1656706413270266,0.07642674178275517,78490.0,0.7125805616378784,0.5,0.1729197287036328,
noisenec_ctxdlydm2intseq_netseed0_snp_mask_sf0p5_p80,snp_mask_sf0p5,simulation_noise_prune_mask_only,ctxdlydm2intseq,0,0.0,80,0.8,0.0810386548163008,0.6899244750872005,0.11746018258891051,0.02305945943309684,52326.0,0.5186657905578613,0.5,0.1729197287036328,
noisenec_ctxdlydm2intseq_netseed0_snp_mask_sf1p0_p50,snp_mask_sf1p0,simulation_noise_prune_mask_only,ctxdlydm2intseq,0,0.0,50,0.5,0.4911301379901058,0.6899244750872005,0.711860726390423,0.6810399574441253,130816.0,0.8055731654167175,1.0,0.3458394574072657,
noisenec_ctxdlydm2intseq_netseed0_snp_mask_sf1p0_p60,snp_mask_sf1p0,simulation_noise_prune_mask_only,ctxdlydm2intseq,0,0.0,60,0.6,0.2760225499998371,0.6899244750872005,0.40007647208768793,0.3359057528115408,104653.0,0.7746869325637817,1.0,0.3458394574072657,
noisenec_ctxdlydm2intseq_netseed0_snp_mask_sf1p0_p70,snp_mask_sf1p0,simulation_noise_prune_mask_only,ctxdlydm2intseq,0,0.0,70,0.7,0.1472393836854464,0.6899244750872005,0.21341377064038294,0.1292767068943234,78490.0,0.8163940906524658,1.0,0.3458394574072657,
noisenec_ctxdlydm2intseq_netseed0_snp_mask_sf1p0_p80,snp_mask_sf1p0,simulation_noise_prune_mask_only,ctxdlydm2intseq,0,0.0,80,0.8,0.0871158211502323,0.6899244750872005,0.1262686341707498,0.032810105557101774,52326.0,0.827980101108551,1.0,0.3458394574072657,
noisenec_ctxdlydm2intseq_netseed0_snp_mask_sf2p0_p50,snp_mask_sf2p0,simulation_noise_prune_mask_only,ctxdlydm2intseq,0,0.0,50,0.5,0.5250430710207751,0.6899244750872005,0.7610152849765393,0.7354523251232592,130816.0,0.7697185277938843,2.0,0.6916789148145314,
noisenec_ctxdlydm2intseq_netseed0_snp_mask_sf2p0_p60,snp_mask_sf2p0,simulation_noise_prune_mask_only,ctxdlydm2intseq,0,0.0,60,0.6,0.2938664912343552,0.6899244750872005,0.425940087423646,0.36453586541251787,104653.0,0.8046435117721558,2.0,0.6916789148145314,
noisenec_ctxdlydm2intseq_netseed0_snp_mask_sf2p0_p70,snp_mask_sf2p0,simulation_noise_prune_mask_only,ctxdlydm2intseq,0,0.0,70,0.7,0.1391169545124425,0.6899244750872005,0.2016408455358238,0.11624449283576578,78490.0,0.8327467441558838,2.0,0.6916789148145314,
noisenec_ctxdlydm2intseq_netseed0_snp_mask_sf2p0_p80,snp_mask_sf2p0,simulation_noise_prune_mask_only,ctxdlydm2intseq,0,0.0,80,0.8,0.0723137198706403,0.6899244750872005,0.10481396512495149,0.00906054144477459,52326.0,0.8781846761703491,2.0,0.6916789148145314,
noisenec_ctxdlydm2intseq_netseed1_snp_mask_sf0p001_p50,snp_mask_sf0p001,simulation_noise_prune_mask_only,ctxdlydm2intseq,1,0.0,50,0.5,0.177446092017287,0.7227073026956434,0.24552967896605796,0.16886061513074824,130816.0,0.3266238570213318,0.001,0.0003486488557637,
noisenec_ctxdlydm2intseq_netseed1_snp_mask_sf0p001_p60,snp_mask_sf0p001,simulation_noise_prune_mask_only,ctxdlydm2intseq,1,0.0,60,0.6,0.1016117843615555,0.7227073026956434,0.14059880671269165,0.053266696871724487,104653.0,0.5271421670913696,0.001,0.0003486488557637,
noisenec_ctxdlydm2intseq_netseed1_snp_mask_sf0p001_p70,snp_mask_sf0p001,simulation_noise_prune_mask_only,ctxdlydm2intseq,1,0.0,70,0.7,0.0756128460744306,0.7227073026956434,0.1046244389566847,0.013636623886464232,78490.0,0.2850511074066162,0.001,0.0003486488557637,
noisenec_ctxdlydm2intseq_netseed1_snp_mask_sf0p001_p80,snp_mask_sf0p001,simulation_noise_prune_mask_only,ctxdlydm2intseq,1,0.0,80,0.8,0.0620711217354771,0.7227073026956434,0.08588694413901247,-0.007004969934494396,52326.0,0.3431142270565033,0.001,0.0003486488557637,
noisenec_ctxdlydm2intseq_netseed1_snp_mask_sf0p25_p50,snp_mask_sf0p25,simulation_noise_prune_mask_only,ctxdlydm2intseq,1,0.0,50,0.5,0.2430345447498949,0.7227073026956434,0.33628350487589437,0.2688368195464011,130816.0,0.7704052329063416,0.25,0.0871622139409425,
noisenec_ctxdlydm2intseq_netseed1_snp_mask_sf0p25_p60,snp_mask_sf0p25,simulation_noise_prune_mask_only,ctxdlydm2intseq,1,0.0,60,0.6,0.1156062022269916,0.7227073026956434,0.15996268723975698,0.07459832954335974,104653.0,0.604701817035675,0.25,0.0871622139409425,
noisenec_ctxdlydm2intseq_netseed1_snp_mask_sf0p25_p70,snp_mask_sf0p25,simulation_noise_prune_mask_only,ctxdlydm2intseq,1,0.0,70,0.7,0.0777297582486297,0.7227073026956434,0.10755358076319914,0.016863424267326,78490.0,0.3154389262199402,0.25,0.0871622139409425,
noisenec_ctxdlydm2intseq_netseed1_snp_mask_sf0p25_p80,snp_mask_sf0p25,simulation_noise_prune_mask_only,ctxdlydm2intseq,1,0.0,80,0.8,0.0615826035414312,0.7227073026956434,0.08521098833750919,-0.007749616176231664,52326.0,0.3628264367580414,0.25,0.0871622139409425,
noisenec_ctxdlydm2intseq_netseed1_snp_mask_sf0p5_p50,snp_mask_sf0p5,simulation_noise_prune_mask_only,ctxdlydm2intseq,1,0.0,50,0.5,0.4112346157478725,0.7227073026956434,0.5690195937054996,0.5252234848848396,130816.0,0.9496253132820128,0.5,0.174324427881885,
noisenec_ctxdlydm2intseq_netseed1_snp_mask_sf0p5_p60,snp_mask_sf0p5,simulation_noise_prune_mask_only,ctxdlydm2intseq,1,0.0,60,0.6,0.1824354911724762,0.7227073026956434,0.2524334408854119,0.17646593541302544,104653.0,0.8228113055229187,0.5,0.174324427881885,
noisenec_ctxdlydm2intseq_netseed1_snp_mask_sf0p5_p70,snp_mask_sf0p5,simulation_noise_prune_mask_only,ctxdlydm2intseq,1,0.0,70,0.7,0.08847390172968,0.7227073026956434,0.12242010202426219,0.03324067727726874,78490.0,0.694389820098877,0.5,0.174324427881885,
noisenec_ctxdlydm2intseq_netseed1_snp_mask_sf0p5_p80,snp_mask_sf0p5,simulation_noise_prune_mask_only,ctxdlydm2intseq,1,0.0,80,0.8,0.0594494074274306,0.7227073026956434,0.08225931467094469,-0.011001238098484627,52326.0,0.6216093301773071,0.5,0.174324427881885,
noisenec_ctxdlydm2intseq_netseed1_snp_mask_sf1p0_p50,snp_mask_sf1p0,simulation_noise_prune_mask_only,ctxdlydm2intseq,1,0.0,50,0.5,0.5479317768058075,0.7227073026956434,0.7581655460821601,0.7335903962477772,130816.0,1.09166419506073,1.0,0.3486488557637701,
noisenec_ctxdlydm2intseq_netseed1_snp_mask_sf1p0_p60,snp_mask_sf1p0,simulation_noise_prune_mask_only,ctxdlydm2intseq,1,0.0,60,0.6,0.2867601799049669,0.7227073026956434,0.3967860554824521,0.3354876224901698,104653.0,0.8805585503578186,1.0,0.3486488557637701,
noisenec_ctxdlydm2intseq_netseed1_snp_mask_sf1p0_p70,snp_mask_sf1p0,simulation_noise_prune_mask_only,ctxdlydm2intseq,1,0.0,70,0.7,0.1083924168949132,0.7227073026956434,0.14998107323755788,0.06360238670703859,78490.0,0.7864754796028137,1.0,0.3486488557637701,
noisenec_ctxdlydm2intseq_netseed1_snp_mask_sf1p0_p80,snp_mask_sf1p0,simulation_noise_prune_mask_only,ctxdlydm2intseq,1,0.0,80,0.8,0.0555119507834203,0.7227073026956434,0.07681111091082785,-0.01700308680688748,52326.0,0.7350322604179382,1.0,0.3486488557637701,
noisenec_ctxdlydm2intseq_netseed1_snp_mask_sf2p0_p50,snp_mask_sf2p0,simulation_noise_prune_mask_only,ctxdlydm2intseq,1,0.0,50,0.5,0.5032551595663262,0.7227073026956434,0.696347134848676,0.66549001528676,130816.0,1.116081714630127,2.0,0.6972977115275403,
noisenec_ctxdlydm2intseq_netseed1_snp_mask_sf2p0_p60,snp_mask_sf2p0,simulation_noise_prune_mask_only,ctxdlydm2intseq,1,0.0,60,0.6,0.2340262692516878,0.7227073026956434,0.32381887989617314,0.25510554284876497,104653.0,1.0072197914123535,2.0,0.6972977115275403,
noisenec_ctxdlydm2intseq_netseed1_snp_mask_sf2p0_p70,snp_mask_sf2p0,simulation_noise_prune_mask_only,ctxdlydm2intseq,1,0.0,70,0.7,0.08538972353127,0.7227073026956434,0.11815256773077124,0.02853947733776716,78490.0,0.9606738090515136,2.0,0.6972977115275403,
noisenec_ctxdlydm2intseq_netseed1_snp_mask_sf2p0_p80,snp_mask_sf2p0,simulation_noise_prune_mask_only,ctxdlydm2intseq,1,0.0,80,0.8,0.0408857160536848,0.7227073026956434,0.056572994213818215,-0.03929779528450299,52326.0,0.7894816398620605,2.0,0.6972977115275403,
noisenec_ctxdlydm2intseq_netseed2_snp_mask_sf0p001_p50,snp_mask_sf0p001,simulation_noise_prune_mask_only,ctxdlydm2intseq,2,0.0,50,0.5,0.1883205070167496,0.6546306639613615,0.28767443595930436,0.20690695503437181,130816.0,0.4518178701400757,0.001,0.0004122649150915,
noisenec_ctxdlydm2intseq_netseed2_snp_mask_sf0p001_p60,snp_mask_sf0p001,simulation_noise_prune_mask_only,ctxdlydm2intseq,2,0.0,60,0.6,0.1441617190629569,0.6546306639613615,0.2202184025273002,0.13180237693609795,104653.0,0.4793457388877868,0.001,0.0004122649150915,
noisenec_ctxdlydm2intseq_netseed2_snp_mask_sf0p001_p70,snp_mask_sf0p001,simulation_noise_prune_mask_only,ctxdlydm2intseq,2,0.0,70,0.7,0.1082979700440643,0.6546306639613615,0.1654336956792119,0.07080587173525782,78490.0,0.4314332604408264,0.001,0.0004122649150915,
noisenec_ctxdlydm2intseq_netseed2_snp_mask_sf0p001_p80,snp_mask_sf0p001,simulation_noise_prune_mask_only,ctxdlydm2intseq,2,0.0,80,0.8,0.0880114378393166,0.6546306639613615,0.1344444168055521,0.036302854036744145,52326.0,0.4167532920837402,0.001,0.0004122649150915,
noisenec_ctxdlydm2intseq_netseed2_snp_mask_sf0p25_p50,snp_mask_sf0p25,simulation_noise_prune_mask_only,ctxdlydm2intseq,2,0.0,50,0.5,0.2177423294501564,0.6546306639613615,0.3326185915773238,0.2569471319308837,130816.0,0.5326798558235168,0.25,0.1030662287728899,
noisenec_ctxdlydm2intseq_netseed2_snp_mask_sf0p25_p60,snp_mask_sf0p25,simulation_noise_prune_mask_only,ctxdlydm2intseq,2,0.0,60,0.6,0.1597845309085461,0.6546306639613615,0.24408348051043502,0.1583734117570597,104653.0,0.6744017601013184,0.25,0.1030662287728899,
noisenec_ctxdlydm2intseq_netseed2_snp_mask_sf0p25_p70,snp_mask_sf0p25,simulation_noise_prune_mask_only,ctxdlydm2intseq,2,0.0,70,0.7,0.1138051984849422,0.6546306639613615,0.17384642173080264,0.08017248000756262,78490.0,0.444949209690094,0.25,0.1030662287728899,
noisenec_ctxdlydm2intseq_netseed2_snp_mask_sf0p25_p80,snp_mask_sf0p25,simulation_noise_prune_mask_only,ctxdlydm2intseq,2,0.0,80,0.8,0.0892262197485108,0.6546306639613615,0.13630009203751145,0.03836893616895561,52326.0,0.47551029920578,0.25,0.1030662287728899,
noisenec_ctxdlydm2intseq_netseed2_snp_mask_sf0p5_p50,snp_mask_sf0p5,simulation_noise_prune_mask_only,ctxdlydm2intseq,2,0.0,50,0.5,0.3032623244998388,0.6546306639613615,0.4632571329071416,0.4023982062197381,130816.0,0.6304947137832642,0.5,0.2061324575457798,
noisenec_ctxdlydm2intseq_netseed2_snp_mask_sf0p5_p60,snp_mask_sf0p5,simulation_noise_prune_mask_only,ctxdlydm2intseq,2,0.0,60,0.6,0.199149326984768,0.6546306639613615,0.3042163130270391,0.22532444321025222,104653.0,0.8660287857055664,0.5,0.2061324575457798,
noisenec_ctxdlydm2intseq_netseed2_snp_mask_sf0p5_p70,snp_mask_sf0p5,simulation_noise_prune_mask_only,ctxdlydm2intseq,2,0.0,70,0.7,0.131040120370883,0.6546306639613615,0.2001741250217656,0.10948536645170055,78490.0,0.8326871395111084,0.5,0.2061324575457798,
noisenec_ctxdlydm2intseq_netseed2_snp_mask_sf0p5_p80,snp_mask_sf0p5,simulation_noise_prune_mask_only,ctxdlydm2intseq,2,0.0,80,0.8,0.0921052203054215,0.6546306639613615,0.14069799258724894,0.043265495431354974,52326.0,0.6184850335121155,0.5,0.2061324575457798,
noisenec_ctxdlydm2intseq_netseed2_snp_mask_sf1p0_p50,snp_mask_sf1p0,simulation_noise_prune_mask_only,ctxdlydm2intseq,2,0.0,50,0.5,0.4748689957042967,0.6546306639613615,0.7253998656749832,0.6942641571861993,130816.0,0.6685329079627991,1.0,0.4122649150915597,
noisenec_ctxdlydm2intseq_netseed2_snp_mask_sf1p0_p60,snp_mask_sf1p0,simulation_noise_prune_mask_only,ctxdlydm2intseq,2,0.0,60,0.6,0.3064246656092961,0.6546306639613615,0.46808785851098217,0.4077766666765138,104653.0,0.6429644227027893,1.0,0.4122649150915597,
noisenec_ctxdlydm2intseq_netseed2_snp_mask_sf1p0_p70,snp_mask_sf1p0,simulation_noise_prune_mask_only,ctxdlydm2intseq,2,0.0,70,0.7,0.1692715542369183,0.6546306639613615,0.2585756573219572,0.17450879312738737,78490.0,1.009182095527649,1.0,0.4122649150915597,
noisenec_ctxdlydm2intseq_netseed2_snp_mask_sf1p0_p80,snp_mask_sf1p0,simulation_noise_prune_mask_only,ctxdlydm2intseq,2,0.0,80,0.8,0.0945510680636115,0.6546306639613615,0.1444342180542771,0.047425355166719196,52326.0,0.7508352398872375,1.0,0.4122649150915597,
noisenec_ctxdlydm2intseq_netseed2_snp_mask_sf2p0_p50,snp_mask_sf2p0,simulation_noise_prune_mask_only,ctxdlydm2intseq,2,0.0,50,0.5,0.5487524873718047,0.6546306639613615,0.8382627297828412,0.8199240479404909,130816.0,0.6992074251174927,2.0,0.8245298301831195,
noisenec_ctxdlydm2intseq_netseed2_snp_mask_sf2p0_p60,snp_mask_sf2p0,simulation_noise_prune_mask_only,ctxdlydm2intseq,2,0.0,60,0.6,0.3500721378533208,0.6546306639613615,0.5347628168453521,0.482011606987235,104653.0,0.9125899076461792,2.0,0.8245298301831195,
noisenec_ctxdlydm2intseq_netseed2_snp_mask_sf2p0_p70,snp_mask_sf2p0,simulation_noise_prune_mask_only,ctxdlydm2intseq,2,0.0,70,0.7,0.1642463304141657,0.6546306639613615,0.2508992313624039,0.1659619707949412,78490.0,0.8585439324378967,2.0,0.8245298301831195,
noisenec_ctxdlydm2intseq_netseed2_snp_mask_sf2p0_p80,snp_mask_sf2p0,simulation_noise_prune_mask_only,ctxdlydm2intseq,2,0.0,80,0.8,0.0752383154589954,0.6546306639613615,0.11493246436655802,0.014578526630487742,52326.0,0.8994277119636536,2.0,0.8245298301831195,
noisenec_dlydm1intseq_netseed0_snp_rescale_sf0p001_p50,snp_rescale_sf0p001,simulation_noise_prune_rescale,dlydm1intseq,0,0.0,50,0.5,0.5237564886639703,0.6086383086812951,0.8605381573808033,0.8433832816385,108621.0,1.355074763298035,0.001,0.0004088095166747,0.001
noisenec_dlydm1intseq_netseed0_snp_rescale_sf0p001_p60,snp_rescale_sf0p001,simulation_noise_prune_rescale,dlydm1intseq,0,0.0,60,0.6,0.3578648794753056,0.6086383086812951,0.5879762650015783,0.5372941870651955,92410.0,1.742271900177002,0.001,0.0004088095166747,0.001
noisenec_dlydm1intseq_netseed0_snp_rescale_sf0p001_p70,snp_rescale_sf0p001,simulation_noise_prune_rescale,dlydm1intseq,0,0.0,70,0.7,0.2206992451330949,0.6086383086812951,0.3626114918912555,0.28420781923913047,73221.0,2.053739309310913,0.001,0.0004088095166747,0.001
noisenec_dlydm1intseq_netseed0_snp_rescale_sf0p001_p80,snp_rescale_sf0p001,simulation_noise_prune_rescale,dlydm1intseq,0,0.0,80,0.8,0.0965076821873554,0.6086383086812951,0.15856327281871818,0.05506010500800944,50900.0,2.826949119567871,0.001,0.0004088095166747,0.001
noisenec_dlydm1intseq_netseed0_snp_rescale_sf0p25_p50,snp_rescale_sf0p25,simulation_noise_prune_rescale,dlydm1intseq,0,0.0,50,0.5,0.5412571562554954,0.6086383086812951,0.8892919629528564,0.8756740257196317,111050.0,1.2278666496276855,0.25,0.1022023791686787,0.25
noisenec_dlydm1intseq_netseed0_snp_rescale_sf0p25_p60,snp_rescale_sf0p25,simulation_noise_prune_rescale,dlydm1intseq,0,0.0,60,0.6,0.4666757849899373,0.6086383086812951,0.7667538804796225,0.7380628197378525,94182.0,1.45193612575531,0.25,0.1022023791686787,0.25
noisenec_dlydm1intseq_netseed0_snp_rescale_sf0p25_p70,snp_rescale_sf0p25,simulation_noise_prune_rescale,dlydm1intseq,0,0.0,70,0.7,0.2927112031627555,0.6086383086812951,0.480927997774175,0.4170781623478146,74193.0,1.8520313501358032,0.25,0.1022023791686787,0.25
noisenec_dlydm1intseq_netseed0_snp_rescale_sf0p25_p80,snp_rescale_sf0p25,simulation_noise_prune_rescale,dlydm1intseq,0,0.0,80,0.8,0.1037404664673661,0.6086383086812951,0.17044682365152986,0.06840542369133543,51236.0,2.570030689239502,0.25,0.1022023791686787,0.25
noisenec_dlydm1intseq_netseed0_snp_rescale_sf0p5_p50,snp_rescale_sf0p5,simulation_noise_prune_rescale,dlydm1intseq,0,0.0,50,0.5,0.6059777122126914,0.6086383086812951,0.9956286082708656,0.9950908935775428,115719.0,0.919684648513794,0.5,0.2044047583373574,0.5
noisenec_dlydm1intseq_netseed0_snp_rescale_sf0p5_p60,snp_rescale_sf0p5,simulation_noise_prune_rescale,dlydm1intseq,0,0.0,60,0.6,0.5555859499664576,0.6086383086812951,0.91283434191025,0.9021122977622406,97187.0,1.1574809551239014,0.5,0.2044047583373574,0.5
noisenec_dlydm1intseq_netseed0_snp_rescale_sf0p5_p70,snp_rescale_sf0p5,simulation_noise_prune_rescale,dlydm1intseq,0,0.0,70,0.7,0.3549177071324827,0.6086383086812951,0.5831340256932963,0.5318563152018863,75789.0,1.6552457809448242,0.5,0.2044047583373574,0.5
noisenec_dlydm1intseq_netseed0_snp_rescale_sf0p5_p80,snp_rescale_sf0p5,simulation_noise_prune_rescale,dlydm1intseq,0,0.0,80,0.8,0.1362375192950233,0.6086383086812951,0.22383986901876426,0.12836622294433414,51641.0,2.424079179763794,0.5,0.2044047583373574,0.5
noisenec_dlydm1intseq_netseed0_snp_rescale_sf1p0_p50,snp_rescale_sf1p0,simulation_noise_prune_rescale,dlydm1intseq,0,0.0,50,0.5,0.6365989956818227,0.6086383086812951,1.0459397422109504,1.0515906826722363,121599.0,0.8638927936553955,1.0,0.4088095166747149,1.0
noisenec_dlydm1intseq_netseed0_snp_rescale_sf1p0_p60,snp_rescale_sf1p0,simulation_noise_prune_rescale,dlydm1intseq,0,0.0,60,0.6,0.5798699987625132,0.6086383086812951,0.95273332370236,0.946919160176271,101238.0,1.0326378345489502,1.0,0.4088095166747149,1.0
noisenec_dlydm1intseq_netseed0_snp_rescale_sf1p0_p70,snp_rescale_sf1p0,simulation_noise_prune_rescale,dlydm1intseq,0,0.0,70,0.7,0.4312087640112806,0.6086383086812951,0.7084811420194009,0.6726220877342038,77565.0,1.2682206630706787,1.0,0.4088095166747149,1.0
noisenec_dlydm1intseq_netseed0_snp_rescale_sf1p0_p80,snp_rescale_sf1p0,simulation_noise_prune_rescale,dlydm1intseq,0,0.0,80,0.8,0.1828126119437008,0.6086383086812951,0.30036330171163783,0.21430262447919593,52253.0,1.8939818143844604,1.0,0.4088095166747149,1.0
noisenec_dlydm1intseq_netseed0_snp_rescale_sf2p0_p50,snp_rescale_sf2p0,simulation_noise_prune_rescale,dlydm1intseq,0,0.0,50,0.5,0.6274481069709581,0.6086383086812951,1.0309047229222512,1.0347062407541154,124251.0,0.839454710483551,2.0,0.8176190333494298,2.0
noisenec_dlydm1intseq_netseed0_snp_rescale_sf2p0_p60,snp_rescale_sf2p0,simulation_noise_prune_rescale,dlydm1intseq,0,0.0,60,0.6,0.6086024866970177,0.6086383086812951,0.9999411440526065,0.9999339043198935,102820.0,0.9563263058662416,2.0,0.8176190333494298,2.0
noisenec_dlydm1intseq_netseed0_snp_rescale_sf2p0_p70,snp_rescale_sf2p0,simulation_noise_prune_rescale,dlydm1intseq,0,0.0,70,0.7,0.4203253938789998,0.6086383086812951,0.690599635093126,0.6525410183782042,78263.0,1.1737955808639526,2.0,0.8176190333494298,2.0
noisenec_dlydm1intseq_netseed0_snp_rescale_sf2p0_p80,snp_rescale_sf2p0,simulation_noise_prune_rescale,dlydm1intseq,0,0.0,80,0.8,0.1723884145189758,0.6086383086812951,0.2832362210201339,0.19506878156819796,52373.0,1.8981029987335205,2.0,0.8176190333494298,2.0
noisenec_dlydm1intseq_netseed1_snp_rescale_sf0p001_p50,snp_rescale_sf0p001,simulation_noise_prune_rescale,dlydm1intseq,1,0.0,50,0.5,0.4655913558295395,0.7602792812156027,0.6123951649518979,0.5751404758148725,99372.0,1.546269178390503,0.001,0.0003163825022899,0.001
noisenec_dlydm1intseq_netseed1_snp_rescale_sf0p001_p60,snp_rescale_sf0p001,simulation_noise_prune_rescale,dlydm1intseq,1,0.0,60,0.6,0.2708304838573113,0.7602792812156027,0.35622499593081536,0.2943484776778672,84684.0,1.8795305490493777,0.001,0.0003163825022899,0.001
noisenec_dlydm1intseq_netseed1_snp_rescale_sf0p001_p70,snp_rescale_sf0p001,simulation_noise_prune_rescale,dlydm1intseq,1,0.0,70,0.7,0.1617232328363847,0.7602792812156027,0.212715559705648,0.1370456133234174,67684.0,2.4299700260162354,0.001,0.0003163825022899,0.001
noisenec_dlydm1intseq_netseed1_snp_rescale_sf0p001_p80,snp_rescale_sf0p001,simulation_noise_prune_rescale,dlydm1intseq,1,0.0,80,0.8,0.0814624487908452,0.7602792812156027,0.10714805835639205,0.02133147785064491,48084.0,3.0957255363464355,0.001,0.0003163825022899,0.001
noisenec_dlydm1intseq_netseed1_snp_rescale_sf0p25_p50,snp_rescale_sf0p25,simulation_noise_prune_rescale,dlydm1intseq,1,0.0,50,0.5,0.5764310882718824,0.7602792812156027,0.7581833446128279,0.7349411053268129,102725.0,1.1485226154327393,0.25,0.0790956255724919,0.25
noisenec_dlydm1intseq_netseed1_snp_rescale_sf0p25_p60,snp_rescale_sf0p25,simulation_noise_prune_rescale,dlydm1intseq,1,0.0,60,0.6,0.4101780026964184,0.7602792812156027,0.5395096418260787,0.4952495511534792,87191.0,1.486230969429016,0.25,0.0790956255724919,0.25
noisenec_dlydm1intseq_netseed1_snp_rescale_sf0p25_p70,snp_rescale_sf0p25,simulation_noise_prune_rescale,dlydm1intseq,1,0.0,70,0.7,0.1840435855852335,0.7602792812156027,0.24207365652654392,0.169225467438908,69158.0,2.057703018188477,0.25,0.0790956255724919,0.25
noisenec_dlydm1intseq_netseed1_snp_rescale_sf0p25_p80,snp_rescale_sf0p25,simulation_noise_prune_rescale,dlydm1intseq,1,0.0,80,0.8,0.1031445189107511,0.7602792812156027,0.13566661812200695,0.0525911026975863,48817.0,2.7219276428222656,0.25,0.0790956255724919,0.25
noisenec_dlydm1intseq_netseed1_snp_rescale_sf0p5_p50,snp_rescale_sf0p5,simulation_noise_prune_rescale,dlydm1intseq,1,0.0,50,0.5,0.6904198987866117,0.7602792812156027,0.9081135259699652,0.8992818455667486,109224.0,0.8910601139068604,0.5,0.1581912511449839,0.5
noisenec_dlydm1intseq_netseed1_snp_rescale_sf0p5_p60,snp_rescale_sf0p5,simulation_noise_prune_rescale,dlydm1intseq,1,0.0,60,0.6,0.5438167998593173,0.7602792812156027,0.7152855710993652,0.6879202067323222,91867.0,1.1894891262054443,0.5,0.1581912511449839,0.5
noisenec_dlydm1intseq_netseed1_snp_rescale_sf0p5_p70,snp_rescale_sf0p5,simulation_noise_prune_rescale,dlydm1intseq,1,0.0,70,0.7,0.3750398926643089,0.7602792812156027,0.4932922702623982,0.4445899909103885,72313.0,1.5831013917922974,0.5,0.1581912511449839,0.5
noisenec_dlydm1intseq_netseed1_snp_rescale_sf0p5_p80,snp_rescale_sf0p5,simulation_noise_prune_rescale,dlydm1intseq,1,0.0,80,0.8,0.1185870506783381,0.7602792812156027,0.15597827483701843,0.07485501693973058,50023.0,2.3453190326690674,0.5,0.1581912511449839,0.5
noisenec_dlydm1intseq_netseed1_snp_rescale_sf1p0_p50,snp_rescale_sf1p0,simulation_noise_prune_rescale,dlydm1intseq,1,0.0,50,0.5,0.6974507773370588,0.7602792812156027,0.9173612836350242,0.9094184526626553,118312.0,0.6757538914680481,1.0,0.3163825022899679,1.0
noisenec_dlydm1intseq_netseed1_snp_rescale_sf1p0_p60,snp_rescale_sf1p0,simulation_noise_prune_rescale,dlydm1intseq,1,0.0,60,0.6,0.6558516839589155,0.7602792812156027,0.8626457410627855,0.8494439185991483,98455.0,1.0010530948638916,1.0,0.3163825022899679,1.0
noisenec_dlydm1intseq_netseed1_snp_rescale_sf1p0_p70,snp_rescale_sf1p0,simulation_noise_prune_rescale,dlydm1intseq,1,0.0,70,0.7,0.4460065000618743,0.7602792812156027,0.5866350840822061,0.5469044614217354,75966.0,1.256672739982605,1.0,0.3163825022899679,1.0
noisenec_dlydm1intseq_netseed1_snp_rescale_sf1p0_p80,snp_rescale_sf1p0,simulation_noise_prune_rescale,dlydm1intseq,1,0.0,80,0.8,0.18510847548148,0.7602792812156027,0.24347431273611975,0.17076074790225282,51632.0,2.016115427017212,1.0,0.3163825022899679,1.0
noisenec_dlydm1intseq_netseed1_snp_rescale_sf2p0_p50,snp_rescale_sf2p0,simulation_noise_prune_rescale,dlydm1intseq,1,0.0,50,0.5,0.7092524928844514,0.7602792812156027,0.932884152453076,0.9264333040362384,122709.0,0.6121773719787598,2.0,0.6327650045799359,2.0
noisenec_dlydm1intseq_netseed1_snp_rescale_sf2p0_p60,snp_rescale_sf2p0,simulation_noise_prune_rescale,dlydm1intseq,1,0.0,60,0.6,0.6299165673420739,0.7602792812156027,0.8285331231635127,0.8120525619934045,101668.0,0.8348541855812073,2.0,0.6327650045799359,2.0
noisenec_dlydm1intseq_netseed1_snp_rescale_sf2p0_p70,snp_rescale_sf2p0,simulation_noise_prune_rescale,dlydm1intseq,1,0.0,70,0.7,0.4379205012472563,0.7602792812156027,0.5759995202645397,0.5352466590043494,77695.0,1.2065086364746094,2.0,0.6327650045799359,2.0
noisenec_dlydm1intseq_netseed1_snp_rescale_sf2p0_p80,snp_rescale_sf2p0,simulation_noise_prune_rescale,dlydm1intseq,1,0.0,80,0.8,0.1756417020001693,0.7602792812156027,0.23102260753356002,0.15711224543453595,52073.0,1.93550705909729,2.0,0.6327650045799359,2.0
noisenec_dlydm1intseq_netseed2_snp_rescale_sf0p001_p50,snp_rescale_sf0p001,simulation_noise_prune_rescale,dlydm1intseq,2,0.0,50,0.5,0.3342875007327224,0.7085979275353823,0.4717590720247068,0.41689951927857294,103763.0,1.4532268047332764,0.001,0.0003764244258622,0.001
noisenec_dlydm1intseq_netseed2_snp_rescale_sf0p001_p60,snp_rescale_sf0p001,simulation_noise_prune_rescale,dlydm1intseq,2,0.0,60,0.6,0.1895927366042061,0.7085979275353823,0.26756038824956796,0.19149413252002323,88235.0,1.702392816543579,0.001,0.0003764244258622,0.001
noisenec_dlydm1intseq_netseed2_snp_rescale_sf0p001_p70,snp_rescale_sf0p001,simulation_noise_prune_rescale,dlydm1intseq,2,0.0,70,0.7,0.1361691318704937,0.7085979275353823,0.19216699143350852,0.10827088419057583,70285.0,2.25612211227417,0.001,0.0003764244258622,0.001
noisenec_dlydm1intseq_netseed2_snp_rescale_sf0p001_p80,snp_rescale_sf0p001,simulation_noise_prune_rescale,dlydm1intseq,2,0.0,80,0.8,0.0662804405452757,0.7085979275353823,0.09353744622964075,-0.0006016627401324813,49461.0,3.2752556800842285,0.001,0.0003764244258622,0.001
noisenec_dlydm1intseq_netseed2_snp_rescale_sf0p25_p50,snp_rescale_sf0p25,simulation_noise_prune_rescale,dlydm1intseq,2,0.0,50,0.5,0.391436591831285,0.7085979275353823,0.5524100150740837,0.505926327259888,106906.0,1.185746669769287,0.25,0.0941061064655647,0.25
noisenec_dlydm1intseq_netseed2_snp_rescale_sf0p25_p60,snp_rescale_sf0p25,simulation_noise_prune_rescale,dlydm1intseq,2,0.0,60,0.6,0.2714264314139263,0.7085979275353823,0.3830471708518696,0.31897459623661484,90437.0,1.4090179204940796,0.25,0.0941061064655647,0.25
noisenec_dlydm1intseq_netseed2_snp_rescale_sf0p25_p70,snp_rescale_sf0p25,simulation_noise_prune_rescale,dlydm1intseq,2,0.0,70,0.7,0.1593296729778489,0.7085979275353823,0.2248520166182579,0.14435035643190644,71607.0,1.852173089981079,0.25,0.0941061064655647,0.25
noisenec_dlydm1intseq_netseed2_snp_rescale_sf0p25_p80,snp_rescale_sf0p25,simulation_noise_prune_rescale,dlydm1intseq,2,0.0,80,0.8,0.0929319968476653,0.7085979275353823,0.1311491231295267,0.040916110153997126,49993.0,2.768076181411743,0.25,0.0941061064655647,0.25
noisenec_dlydm1intseq_netseed2_snp_rescale_sf0p5_p50,snp_rescale_sf0p5,simulation_noise_prune_rescale,dlydm1intseq,2,0.0,50,0.5,0.4993291519308049,0.7085979275353823,0.7046720467664253,0.6740012702896301,112717.0,0.9341822862625122,0.5,0.1882122129311295,0.5
noisenec_dlydm1intseq_netseed2_snp_rescale_sf0p5_p60,snp_rescale_sf0p5,simulation_noise_prune_rescale,dlydm1intseq,2,0.0,60,0.6,0.3521854666953242,0.7085979275353823,0.49701735357917565,0.44478095620747515,94695.0,1.2933181524276731,0.5,0.1882122129311295,0.5
noisenec_dlydm1intseq_netseed2_snp_rescale_sf0p5_p70,snp_rescale_sf0p5,simulation_noise_prune_rescale,dlydm1intseq,2,0.0,70,0.7,0.219390114434957,0.7085979275353823,0.3096115666017133,0.2379124636516565,74118.0,1.6366806030273438,0.5,0.1882122129311295,0.5
noisenec_dlydm1intseq_netseed2_snp_rescale_sf0p5_p80,snp_rescale_sf0p5,simulation_noise_prune_rescale,dlydm1intseq,2,0.0,80,0.8,0.0916358923256283,0.7085979275353823,0.12932001176513835,0.03889703957581247,51107.0,2.23868727684021,0.5,0.1882122129311295,0.5
noisenec_dlydm1intseq_netseed2_snp_rescale_sf1p0_p50,snp_rescale_sf1p0,simulation_noise_prune_rescale,dlydm1intseq,2,0.0,50,0.5,0.5412245908152432,0.7085979275353823,0.7637964631052613,0.7392659511648718,119945.0,1.0312362909317017,1.0,0.376424425862259,1.0
noisenec_dlydm1intseq_netseed2_snp_rescale_sf1p0_p60,snp_rescale_sf1p0,simulation_noise_prune_rescale,dlydm1intseq,2,0.0,60,0.6,0.457811472153292,0.7085979275353823,0.6460807382624361,0.6093250622462211,100008.0,0.8778916597366333,1.0,0.376424425862259,1.0
noisenec_dlydm1intseq_netseed2_snp_rescale_sf1p0_p70,snp_rescale_sf1p0,simulation_noise_prune_rescale,dlydm1intseq,2,0.0,70,0.7,0.2947953913388955,0.7085979275353823,0.41602632449722415,0.3553787431437842,77237.0,1.3656829595565796,1.0,0.376424425862259,1.0
noisenec_dlydm1intseq_netseed2_snp_rescale_sf1p0_p80,snp_rescale_sf1p0,simulation_noise_prune_rescale,dlydm1intseq,2,0.0,80,0.8,0.1111197952285116,0.7085979275353823,0.15681642707452467,0.06924904779008147,52248.0,1.9436575174331665,1.0,0.376424425862259,1.0
noisenec_dlydm1intseq_netseed2_snp_rescale_sf2p0_p50,snp_rescale_sf2p0,simulation_noise_prune_rescale,dlydm1intseq,2,0.0,50,0.5,0.5614509857558765,0.7085979275353823,0.7923407110555536,0.7707746128761915,123195.0,0.8951963782310486,2.0,0.752848851724518,2.0
noisenec_dlydm1intseq_netseed2_snp_rescale_sf2p0_p60,snp_rescale_sf2p0,simulation_noise_prune_rescale,dlydm1intseq,2,0.0,60,0.6,0.4814572383204049,0.7085979275353823,0.679450531269532,0.6461604176939577,102274.0,0.8369762301445007,2.0,0.752848851724518,2.0
noisenec_dlydm1intseq_netseed2_snp_rescale_sf2p0_p70,snp_rescale_sf2p0,simulation_noise_prune_rescale,dlydm1intseq,2,0.0,70,0.7,0.269055667363567,0.7085979275353823,0.37970145961248564,0.315281421912699,78459.0,1.281057357788086,2.0,0.752848851724518,2.0
noisenec_dlydm1intseq_netseed2_snp_rescale_sf2p0_p80,snp_rescale_sf2p0,simulation_noise_prune_rescale,dlydm1intseq,2,0.0,80,0.8,0.1095208321121293,0.7085979275353823,0.1545599102908195,0.06675818433809994,52402.0,1.909195899963379,2.0,0.752848851724518,2.0
noisenec_dlydm1intseq_netseed0_snp_mask_sf0p001_p50,snp_mask_sf0p001,simulation_noise_prune_mask_only,dlydm1intseq,0,0.0,50,0.5,0.1982551437112878,0.6086383086812951,0.32573556557890165,0.24279587130329855,130816.0,0.4717563092708587,0.001,0.0004088095166747,
noisenec_dlydm1intseq_netseed0_snp_mask_sf0p001_p60,snp_mask_sf0p001,simulation_noise_prune_mask_only,dlydm1intseq,0,0.0,60,0.6,0.12784866188606,0.6086383086812951,0.21005687624734473,0.11288781640302495,104653.0,0.4662893414497375,0.001,0.0004088095166747,
noisenec_dlydm1intseq_netseed0_snp_mask_sf0p001_p70,snp_mask_sf0p001,simulation_noise_prune_mask_only,dlydm1intseq,0,0.0,70,0.7,0.1007509590522154,0.6086383086812951,0.16553502731451009,0.06288943875153667,78490.0,0.5093863010406494,0.001,0.0004088095166747,
noisenec_dlydm1intseq_netseed0_snp_mask_sf0p001_p80,snp_mask_sf0p001,simulation_noise_prune_mask_only,dlydm1intseq,0,0.0,80,0.8,0.0874219243569953,0.6086383086812951,0.14363526434346177,0.03829583705371882,52326.0,0.4207860827445984,0.001,0.0004088095166747,
noisenec_dlydm1intseq_netseed0_snp_mask_sf0p25_p50,snp_mask_sf0p25,simulation_noise_prune_mask_only,dlydm1intseq,0,0.0,50,0.5,0.2581006532627314,0.6086383086812951,0.424062451510725,0.35321771796853113,130816.0,0.5252256989479065,0.25,0.1022023791686787,
noisenec_dlydm1intseq_netseed0_snp_mask_sf0p25_p60,snp_mask_sf0p25,simulation_noise_prune_mask_only,dlydm1intseq,0,0.0,60,0.6,0.1431381360844617,0.6086383086812951,0.23517766470301815,0.1410986544121269,104653.0,0.5273656249046326,0.25,0.1022023791686787,
noisenec_dlydm1intseq_netseed0_snp_mask_sf0p25_p70,snp_mask_sf0p25,simulation_noise_prune_mask_only,dlydm1intseq,0,0.0,70,0.7,0.104824895627764,0.6086383086812951,0.17222855369535092,0.07040632018910575,78490.0,0.5073672533035278,0.25,0.1022023791686787,
noisenec_dlydm1intseq_netseed0_snp_mask_sf0p25_p80,snp_mask_sf0p25,simulation_noise_prune_mask_only,dlydm1intseq,0,0.0,80,0.8,0.0872656102437848,0.6086383086812951,0.1433784383911993,0.038007419540526714,52326.0,0.452948123216629,0.25,0.1022023791686787,
noisenec_dlydm1intseq_netseed0_snp_mask_sf0p5_p50,snp_mask_sf0p5,simulation_noise_prune_mask_only,dlydm1intseq,0,0.0,50,0.5,0.4161895829669721,0.6086383086812951,0.6838044484395147,0.6449099716749966,130816.0,0.5315727591514587,0.5,0.2044047583373574,
noisenec_dlydm1intseq_netseed0_snp_mask_sf0p5_p60,snp_mask_sf0p5,simulation_noise_prune_mask_only,dlydm1intseq,0,0.0,60,0.6,0.2037098549535291,0.6086383086812951,0.33469772120472774,0.25286044077406455,104653.0,0.660857617855072,0.5,0.2044047583373574,
noisenec_dlydm1intseq_netseed0_snp_mask_sf0p5_p70,snp_mask_sf0p5,simulation_noise_prune_mask_only,dlydm1intseq,0,0.0,70,0.7,0.1180725167223535,0.6086383086812951,0.19399455314959563,0.09484970443213582,78490.0,0.659731388092041,0.5,0.2044047583373574,
noisenec_dlydm1intseq_netseed0_snp_mask_sf0p5_p80,snp_mask_sf0p5,simulation_noise_prune_mask_only,dlydm1intseq,0,0.0,80,0.8,0.0882523430834261,0.6086383086812951,0.14499965221485622,0.039828055092551884,52326.0,0.5773085951805115,0.5,0.2044047583373574,
noisenec_dlydm1intseq_netseed0_snp_mask_sf1p0_p50,snp_mask_sf1p0,simulation_noise_prune_mask_only,dlydm1intseq,0,0.0,50,0.5,0.5533389345890567,0.6086383086812951,0.9091424688464769,0.8979662960101041,130816.0,0.4939667582511902,1.0,0.4088095166747149,
noisenec_dlydm1intseq_netseed0_snp_mask_sf1p0_p60,snp_mask_sf1p0,simulation_noise_prune_mask_only,dlydm1intseq,0,0.0,60,0.6,0.365302826028905,0.6086383086812951,0.6001968998967344,0.551018053734586,104653.0,0.4836458563804626,1.0,0.4088095166747149,
noisenec_dlydm1intseq_netseed0_snp_mask_sf1p0_p70,snp_mask_sf1p0,simulation_noise_prune_mask_only,dlydm1intseq,0,0.0,70,0.7,0.1639832743898864,0.6086383086812951,0.26942647554535376,0.1795603315359313,78490.0,0.5756705403327942,1.0,0.4088095166747149,
noisenec_dlydm1intseq_netseed0_snp_mask_sf1p0_p80,snp_mask_sf1p0,simulation_noise_prune_mask_only,dlydm1intseq,0,0.0,80,0.8,0.0908380390394497,0.6086383086812951,0.1492479815085313,0.04459896145660445,52326.0,0.6570969820022583,1.0,0.4088095166747149,
noisenec_dlydm1intseq_netseed0_snp_mask_sf2p0_p50,snp_mask_sf2p0,simulation_noise_prune_mask_only,dlydm1intseq,0,0.0,50,0.5,0.622547008213004,0.6086383086812951,1.022852159210688,1.025663149975905,130816.0,0.5457202196121216,2.0,0.8176190333494298,
noisenec_dlydm1intseq_netseed0_snp_mask_sf2p0_p60,snp_mask_sf2p0,simulation_noise_prune_mask_only,dlydm1intseq,0,0.0,60,0.6,0.4276265655835401,0.6086383086812951,0.7025955472800526,0.6660125197235518,104653.0,0.5458354949951172,2.0,0.8176190333494298,
noisenec_dlydm1intseq_netseed0_snp_mask_sf2p0_p70,snp_mask_sf2p0,simulation_noise_prune_mask_only,dlydm1intseq,0,0.0,70,0.7,0.1792792616763386,0.6086383086812951,0.29455796508237153,0.20778318694141637,78490.0,0.4907312095165252,2.0,0.8176190333494298,
noisenec_dlydm1intseq_netseed0_snp_mask_sf2p0_p80,snp_mask_sf2p0,simulation_noise_prune_mask_only,dlydm1intseq,0,0.0,80,0.8,0.0827846056650839,0.6086383086812951,0.13601609442634163,0.029739450829019933,52326.0,0.5994489192962646,2.0,0.8176190333494298,
noisenec_dlydm1intseq_netseed1_snp_mask_sf0p001_p50,snp_mask_sf0p001,simulation_noise_prune_mask_only,dlydm1intseq,1,0.0,50,0.5,0.4146655203631698,0.7602792812156027,0.5454121013269826,0.5017193263170546,130816.0,0.6039006114006042,0.001,0.0003163825022899,
noisenec_dlydm1intseq_netseed1_snp_mask_sf0p001_p60,snp_mask_sf0p001,simulation_noise_prune_mask_only,dlydm1intseq,1,0.0,60,0.6,0.2071292261800087,0.7602792812156027,0.2724383411433124,0.20250865766719997,104653.0,0.5571167469024658,0.001,0.0003163825022899,
noisenec_dlydm1intseq_netseed1_snp_mask_sf0p001_p70,snp_mask_sf0p001,simulation_noise_prune_mask_only,dlydm1intseq,1,0.0,70,0.7,0.1032291890554068,0.7602792812156027,0.13577798528240137,0.05271317392708774,78490.0,0.4593794047832489,0.001,0.0003163825022899,
noisenec_dlydm1intseq_netseed1_snp_mask_sf0p001_p80,snp_mask_sf0p001,simulation_noise_prune_mask_only,dlydm1intseq,1,0.0,80,0.8,0.0745781147215329,0.7602792812156027,0.09809305154586183,0.011406147882721452,52326.0,0.8704108595848083,0.001,0.0003163825022899,
noisenec_dlydm1intseq_netseed1_snp_mask_sf0p25_p50,snp_mask_sf0p25,simulation_noise_prune_mask_only,dlydm1intseq,1,0.0,50,0.5,0.4710102450875033,0.7602792812156027,0.6195226632171402,0.5829530345029634,130816.0,0.627676784992218,0.25,0.0790956255724919,
noisenec_dlydm1intseq_netseed1_snp_mask_sf0p25_p60,snp_mask_sf0p25,simulation_noise_prune_mask_only,dlydm1intseq,1,0.0,60,0.6,0.2457420686870265,0.7602792812156027,0.3232260496354866,0.25817783336713757,104653.0,0.6036288142204285,0.25,0.0790956255724919,
noisenec_dlydm1intseq_netseed1_snp_mask_sf0p25_p70,snp_mask_sf0p25,simulation_noise_prune_mask_only,dlydm1intseq,1,0.0,70,0.7,0.110247041429753,0.7602792812156027,0.14500860953816885,0.06283100083384027,78490.0,0.4922051727771759,0.25,0.0790956255724919,
noisenec_dlydm1intseq_netseed1_snp_mask_sf0p25_p80,snp_mask_sf0p25,simulation_noise_prune_mask_only,dlydm1intseq,1,0.0,80,0.8,0.0733927326963533,0.7602792812156027,0.09653391130034007,0.00969715066970151,52326.0,0.8417267203330994,0.25,0.0790956255724919,
noisenec_dlydm1intseq_netseed1_snp_mask_sf0p5_p50,snp_mask_sf0p5,simulation_noise_prune_mask_only,dlydm1intseq,1,0.0,50,0.5,0.5558660127526264,0.7602792812156027,0.7311339746939545,0.7052918816998325,130816.0,0.6307782530784607,0.5,0.1581912511449839,
noisenec_dlydm1intseq_netseed1_snp_mask_sf0p5_p60,snp_mask_sf0p5,simulation_noise_prune_mask_only,dlydm1intseq,1,0.0,60,0.6,0.3384428509089014,0.7602792812156027,0.4451559568580754,0.3918270494820424,104653.0,0.6051293015480042,0.5,0.1581912511449839,
noisenec_dlydm1intseq_netseed1_snp_mask_sf0p5_p70,snp_mask_sf0p5,simulation_noise_prune_mask_only,dlydm1intseq,1,0.0,70,0.7,0.1301673212320157,0.7602792812156027,0.17120987569711554,0.09155060509769447,78490.0,0.6060590147972107,0.5,0.1581912511449839,
noisenec_dlydm1intseq_netseed1_snp_mask_sf0p5_p80,snp_mask_sf0p5,simulation_noise_prune_mask_only,dlydm1intseq,1,0.0,80,0.8,0.069918000221445,0.7602792812156027,0.0919635743718464,0.0046875352128546675,52326.0,0.8243727684020996,0.5,0.1581912511449839,
noisenec_dlydm1intseq_netseed1_snp_mask_sf1p0_p50,snp_mask_sf1p0,simulation_noise_prune_mask_only,dlydm1intseq,1,0.0,50,0.5,0.6313494467131702,0.7602792812156027,0.830417798185572,0.8141183828003516,130816.0,0.6331110000610352,1.0,0.3163825022899679,
noisenec_dlydm1intseq_netseed1_snp_mask_sf1p0_p60,snp_mask_sf1p0,simulation_noise_prune_mask_only,dlydm1intseq,1,0.0,60,0.6,0.3792994522492949,0.7602792812156027,0.49889489510070156,0.4507311127637677,104653.0,0.6492182612419128,1.0,0.3163825022899679,
noisenec_dlydm1intseq_netseed1_snp_mask_sf1p0_p70,snp_mask_sf1p0,simulation_noise_prune_mask_only,dlydm1intseq,1,0.0,70,0.7,0.1461178738675368,0.7602792812156027,0.1921897353744935,0.11454694671684731,78490.0,0.6249614357948303,1.0,0.3163825022899679,
noisenec_dlydm1intseq_netseed1_snp_mask_sf1p0_p80,snp_mask_sf1p0,simulation_noise_prune_mask_only,dlydm1intseq,1,0.0,80,0.8,0.0657984720295433,0.7602792812156027,0.08654513368342591,-0.0012516996071185458,52326.0,0.619279682636261,1.0,0.3163825022899679,
noisenec_dlydm1intseq_netseed1_snp_mask_sf2p0_p50,snp_mask_sf2p0,simulation_noise_prune_mask_only,dlydm1intseq,1,0.0,50,0.5,0.562502849476022,0.7602792812156027,0.7398634467279471,0.7148603880738287,130816.0,0.6195568442344666,2.0,0.6327650045799359,
noisenec_dlydm1intseq_netseed1_snp_mask_sf2p0_p60,snp_mask_sf2p0,simulation_noise_prune_mask_only,dlydm1intseq,1,0.0,60,0.6,0.2800888385210079,0.7602792812156027,0.3684025665847118,0.30769649711911895,104653.0,0.6819028258323669,2.0,0.6327650045799359,
noisenec_dlydm1intseq_netseed1_snp_mask_sf2p0_p70,snp_mask_sf2p0,simulation_noise_prune_mask_only,dlydm1intseq,1,0.0,70,0.7,0.1050951887818571,0.7602792812156027,0.13823234616340127,0.05540343602340757,78490.0,0.6405166387557983,2.0,0.6327650045799359,
noisenec_dlydm1intseq_netseed1_snp_mask_sf2p0_p80,snp_mask_sf2p0,simulation_noise_prune_mask_only,dlydm1intseq,1,0.0,80,0.8,0.0472426841738473,0.7602792812156027,0.06213859214775846,-0.02800407905708433,52326.0,0.6448348164558411,2.0,0.6327650045799359,
noisenec_dlydm1intseq_netseed2_snp_mask_sf0p001_p50,snp_mask_sf0p001,simulation_noise_prune_mask_only,dlydm1intseq,2,0.0,50,0.5,0.2865433087789913,0.7085979275353823,0.40438067576013814,0.3425236555932313,130816.0,0.5402762293815613,0.001,0.0003764244258622,
noisenec_dlydm1intseq_netseed2_snp_mask_sf0p001_p60,snp_mask_sf0p001,simulation_noise_prune_mask_only,dlydm1intseq,2,0.0,60,0.6,0.1500485225059757,0.7085979275353823,0.211754108606934,0.12989218771877484,104653.0,0.5658854842185974,0.001,0.0003764244258622,
noisenec_dlydm1intseq_netseed2_snp_mask_sf0p001_p70,snp_mask_sf0p001,simulation_noise_prune_mask_only,dlydm1intseq,2,0.0,70,0.7,0.092062499592932,0.7085979275353823,0.12992205595793965,0.03956160803245124,78490.0,0.5415887832641602,0.001,0.0003764244258622,
noisenec_dlydm1intseq_netseed2_snp_mask_sf0p001_p80,snp_mask_sf0p001,simulation_noise_prune_mask_only,dlydm1intseq,2,0.0,80,0.8,0.0679868696144903,0.7085979275353823,0.0959456230008456,0.002056611086422277,52326.0,0.5829716324806213,0.001,0.0003764244258622,
noisenec_dlydm1intseq_netseed2_snp_mask_sf0p25_p50,snp_mask_sf0p25,simulation_noise_prune_mask_only,dlydm1intseq,2,0.0,50,0.5,0.3531005555664107,0.7085979275353823,0.49830876135152025,0.44620648091217346,130816.0,0.5890218019485474,0.25,0.0941061064655647,
noisenec_dlydm1intseq_netseed2_snp_mask_sf0p25_p60,snp_mask_sf0p25,simulation_noise_prune_mask_only,dlydm1intseq,2,0.0,60,0.6,0.1789308114656402,0.7085979275353823,0.2525138791867348,0.1748849941457099,104653.0,0.5447840690612793,0.25,0.0941061064655647,
noisenec_dlydm1intseq_netseed2_snp_mask_sf0p25_p70,snp_mask_sf0p25,simulation_noise_prune_mask_only,dlydm1intseq,2,0.0,70,0.7,0.0968919543823313,0.7085979275353823,0.13673756388102504,0.04708492880493343,78490.0,0.5220784544944763,0.25,0.0941061064655647,
noisenec_dlydm1intseq_netseed2_snp_mask_sf0p25_p80,snp_mask_sf0p25,simulation_noise_prune_mask_only,dlydm1intseq,2,0.0,80,0.8,0.0661013306238887,0.7085979275353823,0.09328467958380823,-0.0008806800310875978,52326.0,0.5476775169372559,0.25,0.0941061064655647,
noisenec_dlydm1intseq_netseed2_snp_mask_sf0p5_p50,snp_mask_sf0p5,simulation_noise_prune_mask_only,dlydm1intseq,2,0.0,50,0.5,0.4770641604303848,0.7085979275353823,0.6732508548108386,0.6393168845030752,130816.0,0.7352040410041809,0.5,0.1882122129311295,
noisenec_dlydm1intseq_netseed2_snp_mask_sf0p5_p60,snp_mask_sf0p5,simulation_noise_prune_mask_only,dlydm1intseq,2,0.0,60,0.6,0.2621224851338765,0.7085979275353823,0.36991709254016686,0.304480916231907,104653.0,0.6713883280754089,0.5,0.1882122129311295,
noisenec_dlydm1intseq_netseed2_snp_mask_sf0p5_p70,snp_mask_sf0p5,simulation_noise_prune_mask_only,dlydm1intseq,2,0.0,70,0.7,0.1119599835870181,0.7085979275353823,0.15800213243133937,0.07055789253674402,78490.0,0.5629605650901794,0.5,0.1882122129311295,
noisenec_dlydm1intseq_netseed2_snp_mask_sf0p5_p80,snp_mask_sf0p5,simulation_noise_prune_mask_only,dlydm1intseq,2,0.0,80,0.8,0.0640757602402026,0.7085979275353823,0.09042611860730163,-0.004036111939708044,52326.0,0.504050076007843,0.5,0.1882122129311295,
noisenec_dlydm1intseq_netseed2_snp_mask_sf1p0_p50,snp_mask_sf1p0,simulation_noise_prune_mask_only,dlydm1intseq,2,0.0,50,0.5,0.5633072158502511,0.7085979275353823,0.7949602926578184,0.7736662466188179,130816.0,0.8176813721656799,1.0,0.376424425862259,
noisenec_dlydm1intseq_netseed2_snp_mask_sf1p0_p60,snp_mask_sf1p0,simulation_noise_prune_mask_only,dlydm1intseq,2,0.0,60,0.6,0.3169268645342816,0.7085979275353823,0.44725909040773554,0.38985513422253604,104653.0,0.7758272886276245,1.0,0.376424425862259,
noisenec_dlydm1intseq_netseed2_snp_mask_sf1p0_p70,snp_mask_sf1p0,simulation_noise_prune_mask_only,dlydm1intseq,2,0.0,70,0.7,0.1245041911721604,0.7085979275353823,0.17570498915401295,0.09009924898691349,78490.0,0.716261625289917,1.0,0.376424425862259,
noisenec_dlydm1intseq_netseed2_snp_mask_sf1p0_p80,snp_mask_sf1p0,simulation_noise_prune_mask_only,dlydm1intseq,2,0.0,80,0.8,0.0583637820199691,0.7085979275353823,0.08236516048384128,-0.012934227000351099,52326.0,0.5201826691627502,1.0,0.376424425862259,
noisenec_dlydm1intseq_netseed2_snp_mask_sf2p0_p50,snp_mask_sf2p0,simulation_noise_prune_mask_only,dlydm1intseq,2,0.0,50,0.5,0.5048587636856262,0.7085979275353823,0.7124756424868561,0.6826152950176643,130816.0,0.794202983379364,2.0,0.752848851724518,
noisenec_dlydm1intseq_netseed2_snp_mask_sf2p0_p60,snp_mask_sf2p0,simulation_noise_prune_mask_only,dlydm1intseq,2,0.0,60,0.6,0.2553130515771443,0.7085979275353823,0.3603073642413325,0.2938731861339568,104653.0,0.7978464365005493,2.0,0.752848851724518,
noisenec_dlydm1intseq_netseed2_snp_mask_sf2p0_p70,snp_mask_sf2p0,simulation_noise_prune_mask_only,dlydm1intseq,2,0.0,70,0.7,0.0939122165992562,0.7085979275353823,0.13253244604581052,0.042443095691770114,78490.0,0.7585325241088867,2.0,0.752848851724518,
noisenec_dlydm1intseq_netseed2_snp_mask_sf2p0_p80,snp_mask_sf2p0,simulation_noise_prune_mask_only,dlydm1intseq,2,0.0,80,0.8,0.0432436481108788,0.7085979275353823,0.06102705981837567,-0.03648835939862136,52326.0,0.6079516410827637,2.0,0.752848851724518,
noisenec_dlydm2intseq_netseed0_snp_rescale_sf0p001_p50,snp_rescale_sf0p001,simulation_noise_prune_rescale,dlydm2intseq,0,0.0,50,0.5,0.4723584543139438,0.7315663325452497,0.6456809632976472,0.6101548977486781,108374.0,1.151929497718811,0.001,0.0003931026463266,0.001
noisenec_dlydm2intseq_netseed0_snp_rescale_sf0p001_p60,snp_rescale_sf0p001,simulation_noise_prune_rescale,dlydm2intseq,0,0.0,60,0.6,0.3474569647707067,0.7315663325452497,0.4749493645529613,0.4223047664387231,92281.0,1.4486407041549685,0.001,0.0003931026463266,0.001
noisenec_dlydm2intseq_netseed0_snp_rescale_sf0p001_p70,snp_rescale_sf0p001,simulation_noise_prune_rescale,dlydm2intseq,0,0.0,70,0.7,0.1678162267075688,0.7315663325452497,0.2293930423557167,0.15212755432392258,72967.0,1.954576849937439,0.001,0.0003931026463266,0.001
noisenec_dlydm2intseq_netseed0_snp_rescale_sf0p001_p80,snp_rescale_sf0p001,simulation_noise_prune_rescale,dlydm2intseq,0,0.0,80,0.8,0.1123800777662713,0.7315663325452497,0.15361570477865072,0.06875234482062792,50663.0,2.73569917678833,0.001,0.0003931026463266,0.001
noisenec_dlydm2intseq_netseed0_snp_rescale_sf0p25_p50,snp_rescale_sf0p25,simulation_noise_prune_rescale,dlydm2intseq,0,0.0,50,0.5,0.571884952812677,0.7315663325452497,0.7817267243873667,0.7598413897206981,110636.0,1.2588486671447754,0.25,0.0982756615816524,0.25
noisenec_dlydm2intseq_netseed0_snp_rescale_sf0p25_p60,snp_rescale_sf0p25,simulation_noise_prune_rescale,dlydm2intseq,0,0.0,60,0.6,0.4048958882875137,0.7315663325452497,0.5534643548710186,0.5086921215006459,93840.0,1.2828887701034546,0.25,0.0982756615816524,0.25
noisenec_dlydm2intseq_netseed0_snp_rescale_sf0p25_p70,snp_rescale_sf0p25,simulation_noise_prune_rescale,dlydm2intseq,0,0.0,70,0.7,0.2122126914033751,0.7315663325452497,0.29007990384829396,0.21889922977234055,73823.0,1.708583116531372,0.25,0.0982756615816524,0.25
noisenec_dlydm2intseq_netseed0_snp_rescale_sf0p25_p80,snp_rescale_sf0p25,simulation_noise_prune_rescale,dlydm2intseq,0,0.0,80,0.8,0.1285911539238099,0.7315663325452497,0.17577511184313027,0.09313358155371856,50911.0,2.476719856262207,0.25,0.0982756615816524,0.25
noisenec_dlydm2intseq_netseed0_snp_rescale_sf0p5_p50,snp_rescale_sf0p5,simulation_noise_prune_rescale,dlydm2intseq,0,0.0,50,0.5,0.6470948370751024,0.7315663325452497,0.8845333748803668,0.8729560265930821,114959.0,0.7378748655319214,0.5,0.1965513231633049,0.5
noisenec_dlydm2intseq_netseed0_snp_rescale_sf0p5_p60,snp_rescale_sf0p5,simulation_noise_prune_rescale,dlydm2intseq,0,0.0,60,0.6,0.5247660173117881,0.7315663325452497,0.71731843575419,0.6889751554316086,96809.0,1.106061935424805,0.5,0.1965513231633049,0.5
noisenec_dlydm2intseq_netseed0_snp_rescale_sf0p5_p70,snp_rescale_sf0p5,simulation_noise_prune_rescale,dlydm2intseq,0,0.0,70,0.7,0.2669975315396289,0.7315663325452497,0.3649669478510539,0.3012948797443742,75341.0,1.456313133239746,0.5,0.1965513231633049,0.5
noisenec_dlydm2intseq_netseed0_snp_rescale_sf0p5_p80,snp_rescale_sf0p5,simulation_noise_prune_rescale,dlydm2intseq,0,0.0,80,0.8,0.1289819392068361,0.7315663325452497,0.1763092879877139,0.0937213172724752,51491.0,2.02355694770813,0.5,0.1965513231633049,0.5
noisenec_dlydm2intseq_netseed0_snp_rescale_sf1p0_p50,snp_rescale_sf1p0,simulation_noise_prune_rescale,dlydm2intseq,0,0.0,50,0.5,0.6737626760976182,0.7315663325452497,0.9209864452803311,0.9130640916005709,120855.0,0.6659415364265442,1.0,0.3931026463266098,1.0
noisenec_dlydm2intseq_netseed0_snp_rescale_sf1p0_p60,snp_rescale_sf1p0,simulation_noise_prune_rescale,dlydm2intseq,0,0.0,60,0.6,0.5782026482216013,0.7315663325452497,0.7903625720581361,0.7693431171739314,100700.0,0.9540915489196776,1.0,0.3931026463266098,1.0
noisenec_dlydm2intseq_netseed0_snp_rescale_sf1p0_p70,snp_rescale_sf1p0,simulation_noise_prune_rescale,dlydm2intseq,0,0.0,70,0.7,0.3440994678807063,0.7315663325452497,0.4703599011774132,0.4172551370550718,77234.0,1.2038443088531494,1.0,0.3931026463266098,1.0
noisenec_dlydm2intseq_netseed0_snp_rescale_sf1p0_p80,snp_rescale_sf1p0,simulation_noise_prune_rescale,dlydm2intseq,0,0.0,80,0.8,0.1532887838110683,0.7315663325452497,0.20953504418081856,0.1302784789791422,52212.0,1.904205083847046,1.0,0.3931026463266098,1.0
noisenec_dlydm2intseq_netseed0_snp_rescale_sf2p0_p50,snp_rescale_sf2p0,simulation_noise_prune_rescale,dlydm2intseq,0,0.0,50,0.5,0.6577404794935423,0.7315663325452497,0.8990852233524005,0.888966927131546,123764.0,0.6537721753120422,2.0,0.7862052926532197,2.0
noisenec_dlydm2intseq_netseed0_snp_rescale_sf2p0_p60,snp_rescale_sf2p0,simulation_noise_prune_rescale,dlydm2intseq,0,0.0,60,0.6,0.6000703413509447,0.7315663325452497,0.8202541788154644,0.8022318284360254,102514.0,0.8586077094078064,2.0,0.7862052926532197,2.0
noisenec_dlydm2intseq_netseed0_snp_rescale_sf2p0_p70,snp_rescale_sf2p0,simulation_noise_prune_rescale,dlydm2intseq,0,0.0,70,0.7,0.315428854282681,0.7315663325452497,0.4311691780364575,0.3741349264889549,78010.0,1.1720916032791138,2.0,0.7862052926532197,2.0
noisenec_dlydm2intseq_netseed0_snp_rescale_sf2p0_p80,snp_rescale_sf2p0,simulation_noise_prune_rescale,dlydm2intseq,0,0.0,80,0.8,0.150230888971388,0.7315663325452497,0.20535511584945135,0.12567944697987102,52256.0,1.85650897026062,2.0,0.7862052926532197,2.0
noisenec_dlydm2intseq_netseed1_snp_rescale_sf0p001_p50,snp_rescale_sf0p001,simulation_noise_prune_rescale,dlydm2intseq,1,0.0,50,0.5,0.5134071917518253,0.5573249444759244,0.9211990183475516,0.910492180178458,103068.0,1.522737979888916,0.001,0.000607088845818,0.001
noisenec_dlydm2intseq_netseed1_snp_rescale_sf0p001_p60,snp_rescale_sf0p001,simulation_noise_prune_rescale,dlydm2intseq,1,0.0,60,0.6,0.395487732598657,0.5573249444759244,0.7096178567254878,0.6701630866193574,87832.0,1.7615019083023071,0.001,0.000607088845818,0.001
noisenec_dlydm2intseq_netseed1_snp_rescale_sf0p001_p70,snp_rescale_sf0p001,simulation_noise_prune_rescale,dlydm2intseq,1,0.0,70,0.7,0.2406195249353576,0.5573249444759244,0.43174009582797707,0.3545295496600481,70078.0,2.214672327041626,0.001,0.000607088845818,0.001
noisenec_dlydm2intseq_netseed1_snp_rescale_sf0p001_p80,snp_rescale_sf0p001,simulation_noise_prune_rescale,dlydm2intseq,1,0.0,80,0.8,0.0987384148446302,0.5573249444759244,0.17716489423863488,0.0653647347419895,49353.0,3.1817705631256104,0.001,0.000607088845818,0.001
noisenec_dlydm2intseq_netseed1_snp_rescale_sf0p25_p50,snp_rescale_sf0p25,simulation_noise_prune_rescale,dlydm2intseq,1,0.0,50,0.5,0.587148374658877,0.5573249444759244,1.0535117447703635,1.0607824865731632,107157.0,1.1772540807724,0.25,0.1517722114545161,0.25
noisenec_dlydm2intseq_netseed1_snp_rescale_sf0p25_p60,snp_rescale_sf0p25,simulation_noise_prune_rescale,dlydm2intseq,1,0.0,60,0.6,0.5067247634120766,0.5573249444759244,0.9092088348720346,0.8968728678342639,90847.0,1.4522353410720823,0.25,0.1517722114545161,0.25
noisenec_dlydm2intseq_netseed1_snp_rescale_sf0p25_p70,snp_rescale_sf0p25,simulation_noise_prune_rescale,dlydm2intseq,1,0.0,70,0.7,0.3337404013364857,0.5573249444759244,0.5988255229636555,0.5443171892712739,71901.0,1.8620364665985107,0.25,0.1517722114545161,0.25
noisenec_dlydm2intseq_netseed1_snp_rescale_sf0p25_p80,snp_rescale_sf0p25,simulation_noise_prune_rescale,dlydm2intseq,1,0.0,80,0.8,0.1551189615532412,0.5573249444759244,0.2783276849363094,0.18027270482728952,49983.0,2.7190053462982178,0.25,0.1517722114545161,0.25
noisenec_dlydm2intseq_netseed1_snp_rescale_sf0p5_p50,snp_rescale_sf0p5,simulation_noise_prune_rescale,dlydm2intseq,1,0.0,50,0.5,0.5941857662973746,0.5573249444759244,1.0661388337034008,1.0751252419219957,114003.0,0.893498957157135,0.5,0.3035444229090323,0.5
noisenec_dlydm2intseq_netseed1_snp_rescale_sf0p5_p60,snp_rescale_sf0p5,simulation_noise_prune_rescale,dlydm2intseq,1,0.0,60,0.6,0.5944528029074425,0.5573249444759244,1.0666179735888746,1.0756694834484204,95701.0,1.0413588285446167,0.5,0.3035444229090323,0.5
noisenec_dlydm2intseq_netseed1_snp_rescale_sf0p5_p70,snp_rescale_sf0p5,simulation_noise_prune_rescale,dlydm2intseq,1,0.0,70,0.7,0.4327230569830073,0.5573249444759244,0.7764286549024189,0.7460515940967049,74738.0,1.482532978057861,0.5,0.3035444229090323,0.5
noisenec_dlydm2intseq_netseed1_snp_rescale_sf0p5_p80,snp_rescale_sf0p5,simulation_noise_prune_rescale,dlydm2intseq,1,0.0,80,0.8,0.2071227130919583,0.5573249444759244,0.3716372560476802,0.2862604235526494,51233.0,2.2055680751800537,0.5,0.3035444229090323,0.5
noisenec_dlydm2intseq_netseed1_snp_rescale_sf1p0_p50,snp_rescale_sf1p0,simulation_noise_prune_rescale,dlydm2intseq,1,0.0,50,0.5,0.5520721389632467,0.5573249444759244,0.9905749678625687,0.9892943709497147,121137.0,0.7606980204582214,1.0,0.6070888458180647,1.0
noisenec_dlydm2intseq_netseed1_snp_rescale_sf1p0_p60,snp_rescale_sf1p0,simulation_noise_prune_rescale,dlydm2intseq,1,0.0,60,0.6,0.5957619336055804,0.5573249444759244,1.0689669276615634,1.0783375943462596,100753.0,0.964818239212036,1.0,0.6070888458180647,1.0
noisenec_dlydm2intseq_netseed1_snp_rescale_sf1p0_p70,snp_rescale_sf1p0,simulation_noise_prune_rescale,dlydm2intseq,1,0.0,70,0.7,0.4971602936100093,0.5573249444759244,0.8920474465350005,0.8773797292597518,77465.0,1.3081071376800537,1.0,0.6070888458180647,1.0
noisenec_dlydm2intseq_netseed1_snp_rescale_sf1p0_p80,snp_rescale_sf1p0,simulation_noise_prune_rescale,dlydm2intseq,1,0.0,80,0.8,0.2384343838944358,0.5573249444759244,0.4278193292041602,0.35007606107186356,52049.0,1.8827649354934692,1.0,0.6070888458180647,1.0
noisenec_dlydm2intseq_netseed1_snp_rescale_sf2p0_p50,snp_rescale_sf2p0,simulation_noise_prune_rescale,dlydm2intseq,1,0.0,50,0.5,0.5476334694568736,0.5573249444759244,0.9826107280588992,0.9802480148458469,123595.0,0.7109063863754272,2.0,1.214177691636129,2.0
noisenec_dlydm2intseq_netseed1_snp_rescale_sf2p0_p60,snp_rescale_sf2p0,simulation_noise_prune_rescale,dlydm2intseq,1,0.0,60,0.6,0.5877117567752398,0.5573249444759244,1.0545226130653265,1.061930703452084,102535.0,0.8700641989707947,2.0,1.214177691636129,2.0
noisenec_dlydm2intseq_netseed1_snp_rescale_sf2p0_p70,snp_rescale_sf2p0,simulation_noise_prune_rescale,dlydm2intseq,1,0.0,70,0.7,0.5028657587421924,0.5573249444759244,0.9022846792100034,0.8890079140682451,78222.0,1.277417540550232,2.0,1.214177691636129,2.0
noisenec_dlydm2intseq_netseed1_snp_rescale_sf2p0_p80,snp_rescale_sf2p0,simulation_noise_prune_rescale,dlydm2intseq,1,0.0,80,0.8,0.226492636953959,0.5573249444759244,0.40639242725254177,0.3257378454938129,52201.0,1.848855972290039,2.0,1.214177691636129,2.0
noisenec_dlydm2intseq_netseed2_snp_rescale_sf0p001_p50,snp_rescale_sf0p001,simulation_noise_prune_rescale,dlydm2intseq,2,0.0,50,0.5,0.3824485303216814,0.7224838312589148,0.5293523727102264,0.4815089947384206,109645.0,1.853122353553772,0.001,0.0004656339875414,0.001
noisenec_dlydm2intseq_netseed2_snp_rescale_sf0p001_p60,snp_rescale_sf0p001,simulation_noise_prune_rescale,dlydm2intseq,2,0.0,60,0.6,0.2367963422497508,0.7224838312589148,0.32775313717005616,0.2594163202313584,93327.0,1.8979456424713137,0.001,0.0004656339875414,0.001
noisenec_dlydm2intseq_netseed2_snp_rescale_sf0p001_p70,snp_rescale_sf0p001,simulation_noise_prune_rescale,dlydm2intseq,2,0.0,70,0.7,0.1513218312198362,0.7224838312589148,0.2094466681090436,0.12908348412290116,73806.0,2.0675833225250244,0.001,0.0004656339875414,0.001
noisenec_dlydm2intseq_netseed2_snp_rescale_sf0p001_p80,snp_rescale_sf0p001,simulation_noise_prune_rescale,dlydm2intseq,2,0.0,80,0.8,0.1212346209708409,0.7224838312589148,0.16780253858358574,0.08320604773756059,51201.0,2.806347370147705,0.001,0.0004656339875414,0.001
noisenec_dlydm2intseq_netseed2_snp_rescale_sf0p25_p50,snp_rescale_sf0p25,simulation_noise_prune_rescale,dlydm2intseq,2,0.0,50,0.5,0.5342620996893257,0.7224838312589148,0.7394796624837733,0.7129966372767702,111718.0,1.5914114713668823,0.25,0.1164084968853716,0.25
noisenec_dlydm2intseq_netseed2_snp_rescale_sf0p25_p60,snp_rescale_sf0p25,simulation_noise_prune_rescale,dlydm2intseq,2,0.0,60,0.6,0.3519444824374581,0.7224838312589148,0.48713129236982544,0.43499595797887025,94935.0,1.7370339632034302,0.25,0.1164084968853716,0.25
noisenec_dlydm2intseq_netseed2_snp_rescale_sf0p25_p70,snp_rescale_sf0p25,simulation_noise_prune_rescale,dlydm2intseq,2,0.0,70,0.7,0.2048203364661286,0.7224838312589148,0.2834946992643876,0.2106588196503799,74620.0,2.0020322799682617,0.25,0.1164084968853716,0.25
noisenec_dlydm2intseq_netseed2_snp_rescale_sf0p25_p80,snp_rescale_sf0p25,simulation_noise_prune_rescale,dlydm2intseq,2,0.0,80,0.8,0.0954037137628063,0.7224838312589148,0.13204961777008503,0.04381868704825192,51485.0,2.7402424812316895,0.25,0.1164084968853716,0.25
noisenec_dlydm2intseq_netseed2_snp_rescale_sf0p5_p50,snp_rescale_sf0p5,simulation_noise_prune_rescale,dlydm2intseq,2,0.0,50,0.5,0.633925373037118,0.7224838312589148,0.8774249963940574,0.8649647142479754,116075.0,1.374259352684021,0.5,0.2328169937707433,0.5
noisenec_dlydm2intseq_netseed2_snp_rescale_sf0p5_p60,snp_rescale_sf0p5,simulation_noise_prune_rescale,dlydm2intseq,2,0.0,60,0.6,0.4989188273836274,0.7224838312589148,0.6905605437761431,0.6591046774228788,97613.0,1.3825291395187378,0.5,0.2328169937707433,0.5
noisenec_dlydm2intseq_netseed2_snp_rescale_sf0p5_p70,snp_rescale_sf0p5,simulation_noise_prune_rescale,dlydm2intseq,2,0.0,70,0.7,0.2757576349674671,0.7224838312589148,0.38168000865426216,0.31882509270827325,76233.0,1.8040345907211304,0.5,0.2328169937707433,0.5
noisenec_dlydm2intseq_netseed2_snp_rescale_sf0p5_p80,snp_rescale_sf0p5,simulation_noise_prune_rescale,dlydm2intseq,2,0.0,80,0.8,0.125376944970919,0.7224838312589148,0.17353598730708197,0.0895223264562696,51882.0,2.2294130325317383,0.5,0.2328169937707433,0.5
noisenec_dlydm2intseq_netseed2_snp_rescale_sf1p0_p50,snp_rescale_sf1p0,simulation_noise_prune_rescale,dlydm2intseq,2,0.0,50,0.5,0.671883650195067,0.7224838312589148,0.9299635799798067,0.9228440733244482,121723.0,1.1993522644042969,1.0,0.4656339875414866,1.0
noisenec_dlydm2intseq_netseed2_snp_rescale_sf1p0_p60,snp_rescale_sf1p0,simulation_noise_prune_rescale,dlydm2intseq,2,0.0,60,0.6,0.5642255612653627,0.7224838312589148,0.7809525097360449,0.7586853798010174,101230.0,1.317861557006836,1.0,0.4656339875414866,1.0
noisenec_dlydm2intseq_netseed2_snp_rescale_sf1p0_p70,snp_rescale_sf1p0,simulation_noise_prune_rescale,dlydm2intseq,2,0.0,70,0.7,0.3509838019500185,0.7224838312589148,0.4858016010385114,0.43353109774143367,77727.0,1.3394852876663208,1.0,0.4656339875414866,1.0
noisenec_dlydm2intseq_netseed2_snp_rescale_sf1p0_p80,snp_rescale_sf1p0,simulation_noise_prune_rescale,dlydm2intseq,2,0.0,80,0.8,0.1505532868298846,0.7224838312589148,0.20838291504399245,0.12791159593295204,52290.0,2.12459135055542,1.0,0.4656339875414866,1.0
noisenec_dlydm2intseq_netseed2_snp_rescale_sf2p0_p50,snp_rescale_sf2p0,simulation_noise_prune_rescale,dlydm2intseq,2,0.0,50,0.5,0.6771527384278708,0.7224838312589148,0.937256598874946,0.9308784593046929,123898.0,1.238744616508484,2.0,0.9312679750829732,2.0
noisenec_dlydm2intseq_netseed2_snp_rescale_sf2p0_p60,snp_rescale_sf2p0,simulation_noise_prune_rescale,dlydm2intseq,2,0.0,60,0.6,0.5787595172499137,0.7224838312589148,0.8010691619789413,0.7808469772236578,102707.0,1.1905056238174438,2.0,0.9312679750829732,2.0
noisenec_dlydm2intseq_netseed2_snp_rescale_sf2p0_p70,snp_rescale_sf2p0,simulation_noise_prune_rescale,dlydm2intseq,2,0.0,70,0.7,0.3566892670822016,0.7224838312589148,0.49369861531804404,0.44223087786342924,78347.0,1.3370691537857056,2.0,0.9312679750829732,2.0
noisenec_dlydm2intseq_netseed2_snp_rescale_sf2p0_p80,snp_rescale_sf2p0,simulation_noise_prune_rescale,dlydm2intseq,2,0.0,80,0.8,0.142532418895771,0.7224838312589148,0.19728111928458092,0.11568125435733843,52427.0,1.948108434677124,2.0,0.9312679750829732,2.0
noisenec_dlydm2intseq_netseed0_snp_mask_sf0p001_p50,snp_mask_sf0p001,simulation_noise_prune_mask_only,dlydm2intseq,0,0.0,50,0.5,0.1803832301008877,0.7315663325452497,0.24657125687195347,0.17102815547960695,130816.0,0.4881171584129333,0.001,0.0003931026463266,
noisenec_dlydm2intseq_netseed0_snp_mask_sf0p001_p60,snp_mask_sf0p001,simulation_noise_prune_mask_only,dlydm2intseq,0,0.0,60,0.6,0.1115236066876388,0.7315663325452497,0.15244496872843818,0.0674642240370195,104653.0,0.4354571104049682,0.001,0.0003931026463266,
noisenec_dlydm2intseq_netseed0_snp_mask_sf0p001_p70,snp_mask_sf0p001,simulation_noise_prune_mask_only,dlydm2intseq,0,0.0,70,0.7,0.0844649823820968,0.7315663325452497,0.11545772218389011,0.026768423310774052,78490.0,0.3464836478233337,0.001,0.0003931026463266,
noisenec_dlydm2intseq_netseed0_snp_mask_sf0p001_p80,snp_mask_sf0p001,simulation_noise_prune_mask_only,dlydm2intseq,0,0.0,80,0.8,0.0753499156555097,0.7315663325452497,0.10299806361147582,0.013059487670773898,52326.0,0.48443603515625,0.001,0.0003931026463266,
noisenec_dlydm2intseq_netseed0_snp_mask_sf0p25_p50,snp_mask_sf0p25,simulation_noise_prune_mask_only,dlydm2intseq,0,0.0,50,0.5,0.2330350339006233,0.7315663325452497,0.3185425894188608,0.2502157479867603,130816.0,0.4712499380111694,0.25,0.0982756615816524,
noisenec_dlydm2intseq_netseed0_snp_mask_sf0p25_p60,snp_mask_sf0p25,simulation_noise_prune_mask_only,dlydm2intseq,0,0.0,60,0.6,0.127014986615604,0.7315663325452497,0.17362060139330937,0.09076304748806643,104653.0,0.5095721483230591,0.25,0.0982756615816524,
noisenec_dlydm2intseq_netseed0_snp_mask_sf0p25_p70,snp_mask_sf0p25,simulation_noise_prune_mask_only,dlydm2intseq,0,0.0,70,0.7,0.08816115985072,0.7315663325452497,0.12051013821807736,0.0323274236506812,78490.0,0.3237464427947998,0.25,0.0982756615816524,
noisenec_dlydm2intseq_netseed0_snp_mask_sf0p25_p80,snp_mask_sf0p25,simulation_noise_prune_mask_only,dlydm2intseq,0,0.0,80,0.8,0.0740245022372457,0.7315663325452497,0.10118631618776285,0.011066084024657407,52326.0,0.4592110812664032,0.25,0.0982756615816524,
noisenec_dlydm2intseq_netseed0_snp_mask_sf0p5_p50,snp_mask_sf0p5,simulation_noise_prune_mask_only,dlydm2intseq,0,0.0,50,0.5,0.4040784957371838,0.7315663325452497,0.5523470364352644,0.5074627742889131,130816.0,0.4761650562286377,0.5,0.1965513231633049,
noisenec_dlydm2intseq_netseed0_snp_mask_sf0p5_p60,snp_mask_sf0p5,simulation_noise_prune_mask_only,dlydm2intseq,0,0.0,60,0.6,0.1805330311260478,0.7315663325452497,0.24677602439404392,0.1712534541717971,104653.0,0.4266684353351593,0.5,0.1965513231633049,
noisenec_dlydm2intseq_netseed0_snp_mask_sf0p5_p70,snp_mask_sf0p5,simulation_noise_prune_mask_only,dlydm2intseq,0,0.0,70,0.7,0.0980545405993343,0.7315663325452497,0.1340336976117874,0.047206932930538355,78490.0,0.4479571878910064,0.5,0.1965513231633049,
noisenec_dlydm2intseq_netseed0_snp_mask_sf0p5_p80,snp_mask_sf0p5,simulation_noise_prune_mask_only,dlydm2intseq,0,0.0,80,0.8,0.072435308752939,0.7315663325452497,0.09901399986645593,0.008675958768380175,52326.0,0.4707970917224884,0.5,0.1965513231633049,
noisenec_dlydm2intseq_netseed0_snp_mask_sf1p0_p50,snp_mask_sf1p0,simulation_noise_prune_mask_only,dlydm2intseq,0,0.0,50,0.5,0.5957293681653282,0.7315663325452497,0.8143203721427139,0.7957030641601697,130816.0,0.4184277355670929,1.0,0.3931026463266098,
noisenec_dlydm2intseq_netseed0_snp_mask_sf1p0_p60,snp_mask_sf1p0,simulation_noise_prune_mask_only,dlydm2intseq,0,0.0,60,0.6,0.2934764910086819,0.7315663325452497,0.4011618331144694,0.34111887248779704,104653.0,0.4359138607978821,1.0,0.3931026463266098,
noisenec_dlydm2intseq_netseed0_snp_mask_sf1p0_p70,snp_mask_sf1p0,simulation_noise_prune_mask_only,dlydm2intseq,0,0.0,70,0.7,0.1278323791659339,0.7315663325452497,0.17473791982906356,0.09199239469979922,78490.0,0.4876267313957214,1.0,0.3931026463266098,
noisenec_dlydm2intseq_netseed0_snp_mask_sf1p0_p80,snp_mask_sf1p0,simulation_noise_prune_mask_only,dlydm2intseq,0,0.0,80,0.8,0.0728684291082931,0.7315663325452497,0.09960604509336951,0.009327365856668862,52326.0,0.4973485469818115,1.0,0.3931026463266098,
noisenec_dlydm2intseq_netseed0_snp_mask_sf2p0_p50,snp_mask_sf2p0,simulation_noise_prune_mask_only,dlydm2intseq,0,0.0,50,0.5,0.5673257911773709,0.7315663325452497,0.7754946693672238,0.7529844730018699,130816.0,0.3886071145534515,2.0,0.7862052926532197,
noisenec_dlydm2intseq_netseed0_snp_mask_sf2p0_p60,snp_mask_sf2p0,simulation_noise_prune_mask_only,dlydm2intseq,0,0.0,60,0.6,0.2880706279268189,0.7315663325452497,0.3937723964477286,0.3329885283783294,104653.0,0.4442916810512543,2.0,0.7862052926532197,
noisenec_dlydm2intseq_netseed0_snp_mask_sf2p0_p70,snp_mask_sf2p0,simulation_noise_prune_mask_only,dlydm2intseq,0,0.0,70,0.7,0.1155421820147586,0.7315663325452497,0.15793808008190693,0.07350810634490086,78490.0,0.4642035961151123,2.0,0.7862052926532197,
noisenec_dlydm2intseq_netseed0_snp_mask_sf2p0_p80,snp_mask_sf2p0,simulation_noise_prune_mask_only,dlydm2intseq,0,0.0,80,0.8,0.0601027765294359,0.7315663325452497,0.08215629103696943,-0.0098720009560501,52326.0,0.5538375377655029,2.0,0.7862052926532197,
noisenec_dlydm2intseq_netseed1_snp_mask_sf0p001_p50,snp_mask_sf0p001,simulation_noise_prune_mask_only,dlydm2intseq,1,0.0,50,0.5,0.276754137439184,0.5573249444759244,0.4965759027696621,0.4281747201138393,130816.0,0.7718755006790161,0.001,0.000607088845818,
noisenec_dlydm2intseq_netseed1_snp_mask_sf0p001_p60,snp_mask_sf0p001,simulation_noise_prune_mask_only,dlydm2intseq,1,0.0,60,0.6,0.1667839022515745,0.5573249444759244,0.2992579174944489,0.20404676760355844,104653.0,0.7782883644104004,0.001,0.000607088845818,
noisenec_dlydm2intseq_netseed1_snp_mask_sf0p001_p70,snp_mask_sf0p001,simulation_noise_prune_mask_only,dlydm2intseq,1,0.0,70,0.7,0.1140637110273093,0.5573249444759244,0.20466284912936764,0.09659888868535126,78490.0,0.7623956203460693,0.001,0.000607088845818,
noisenec_dlydm2intseq_netseed1_snp_mask_sf0p001_p80,snp_mask_sf0p001,simulation_noise_prune_mask_only,dlydm2intseq,1,0.0,80,0.8,0.0959573262470935,0.5573249444759244,0.17217482762650455,0.059696658357027664,52326.0,0.6786818504333496,0.001,0.000607088845818,
noisenec_dlydm2intseq_netseed1_snp_mask_sf0p25_p50,snp_mask_sf0p25,simulation_noise_prune_mask_only,dlydm2intseq,1,0.0,50,0.5,0.3628929834502433,0.5573249444759244,0.6511335748509992,0.6037324349365892,130816.0,0.7787946462631226,0.25,0.1517722114545161,
noisenec_dlydm2intseq_netseed1_snp_mask_sf0p25_p60,snp_mask_sf0p25,simulation_noise_prune_mask_only,dlydm2intseq,1,0.0,60,0.6,0.2018601379472049,0.5573249444759244,0.3621946944022437,0.27553488322700703,104653.0,0.7422566413879395,0.25,0.1517722114545161,
noisenec_dlydm2intseq_netseed1_snp_mask_sf0p25_p70,snp_mask_sf0p25,simulation_noise_prune_mask_only,dlydm2intseq,1,0.0,70,0.7,0.1262496987696776,0.5573249444759244,0.22652798878111474,0.12143488614732735,78490.0,0.7776899337768555,0.25,0.1517722114545161,
noisenec_dlydm2intseq_netseed1_snp_mask_sf0p25_p80,snp_mask_sf0p25,simulation_noise_prune_mask_only,dlydm2intseq,1,0.0,80,0.8,0.097259943857181,0.5573249444759244,0.1745120953605235,0.062351495071295615,52326.0,0.7671598196029663,0.25,0.1517722114545161,
noisenec_dlydm2intseq_netseed1_snp_mask_sf0p5_p50,snp_mask_sf0p5,simulation_noise_prune_mask_only,dlydm2intseq,1,0.0,50,0.5,0.5001595706572357,0.5573249444759244,0.8974290054925791,0.8834924907943537,130816.0,0.7178427577018738,0.5,0.3035444229090323,
noisenec_dlydm2intseq_netseed1_snp_mask_sf0p5_p60,snp_mask_sf0p5,simulation_noise_prune_mask_only,dlydm2intseq,1,0.0,60,0.6,0.3144258387229137,0.5573249444759244,0.5641696856374897,0.5049525978904668,104653.0,0.7076138854026794,0.5,0.3035444229090323,
noisenec_dlydm2intseq_netseed1_snp_mask_sf0p5_p70,snp_mask_sf0p5,simulation_noise_prune_mask_only,dlydm2intseq,1,0.0,70,0.7,0.159971212150817,0.5573249444759244,0.28703400724552985,0.19016197158793732,78490.0,0.7607913613319397,0.5,0.3035444229090323,
noisenec_dlydm2intseq_netseed1_snp_mask_sf0p5_p80,snp_mask_sf0p5,simulation_noise_prune_mask_only,dlydm2intseq,1,0.0,80,0.8,0.1024411054013039,0.5573249444759244,0.1838085777725838,0.07291110810229612,52326.0,0.7608193755149841,0.5,0.3035444229090323,
noisenec_dlydm2intseq_netseed1_snp_mask_sf1p0_p50,snp_mask_sf1p0,simulation_noise_prune_mask_only,dlydm2intseq,1,0.0,50,0.5,0.5935474836684317,0.5573249444759244,1.0649935725137314,1.0738243719320042,130816.0,0.6093671917915344,1.0,0.6070888458180647,
noisenec_dlydm2intseq_netseed1_snp_mask_sf1p0_p60,snp_mask_sf1p0,simulation_noise_prune_mask_only,dlydm2intseq,1,0.0,60,0.6,0.4873646091821515,0.5573249444759244,0.8744711931751782,0.8574153571684573,104653.0,0.6192826628684998,1.0,0.6070888458180647,
noisenec_dlydm2intseq_netseed1_snp_mask_sf1p0_p70,snp_mask_sf1p0,simulation_noise_prune_mask_only,dlydm2intseq,1,0.0,70,0.7,0.2282739665357536,0.5573249444759244,0.40958864087881264,0.32936833470057425,78490.0,0.651080846786499,1.0,0.6070888458180647,
noisenec_dlydm2intseq_netseed1_snp_mask_sf1p0_p80,snp_mask_sf1p0,simulation_noise_prune_mask_only,dlydm2intseq,1,0.0,80,0.8,0.1046457857063769,0.5573249444759244,0.18776440341241077,0.07740441924119444,52326.0,0.7190989255905151,1.0,0.6070888458180647,
noisenec_dlydm2intseq_netseed1_snp_mask_sf2p0_p50,snp_mask_sf2p0,simulation_noise_prune_mask_only,dlydm2intseq,1,0.0,50,0.5,0.6473097689807669,0.5573249444759244,1.1614584550660279,1.1833961202216257,130816.0,0.5145391821861267,2.0,1.214177691636129,
noisenec_dlydm2intseq_netseed1_snp_mask_sf2p0_p60,snp_mask_sf2p0,simulation_noise_prune_mask_only,dlydm2intseq,1,0.0,60,0.6,0.4439906993102639,0.5573249444759244,0.7966460208016827,0.7690159316751222,104653.0,0.5297641754150391,2.0,1.214177691636129,
noisenec_dlydm2intseq_netseed1_snp_mask_sf2p0_p70,snp_mask_sf2p0,simulation_noise_prune_mask_only,dlydm2intseq,1,0.0,70,0.7,0.1680995460377629,0.5573249444759244,0.3016185579058081,0.2067281526849691,78490.0,0.5895395874977112,2.0,1.214177691636129,
noisenec_dlydm2intseq_netseed1_snp_mask_sf2p0_p80,snp_mask_sf2p0,simulation_noise_prune_mask_only,dlydm2intseq,1,0.0,80,0.8,0.0744022613441711,0.5573249444759244,0.13349888979782631,0.015765747827679845,52326.0,0.5570982694625854,2.0,1.214177691636129,
noisenec_dlydm2intseq_netseed2_snp_mask_sf0p001_p50,snp_mask_sf0p001,simulation_noise_prune_mask_only,dlydm2intseq,2,0.0,50,0.5,0.2055074672554498,0.7224838312589148,0.2844457666233953,0.21170656714224134,130816.0,0.4369602501392364,0.001,0.0004656339875414,
noisenec_dlydm2intseq_netseed2_snp_mask_sf0p001_p60,snp_mask_sf0p001,simulation_noise_prune_mask_only,dlydm2intseq,2,0.0,60,0.6,0.1292815412571562,0.7224838312589148,0.17894039376893114,0.09547611433656225,104653.0,0.3657588362693786,0.001,0.0004656339875414,
noisenec_dlydm2intseq_netseed2_snp_mask_sf0p001_p70,snp_mask_sf0p001,simulation_noise_prune_mask_only,dlydm2intseq,2,0.0,70,0.7,0.1016041735868227,0.7224838312589148,0.1406317611423626,0.05327324261462155,78490.0,0.3912439048290252,0.001,0.0004656339875414,
noisenec_dlydm2intseq_netseed2_snp_mask_sf0p001_p80,snp_mask_sf0p001,simulation_noise_prune_mask_only,dlydm2intseq,2,0.0,80,0.8,0.0898936412721363,0.7224838312589148,0.12442304918505688,0.03541684460166716,52326.0,0.2076103240251541,0.001,0.0004656339875414,
noisenec_dlydm2intseq_netseed2_snp_mask_sf0p25_p50,snp_mask_sf0p25,simulation_noise_prune_mask_only,dlydm2intseq,2,0.0,50,0.5,0.2539518161746029,0.7224838312589148,0.3514982691475552,0.2855752481324274,130816.0,0.9139258861541748,0.25,0.1164084968853716,
noisenec_dlydm2intseq_netseed2_snp_mask_sf0p25_p60,snp_mask_sf0p25,simulation_noise_prune_mask_only,dlydm2intseq,2,0.0,60,0.6,0.1466747428958492,0.7224838312589148,0.2030145680080773,0.12199753307604758,104653.0,0.5322907567024231,0.25,0.1164084968853716,
noisenec_dlydm2intseq_netseed2_snp_mask_sf0p25_p70,snp_mask_sf0p25,simulation_noise_prune_mask_only,dlydm2intseq,2,0.0,70,0.7,0.1073389476152328,0.7224838312589148,0.14856934227607094,0.06201771338792874,78490.0,0.4221079647541046,0.25,0.1164084968853716,
noisenec_dlydm2intseq_netseed2_snp_mask_sf0p25_p80,snp_mask_sf0p25,simulation_noise_prune_mask_only,dlydm2intseq,2,0.0,80,0.8,0.0847189928160638,0.7224838312589148,0.11726074570892821,0.02752646183120429,52326.0,0.273677110671997,0.25,0.1164084968853716,
noisenec_dlydm2intseq_netseed2_snp_mask_sf0p5_p50,snp_mask_sf0p5,simulation_noise_prune_mask_only,dlydm2intseq,2,0.0,50,0.5,0.42412578075643,0.7224838312589148,0.5870384393480454,0.5450591009035456,130816.0,1.107641100883484,0.5,0.2328169937707433,
noisenec_dlydm2intseq_netseed2_snp_mask_sf0p5_p60,snp_mask_sf0p5,simulation_noise_prune_mask_only,dlydm2intseq,2,0.0,60,0.6,0.2125318327178465,0.7224838312589148,0.29416828934083367,0.22241742657325986,104653.0,1.036768674850464,0.5,0.2328169937707433,
noisenec_dlydm2intseq_netseed2_snp_mask_sf0p5_p70,snp_mask_sf0p5,simulation_noise_prune_mask_only,dlydm2intseq,2,0.0,70,0.7,0.1241915629457394,0.7224838312589148,0.17189528342708774,0.08771483789211071,78490.0,0.8788882493972778,0.5,0.2328169937707433,
noisenec_dlydm2intseq_netseed2_snp_mask_sf0p5_p80,snp_mask_sf0p5,simulation_noise_prune_mask_only,dlydm2intseq,2,0.0,80,0.8,0.0819020822342497,0.7224838312589148,0.11336182027982111,0.023231193677365248,52326.0,0.5102489590644836,0.5,0.2328169937707433,
noisenec_dlydm2intseq_netseed2_snp_mask_sf1p0_p50,snp_mask_sf1p0,simulation_noise_prune_mask_only,dlydm2intseq,2,0.0,50,0.5,0.6319193419175834,0.7224838312589148,0.8746484205971441,0.8619058874470912,130816.0,1.1587659120559692,1.0,0.4656339875414866,
noisenec_dlydm2intseq_netseed2_snp_mask_sf1p0_p60,snp_mask_sf1p0,simulation_noise_prune_mask_only,dlydm2intseq,2,0.0,60,0.6,0.3878446237714688,0.7224838312589148,0.5368211813067936,0.48973704020768244,104653.0,1.1332401037216189,1.0,0.4656339875414866,
noisenec_dlydm2intseq_netseed2_snp_mask_sf1p0_p70,snp_mask_sf1p0,simulation_noise_prune_mask_only,dlydm2intseq,2,0.0,70,0.7,0.1684089177201586,0.7224838312589148,0.23309714409346594,0.1551381338375762,78490.0,1.1253418922424316,1.0,0.4656339875414866,
noisenec_dlydm2intseq_netseed2_snp_mask_sf1p0_p80,snp_mask_sf1p0,simulation_noise_prune_mask_only,dlydm2intseq,2,0.0,80,0.8,0.0791503025329399,0.7224838312589148,0.10955304341554878,0.019035238081996364,52326.0,1.0419431924819946,1.0,0.4656339875414866,
noisenec_dlydm2intseq_netseed2_snp_mask_sf2p0_p50,snp_mask_sf2p0,simulation_noise_prune_mask_only,dlydm2intseq,2,0.0,50,0.5,0.6312550069364388,0.7224838312589148,0.8737289052358286,0.8608928993506945,130816.0,1.1640623807907104,2.0,0.9312679750829732,
noisenec_dlydm2intseq_netseed2_snp_mask_sf2p0_p60,snp_mask_sf2p0,simulation_noise_prune_mask_only,dlydm2intseq,2,0.0,60,0.6,0.3393416570598618,0.7224838312589148,0.4696875450742824,0.4157789779148733,104653.0,1.180518627166748,2.0,0.9312679750829732,
noisenec_dlydm2intseq_netseed2_snp_mask_sf2p0_p70,snp_mask_sf2p0,simulation_noise_prune_mask_only,dlydm2intseq,2,0.0,70,0.7,0.1234751232601913,0.7224838312589148,0.17090364921390444,0.08662239974893778,78490.0,1.1346088647842407,2.0,0.9312679750829732,
noisenec_dlydm2intseq_netseed2_snp_mask_sf2p0_p80,snp_mask_sf2p0,simulation_noise_prune_mask_only,dlydm2intseq,2,0.0,80,0.8,0.0520656258751962,0.7224838312589148,0.07206476272897734,-0.02226388935786487,52326.0,1.1335636377334597,2.0,0.9312679750829732,
noisenec_dm1seqr_netseed0_snp_rescale_sf0p001_p50,snp_rescale_sf0p001,simulation_noise_prune_rescale,dm1seqr,0,0.0,50,0.5,0.6191965477066071,0.6325103978859259,0.9789507805344887,0.9764708002496899,105286.0,1.943184494972229,0.001,0.0009955601508885,0.001
noisenec_dm1seqr_netseed0_snp_rescale_sf0p001_p60,snp_rescale_sf0p001,simulation_noise_prune_rescale,dm1seqr,0,0.0,60,0.6,0.6050853635517486,0.6325103978859259,0.9566409747162394,0.9515324941833625,90180.0,2.2493841648101807,0.001,0.0009955601508885,0.001
noisenec_dm1seqr_netseed0_snp_rescale_sf0p001_p70,snp_rescale_sf0p001,simulation_noise_prune_rescale,dm1seqr,0,0.0,70,0.7,0.572860053242383,0.6325103978859259,0.9056927050639555,0.8945815931988669,71841.0,2.8971517086029053,0.001,0.0009955601508885,0.001
noisenec_dm1seqr_netseed0_snp_rescale_sf0p001_p80,snp_rescale_sf0p001,simulation_noise_prune_rescale,dm1seqr,0,0.0,80,0.8,0.5134407727305271,0.6325103978859259,0.8117507229076839,0.7895715396566612,50684.0,3.770708560943603,0.001,0.0009955601508885,0.001
noisenec_dm1seqr_netseed0_snp_rescale_sf0p25_p50,snp_rescale_sf0p25,simulation_noise_prune_rescale,dm1seqr,0,0.0,50,0.5,0.6262488853596464,0.6325103978859259,0.9901005381931939,0.9889342018285023,112619.0,1.624280333518982,0.25,0.2488900377221471,0.25
noisenec_dm1seqr_netseed0_snp_rescale_sf0p25_p60,snp_rescale_sf0p25,simulation_noise_prune_rescale,dm1seqr,0,0.0,60,0.6,0.6199125210723979,0.6325103978859259,0.980082735626743,0.9777361202069297,95118.0,1.6966232061386108,0.25,0.2488900377221471,0.25
noisenec_dm1seqr_netseed0_snp_rescale_sf0p25_p70,snp_rescale_sf0p25,simulation_noise_prune_rescale,dm1seqr,0,0.0,70,0.7,0.5983519594889252,0.6325103978859259,0.9459954515986293,0.9396327351309568,74547.0,1.851543664932251,0.25,0.2488900377221471,0.25
noisenec_dm1seqr_netseed0_snp_rescale_sf0p25_p80,snp_rescale_sf0p25,simulation_noise_prune_rescale,dm1seqr,0,0.0,80,0.8,0.5510619186784433,0.6325103978859259,0.8712298177552302,0.8560583519552645,51642.0,2.56048583984375,0.25,0.2488900377221471,0.25
noisenec_dm1seqr_netseed0_snp_rescale_sf0p5_p50,snp_rescale_sf0p5,simulation_noise_prune_rescale,dm1seqr,0,0.0,50,0.5,0.6302843716031945,0.6325103978859259,0.9964806487131729,0.9960660052238542,120135.0,1.6492068767547607,0.5,0.4977800754442942,0.5
noisenec_dm1seqr_netseed0_snp_rescale_sf0p5_p60,snp_rescale_sf0p5,simulation_noise_prune_rescale,dm1seqr,0,0.0,60,0.6,0.6223370672429167,0.6325103978859259,0.9839159471891497,0.9820209536984918,99990.0,1.6506590843200684,0.5,0.4977800754442942,0.5
noisenec_dm1seqr_netseed0_snp_rescale_sf0p5_p70,snp_rescale_sf0p5,simulation_noise_prune_rescale,dm1seqr,0,0.0,70,0.7,0.6115453959658155,0.6325103978859259,0.9668542967986251,0.9629491310702766,77153.0,1.674514651298523,0.5,0.4977800754442942,0.5
noisenec_dm1seqr_netseed0_snp_rescale_sf0p5_p80,snp_rescale_sf0p5,simulation_noise_prune_rescale,dm1seqr,0,0.0,80,0.8,0.5722612391546307,0.6325103978859259,0.9047459789867972,0.8935233255982662,52382.0,2.074012517929077,0.5,0.4977800754442942,0.5
noisenec_dm1seqr_netseed0_snp_rescale_sf1p0_p50,snp_rescale_sf1p0,simulation_noise_prune_rescale,dm1seqr,0,0.0,50,0.5,0.6282471019350807,0.6325103978859259,0.9932597219506674,0.9924655948000718,124259.0,1.6825995445251465,1.0,0.9955601508885884,1.0
noisenec_dm1seqr_netseed0_snp_rescale_sf1p0_p60,snp_rescale_sf1p0,simulation_noise_prune_rescale,dm1seqr,0,0.0,60,0.6,0.6231344012184565,0.6325103978859259,0.9851765335418876,0.9834300600145092,102598.0,1.6246881484985352,1.0,0.9955601508885884,1.0
noisenec_dm1seqr_netseed0_snp_rescale_sf1p0_p70,snp_rescale_sf1p0,simulation_noise_prune_rescale,dm1seqr,0,0.0,70,0.7,0.6085122724343746,0.6325103978859259,0.9620589234078023,0.9575887756150606,78355.0,1.622158408164978,1.0,0.9955601508885884,1.0
noisenec_dm1seqr_netseed0_snp_rescale_sf1p0_p80,snp_rescale_sf1p0,simulation_noise_prune_rescale,dm1seqr,0,0.0,80,0.8,0.5383599002844367,0.6325103978859259,0.8511479053685543,0.8336104256229593,52429.0,2.0373239517211914,1.0,0.9955601508885884,1.0
noisenec_dm1seqr_netseed0_snp_rescale_sf2p0_p50,snp_rescale_sf2p0,simulation_noise_prune_rescale,dm1seqr,0,0.0,50,0.5,0.6303462056666037,0.6325103978859259,0.9965784084711403,0.996175282856525,125053.0,1.6782169342041016,2.0,1.991120301777177,2.0
noisenec_dm1seqr_netseed0_snp_rescale_sf2p0_p60,snp_rescale_sf2p0,simulation_noise_prune_rescale,dm1seqr,0,0.0,60,0.6,0.6242506687842121,0.6325103978859259,0.9869413544357204,0.9854028088569329,103114.0,1.648748755455017,2.0,1.991120301777177,2.0
noisenec_dm1seqr_netseed0_snp_rescale_sf2p0_p70,snp_rescale_sf2p0,simulation_noise_prune_rescale,dm1seqr,0,0.0,70,0.7,0.5993282868059127,0.6325103978859259,0.9475390267244308,0.941358171436284,78537.0,1.5967198610305786,2.0,1.991120301777177,2.0
noisenec_dm1seqr_netseed0_snp_rescale_sf2p0_p80,snp_rescale_sf2p0,simulation_noise_prune_rescale,dm1seqr,0,0.0,80,0.8,0.5084875388090109,0.6325103978859259,0.8039196517694517,0.780817826134302,52429.0,1.9726815223693848,2.0,1.991120301777177,2.0
noisenec_dm1seqr_netseed1_snp_rescale_sf0p001_p50,snp_rescale_sf0p001,simulation_noise_prune_rescale,dm1seqr,1,0.0,50,0.5,0.578307959671173,0.5831798329829403,0.9916460188843502,0.9905677654908334,112656.0,1.5117335319519043,0.001,0.0007429696872348,0.001
noisenec_dm1seqr_netseed1_snp_rescale_sf0p001_p60,snp_rescale_sf0p001,simulation_noise_prune_rescale,dm1seqr,1,0.0,60,0.6,0.5666961734478023,0.5831798329829403,0.9717348601531285,0.968086661463641,95740.0,1.942968487739563,0.001,0.0007429696872348,0.001
noisenec_dm1seqr_netseed1_snp_rescale_sf0p001_p70,snp_rescale_sf0p001,simulation_noise_prune_rescale,dm1seqr,1,0.0,70,0.7,0.5527509649368316,0.5831798329829403,0.9478224960378581,0.9410879140543025,75525.0,2.203662872314453,0.001,0.0007429696872348,0.001
noisenec_dm1seqr_netseed1_snp_rescale_sf0p001_p80,snp_rescale_sf0p001,simulation_noise_prune_rescale,dm1seqr,1,0.0,80,0.8,0.4682140369832788,0.5831798329829403,0.8028639032121253,0.7774194280088009,51807.0,2.888780117034912,0.001,0.0007429696872348,0.001
noisenec_dm1seqr_netseed1_snp_rescale_sf0p25_p50,snp_rescale_sf0p25,simulation_noise_prune_rescale,dm1seqr,1,0.0,50,0.5,0.579001152066234,0.5831798329829403,0.9928346614879796,0.9919098269139812,115118.0,1.183706760406494,0.25,0.1857424218087152,0.25
noisenec_dm1seqr_netseed1_snp_rescale_sf0p25_p60,snp_rescale_sf0p25,simulation_noise_prune_rescale,dm1seqr,1,0.0,60,0.6,0.5782363623345939,0.5831798329829403,0.9915232482867921,0.9904291488180198,97376.0,1.429327130317688,0.25,0.1857424218087152,0.25
noisenec_dm1seqr_netseed1_snp_rescale_sf0p25_p70,snp_rescale_sf0p25,simulation_noise_prune_rescale,dm1seqr,1,0.0,70,0.7,0.5613979705409504,0.5831798329829403,0.9626498359338378,0.9578290276754489,76290.0,1.9798961877822876,0.25,0.1857424218087152,0.25
noisenec_dm1seqr_netseed1_snp_rescale_sf0p25_p80,snp_rescale_sf0p25,simulation_noise_prune_rescale,dm1seqr,1,0.0,80,0.8,0.5052624042385623,0.5831798329829403,0.8663921069666733,0.8491472554318833,52048.0,2.460115432739258,0.25,0.1857424218087152,0.25
noisenec_dm1seqr_netseed1_snp_rescale_sf0p5_p50,snp_rescale_sf0p5,simulation_noise_prune_rescale,dm1seqr,1,0.0,50,0.5,0.5760916966616114,0.5831798329829403,0.9878457108417598,0.9862769493914727,119322.0,1.032259821891785,0.5,0.3714848436174304,0.5
noisenec_dm1seqr_netseed1_snp_rescale_sf0p5_p60,snp_rescale_sf0p5,simulation_noise_prune_rescale,dm1seqr,1,0.0,60,0.6,0.570839055696219,0.5831798329829403,0.9788388133663697,0.9761075262132528,99951.0,1.2091796398162842,0.5,0.3714848436174304,0.5
noisenec_dm1seqr_netseed1_snp_rescale_sf0p5_p70,snp_rescale_sf0p5,simulation_noise_prune_rescale,dm1seqr,1,0.0,70,0.7,0.5647077201455378,0.5831798329829403,0.9683251858300408,0.9642368984141412,77504.0,1.6090985536575315,0.5,0.3714848436174304,0.5
noisenec_dm1seqr_netseed1_snp_rescale_sf0p5_p80,snp_rescale_sf0p5,simulation_noise_prune_rescale,dm1seqr,1,0.0,80,0.8,0.5223448778614527,0.5831798329829403,0.8956840554476663,0.8822199334135911,52429.0,2.1820261478424072,0.5,0.3714848436174304,0.5
noisenec_dm1seqr_netseed1_snp_rescale_sf1p0_p50,snp_rescale_sf1p0,simulation_noise_prune_rescale,dm1seqr,1,0.0,50,0.5,0.5786854729004081,0.5831798329829403,0.992293354762383,0.9912986534020312,124594.0,0.974236249923706,1.0,0.7429696872348609,1.0
noisenec_dm1seqr_netseed1_snp_rescale_sf1p0_p60,snp_rescale_sf1p0,simulation_noise_prune_rescale,dm1seqr,1,0.0,60,0.6,0.5690881753744216,0.5831798329829403,0.9758365142079065,0.9727177184871798,102917.0,1.1557130813598633,1.0,0.7429696872348609,1.0
noisenec_dm1seqr_netseed1_snp_rescale_sf1p0_p70,snp_rescale_sf1p0,simulation_noise_prune_rescale,dm1seqr,1,0.0,70,0.7,0.5636174879749019,0.5831798329829403,0.9664557244581352,0.9621261445326643,78378.0,1.3841696977615356,1.0,0.7429696872348609,1.0
noisenec_dm1seqr_netseed1_snp_rescale_sf1p0_p80,snp_rescale_sf1p0,simulation_noise_prune_rescale,dm1seqr,1,0.0,80,0.8,0.4937970671127398,0.5831798329829403,0.8467320699122749,0.826949685508173,52429.0,2.000525951385498,1.0,0.7429696872348609,1.0
noisenec_dm1seqr_netseed1_snp_rescale_sf2p0_p50,snp_rescale_sf2p0,simulation_noise_prune_rescale,dm1seqr,1,0.0,50,0.5,0.5799416807149319,0.5831798329829403,0.9944474207013548,0.9937307459341209,126662.0,0.8764122724533081,2.0,1.4859393744697218,2.0
noisenec_dm1seqr_netseed1_snp_rescale_sf2p0_p60,snp_rescale_sf2p0,simulation_noise_prune_rescale,dm1seqr,1,0.0,60,0.6,0.5703899451304048,0.5831798329829403,0.9780687068907787,0.9752380216292416,103794.0,1.070640206336975,2.0,1.4859393744697218,2.0
noisenec_dm1seqr_netseed1_snp_rescale_sf2p0_p70,snp_rescale_sf2p0,simulation_noise_prune_rescale,dm1seqr,1,0.0,70,0.7,0.5351087303188685,0.5831798329829403,0.91757070470323,0.9069315057215083,78643.0,1.2573027610778809,2.0,1.4859393744697218,2.0
noisenec_dm1seqr_netseed1_snp_rescale_sf2p0_p80,snp_rescale_sf2p0,simulation_noise_prune_rescale,dm1seqr,1,0.0,80,0.8,0.4789341109238009,0.5831798329829403,0.8212460099555794,0.7981741243836808,52429.0,1.9444395303726196,2.0,1.4859393744697218,2.0
noisenec_dm1seqr_netseed2_snp_rescale_sf0p001_p50,snp_rescale_sf0p001,simulation_noise_prune_rescale,dm1seqr,2,0.0,50,0.5,0.6070217460637737,0.6092770621660147,0.9962983735277621,0.9958435811017488,108944.0,2.050647020339966,0.001,0.000874678250064,0.001
noisenec_dm1seqr_netseed2_snp_rescale_sf0p001_p60,snp_rescale_sf0p001,simulation_noise_prune_rescale,dm1seqr,2,0.0,60,0.6,0.6036957243372365,0.6092770621660147,0.9908394092353711,0.9897139128275604,92878.0,2.26723051071167,0.001,0.000874678250064,0.001
noisenec_dm1seqr_netseed2_snp_rescale_sf0p001_p70,snp_rescale_sf0p001,simulation_noise_prune_rescale,dm1seqr,2,0.0,70,0.7,0.5958916146501169,0.6092770621660147,0.9780306065219133,0.9753313839415486,73870.0,2.49808120727539,0.001,0.000874678250064,0.001
noisenec_dm1seqr_netseed2_snp_rescale_sf0p001_p80,snp_rescale_sf0p001,simulation_noise_prune_rescale,dm1seqr,2,0.0,80,0.8,0.5379303162649622,0.6092770621660147,0.8828993403306359,0.868512018028342,51586.0,3.400969982147217,0.001,0.000874678250064,0.001
noisenec_dm1seqr_netseed2_snp_rescale_sf0p25_p50,snp_rescale_sf0p25,simulation_noise_prune_rescale,dm1seqr,2,0.0,50,0.5,0.6091175953709067,0.6092770621660147,0.9997382688352962,0.999706111795073,113222.0,1.3058388233184814,0.25,0.2186695625160132,0.25
noisenec_dm1seqr_netseed2_snp_rescale_sf0p25_p60,snp_rescale_sf0p25,simulation_noise_prune_rescale,dm1seqr,2,0.0,60,0.6,0.610338004517141,0.6092770621660147,1.0017413134631306,1.0019552562205336,95869.0,1.587226152420044,0.25,0.2186695625160132,0.25
noisenec_dm1seqr_netseed2_snp_rescale_sf0p25_p70,snp_rescale_sf0p25,simulation_noise_prune_rescale,dm1seqr,2,0.0,70,0.7,0.6045288569810657,0.6092770621660147,0.9922068210346392,0.9912493287553413,75393.0,1.940057396888733,0.25,0.2186695625160132,0.25
noisenec_dm1seqr_netseed2_snp_rescale_sf0p25_p80,snp_rescale_sf0p25,simulation_noise_prune_rescale,dm1seqr,2,0.0,80,0.8,0.5731952589545487,0.6092770621660147,0.940779317896536,0.9335032953464502,52071.0,2.528608798980713,0.25,0.2186695625160132,0.25
noisenec_dm1seqr_netseed2_snp_rescale_sf0p5_p50,snp_rescale_sf0p5,simulation_noise_prune_rescale,dm1seqr,2,0.0,50,0.5,0.6120335596243093,0.6092770621660147,1.004524210132735,1.0050800675423068,119370.0,1.0520858764648438,0.5,0.4373391250320265,0.5
noisenec_dm1seqr_netseed2_snp_rescale_sf0p5_p60,snp_rescale_sf0p5,simulation_noise_prune_rescale,dm1seqr,2,0.0,60,0.6,0.6101557567513034,0.6092770621660147,1.0014421921320407,1.0016193839863314,99716.0,1.3442373275756836,0.5,0.4373391250320265,0.5
noisenec_dm1seqr_netseed2_snp_rescale_sf0p5_p70,snp_rescale_sf0p5,simulation_noise_prune_rescale,dm1seqr,2,0.0,70,0.7,0.6087986617806909,0.6092770621660147,0.9992148065058889,0.9991183353852194,77262.0,1.5051347017288208,0.5,0.4373391250320265,0.5
noisenec_dm1seqr_netseed2_snp_rescale_sf0p5_p80,snp_rescale_sf0p5,simulation_noise_prune_rescale,dm1seqr,2,0.0,80,0.8,0.5897570246750458,0.6092770621660147,0.9679619688593328,0.964025684629567,52429.0,2.268061637878418,0.5,0.4373391250320265,0.5
noisenec_dm1seqr_netseed2_snp_rescale_sf1p0_p50,snp_rescale_sf1p0,simulation_noise_prune_rescale,dm1seqr,2,0.0,50,0.5,0.6105462876780984,0.6092770621660147,1.0020831664129477,1.002339110202479,124479.0,0.9768149852752686,1.0,0.8746782500640531,1.0
noisenec_dm1seqr_netseed2_snp_rescale_sf1p0_p60,snp_rescale_sf1p0,simulation_noise_prune_rescale,dm1seqr,2,0.0,60,0.6,0.6105820863463879,0.6092770621660147,1.0021419223886974,1.0024050851056256,102891.0,1.0586040019989014,1.0,0.8746782500640531,1.0
noisenec_dm1seqr_netseed2_snp_rescale_sf1p0_p70,snp_rescale_sf1p0,simulation_noise_prune_rescale,dm1seqr,2,0.0,70,0.7,0.609563451512331,0.6092770621660147,1.0004700478059985,1.0005277992251747,78426.0,1.4898419380187988,1.0,0.8746782500640531,1.0
noisenec_dm1seqr_netseed2_snp_rescale_sf1p0_p80,snp_rescale_sf1p0,simulation_noise_prune_rescale,dm1seqr,2,0.0,80,0.8,0.5867857352070139,0.6092770621660147,0.9630852228720989,0.9585497676683788,52429.0,2.0683205127716064,1.0,0.8746782500640531,1.0
noisenec_dm1seqr_netseed2_snp_rescale_sf2p0_p50,snp_rescale_sf2p0,simulation_noise_prune_rescale,dm1seqr,2,0.0,50,0.5,0.6118578207072515,0.6092770621660147,1.0042357717063268,1.0047561907450404,125770.0,1.019364833831787,2.0,1.7493565001281062,2.0
noisenec_dm1seqr_netseed2_snp_rescale_sf2p0_p60,snp_rescale_sf2p0,simulation_noise_prune_rescale,dm1seqr,2,0.0,60,0.6,0.6104584182195695,0.6092770621660147,1.0019389471997435,1.0021771718038457,103494.0,1.0203152894973757,2.0,1.7493565001281062,2.0
noisenec_dm1seqr_netseed2_snp_rescale_sf2p0_p70,snp_rescale_sf2p0,simulation_noise_prune_rescale,dm1seqr,2,0.0,70,0.7,0.6084699649173051,0.6092770621660147,0.9986753198194589,0.9985125658199621,78534.0,1.4021449089050293,2.0,1.7493565001281062,2.0
noisenec_dm1seqr_netseed2_snp_rescale_sf2p0_p80,snp_rescale_sf2p0,simulation_noise_prune_rescale,dm1seqr,2,0.0,80,0.8,0.555055097404922,0.6092770621660147,0.9110060625484069,0.9000720126064045,52429.0,1.878804087638855,2.0,1.7493565001281062,2.0
noisenec_dm1seqr_netseed0_snp_mask_sf0p001_p50,snp_mask_sf0p001,simulation_noise_prune_mask_only,dm1seqr,0,0.0,50,0.5,0.5563113052194458,0.6325103978859259,0.8795291066816222,0.865335447823573,130816.0,0.3833477795124054,0.001,0.0009955601508885,
noisenec_dm1seqr_netseed0_snp_mask_sf0p001_p60,snp_mask_sf0p001,simulation_noise_prune_mask_only,dm1seqr,0,0.0,60,0.6,0.3231415609521144,0.6325103978859259,0.510887349887319,0.45326099793101016,104653.0,0.2982277572154999,0.001,0.0009955601508885,
noisenec_dm1seqr_netseed0_snp_mask_sf0p001_p70,snp_mask_sf0p001,simulation_noise_prune_mask_only,dm1seqr,0,0.0,70,0.7,0.1450692216067744,0.6325103978859259,0.22935468269240664,0.13855867020240517,78490.0,0.2589815855026245,0.001,0.0009955601508885,
noisenec_dm1seqr_netseed0_snp_mask_sf0p001_p80,snp_mask_sf0p001,simulation_noise_prune_mask_only,dm1seqr,0,0.0,80,0.8,0.0661754655454089,0.6325103978859259,0.10462352202681692,-0.000868086176724698,52326.0,0.2867282330989837,0.001,0.0009955601508885,
noisenec_dm1seqr_netseed0_snp_mask_sf0p25_p50,snp_mask_sf0p25,simulation_noise_prune_mask_only,dm1seqr,0,0.0,50,0.5,0.6036111093030976,0.6325103978859259,0.9543101762762795,0.9489270853623187,130816.0,0.6465912461280823,0.25,0.2488900377221471,
noisenec_dm1seqr_netseed0_snp_mask_sf0p25_p60,snp_mask_sf0p25,simulation_noise_prune_mask_only,dm1seqr,0,0.0,60,0.6,0.429626326991545,0.6325103978859259,0.6792399436080554,0.641448584298683,104653.0,0.2980473041534424,0.25,0.2488900377221471,
noisenec_dm1seqr_netseed0_snp_mask_sf0p25_p70,snp_mask_sf0p25,simulation_noise_prune_mask_only,dm1seqr,0,0.0,70,0.7,0.1971269941485449,0.6325103978859259,0.31165810840013575,0.2305589340024447,78490.0,0.2313603162765503,0.25,0.2488900377221471,
noisenec_dm1seqr_netseed0_snp_mask_sf0p25_p80,snp_mask_sf0p25,simulation_noise_prune_mask_only,dm1seqr,0,0.0,80,0.8,0.0859395848656248,0.6325103978859259,0.13587062782345613,0.03406049609744647,52326.0,0.1241562217473983,0.25,0.2488900377221471,
noisenec_dm1seqr_netseed0_snp_mask_sf0p5_p50,snp_mask_sf0p5,simulation_noise_prune_mask_only,dm1seqr,0,0.0,50,0.5,0.596578298196398,0.6325103978859259,0.9431912901200901,0.9364981925096125,130816.0,0.9231495261192322,0.5,0.4977800754442942,
noisenec_dm1seqr_netseed0_snp_mask_sf0p5_p60,snp_mask_sf0p5,simulation_noise_prune_mask_only,dm1seqr,0,0.0,60,0.6,0.4710356229293724,0.6325103978859259,0.7447081099437108,0.7146300894619552,104653.0,0.6074687838554382,0.5,0.4977800754442942,
noisenec_dm1seqr_netseed0_snp_mask_sf0p5_p70,snp_mask_sf0p5,simulation_noise_prune_mask_only,dm1seqr,0,0.0,70,0.7,0.2568294095823272,0.6325103978859259,0.40604772734288985,0.3360693640731954,78490.0,0.3068382740020752,0.5,0.4977800754442942,
noisenec_dm1seqr_netseed0_snp_mask_sf0p5_p80,snp_mask_sf0p5,simulation_noise_prune_mask_only,dm1seqr,0,0.0,80,0.8,0.1108391858731946,0.6325103978859259,0.17523693878181051,0.07806487333763798,52326.0,0.1669969856739044,0.5,0.4977800754442942,
noisenec_dm1seqr_netseed0_snp_mask_sf1p0_p50,snp_mask_sf1p0,simulation_noise_prune_mask_only,dm1seqr,0,0.0,50,0.5,0.5669760539453387,0.6325103978859259,0.8963900923057926,0.8841829637320957,130816.0,1.273362159729004,1.0,0.9955601508885884,
noisenec_dm1seqr_netseed0_snp_mask_sf1p0_p60,snp_mask_sf1p0,simulation_noise_prune_mask_only,dm1seqr,0,0.0,60,0.6,0.4476070217460637,0.6325103978859259,0.7076674521748972,0.6732253695884565,104653.0,1.1021673679351809,1.0,0.9955601508885884,
noisenec_dm1seqr_netseed0_snp_mask_sf1p0_p70,snp_mask_sf1p0,simulation_noise_prune_mask_only,dm1seqr,0,0.0,70,0.7,0.2553161022409966,0.6325103978859259,0.4036551858978976,0.33339493779993834,78490.0,0.8941181898117065,1.0,0.9955601508885884,
noisenec_dm1seqr_netseed0_snp_mask_sf1p0_p80,snp_mask_sf1p0,simulation_noise_prune_mask_only,dm1seqr,0,0.0,80,0.8,0.1106862279268665,0.6325103978859259,0.17499511201210152,0.0777945549831366,52326.0,0.7189106345176697,1.0,0.9955601508885884,
noisenec_dm1seqr_netseed0_snp_mask_sf2p0_p50,snp_mask_sf2p0,simulation_noise_prune_mask_only,dm1seqr,0,0.0,50,0.5,0.5479962509031028,0.6325103978859259,0.8663829918602138,0.8506404819565375,130816.0,1.5137311220169067,2.0,1.991120301777177,
noisenec_dm1seqr_netseed0_snp_mask_sf2p0_p60,snp_mask_sf2p0,simulation_noise_prune_mask_only,dm1seqr,0,0.0,60,0.6,0.4123323157833074,0.6325103978859259,0.6518980828796939,0.6108853558769894,104653.0,1.467285394668579,2.0,1.991120301777177,
noisenec_dm1seqr_netseed0_snp_mask_sf2p0_p70,snp_mask_sf2p0,simulation_noise_prune_mask_only,dm1seqr,0,0.0,70,0.7,0.2233967078242871,0.6325103978859259,0.35319056978503144,0.2769846735244452,78490.0,1.3961491584777832,2.0,1.991120301777177,
noisenec_dm1seqr_netseed0_snp_mask_sf2p0_p80,snp_mask_sf2p0,simulation_noise_prune_mask_only,dm1seqr,0,0.0,80,0.8,0.0988173421766892,0.6325103978859259,0.15623038373277626,0.056819000964710584,52326.0,1.3128539323806765,2.0,1.991120301777177,
noisenec_dm1seqr_netseed1_snp_mask_sf0p001_p50,snp_mask_sf0p001,simulation_noise_prune_mask_only,dm1seqr,1,0.0,50,0.5,0.3895350729316505,0.5831798329829403,0.6679501774593182,0.6250923061025779,130816.0,0.2671411335468292,0.001,0.0007429696872348,
noisenec_dm1seqr_netseed1_snp_mask_sf0p001_p60,snp_mask_sf0p001,simulation_noise_prune_mask_only,dm1seqr,1,0.0,60,0.6,0.3398432669213796,0.5831798329829403,0.5827418022723722,0.5288860344122192,104653.0,0.1604585498571396,0.001,0.0007429696872348,
noisenec_dm1seqr_netseed1_snp_mask_sf0p001_p70,snp_mask_sf0p001,simulation_noise_prune_mask_only,dm1seqr,1,0.0,70,0.7,0.2719136666297831,0.5831798329829403,0.4662604075983838,0.39737031570157244,78490.0,0.1213367879390716,0.001,0.0007429696872348,
noisenec_dm1seqr_netseed1_snp_mask_sf0p001_p80,snp_mask_sf0p001,simulation_noise_prune_mask_only,dm1seqr,1,0.0,80,0.8,0.2074370106159323,0.5831798329829403,0.35569990401571455,0.2725397010752452,52326.0,0.0117328837513923,0.001,0.0007429696872348,
noisenec_dm1seqr_netseed1_snp_mask_sf0p25_p50,snp_mask_sf0p25,simulation_noise_prune_mask_only,dm1seqr,1,0.0,50,0.5,0.4028033611695099,0.5831798329829403,0.690701801379495,0.6507804958780441,130816.0,0.2661124467849731,0.25,0.1857424218087152,
noisenec_dm1seqr_netseed1_snp_mask_sf0p25_p60,snp_mask_sf0p25,simulation_noise_prune_mask_only,dm1seqr,1,0.0,60,0.6,0.3704739092796657,0.5831798329829403,0.6352652961003594,0.5881887673449363,104653.0,0.2284045368432998,0.25,0.1857424218087152,
noisenec_dm1seqr_netseed1_snp_mask_sf0p25_p70,snp_mask_sf0p25,simulation_noise_prune_mask_only,dm1seqr,1,0.0,70,0.7,0.3041747756074383,0.5831798329829403,0.5215797227616688,0.45982972831972224,78490.0,0.1204502880573272,0.25,0.1857424218087152,
noisenec_dm1seqr_netseed1_snp_mask_sf0p25_p80,snp_mask_sf0p25,simulation_noise_prune_mask_only,dm1seqr,1,0.0,80,0.8,0.2273020170922369,0.5831798329829403,0.3897631643563473,0.3109995270231104,52326.0,0.0441427342593669,0.25,0.1857424218087152,
noisenec_dm1seqr_netseed1_snp_mask_sf0p5_p50,snp_mask_sf0p5,simulation_noise_prune_mask_only,dm1seqr,1,0.0,50,0.5,0.4292585770354797,0.5831798329829403,0.736065537177169,0.7019993564825977,130816.0,0.3313938975334167,0.5,0.3714848436174304,
noisenec_dm1seqr_netseed1_snp_mask_sf0p5_p60,snp_mask_sf0p5,simulation_noise_prune_mask_only,dm1seqr,1,0.0,60,0.6,0.4210899718166848,0.5831798329829403,0.7220585280921449,0.6861844542661591,104653.0,0.2628173530101776,0.5,0.3714848436174304,
noisenec_dm1seqr_netseed1_snp_mask_sf0p5_p70,snp_mask_sf0p5,simulation_noise_prune_mask_only,dm1seqr,1,0.0,70,0.7,0.3847868677467016,0.5831798329829403,0.6598082546485412,0.6158995003919071,78490.0,0.1282417923212051,0.5,0.3714848436174304,
noisenec_dm1seqr_netseed1_snp_mask_sf0p5_p80,snp_mask_sf0p5,simulation_noise_prune_mask_only,dm1seqr,1,0.0,80,0.8,0.2709536114347455,0.5831798329829403,0.4646141654947655,0.39551159213430187,52326.0,0.0515148267149925,0.5,0.3714848436174304,
noisenec_dm1seqr_netseed1_snp_mask_sf1p0_p50,snp_mask_sf1p0,simulation_noise_prune_mask_only,dm1seqr,1,0.0,50,0.5,0.5401140350306242,0.5831798329829403,0.9261534855688743,0.9166220713027364,130816.0,0.3849063217639923,1.0,0.7429696872348609,
noisenec_dm1seqr_netseed1_snp_mask_sf1p0_p60,snp_mask_sf1p0,simulation_noise_prune_mask_only,dm1seqr,1,0.0,60,0.6,0.5352551794164166,0.5831798329829403,0.9178218263800532,0.9072150398249902,104653.0,0.2875461876392364,1.0,0.7429696872348609,
noisenec_dm1seqr_netseed1_snp_mask_sf1p0_p70,snp_mask_sf1p0,simulation_noise_prune_mask_only,dm1seqr,1,0.0,70,0.7,0.4915742952543983,0.5831798329829403,0.8429206009062701,0.822646267893102,78490.0,0.1986381858587265,1.0,0.7429696872348609,
noisenec_dm1seqr_netseed1_snp_mask_sf1p0_p80,snp_mask_sf1p0,simulation_noise_prune_mask_only,dm1seqr,1,0.0,80,0.8,0.2688577621276125,0.5831798329829403,0.461020335275341,0.3914539040755822,52326.0,0.0579631850123405,1.0,0.7429696872348609,
noisenec_dm1seqr_netseed1_snp_mask_sf2p0_p50,snp_mask_sf2p0,simulation_noise_prune_mask_only,dm1seqr,1,0.0,50,0.5,0.5685967572915378,0.5831798329829403,0.974993861470122,0.9717663040510512,130816.0,0.4297943413257599,2.0,1.4859393744697218,
noisenec_dm1seqr_netseed1_snp_mask_sf2p0_p60,snp_mask_sf2p0,simulation_noise_prune_mask_only,dm1seqr,1,0.0,60,0.6,0.5150484583791665,0.5831798329829403,0.8831726154601666,0.8680936343023339,104653.0,0.3587755858898163,2.0,1.4859393744697218,
noisenec_dm1seqr_netseed1_snp_mask_sf2p0_p70,snp_mask_sf2p0,simulation_noise_prune_mask_only,dm1seqr,1,0.0,70,0.7,0.3520538672325026,0.5831798329829403,0.6036797696377152,0.5525264778847601,78490.0,0.204651728272438,2.0,1.4859393744697218,
noisenec_dm1seqr_netseed1_snp_mask_sf2p0_p80,snp_mask_sf2p0,simulation_noise_prune_mask_only,dm1seqr,1,0.0,80,0.8,0.1557730234253467,0.5831798329829403,0.2671097569142168,0.1725151701246625,52326.0,0.0763751417398452,2.0,1.4859393744697218,
noisenec_dm1seqr_netseed2_snp_mask_sf0p001_p50,snp_mask_sf0p001,simulation_noise_prune_mask_only,dm1seqr,2,0.0,50,0.5,0.540514329230589,0.6092770621660147,0.8871404534893036,0.8732742064918504,130816.0,0.3449513018131256,0.001,0.000874678250064,
noisenec_dm1seqr_netseed2_snp_mask_sf0p001_p60,snp_mask_sf0p001,simulation_noise_prune_mask_only,dm1seqr,2,0.0,60,0.6,0.5490799742249588,0.6092770621660147,0.90119915605053,0.8890602014993495,104653.0,0.2739681005477905,0.001,0.000874678250064,
noisenec_dm1seqr_netseed2_snp_mask_sf0p001_p70,snp_mask_sf0p001,simulation_noise_prune_mask_only,dm1seqr,2,0.0,70,0.7,0.3844744430052657,0.6092770621660147,0.6310338381005796,0.585701599111698,78490.0,0.2014396786689758,0.001,0.000874678250064,
noisenec_dm1seqr_netseed2_snp_mask_sf0p001_p80,snp_mask_sf0p001,simulation_noise_prune_mask_only,dm1seqr,2,0.0,80,0.8,0.1789965958720881,0.6092770621660147,0.2937852202013727,0.2070176504857552,52326.0,0.0543220862746238,0.001,0.000874678250064,
noisenec_dm1seqr_netseed2_snp_mask_sf0p25_p50,snp_mask_sf0p25,simulation_noise_prune_mask_only,dm1seqr,2,0.0,50,0.5,0.5286454434804116,0.6092770621660147,0.8676601768020725,0.8514005272394382,130816.0,0.3626486957073211,0.25,0.2186695625160132,
noisenec_dm1seqr_netseed2_snp_mask_sf0p25_p60,snp_mask_sf0p25,simulation_noise_prune_mask_only,dm1seqr,2,0.0,60,0.6,0.5628103907261922,0.6092770621660147,0.9237347434767512,0.9143645757153978,104653.0,0.27338507771492,0.25,0.2186695625160132,
noisenec_dm1seqr_netseed2_snp_mask_sf0p25_p70,snp_mask_sf0p25,simulation_noise_prune_mask_only,dm1seqr,2,0.0,70,0.7,0.4647480750079733,0.6092770621660147,0.7627861015410089,0.7336413228407913,78490.0,0.1561187505722046,0.25,0.2186695625160132,
noisenec_dm1seqr_netseed2_snp_mask_sf0p25_p80,snp_mask_sf0p25,simulation_noise_prune_mask_only,dm1seqr,2,0.0,80,0.8,0.2018003475725248,0.6092770621660147,0.3312127767539993,0.24904366379029408,52326.0,0.0714539065957069,0.25,0.2186695625160132,
noisenec_dm1seqr_netseed2_snp_mask_sf0p5_p50,snp_mask_sf0p5,simulation_noise_prune_mask_only,dm1seqr,2,0.0,50,0.5,0.5531089516197271,0.6092770621660147,0.9078118740485538,0.8964853769626034,130816.0,0.4353945851325989,0.5,0.4373391250320265,
noisenec_dm1seqr_netseed2_snp_mask_sf0p5_p60,snp_mask_sf0p5,simulation_noise_prune_mask_only,dm1seqr,2,0.0,60,0.6,0.5801499638758892,0.6092770621660147,0.9521940015490211,0.9463204197123413,104653.0,0.3180413544178009,0.5,0.4373391250320265,
noisenec_dm1seqr_netseed2_snp_mask_sf0p5_p70,snp_mask_sf0p5,simulation_noise_prune_mask_only,dm1seqr,2,0.0,70,0.7,0.5297128946803179,0.6092770621660147,0.8694121731698848,0.8533677788969076,78490.0,0.2230827063322067,0.5,0.4373391250320265,
noisenec_dm1seqr_netseed2_snp_mask_sf0p5_p80,snp_mask_sf0p5,simulation_noise_prune_mask_only,dm1seqr,2,0.0,80,0.8,0.2466463156661481,0.6092770621660147,0.40481799001148405,0.3316922242778846,52326.0,0.1064207851886749,0.5,0.4373391250320265,
noisenec_dm1seqr_netseed2_snp_mask_sf1p0_p50,snp_mask_sf1p0,simulation_noise_prune_mask_only,dm1seqr,2,0.0,50,0.5,0.6092803165904046,0.6092770621660147,1.0000053414523407,1.0000059977184677,130816.0,0.5613224506378174,1.0,0.8746782500640531,
noisenec_dm1seqr_netseed2_snp_mask_sf1p0_p60,snp_mask_sf1p0,simulation_noise_prune_mask_only,dm1seqr,2,0.0,60,0.6,0.5885821774702709,0.6092770621660147,0.966033704564271,0.9618605082626569,104653.0,0.3669314384460449,1.0,0.8746782500640531,
noisenec_dm1seqr_netseed2_snp_mask_sf1p0_p70,snp_mask_sf1p0,simulation_noise_prune_mask_only,dm1seqr,2,0.0,70,0.7,0.4564069852965106,0.6092770621660147,0.749095959191304,0.7182691704075769,78490.0,0.3107195496559143,1.0,0.8746782500640531,
noisenec_dm1seqr_netseed2_snp_mask_sf1p0_p80,snp_mask_sf1p0,simulation_noise_prune_mask_only,dm1seqr,2,0.0,80,0.8,0.2096207293815943,0.6092770621660147,0.34404828672916166,0.2634561812686454,52326.0,0.1298804879188537,1.0,0.8746782500640531,
noisenec_dm1seqr_netseed2_snp_mask_sf2p0_p50,snp_mask_sf2p0,simulation_noise_prune_mask_only,dm1seqr,2,0.0,50,0.5,0.5994454460839511,0.6092770621660147,0.9838634724781667,0.9818808925084896,130816.0,0.8620912432670593,2.0,1.7493565001281062,
noisenec_dm1seqr_netseed2_snp_mask_sf2p0_p60,snp_mask_sf2p0,simulation_noise_prune_mask_only,dm1seqr,2,0.0,60,0.6,0.5205028736567363,0.6092770621660147,0.8542958630451619,0.8363942356327652,104653.0,0.770695149898529,2.0,1.7493565001281062,
noisenec_dm1seqr_netseed2_snp_mask_sf2p0_p70,snp_mask_sf2p0,simulation_noise_prune_mask_only,dm1seqr,2,0.0,70,0.7,0.3271900648932223,0.6092770621660147,0.5370135939962074,0.4801297586398133,78490.0,0.6613389253616333,2.0,1.7493565001281062,
noisenec_dm1seqr_netseed2_snp_mask_sf2p0_p80,snp_mask_sf2p0,simulation_noise_prune_mask_only,dm1seqr,2,0.0,80,0.8,0.1434127195922857,0.6092770621660147,0.23538178030606516,0.14143859675779327,52326.0,0.4864705801010132,2.0,1.7493565001281062,
noisenec_dm2seql_netseed0_snp_rescale_sf0p001_p50,snp_rescale_sf0p001,simulation_noise_prune_rescale,dm2seql,0,0.0,50,0.5,0.5979878056724468,0.6239137798506976,0.9584462228347402,0.9534749062581707,97946.0,2.607828140258789,0.001,0.0009479313699126,0.001
noisenec_dm2seql_netseed0_snp_rescale_sf0p001_p60,snp_rescale_sf0p001,simulation_noise_prune_rescale,dm2seql,0,0.0,60,0.6,0.5779244889716899,0.6239137798506976,0.9262890284455443,0.9174705623574586,84612.0,2.8653199672698975,0.001,0.0009479313699126,0.001
noisenec_dm2seql_netseed0_snp_rescale_sf0p001_p70,snp_rescale_sf0p001,simulation_noise_prune_rescale,dm2seql,0,0.0,70,0.7,0.5139107833813202,0.6239137798506976,0.8236887851784568,0.8025956638145043,68473.0,3.492973566055298,0.001,0.0009479313699126,0.001
noisenec_dm2seql_netseed0_snp_rescale_sf0p001_p80,snp_rescale_sf0p001,simulation_noise_prune_rescale,dm2seql,0,0.0,80,0.8,0.4150044947040661,0.6239137798506976,0.6651632134224965,0.6251047691338345,49072.0,4.377688884735107,0.001,0.0009479313699126,0.001
noisenec_dm2seql_netseed0_snp_rescale_sf0p25_p50,snp_rescale_sf0p25,simulation_noise_prune_rescale,dm2seql,0,0.0,50,0.5,0.6149699701655875,0.6239137798506976,0.9856649909427383,0.9839500116312735,108094.0,1.7980576753616333,0.25,0.2369828424781502,0.25
noisenec_dm2seql_netseed0_snp_rescale_sf0p25_p60,snp_rescale_sf0p25,simulation_noise_prune_rescale,dm2seql,0,0.0,60,0.6,0.6135824745625806,0.6239137798506976,0.9834411330190699,0.9814601008355425,91641.0,1.7690547704696655,0.25,0.2369828424781502,0.25
noisenec_dm2seql_netseed0_snp_rescale_sf0p25_p70,snp_rescale_sf0p25,simulation_noise_prune_rescale,dm2seql,0,0.0,70,0.7,0.5863927719947366,0.6239137798506976,0.9398618702331919,0.93266720101685,72561.0,2.193690299987793,0.25,0.2369828424781502,0.25
noisenec_dm2seql_netseed0_snp_rescale_sf0p25_p80,snp_rescale_sf0p25,simulation_noise_prune_rescale,dm2seql,0,0.0,80,0.8,0.5074976875073284,0.6239137798506976,0.813409967686196,0.7910871324605269,50592.0,2.7693209648132324,0.25,0.2369828424781502,0.25
noisenec_dm2seql_netseed0_snp_rescale_sf0p5_p50,snp_rescale_sf0p5,simulation_noise_prune_rescale,dm2seql,0,0.0,50,0.5,0.6124913688653804,0.6239137798506976,0.9816923245579692,0.9795020723928901,118516.0,1.7124519348144531,0.5,0.4739656849563005,0.5
noisenec_dm2seql_netseed0_snp_rescale_sf0p5_p60,snp_rescale_sf0p5,simulation_noise_prune_rescale,dm2seql,0,0.0,60,0.6,0.612123324257071,0.6239137798506976,0.981102427972583,0.9788416030973088,98578.0,1.7248458862304688,0.5,0.4739656849563005,0.5
noisenec_dm2seql_netseed0_snp_rescale_sf0p5_p70,snp_rescale_sf0p5,simulation_noise_prune_rescale,dm2seql,0,0.0,70,0.7,0.6061922691090064,0.6239137798506976,0.9715962183974651,0.968198111174712,76298.0,1.7228784561157229,0.5,0.4739656849563005,0.5
noisenec_dm2seql_netseed0_snp_rescale_sf0p5_p80,snp_rescale_sf0p5,simulation_noise_prune_rescale,dm2seql,0,0.0,80,0.8,0.5229001915134776,0.6239137798506976,0.8380968787684212,0.8187274802375507,51894.0,2.32665753364563,0.5,0.4739656849563005,0.5
noisenec_dm2seql_netseed0_snp_rescale_sf1p0_p50,snp_rescale_sf1p0,simulation_noise_prune_rescale,dm2seql,0,0.0,50,0.5,0.6159275375535782,0.6239137798506976,0.9871997661294954,0.9856684007719894,123834.0,1.7158663272857666,1.0,0.9479313699126012,1.0
noisenec_dm2seql_netseed0_snp_rescale_sf1p0_p60,snp_rescale_sf1p0,simulation_noise_prune_rescale,dm2seql,0,0.0,60,0.6,0.6044595281212137,0.6239137798506976,0.9688190061547618,0.9650886451105596,102058.0,1.7301676273345947,1.0,0.9479313699126012,1.0
noisenec_dm2seql_netseed0_snp_rescale_sf1p0_p70,snp_rescale_sf1p0,simulation_noise_prune_rescale,dm2seql,0,0.0,70,0.7,0.589079823338588,0.6239137798506976,0.9441686373388878,0.9374892113606954,77997.0,1.830812931060791,1.0,0.9479313699126012,1.0
noisenec_dm2seql_netseed0_snp_rescale_sf1p0_p80,snp_rescale_sf1p0,simulation_noise_prune_rescale,dm2seql,0,0.0,80,0.8,0.5170342770040518,0.6239137798506976,0.8286950756685931,0.8082008855354108,52307.0,2.0578174591064453,1.0,0.9479313699126012,1.0
noisenec_dm2seql_netseed0_snp_rescale_sf2p0_p50,snp_rescale_sf2p0,simulation_noise_prune_rescale,dm2seql,0,0.0,50,0.5,0.6072312622952956,0.6239137798506976,0.9732615016783341,0.9700626218409988,124757.0,1.751989483833313,2.0,1.895862739825202,2.0
noisenec_dm2seql_netseed0_snp_rescale_sf2p0_p60,snp_rescale_sf2p0,simulation_noise_prune_rescale,dm2seql,0,0.0,60,0.6,0.6026583894628503,0.6239137798506976,0.9659321671130044,0.9618564369649274,102697.0,1.7395944595336914,2.0,1.895862739825202,2.0
noisenec_dm2seql_netseed0_snp_rescale_sf2p0_p70,snp_rescale_sf2p0,simulation_noise_prune_rescale,dm2seql,0,0.0,70,0.7,0.5844450668994359,0.6239137798506976,0.9367401166220329,0.9291719741251899,78299.0,1.799252152442932,2.0,1.895862739825202,2.0
noisenec_dm2seql_netseed0_snp_rescale_sf2p0_p80,snp_rescale_sf2p0,simulation_noise_prune_rescale,dm2seql,0,0.0,80,0.8,0.5323748974034942,0.6239137798506976,0.8532828005992933,0.8357301809530009,52316.0,2.0203871726989746,2.0,1.895862739825202,2.0
noisenec_dm2seql_netseed1_snp_rescale_sf0p001_p50,snp_rescale_sf0p001,simulation_noise_prune_rescale,dm2seql,1,0.0,50,0.5,0.5939034876297927,0.615442239795719,0.9650028048561056,0.9607512556670209,105865.0,1.9590333700180056,0.001,0.000958390356741,0.001
noisenec_dm2seql_netseed1_snp_rescale_sf0p001_p60,snp_rescale_sf0p001,simulation_noise_prune_rescale,dm2seql,1,0.0,60,0.6,0.5812466615422698,0.615442239795719,0.9444373882026693,0.937687499357032,90670.0,2.624250650405884,0.001,0.000958390356741,0.001
noisenec_dm2seql_netseed1_snp_rescale_sf0p001_p70,snp_rescale_sf0p001,simulation_noise_prune_rescale,dm2seql,1,0.0,70,0.7,0.5461716846671965,0.615442239795719,0.8874458874458874,0.8737725246523818,72332.0,2.8177545070648193,0.001,0.000958390356741,0.001
noisenec_dm2seql_netseed1_snp_rescale_sf0p001_p80,snp_rescale_sf0p001,simulation_noise_prune_rescale,dm2seql,1,0.0,80,0.8,0.4745723517073361,0.615442239795719,0.7711078652398945,0.7433014605858643,50848.0,4.043004512786865,0.001,0.000958390356741,0.001
noisenec_dm2seql_netseed1_snp_rescale_sf0p25_p50,snp_rescale_sf0p25,simulation_noise_prune_rescale,dm2seql,1,0.0,50,0.5,0.6009419336347174,0.615442239795719,0.9764392087130473,0.9735769832495957,112329.0,1.858526349067688,0.25,0.2395975891852532,0.25
noisenec_dm2seql_netseed1_snp_rescale_sf0p25_p60,snp_rescale_sf0p25,simulation_noise_prune_rescale,dm2seql,1,0.0,60,0.6,0.5932911656265878,0.615442239795719,0.964007874765821,0.9596354589129606,94890.0,1.8832337856292725,0.25,0.2395975891852532,0.25
noisenec_dm2seql_netseed1_snp_rescale_sf0p25_p70,snp_rescale_sf0p25,simulation_noise_prune_rescale,dm2seql,1,0.0,70,0.7,0.5733809294266321,0.615442239795719,0.9316567702875771,0.9233542591386523,74664.0,2.104862689971924,0.25,0.2395975891852532,0.25
noisenec_dm2seql_netseed1_snp_rescale_sf0p25_p80,snp_rescale_sf0p25,simulation_noise_prune_rescale,dm2seql,1,0.0,80,0.8,0.5359999739437445,0.615442239795719,0.8709184051482339,0.8552372413389244,51589.0,2.8898134231567383,0.25,0.2395975891852532,0.25
noisenec_dm2seql_netseed1_snp_rescale_sf0p5_p50,snp_rescale_sf0p5,simulation_noise_prune_rescale,dm2seql,1,0.0,50,0.5,0.6041924515027945,0.615442239795719,0.9817208056816858,0.9795002021887026,119536.0,1.748823881149292,0.5,0.4791951783705064,0.5
noisenec_dm2seql_netseed1_snp_rescale_sf0p5_p60,snp_rescale_sf0p5,simulation_noise_prune_rescale,dm2seql,1,0.0,60,0.6,0.605990333129226,0.615442239795719,0.9846420897765641,0.982776371381475,99607.0,1.7388055324554443,0.5,0.4791951783705064,0.5
noisenec_dm2seql_netseed1_snp_rescale_sf0p5_p70,snp_rescale_sf0p5,simulation_noise_prune_rescale,dm2seql,1,0.0,70,0.7,0.5951216175723387,0.615442239795719,0.9669820806740123,0.9629709789969066,77019.0,1.832924485206604,0.5,0.4791951783705064,0.5
noisenec_dm2seql_netseed1_snp_rescale_sf0p5_p80,snp_rescale_sf0p5,simulation_noise_prune_rescale,dm2seql,1,0.0,80,0.8,0.56101072214912,0.615442239795719,0.9115570655912953,0.9008127906709895,52260.0,2.395667314529419,0.5,0.4791951783705064,0.5
noisenec_dm2seql_netseed1_snp_rescale_sf1p0_p50,snp_rescale_sf1p0,simulation_noise_prune_rescale,dm2seql,1,0.0,50,0.5,0.6081725445236265,0.615442239795719,0.9881878512685357,0.9867528810900937,123966.0,1.6396098136901855,1.0,0.9583903567410128,1.0
noisenec_dm2seql_netseed1_snp_rescale_sf1p0_p60,snp_rescale_sf1p0,simulation_noise_prune_rescale,dm2seql,1,0.0,60,0.6,0.6075602225204216,0.615442239795719,0.9871929211782513,0.9856370843360337,102379.0,1.6943843364715576,1.0,0.9583903567410128,1.0
noisenec_dm2seql_netseed1_snp_rescale_sf1p0_p70,snp_rescale_sf1p0,simulation_noise_prune_rescale,dm2seql,1,0.0,70,0.7,0.6082735125135167,0.615442239795719,0.9883519088898062,0.9869368688527314,78153.0,1.817395806312561,1.0,0.9583903567410128,1.0
noisenec_dm2seql_netseed1_snp_rescale_sf1p0_p80,snp_rescale_sf1p0,simulation_noise_prune_rescale,dm2seql,1,0.0,80,0.8,0.5465397292755059,0.615442239795719,0.8880439039363245,0.8744431897226415,52377.0,2.0909345149993896,1.0,0.9583903567410128,1.0
noisenec_dm2seql_netseed1_snp_rescale_sf2p0_p50,snp_rescale_sf2p0,simulation_noise_prune_rescale,dm2seql,1,0.0,50,0.5,0.6056744010318277,0.615442239795719,0.9841287481874278,0.9822006677370928,124850.0,1.6890109777450562,2.0,1.9167807134820256,2.0
noisenec_dm2seql_netseed1_snp_rescale_sf2p0_p60,snp_rescale_sf2p0,simulation_noise_prune_rescale,dm2seql,1,0.0,60,0.6,0.6075015959456467,0.615442239795719,0.9870976619142878,0.9855302527319215,103003.0,1.6729613542556765,2.0,1.9167807134820256,2.0
noisenec_dm2seql_netseed1_snp_rescale_sf2p0_p70,snp_rescale_sf2p0,simulation_noise_prune_rescale,dm2seql,1,0.0,70,0.7,0.611791107000013,0.615442239795719,0.9940674647276114,0.9933467650994602,78316.0,1.7181702852249146,2.0,1.9167807134820256,2.0
noisenec_dm2seql_netseed1_snp_rescale_sf2p0_p80,snp_rescale_sf2p0,simulation_noise_prune_rescale,dm2seql,1,0.0,80,0.8,0.5523828445614081,0.615442239795719,0.8975380772446786,0.885090739599152,52429.0,2.005849123001098,2.0,1.9167807134820256,2.0
noisenec_dm2seql_netseed2_snp_rescale_sf0p001_p50,snp_rescale_sf0p001,simulation_noise_prune_rescale,dm2seql,2,0.0,50,0.5,0.5463899058066365,0.5528095157444923,0.9883873020361991,0.986794807431533,109162.0,1.6691123247146606,0.001,0.000583146349648,0.001
noisenec_dm2seql_netseed2_snp_rescale_sf0p001_p60,snp_rescale_sf0p001,simulation_noise_prune_rescale,dm2seql,2,0.0,60,0.6,0.5394752270151256,0.5528095157444923,0.9758790535444947,0.9725712539952798,92915.0,1.896871566772461,0.001,0.000583146349648,0.001
noisenec_dm2seql_netseed2_snp_rescale_sf0p001_p70,snp_rescale_sf0p001,simulation_noise_prune_rescale,dm2seql,2,0.0,70,0.7,0.5305965579686543,0.5528095157444923,0.9598180618401208,0.9543077558006372,73664.0,2.285318374633789,0.001,0.000583146349648,0.001
noisenec_dm2seql_netseed2_snp_rescale_sf0p001_p80,snp_rescale_sf0p001,simulation_noise_prune_rescale,dm2seql,2,0.0,80,0.8,0.5110445952812122,0.5528095157444923,0.9244497077677225,0.9140892012656261,51288.0,3.157543897628784,0.001,0.000583146349648,0.001
noisenec_dm2seql_netseed2_snp_rescale_sf0p25_p50,snp_rescale_sf0p25,simulation_noise_prune_rescale,dm2seql,2,0.0,50,0.5,0.538462290084292,0.5528095157444923,0.9740467100301661,0.9704876340618486,111945.0,1.3429893255233765,0.25,0.1457865874120202,0.25
noisenec_dm2seql_netseed2_snp_rescale_sf0p25_p60,snp_rescale_sf0p25,simulation_noise_prune_rescale,dm2seql,2,0.0,60,0.6,0.534814414320518,0.5528095157444923,0.9674479166666667,0.9629839224044752,94766.0,1.5456992387771606,0.25,0.1457865874120202,0.25
noisenec_dm2seql_netseed2_snp_rescale_sf0p25_p70,snp_rescale_sf0p25,simulation_noise_prune_rescale,dm2seql,2,0.0,70,0.7,0.5353974230363354,0.5528095157444923,0.9685025452488688,0.9641831763211446,74711.0,2.0258350372314453,0.25,0.1457865874120202,0.25
noisenec_dm2seql_netseed2_snp_rescale_sf0p25_p80,snp_rescale_sf0p25,simulation_noise_prune_rescale,dm2seql,2,0.0,80,0.8,0.5155230141876311,0.5528095157444923,0.9325509049773757,0.9233013472735623,51597.0,2.526057004928589,0.25,0.1457865874120202,0.25
noisenec_dm2seql_netseed2_snp_rescale_sf0p5_p50,snp_rescale_sf0p5,simulation_noise_prune_rescale,dm2seql,2,0.0,50,0.5,0.5353909089724715,0.5528095157444923,0.9684907616892912,0.9641697768360421,117039.0,1.063739776611328,0.5,0.2915731748240405,0.5
noisenec_dm2seql_netseed2_snp_rescale_sf0p5_p60,snp_rescale_sf0p5,simulation_noise_prune_rescale,dm2seql,2,0.0,60,0.6,0.5323227848925831,0.5528095157444923,0.9629407051282052,0.9578586193527872,98182.0,1.3403702974319458,0.5,0.2915731748240405,0.5
noisenec_dm2seql_netseed2_snp_rescale_sf0p5_p70,snp_rescale_sf0p5,simulation_noise_prune_rescale,dm2seql,2,0.0,70,0.7,0.5348762979272249,0.5528095157444923,0.9675598604826547,0.9631112175129485,76209.0,1.6146570444107056,0.5,0.2915731748240405,0.5
noisenec_dm2seql_netseed2_snp_rescale_sf0p5_p80,snp_rescale_sf0p5,simulation_noise_prune_rescale,dm2seql,2,0.0,80,0.8,0.5193630548353896,0.5528095157444923,0.9394973133484162,0.9312003437414579,52027.0,2.251371145248413,0.5,0.2915731748240405,0.5
noisenec_dm2seql_netseed2_snp_rescale_sf1p0_p50,snp_rescale_sf1p0,simulation_noise_prune_rescale,dm2seql,2,0.0,50,0.5,0.5356547285589588,0.5528095157444923,0.9689679958521871,0.9647124559826915,123374.0,1.0924698114395142,1.0,0.5831463496480811,1.0
noisenec_dm2seql_netseed2_snp_rescale_sf1p0_p60,snp_rescale_sf1p0,simulation_noise_prune_rescale,dm2seql,2,0.0,60,0.6,0.5180472139348854,0.5528095157444923,0.9371170343137255,0.9284936477507625,101969.0,1.1456246376037598,1.0,0.5831463496480811,1.0
noisenec_dm2seql_netseed2_snp_rescale_sf1p0_p70,snp_rescale_sf1p0,simulation_noise_prune_rescale,dm2seql,2,0.0,70,0.7,0.5388889612673763,0.5528095157444923,0.9748185331825039,0.9713653003360592,78162.0,1.6285463571548462,1.0,0.5831463496480811,1.0
noisenec_dm2seql_netseed2_snp_rescale_sf1p0_p80,snp_rescale_sf1p0,simulation_noise_prune_rescale,dm2seql,2,0.0,80,0.8,0.511217217973605,0.5528095157444923,0.9247619720965309,0.914444287620841,52423.0,1.9393339157104492,1.0,0.5831463496480811,1.0
noisenec_dm2seql_netseed2_snp_rescale_sf2p0_p50,snp_rescale_sf2p0,simulation_noise_prune_rescale,dm2seql,2,0.0,50,0.5,0.5300330914444286,0.5528095157444923,0.9587987839366517,0.9531487003392751,125971.0,1.1221330165863037,2.0,1.1662926992961622,2.0
noisenec_dm2seql_netseed2_snp_rescale_sf2p0_p60,snp_rescale_sf2p0,simulation_noise_prune_rescale,dm2seql,2,0.0,60,0.6,0.5351368604817802,0.5528095157444923,0.9680312028657618,0.9636471969170466,103572.0,1.1091783046722412,2.0,1.1662926992961622,2.0
noisenec_dm2seql_netseed2_snp_rescale_sf2p0_p70,snp_rescale_sf2p0,simulation_noise_prune_rescale,dm2seql,2,0.0,70,0.7,0.5132137785478849,0.5528095157444923,0.928373633107089,0.9185512298047427,78616.0,1.4820997714996338,2.0,1.1662926992961622,2.0
noisenec_dm2seql_netseed2_snp_rescale_sf2p0_p80,snp_rescale_sf2p0,simulation_noise_prune_rescale,dm2seql,2,0.0,80,0.8,0.500664434514116,0.5528095157444923,0.905672605580694,0.8927371217548682,52429.0,1.9682031869888303,2.0,1.1662926992961622,2.0
noisenec_dm2seql_netseed0_snp_mask_sf0p001_p50,snp_mask_sf0p001,simulation_noise_prune_mask_only,dm2seql,0,0.0,50,0.5,0.4013249605899136,0.6239137798506976,0.6432378536116811,0.6005563528378944,130816.0,0.739329993724823,0.001,0.0009479313699126,
noisenec_dm2seql_netseed0_snp_mask_sf0p001_p60,snp_mask_sf0p001,simulation_noise_prune_mask_only,dm2seql,0,0.0,60,0.6,0.203414672277447,0.6239137798506976,0.326030100386826,0.2453992176458692,104653.0,0.4524460434913635,0.001,0.0009479313699126,
noisenec_dm2seql_netseed0_snp_mask_sf0p001_p70,snp_mask_sf0p001,simulation_noise_prune_mask_only,dm2seql,0,0.0,70,0.7,0.0952974972966635,0.6239137798506976,0.1527414530249166,0.05137905599259963,78490.0,0.453220933675766,0.001,0.0009479313699126,
noisenec_dm2seql_netseed0_snp_mask_sf0p001_p80,snp_mask_sf0p001,simulation_noise_prune_mask_only,dm2seql,0,0.0,80,0.8,0.0425726643824016,0.6239137798506976,0.06823485192551641,-0.04323755424518102,52326.0,0.4025818705558777,0.001,0.0009479313699126,
noisenec_dm2seql_netseed0_snp_mask_sf0p25_p50,snp_mask_sf0p25,simulation_noise_prune_mask_only,dm2seql,0,0.0,50,0.5,0.5253038810792501,0.6239137798506976,0.8419494777066073,0.8230409876724089,130816.0,0.9043940901756288,0.25,0.2369828424781502,
noisenec_dm2seql_netseed0_snp_mask_sf0p25_p60,snp_mask_sf0p25,simulation_noise_prune_mask_only,dm2seql,0,0.0,60,0.6,0.324156103026434,0.6239137798506976,0.5195527226598593,0.46207406062367773,104653.0,0.6164942979812622,0.25,0.2369828424781502,
noisenec_dm2seql_netseed0_snp_mask_sf0p25_p70,snp_mask_sf0p25,simulation_noise_prune_mask_only,dm2seql,0,0.0,70,0.7,0.1528915929491772,0.6239137798506976,0.24505243815221409,0.15473373345953026,78490.0,0.2786829769611358,0.25,0.2369828424781502,
noisenec_dm2seql_netseed0_snp_mask_sf0p25_p80,snp_mask_sf0p25,simulation_noise_prune_mask_only,dm2seql,0,0.0,80,0.8,0.0622321091235978,0.6239137798506976,0.09974472616791687,-0.007957973111301435,52326.0,0.1692457646131515,0.25,0.2369828424781502,
noisenec_dm2seql_netseed0_snp_mask_sf0p5_p50,snp_mask_sf0p5,simulation_noise_prune_mask_only,dm2seql,0,0.0,50,0.5,0.553053793139388,0.6239137798506976,0.886426636179976,0.8728392035870303,130816.0,1.079114556312561,0.5,0.4739656849563005,
noisenec_dm2seql_netseed0_snp_mask_sf0p5_p60,snp_mask_sf0p5,simulation_noise_prune_mask_only,dm2seql,0,0.0,60,0.6,0.4178869679638339,0.6239137798506976,0.6697831999540611,0.6302774711390504,104653.0,0.7874191999435425,0.5,0.4739656849563005,
noisenec_dm2seql_netseed0_snp_mask_sf0p5_p70,snp_mask_sf0p5,simulation_noise_prune_mask_only,dm2seql,0,0.0,70,0.7,0.2300441653529971,0.6239137798506976,0.36871146748521344,0.2931868013686327,78490.0,0.53595370054245,0.5,0.4739656849563005,
noisenec_dm2seql_netseed0_snp_mask_sf0p5_p80,snp_mask_sf0p5,simulation_noise_prune_mask_only,dm2seql,0,0.0,80,0.8,0.1041924515027945,0.6239137798506976,0.1669981572257111,0.0673413714459835,52326.0,0.3355273306369781,0.5,0.4739656849563005,
noisenec_dm2seql_netseed0_snp_mask_sf1p0_p50,snp_mask_sf1p0,simulation_noise_prune_mask_only,dm2seql,0,0.0,50,0.5,0.5605514806467162,0.6239137798506976,0.8984438214858086,0.8862940736616145,130816.0,1.313544750213623,1.0,0.9479313699126012,
noisenec_dm2seql_netseed0_snp_mask_sf1p0_p60,snp_mask_sf1p0,simulation_noise_prune_mask_only,dm2seql,0,0.0,60,0.6,0.4382108472191461,0.6239137798506976,0.7023580202444155,0.66674940392159,104653.0,1.147117257118225,1.0,0.9479313699126012,
noisenec_dm2seql_netseed0_snp_mask_sf1p0_p70,snp_mask_sf1p0,simulation_noise_prune_mask_only,dm2seql,0,0.0,70,0.7,0.2647282983962374,0.6239137798506976,0.4243026952531595,0.35542872640088646,78490.0,0.9630435705184937,1.0,0.9479313699126012,
noisenec_dm2seql_netseed0_snp_mask_sf1p0_p80,snp_mask_sf1p0,simulation_noise_prune_mask_only,dm2seql,0,0.0,80,0.8,0.1281804916815404,0.6239137798506976,0.2054458417511053,0.1103887728792213,52326.0,0.7688133716583252,1.0,0.9479313699126012,
noisenec_dm2seql_netseed0_snp_mask_sf2p0_p50,snp_mask_sf2p0,simulation_noise_prune_mask_only,dm2seql,0,0.0,50,0.5,0.5498521307502898,0.6239137798506976,0.8812950579194921,0.8670937052015756,130816.0,1.558884620666504,2.0,1.895862739825202,
noisenec_dm2seql_netseed0_snp_mask_sf2p0_p60,snp_mask_sf2p0,simulation_noise_prune_mask_only,dm2seql,0,0.0,60,0.6,0.4259025235483408,0.6239137798506976,0.682630416738446,0.6446616741162666,104653.0,1.4785298109054563,2.0,1.895862739825202,
noisenec_dm2seql_netseed0_snp_mask_sf2p0_p70,snp_mask_sf2p0,simulation_noise_prune_mask_only,dm2seql,0,0.0,70,0.7,0.2533091444428521,0.6239137798506976,0.4060002401348931,0.33493664365479936,78490.0,1.375137209892273,2.0,1.895862739825202,
noisenec_dm2seql_netseed0_snp_mask_sf2p0_p80,snp_mask_sf2p0,simulation_noise_prune_mask_only,dm2seql,0,0.0,80,0.8,0.1194646742316661,0.6239137798506976,0.19147625535735716,0.09474792478209372,52326.0,1.3105309009552002,2.0,1.895862739825202,
noisenec_dm2seql_netseed1_snp_mask_sf0p001_p50,snp_mask_sf0p001,simulation_noise_prune_mask_only,dm2seql,1,0.0,50,0.5,0.5823801086545852,0.615442239795719,0.9462790673059621,0.9397529103698667,130816.0,0.3627699315547943,0.001,0.000958390356741,
noisenec_dm2seql_netseed1_snp_mask_sf0p001_p60,snp_mask_sf0p001,simulation_noise_prune_mask_only,dm2seql,1,0.0,60,0.6,0.4226520056802637,0.615442239795719,0.6867452026376231,0.6486902049663242,104653.0,0.3395701944828033,0.001,0.000958390356741,
noisenec_dm2seql_netseed1_snp_mask_sf0p001_p70,snp_mask_sf0p001,simulation_noise_prune_mask_only,dm2seql,1,0.0,70,0.7,0.2078540068006826,0.615442239795719,0.33773113601964444,0.25727701276677223,78490.0,0.2772563397884369,0.001,0.000958390356741,
noisenec_dm2seql_netseed1_snp_mask_sf0p001_p80,snp_mask_sf0p001,simulation_noise_prune_mask_only,dm2seql,1,0.0,80,0.8,0.0916300793412978,0.615442239795719,0.14888493739349473,0.04548929270355959,52326.0,0.3274352848529815,0.001,0.000958390356741,
noisenec_dm2seql_netseed1_snp_mask_sf0p25_p50,snp_mask_sf0p25,simulation_noise_prune_mask_only,dm2seql,1,0.0,50,0.5,0.6107260575582683,0.615442239795719,0.9923369214322758,0.9914059909580895,130816.0,0.5838801860809326,0.25,0.2395975891852532,
noisenec_dm2seql_netseed1_snp_mask_sf0p25_p60,snp_mask_sf0p25,simulation_noise_prune_mask_only,dm2seql,1,0.0,60,0.6,0.5087516448011257,0.615442239795719,0.8266440161305687,0.8055842857832458,104653.0,0.3046912848949432,0.25,0.2395975891852532,
noisenec_dm2seql_netseed1_snp_mask_sf0p25_p70,snp_mask_sf0p25,simulation_noise_prune_mask_only,dm2seql,1,0.0,70,0.7,0.2693239704522063,0.615442239795719,0.4376104742852909,0.3692899496783577,78490.0,0.2727903127670288,0.25,0.2395975891852532,
noisenec_dm2seql_netseed1_snp_mask_sf0p25_p80,snp_mask_sf0p25,simulation_noise_prune_mask_only,dm2seql,1,0.0,80,0.8,0.1127421603241398,0.615442239795719,0.1831888567829888,0.08396054036216702,52326.0,0.1813012212514877,0.25,0.2395975891852532,
noisenec_dm2seql_netseed1_snp_mask_sf0p5_p50,snp_mask_sf0p5,simulation_noise_prune_mask_only,dm2seql,1,0.0,50,0.5,0.6087262399520564,0.615442239795719,0.989087522094857,0.9877618462400417,130816.0,0.8577303290367126,0.5,0.4791951783705064,
noisenec_dm2seql_netseed1_snp_mask_sf0p5_p60,snp_mask_sf0p5,simulation_noise_prune_mask_only,dm2seql,1,0.0,60,0.6,0.5265187539898641,0.615442239795719,0.8555128652928163,0.8379601969183434,104653.0,0.5844675302505493,0.5,0.4791951783705064,
noisenec_dm2seql_netseed1_snp_mask_sf0p5_p70,snp_mask_sf0p5,simulation_noise_prune_mask_only,dm2seql,1,0.0,70,0.7,0.3268431543702854,0.615442239795719,0.5310703965960688,0.4741036234906078,78490.0,0.2956726253032684,0.5,0.4791951783705064,
noisenec_dm2seql_netseed1_snp_mask_sf0p5_p80,snp_mask_sf0p5,simulation_noise_prune_mask_only,dm2seql,1,0.0,80,0.8,0.1368376825566397,0.615442239795719,0.22234041427195445,0.127868329652259,52326.0,0.2018342018127441,0.5,0.4791951783705064,
noisenec_dm2seql_netseed1_snp_mask_sf1p0_p50,snp_mask_sf1p0,simulation_noise_prune_mask_only,dm2seql,1,0.0,50,0.5,0.570566853837435,0.615442239795719,0.9270843256173329,0.9182263421412693,130816.0,1.1907106637954712,1.0,0.9583903567410128,
noisenec_dm2seql_netseed1_snp_mask_sf1p0_p60,snp_mask_sf1p0,simulation_noise_prune_mask_only,dm2seql,1,0.0,60,0.6,0.469051682582696,0.615442239795719,0.762137617883339,0.7332414845319706,104653.0,1.0088577270507812,1.0,0.9583903567410128,
noisenec_dm2seql_netseed1_snp_mask_sf1p0_p70,snp_mask_sf1p0,simulation_noise_prune_mask_only,dm2seql,1,0.0,70,0.7,0.2843421446903865,0.615442239795719,0.46201272240392033,0.3966566455984191,78490.0,0.821442723274231,1.0,0.9583903567410128,
noisenec_dm2seql_netseed1_snp_mask_sf1p0_p80,snp_mask_sf1p0,simulation_noise_prune_mask_only,dm2seql,1,0.0,80,0.8,0.1286592753755358,0.615442239795719,0.20905174694905745,0.11296532087861477,52326.0,0.6555436849594116,1.0,0.9583903567410128,
noisenec_dm2seql_netseed1_snp_mask_sf2p0_p50,snp_mask_sf2p0,simulation_noise_prune_mask_only,dm2seql,1,0.0,50,0.5,0.5377587711869927,0.615442239795719,0.8737761830671364,0.8584421894622887,130816.0,1.440049171447754,2.0,1.9167807134820256,
noisenec_dm2seql_netseed1_snp_mask_sf2p0_p60,snp_mask_sf2p0,simulation_noise_prune_mask_only,dm2seql,1,0.0,60,0.6,0.4136430553565147,0.615442239795719,0.6721070290752441,0.6322737484677577,104653.0,1.3622313737869265,2.0,1.9167807134820256,
noisenec_dm2seql_netseed1_snp_mask_sf2p0_p70,snp_mask_sf2p0,simulation_noise_prune_mask_only,dm2seql,1,0.0,70,0.7,0.2378447568299959,0.615442239795719,0.3864615417182653,0.3119273133592524,78490.0,1.2669683694839478,2.0,1.9167807134820256,
noisenec_dm2seql_netseed1_snp_mask_sf2p0_p80,snp_mask_sf2p0,simulation_noise_prune_mask_only,dm2seql,1,0.0,80,0.8,0.1078044999153171,0.615442239795719,0.17516590988473615,0.07496294526027726,52326.0,1.1942145824432373,2.0,1.9167807134820256,
noisenec_dm2seql_netseed2_snp_mask_sf0p001_p50,snp_mask_sf0p001,simulation_noise_prune_mask_only,dm2seql,2,0.0,50,0.5,0.4861511002253866,0.5528095157444923,0.879418834841629,0.8628830689466039,130816.0,0.3678312003612518,0.001,0.000583146349648,
noisenec_dm2seql_netseed2_snp_mask_sf0p001_p60,snp_mask_sf0p001,simulation_noise_prune_mask_only,dm2seql,2,0.0,60,0.6,0.4169326576077752,0.5528095157444923,0.7542067307692308,0.7205001402479442,104653.0,0.3007343113422394,0.001,0.000583146349648,
noisenec_dm2seql_netseed2_snp_mask_sf0p001_p70,snp_mask_sf0p001,simulation_noise_prune_mask_only,dm2seql,2,0.0,70,0.7,0.3060176921974543,0.5528095157444923,0.5535680618401206,0.492347107408486,78490.0,0.2167903333902359,0.001,0.000583146349648,
noisenec_dm2seql_netseed2_snp_mask_sf0p001_p80,snp_mask_sf0p001,simulation_noise_prune_mask_only,dm2seql,2,0.0,80,0.8,0.1749351850645543,0.5528095157444923,0.3164474924585218,0.22270926869183494,52326.0,0.0866532623767852,0.001,0.000583146349648,
noisenec_dm2seql_netseed2_snp_mask_sf0p25_p50,snp_mask_sf0p25,simulation_noise_prune_mask_only,dm2seql,2,0.0,50,0.5,0.5025828263220292,0.5528095157444923,0.9091428638763197,0.8966832701175402,130816.0,0.4033494591712951,0.25,0.1457865874120202,
noisenec_dm2seql_netseed2_snp_mask_sf0p25_p60,snp_mask_sf0p25,simulation_noise_prune_mask_only,dm2seql,2,0.0,60,0.6,0.4466139896035541,0.5528095157444923,0.8078985199849171,0.7815548941172688,104653.0,0.3607588112354278,0.25,0.1457865874120202,
noisenec_dm2seql_netseed2_snp_mask_sf0p25_p70,snp_mask_sf0p25,simulation_noise_prune_mask_only,dm2seql,2,0.0,70,0.7,0.341678934820277,0.5528095157444923,0.6180771587481148,0.5657025886018621,78490.0,0.2040501832962036,0.25,0.1457865874120202,
noisenec_dm2seql_netseed2_snp_mask_sf0p25_p80,snp_mask_sf0p25,simulation_noise_prune_mask_only,dm2seql,2,0.0,80,0.8,0.1867679820732962,0.5528095157444923,0.3378523284313725,0.2470494333804399,52326.0,0.0443182401359081,0.25,0.1457865874120202,
noisenec_dm2seql_netseed2_snp_mask_sf0p5_p50,snp_mask_sf0p5,simulation_noise_prune_mask_only,dm2seql,2,0.0,50,0.5,0.5295803640058887,0.5528095157444923,0.957979826546003,0.9522174361246546,130816.0,0.5078392028808594,0.5,0.2915731748240405,
noisenec_dm2seql_netseed2_snp_mask_sf0p5_p60,snp_mask_sf0p5,simulation_noise_prune_mask_only,dm2seql,2,0.0,60,0.6,0.4955736936044921,0.5528095157444923,0.8964637537707392,0.8822654241473015,104653.0,0.3101745843887329,0.5,0.2915731748240405,
noisenec_dm2seql_netseed2_snp_mask_sf0p5_p70,snp_mask_sf0p5,simulation_noise_prune_mask_only,dm2seql,2,0.0,70,0.7,0.4114413017705225,0.5528095157444923,0.7442731900452488,0.7092043743065766,78490.0,0.235150545835495,0.5,0.2915731748240405,
noisenec_dm2seql_netseed2_snp_mask_sf0p5_p80,snp_mask_sf0p5,simulation_noise_prune_mask_only,dm2seql,2,0.0,80,0.8,0.2228428677514754,0.5528095157444923,0.403109681372549,0.3212557818778216,52326.0,0.0900911539793014,0.5,0.2915731748240405,
noisenec_dm2seql_netseed2_snp_mask_sf1p0_p50,snp_mask_sf1p0,simulation_noise_prune_mask_only,dm2seql,2,0.0,50,0.5,0.5632841304376148,0.5528095157444923,1.0189479638009051,1.0215463720447437,130816.0,0.5743582248687744,1.0,0.5831463496480811,
noisenec_dm2seql_netseed2_snp_mask_sf1p0_p60,snp_mask_sf1p0,simulation_noise_prune_mask_only,dm2seql,2,0.0,60,0.6,0.5372604453014057,0.5528095157444923,0.9718726432880844,0.968015429060446,104653.0,0.3876637816429138,1.0,0.5831463496480811,
noisenec_dm2seql_netseed2_snp_mask_sf1p0_p70,snp_mask_sf1p0,simulation_noise_prune_mask_only,dm2seql,2,0.0,70,0.7,0.4365269617103326,0.5528095157444923,0.7896516779788839,0.7608057914361211,78490.0,0.2253801971673965,1.0,0.5831463496480811,
noisenec_dm2seql_netseed2_snp_mask_sf1p0_p80,snp_mask_sf1p0,simulation_noise_prune_mask_only,dm2seql,2,0.0,80,0.8,0.2174361947444532,0.5528095157444923,0.3933293269230768,0.310134209242786,52326.0,0.082383818924427,1.0,0.5831463496480811,
noisenec_dm2seql_netseed2_snp_mask_sf2p0_p50,snp_mask_sf2p0,simulation_noise_prune_mask_only,dm2seql,2,0.0,50,0.5,0.5113996117617937,0.5528095157444923,0.925091911764706,0.9148194732037097,130816.0,0.7219648957252502,2.0,1.1662926992961622,
noisenec_dm2seql_netseed2_snp_mask_sf2p0_p60,snp_mask_sf2p0,simulation_noise_prune_mask_only,dm2seql,2,0.0,60,0.6,0.4345206300402569,0.5528095157444923,0.7860223416289593,0.7566787500245657,104653.0,0.5288447737693787,2.0,1.1662926992961622,
noisenec_dm2seql_netseed2_snp_mask_sf2p0_p70,snp_mask_sf2p0,simulation_noise_prune_mask_only,dm2seql,2,0.0,70,0.7,0.2899996091561682,0.5528095157444923,0.5245922888386124,0.4593977735415555,78490.0,0.3650622367858886,2.0,1.1662926992961622,
noisenec_dm2seql_netseed2_snp_mask_sf2p0_p80,snp_mask_sf2p0,simulation_noise_prune_mask_only,dm2seql,2,0.0,80,0.8,0.1416971741990958,0.5528095157444923,0.25632187971342374,0.15433839595657128,52326.0,0.1303903609514236,2.0,1.1662926992961622,
noisenec_dmsintseq_netseed0_snp_rescale_sf0p001_p50,snp_rescale_sf0p001,simulation_noise_prune_rescale,dmsintseq,0,0.0,50,0.5,0.0685532292591239,0.8641139769226753,0.07933354984403676,0.002365752029248901,105583.0,2.817690849304199,0.001,0.0016469923952815,0.001
noisenec_dmsintseq_netseed0_snp_rescale_sf0p001_p60,snp_rescale_sf0p001,simulation_noise_prune_rescale,dmsintseq,0,0.0,60,0.6,0.0369850676134287,0.8641139769226753,0.04280114498916187,-0.037220765148369646,90959.0,2.617778778076172,0.001,0.0016469923952815,0.001
noisenec_dmsintseq_netseed0_snp_rescale_sf0p001_p70,snp_rescale_sf0p001,simulation_noise_prune_rescale,dmsintseq,0,0.0,70,0.7,0.030034459353626,0.8641139769226753,0.03475752059998633,-0.04593683725797562,73078.0,3.145749807357788,0.001,0.0016469923952815,0.001
noisenec_dmsintseq_netseed0_snp_rescale_sf0p001_p80,snp_rescale_sf0p001,simulation_noise_prune_rescale,dmsintseq,0,0.0,80,0.8,0.016890304390957,0.8641139769226753,0.019546384900644212,-0.06241962526618806,51363.0,4.448567867279053,0.001,0.0016469923952815,0.001
noisenec_dmsintseq_netseed0_snp_rescale_sf0p25_p50,snp_rescale_sf0p25,simulation_noise_prune_rescale,dmsintseq,0,0.0,50,0.5,0.6252610557092884,0.8641139769226753,0.7235863235727287,0.7004781154297118,114912.0,2.8003039360046387,0.25,0.4117480988203899,0.25
noisenec_dmsintseq_netseed0_snp_rescale_sf0p25_p60,snp_rescale_sf0p25,simulation_noise_prune_rescale,dmsintseq,0,0.0,60,0.6,0.414523834386258,0.8641139769226753,0.47970967425209393,0.4362133563506747,96939.0,2.7571051120758057,0.25,0.4117480988203899,0.25
noisenec_dmsintseq_netseed0_snp_rescale_sf0p25_p70,snp_rescale_sf0p25,simulation_noise_prune_rescale,dmsintseq,0,0.0,70,0.7,0.1655288988670182,0.8641139769226753,0.19155910364568773,0.12397337219510247,75815.0,2.872584819793701,0.25,0.4117480988203899,0.25
noisenec_dmsintseq_netseed0_snp_rescale_sf0p25_p80,snp_rescale_sf0p25,simulation_noise_prune_rescale,dmsintseq,0,0.0,80,0.8,0.0511408134495901,0.8641139769226753,0.05918294902683469,-0.0194694408237357,52079.0,2.777442216873169,0.25,0.4117480988203899,0.25
noisenec_dmsintseq_netseed0_snp_rescale_sf0p5_p50,snp_rescale_sf0p5,simulation_noise_prune_rescale,dmsintseq,0,0.0,50,0.5,0.8275922831932334,0.8641139769226753,0.9577350966367831,0.9542017469245496,121895.0,2.848132610321045,0.5,0.8234961976407797,0.5
noisenec_dmsintseq_netseed0_snp_rescale_sf0p5_p60,snp_rescale_sf0p5,simulation_noise_prune_rescale,dmsintseq,0,0.0,60,0.6,0.6156542056074766,0.8641139769226753,0.7124687507080655,0.6884311124763411,100933.0,2.8832433223724365,0.5,0.8234961976407797,0.5
noisenec_dmsintseq_netseed0_snp_rescale_sf0p5_p70,snp_rescale_sf0p5,simulation_noise_prune_rescale,dmsintseq,0,0.0,70,0.7,0.2048569414713099,0.8641139769226753,0.2370716675604026,0.1732907905354641,77429.0,2.9352197647094727,0.5,0.8234961976407797,0.5
noisenec_dmsintseq_netseed0_snp_rescale_sf0p5_p80,snp_rescale_sf0p5,simulation_noise_prune_rescale,dmsintseq,0,0.0,80,0.8,0.0898619015297864,0.8641139769226753,0.10399311193855118,0.029086855726773032,52348.0,2.8214070796966553,0.5,0.8234961976407797,0.5
noisenec_dmsintseq_netseed0_snp_rescale_sf1p0_p50,snp_rescale_sf1p0,simulation_noise_prune_rescale,dmsintseq,0,0.0,50,0.5,0.8455659687777372,0.8641139769226753,0.9785352295642847,0.9767407728305164,125134.0,2.8360116481781006,1.0,1.6469923952815595,1.0
noisenec_dmsintseq_netseed0_snp_rescale_sf1p0_p60,snp_rescale_sf1p0,simulation_noise_prune_rescale,dmsintseq,0,0.0,60,0.6,0.5739897144050541,0.8641139769226753,0.6642523205667545,0.6361837844503092,102580.0,2.883023977279663,1.0,1.6469923952815595,1.0
noisenec_dmsintseq_netseed0_snp_rescale_sf1p0_p70,snp_rescale_sf1p0,simulation_noise_prune_rescale,dmsintseq,0,0.0,70,0.7,0.2202983866757166,0.8641139769226753,0.2549413532925991,0.19265438359774362,77964.0,2.8258559703826904,1.0,1.6469923952815595,1.0
noisenec_dmsintseq_netseed0_snp_rescale_sf1p0_p80,snp_rescale_sf1p0,simulation_noise_prune_rescale,dmsintseq,0,0.0,80,0.8,0.1192633007883882,0.8641139769226753,0.13801802073971128,0.06595624995566939,52360.0,2.884140729904175,1.0,1.6469923952815595,1.0
noisenec_dmsintseq_netseed0_snp_rescale_sf2p0_p50,snp_rescale_sf2p0,simulation_noise_prune_rescale,dmsintseq,0,0.0,50,0.5,0.8256669973372318,0.8641139769226753,0.9555070504444764,0.9517874358707151,125621.0,2.830716609954834,2.0,3.293984790563119,2.0
noisenec_dmsintseq_netseed0_snp_rescale_sf2p0_p60,snp_rescale_sf2p0,simulation_noise_prune_rescale,dmsintseq,0,0.0,60,0.6,0.5248198715605911,0.8641139769226753,0.6073502866249254,0.5745247353669563,102952.0,2.8645589351654053,2.0,3.293984790563119,2.0
noisenec_dmsintseq_netseed0_snp_rescale_sf2p0_p70,snp_rescale_sf2p0,simulation_noise_prune_rescale,dmsintseq,0,0.0,70,0.7,0.2615451887432778,0.8641139769226753,0.30267441070066387,0.2443779288866725,78180.0,2.780000925064087,2.0,3.293984790563119,2.0
noisenec_dmsintseq_netseed0_snp_rescale_sf2p0_p80,snp_rescale_sf2p0,simulation_noise_prune_rescale,dmsintseq,0,0.0,80,0.8,0.1028102647104892,0.8641139769226753,0.1189776666691842,0.045324120576968475,52349.0,2.7663071155548096,2.0,3.293984790563119,2.0
noisenec_dmsintseq_netseed1_snp_rescale_sf0p001_p50,snp_rescale_sf0p001,simulation_noise_prune_rescale,dmsintseq,1,0.0,50,0.5,0.1296272124471362,0.8851224351276562,0.14645116574007166,0.07692602118115618,108587.0,2.3283886909484863,0.001,0.0016590601888206,0.001
noisenec_dmsintseq_netseed1_snp_rescale_sf0p001_p60,snp_rescale_sf0p001,simulation_noise_prune_rescale,dmsintseq,1,0.0,60,0.6,0.0838967785725473,0.8851224351276562,0.09478550677618668,0.02105197686892702,93451.0,2.7010231018066406,0.001,0.0016590601888206,0.001
noisenec_dmsintseq_netseed1_snp_rescale_sf0p001_p70,snp_rescale_sf0p001,simulation_noise_prune_rescale,dmsintseq,1,0.0,70,0.7,0.0371547538244661,0.8851224351276562,0.041976965389096114,-0.03605804244949519,74788.0,2.924400568008423,0.001,0.0016590601888206,0.001
noisenec_dmsintseq_netseed1_snp_rescale_sf0p001_p80,snp_rescale_sf0p001,simulation_noise_prune_rescale,dmsintseq,1,0.0,80,0.8,0.0323382759880958,0.8851224351276562,0.0365353703676394,-0.04194287828543428,51872.0,3.844351053237915,0.001,0.0016590601888206,0.001
noisenec_dmsintseq_netseed1_snp_rescale_sf0p25_p50,snp_rescale_sf0p25,simulation_noise_prune_rescale,dmsintseq,1,0.0,50,0.5,0.516733670965384,0.8851224351276562,0.5837990886434354,0.5498977729059394,117045.0,2.5822064876556396,0.25,0.414765047205169,0.25
noisenec_dmsintseq_netseed1_snp_rescale_sf0p25_p60,snp_rescale_sf0p25,simulation_noise_prune_rescale,dmsintseq,1,0.0,60,0.6,0.3473346212081658,0.8851224351276562,0.39241421008390964,0.34292379057852135,99009.0,2.640587329864502,0.25,0.414765047205169,0.25
noisenec_dmsintseq_netseed1_snp_rescale_sf0p25_p70,snp_rescale_sf0p25,simulation_noise_prune_rescale,dmsintseq,1,0.0,70,0.7,0.2114681773090377,0.8851224351276562,0.2389140404949049,0.17692038619833217,77045.0,2.552334785461426,0.25,0.414765047205169,0.25
noisenec_dmsintseq_netseed1_snp_rescale_sf0p25_p80,snp_rescale_sf0p25,simulation_noise_prune_rescale,dmsintseq,1,0.0,80,0.8,0.0939213178092204,0.8851224351276562,0.10611110291840548,0.03330009047868637,52329.0,2.4181196689605713,0.25,0.414765047205169,0.25
noisenec_dmsintseq_netseed1_snp_rescale_sf0p5_p50,snp_rescale_sf0p5,simulation_noise_prune_rescale,dmsintseq,1,0.0,50,0.5,0.6076724272959849,0.8851224351276562,0.6865405317721314,0.6610079389465559,123175.0,2.6561386585235596,0.5,0.829530094410338,0.5
noisenec_dmsintseq_netseed1_snp_rescale_sf0p5_p60,snp_rescale_sf0p5,simulation_noise_prune_rescale,dmsintseq,1,0.0,60,0.6,0.4129575001305278,0.8851224351276562,0.46655409889251,0.42310268533511664,102347.0,2.565354585647583,0.5,0.829530094410338,0.5
noisenec_dmsintseq_netseed1_snp_rescale_sf0p5_p70,snp_rescale_sf0p5,simulation_noise_prune_rescale,dmsintseq,1,0.0,70,0.7,0.3311295880540907,0.8851224351276562,0.3741059710076536,0.32312426838253666,78192.0,2.5011563301086426,0.5,0.829530094410338,0.5
noisenec_dmsintseq_netseed1_snp_rescale_sf0p5_p80,snp_rescale_sf0p5,simulation_noise_prune_rescale,dmsintseq,1,0.0,80,0.8,0.1527698010755495,0.8851224351276562,0.1725973662090221,0.10520193970993658,52429.0,2.6016664505004883,0.5,0.829530094410338,0.5
noisenec_dmsintseq_netseed1_snp_rescale_sf1p0_p50,snp_rescale_sf1p0,simulation_noise_prune_rescale,dmsintseq,1,0.0,50,0.5,0.8457682869524357,0.8851224351276562,0.9555381870198051,0.951916585242937,126384.0,2.6126303672790527,1.0,1.659060188820676,1.0
noisenec_dmsintseq_netseed1_snp_rescale_sf1p0_p60,snp_rescale_sf1p0,simulation_noise_prune_rescale,dmsintseq,1,0.0,60,0.6,0.5294666631859238,0.8851224351276562,0.59818466030585,0.5654551099193772,103700.0,2.609474420547486,1.0,1.659060188820676,1.0
noisenec_dmsintseq_netseed1_snp_rescale_sf1p0_p70,snp_rescale_sf1p0,simulation_noise_prune_rescale,dmsintseq,1,0.0,70,0.7,0.2642862736908056,0.8851224351276562,0.298587249856218,0.24145422958621152,78590.0,2.433082103729248,1.0,1.659060188820676,1.0
noisenec_dmsintseq_netseed1_snp_rescale_sf1p0_p80,snp_rescale_sf1p0,simulation_noise_prune_rescale,dmsintseq,1,0.0,80,0.8,0.2121860805095807,0.8851224351276562,0.23972511834363153,0.17779752975111449,52391.0,2.390871524810791,1.0,1.659060188820676,1.0
noisenec_dmsintseq_netseed1_snp_rescale_sf2p0_p50,snp_rescale_sf2p0,simulation_noise_prune_rescale,dmsintseq,1,0.0,50,0.5,0.8386023077324701,0.8851224351276562,0.9474421554025159,0.9431610977797105,126819.0,2.637751340866089,2.0,3.318120377641352,2.0
noisenec_dmsintseq_netseed1_snp_rescale_sf2p0_p60,snp_rescale_sf2p0,simulation_noise_prune_rescale,dmsintseq,1,0.0,60,0.6,0.5665626794758002,0.8851224351276562,0.6400952647800505,0.6107795095013254,103780.0,2.6167690753936768,2.0,3.318120377641352,2.0
noisenec_dmsintseq_netseed1_snp_rescale_sf2p0_p70,snp_rescale_sf2p0,simulation_noise_prune_rescale,dmsintseq,1,0.0,70,0.7,0.3380018796011069,0.8851224351276562,0.38187019805046385,0.3315209243923522,78584.0,2.4690001010894775,2.0,3.318120377641352,2.0
noisenec_dmsintseq_netseed1_snp_rescale_sf2p0_p80,snp_rescale_sf2p0,simulation_noise_prune_rescale,dmsintseq,1,0.0,80,0.8,0.211539967629092,0.8851224351276562,0.23899514827977758,0.17700810055361044,52394.0,2.2838685512542725,2.0,3.318120377641352,2.0
noisenec_dmsintseq_netseed2_snp_rescale_sf0p001_p50,snp_rescale_sf0p001,simulation_noise_prune_rescale,dmsintseq,2,0.0,50,0.5,0.0853717433300266,0.9267412415809534,0.09212036704483832,0.021748203247635878,103919.0,2.9777731895446777,0.001,0.0018310358440564,0.001
noisenec_dmsintseq_netseed2_snp_rescale_sf0p001_p60,snp_rescale_sf0p001,simulation_noise_prune_rescale,dmsintseq,2,0.0,60,0.6,0.046141596616718,0.9267412415809534,0.049789083021711415,-0.023864291130794267,89541.0,3.094396591186523,0.001,0.0018310358440564,0.001
noisenec_dmsintseq_netseed2_snp_rescale_sf0p001_p70,snp_rescale_sf0p001,simulation_noise_prune_rescale,dmsintseq,2,0.0,70,0.7,0.0246501853495535,0.9267412415809534,0.026598778864639787,-0.04885213741064307,72045.0,3.703263521194458,0.001,0.0018310358440564,0.001
noisenec_dmsintseq_netseed2_snp_rescale_sf0p001_p80,snp_rescale_sf0p001,simulation_noise_prune_rescale,dmsintseq,2,0.0,80,0.8,0.0148344906803111,0.9267412415809534,0.016007154979964563,-0.06026474621868814,50862.0,4.233984470367432,0.001,0.0018310358440564,0.001
noisenec_dmsintseq_netseed2_snp_rescale_sf0p25_p50,snp_rescale_sf0p25,simulation_noise_prune_rescale,dmsintseq,2,0.0,50,0.5,0.4564950660470944,0.9267412415809534,0.4925809336685469,0.4532495329480903,116139.0,3.190940618515014,0.25,0.4577589610141236,0.25
noisenec_dmsintseq_netseed2_snp_rescale_sf0p25_p60,snp_rescale_sf0p25,simulation_noise_prune_rescale,dmsintseq,2,0.0,60,0.6,0.3304965279590665,0.9267412415809534,0.3566222297340122,0.3067523084480117,97581.0,3.0907742977142334,0.25,0.4577589610141236,0.25
noisenec_dmsintseq_netseed2_snp_rescale_sf0p25_p70,snp_rescale_sf0p25,simulation_noise_prune_rescale,dmsintseq,2,0.0,70,0.7,0.2103717433300266,0.9267412415809534,0.22700159860280703,0.1670844376229599,75923.0,3.1414687633514404,0.25,0.4577589610141236,0.25
noisenec_dmsintseq_netseed2_snp_rescale_sf0p25_p80,snp_rescale_sf0p25,simulation_noise_prune_rescale,dmsintseq,2,0.0,80,0.8,0.1025948937503263,0.9267412415809534,0.11070500496482366,0.041773385856964974,51882.0,3.0279338359832764,0.25,0.4577589610141236,0.25
noisenec_dmsintseq_netseed2_snp_rescale_sf0p5_p50,snp_rescale_sf0p5,simulation_noise_prune_rescale,dmsintseq,2,0.0,50,0.5,0.6570967994570042,0.9267412415809534,0.7090402045084825,0.6864871372917617,121841.0,3.254957914352417,0.5,0.9155179220282472,0.5
noisenec_dmsintseq_netseed2_snp_rescale_sf0p5_p60,snp_rescale_sf0p5,simulation_noise_prune_rescale,dmsintseq,2,0.0,60,0.6,0.4938390852607947,0.9267412415809534,0.5328769920914936,0.49666904597976186,100795.0,3.1155569553375244,0.5,0.9155179220282472,0.5
noisenec_dmsintseq_netseed2_snp_rescale_sf0p5_p70,snp_rescale_sf0p5,simulation_noise_prune_rescale,dmsintseq,2,0.0,70,0.7,0.2447201482796428,0.9267412415809534,0.2640652398960555,0.20702098028036764,77306.0,3.0446293354034424,0.5,0.9155179220282472,0.5
noisenec_dmsintseq_netseed2_snp_rescale_sf0p5_p80,snp_rescale_sf0p5,simulation_noise_prune_rescale,dmsintseq,2,0.0,80,0.8,0.159935780295515,0.9267412415809534,0.17257868013155014,0.10844305406672827,52286.0,3.245230913162231,0.5,0.9155179220282472,0.5
noisenec_dmsintseq_netseed2_snp_rescale_sf1p0_p50,snp_rescale_sf1p0,simulation_noise_prune_rescale,dmsintseq,2,0.0,50,0.5,0.7644102751527176,0.9267412415809534,0.8248367946253143,0.8112594289345045,124130.0,3.249925136566162,1.0,1.8310358440564944,1.0
noisenec_dmsintseq_netseed2_snp_rescale_sf1p0_p60,snp_rescale_sf1p0,simulation_noise_prune_rescale,dmsintseq,2,0.0,60,0.6,0.5613807236464261,0.9267412415809534,0.6057577870266692,0.575199025071822,102058.0,3.1560633182525635,1.0,1.8310358440564944,1.0
noisenec_dmsintseq_netseed2_snp_rescale_sf1p0_p70,snp_rescale_sf1p0,simulation_noise_prune_rescale,dmsintseq,2,0.0,70,0.7,0.3162102542682608,0.9267412415809534,0.34120662821569164,0.29014180267619605,77732.0,3.0996170043945312,1.0,1.8310358440564944,1.0
noisenec_dmsintseq_netseed2_snp_rescale_sf1p0_p80,snp_rescale_sf1p0,simulation_noise_prune_rescale,dmsintseq,2,0.0,80,0.8,0.1567443742494648,0.9267412415809534,0.16913499390840778,0.10473243856996366,52396.0,3.4168126583099365,1.0,1.8310358440564944,1.0
noisenec_dmsintseq_netseed2_snp_rescale_sf2p0_p50,snp_rescale_sf2p0,simulation_noise_prune_rescale,dmsintseq,2,0.0,50,0.5,0.7538636244974678,0.9267412415809534,0.8134564327917803,0.7989969450024561,124488.0,3.2158331871032715,2.0,3.662071688112989,2.0
noisenec_dmsintseq_netseed2_snp_rescale_sf2p0_p60,snp_rescale_sf2p0,simulation_noise_prune_rescale,dmsintseq,2,0.0,60,0.6,0.5223594215005483,0.9267412415809534,0.5636518567032163,0.5298293521573929,102286.0,3.178802728652954,2.0,3.662071688112989,2.0
noisenec_dmsintseq_netseed2_snp_rescale_sf2p0_p70,snp_rescale_sf2p0,simulation_noise_prune_rescale,dmsintseq,2,0.0,70,0.7,0.3554012426251762,0.9267412415809534,0.38349565842012967,0.33570876803012606,77893.0,3.1821324825286865,2.0,3.662071688112989,2.0
noisenec_dmsintseq_netseed2_snp_rescale_sf2p0_p80,snp_rescale_sf2p0,simulation_noise_prune_rescale,dmsintseq,2,0.0,80,0.8,0.1566725839294105,0.9267412415809534,0.16905752857414486,0.10464896869171332,52429.0,3.436617851257324,2.0,3.662071688112989,2.0
noisenec_dmsintseq_netseed0_snp_mask_sf0p001_p50,snp_mask_sf0p001,simulation_noise_prune_mask_only,dmsintseq,0,0.0,50,0.5,5.2211141857672424e-05,0.8641139769226753,6.0421591655778186e-05,-0.08353461685565583,130816.0,2.7708165645599365,0.001,0.0016469923952815,
noisenec_dmsintseq_netseed0_snp_mask_sf0p001_p60,snp_mask_sf0p001,simulation_noise_prune_mask_only,dmsintseq,0,0.0,60,0.6,0.0003197932438782,0.8641139769226753,0.0003700822488915909,-0.08319906853969924,104653.0,2.6757991313934326,0.001,0.0016469923952815,
noisenec_dmsintseq_netseed0_snp_mask_sf0p001_p70,snp_mask_sf0p001,simulation_noise_prune_mask_only,dmsintseq,0,0.0,70,0.7,0.0260859917506395,0.8641139769226753,0.03018813773101808,-0.05088822094465319,78490.0,2.5486795902252197,0.001,0.0016469923952815,
noisenec_dmsintseq_netseed0_snp_mask_sf0p001_p80,snp_mask_sf0p001,simulation_noise_prune_mask_only,dmsintseq,0,0.0,80,0.8,0.0542408499973894,0.8641139769226753,0.06277048103139651,-0.015581990821798796,52326.0,2.298543691635132,0.001,0.0016469923952815,
noisenec_dmsintseq_netseed0_snp_mask_sf0p25_p50,snp_mask_sf0p25,simulation_noise_prune_mask_only,dmsintseq,0,0.0,50,0.5,0.008680102333838,0.8641139769226753,0.010045089612773075,-0.07271522969237044,130816.0,1.9324158430099487,0.25,0.4117480988203899,
noisenec_dmsintseq_netseed0_snp_mask_sf0p25_p60,snp_mask_sf0p25,simulation_noise_prune_mask_only,dmsintseq,0,0.0,60,0.6,0.0003785307784681,0.8641139769226753,0.0004380565395043628,-0.0831254115922941,104653.0,2.12793493270874,0.25,0.4117480988203899,
noisenec_dmsintseq_netseed0_snp_mask_sf0p25_p70,snp_mask_sf0p25,simulation_noise_prune_mask_only,dmsintseq,0,0.0,70,0.7,0.0014749647574792,0.8641139769226753,0.0017069099642756807,-0.08175048190739853,78490.0,2.3034451007843018,0.25,0.4117480988203899,
noisenec_dmsintseq_netseed0_snp_mask_sf0p25_p80,snp_mask_sf0p25,simulation_noise_prune_mask_only,dmsintseq,0,0.0,80,0.8,0.0406529003289301,0.8641139769226753,0.04704576180298018,-0.03262129798818336,52326.0,2.275696039199829,0.25,0.4117480988203899,
noisenec_dmsintseq_netseed0_snp_mask_sf0p5_p50,snp_mask_sf0p5,simulation_noise_prune_mask_only,dmsintseq,0,0.0,50,0.5,0.1504594580483475,0.8641139769226753,0.1741199217540388,0.10507627313305554,130816.0,2.233410120010376,0.5,0.8234961976407797,
noisenec_dmsintseq_netseed0_snp_mask_sf0p5_p60,snp_mask_sf0p5,simulation_noise_prune_mask_only,dmsintseq,0,0.0,60,0.6,0.0159113454811256,0.8641139769226753,0.018413480057098322,-0.06364724105627344,104653.0,2.049288749694824,0.5,0.8234961976407797,
noisenec_dmsintseq_netseed0_snp_mask_sf0p5_p70,snp_mask_sf0p5,simulation_noise_prune_mask_only,dmsintseq,0,0.0,70,0.7,0.0003720043857359,0.8641139769226753,0.000430503840547401,-0.08313359569756132,78490.0,1.994741439819336,0.5,0.8234961976407797,
noisenec_dmsintseq_netseed0_snp_mask_sf0p5_p80,snp_mask_sf0p5,simulation_noise_prune_mask_only,dmsintseq,0,0.0,80,0.8,0.0001696862110374,0.8641139769226753,0.00019637017288123818,-0.08338730296084565,52326.0,2.145995855331421,0.5,0.8234961976407797,
noisenec_dmsintseq_netseed0_snp_mask_sf1p0_p50,snp_mask_sf1p0,simulation_noise_prune_mask_only,dmsintseq,0,0.0,50,0.5,0.7170743486660053,0.8641139769226753,0.8298376924994146,0.8156121083291821,130816.0,2.4769434928894043,1.0,1.6469923952815595,
noisenec_dmsintseq_netseed0_snp_mask_sf1p0_p60,snp_mask_sf1p0,simulation_noise_prune_mask_only,dmsintseq,0,0.0,60,0.6,0.4740641152822012,0.8641139769226753,0.548612946836552,0.510876948703665,104653.0,2.276267766952514,1.0,1.6469923952815595,
noisenec_dmsintseq_netseed0_snp_mask_sf1p0_p70,snp_mask_sf1p0,simulation_noise_prune_mask_only,dmsintseq,0,0.0,70,0.7,0.0044509998433665,0.8641139769226753,0.005150940688655004,-0.07801852990553915,78490.0,2.1462252140045166,1.0,1.6469923952815595,
noisenec_dmsintseq_netseed0_snp_mask_sf1p0_p80,snp_mask_sf1p0,simulation_noise_prune_mask_only,dmsintseq,0,0.0,80,0.8,0.0,0.8641139769226753,0.0,-0.08360008969779373,52326.0,1.984235763549805,1.0,1.6469923952815595,
noisenec_dmsintseq_netseed0_snp_mask_sf2p0_p50,snp_mask_sf2p0,simulation_noise_prune_mask_only,dmsintseq,0,0.0,50,0.5,0.841160653683496,0.8641139769226753,0.9734371577683284,0.9712165017751323,130816.0,2.579230546951294,2.0,3.293984790563119,
noisenec_dmsintseq_netseed0_snp_mask_sf2p0_p60,snp_mask_sf2p0,simulation_noise_prune_mask_only,dmsintseq,0,0.0,60,0.6,0.3691719312901373,0.8641139769226753,0.42722596920009365,0.3793420088486546,104653.0,2.4090323448181152,2.0,3.293984790563119,
noisenec_dmsintseq_netseed0_snp_mask_sf2p0_p70,snp_mask_sf2p0,simulation_noise_prune_mask_only,dmsintseq,0,0.0,70,0.7,0.0047446875163159,0.8641139769226753,0.005490812141718748,-0.07765024516851356,78490.0,2.219850540161133,2.0,3.293984790563119,
noisenec_dmsintseq_netseed0_snp_mask_sf2p0_p80,snp_mask_sf2p0,simulation_noise_prune_mask_only,dmsintseq,0,0.0,80,0.8,0.0,0.8641139769226753,0.0,-0.08360008969779373,52326.0,2.070167303085327,2.0,3.293984790563119,
noisenec_dmsintseq_netseed1_snp_mask_sf0p001_p50,snp_mask_sf0p001,simulation_noise_prune_mask_only,dmsintseq,1,0.0,50,0.5,0.0006395864877564,0.8851224351276562,0.0007225966288654247,-0.08067275315691949,130816.0,1.9311802387237549,0.001,0.0016590601888206,
noisenec_dmsintseq_netseed1_snp_mask_sf0p001_p60,snp_mask_sf0p001,simulation_noise_prune_mask_only,dmsintseq,1,0.0,60,0.6,0.0010376964444212,0.8851224351276562,0.0011723761631593247,-0.08018633718674019,104653.0,1.7511179447174072,0.001,0.0016590601888206,
noisenec_dmsintseq_netseed1_snp_mask_sf0p001_p70,snp_mask_sf0p001,simulation_noise_prune_mask_only,dmsintseq,1,0.0,70,0.7,0.0258118832558868,0.8851224351276562,0.029161935379215752,-0.049916910583454634,78490.0,1.6303558349609375,0.001,0.0016590601888206,
noisenec_dmsintseq_netseed1_snp_mask_sf0p001_p80,snp_mask_sf0p001,simulation_noise_prune_mask_only,dmsintseq,1,0.0,80,0.8,0.0477731947997702,0.8851224351276562,0.05397354411526146,-0.023084291900616002,52326.0,1.4238238334655762,0.001,0.0016590601888206,
noisenec_dmsintseq_netseed1_snp_mask_sf0p25_p50,snp_mask_sf0p25,simulation_noise_prune_mask_only,dmsintseq,1,0.0,50,0.5,0.0040006787448441,0.8851224351276562,0.004519915647903676,-0.07656612652343894,130816.0,1.826347827911377,0.25,0.414765047205169,
noisenec_dmsintseq_netseed1_snp_mask_sf0p25_p60,snp_mask_sf0p25,simulation_noise_prune_mask_only,dmsintseq,1,0.0,60,0.6,0.0013379105101028,0.8851224351276562,0.0015115541726267968,-0.07981953170103126,104653.0,1.6929911375045776,0.25,0.414765047205169,
noisenec_dmsintseq_netseed1_snp_mask_sf0p25_p70,snp_mask_sf0p25,simulation_noise_prune_mask_only,dmsintseq,1,0.0,70,0.7,0.0146582780765415,0.8851224351276562,0.016560734983999608,-0.06354453178077157,78490.0,1.552031636238098,0.25,0.414765047205169,
noisenec_dmsintseq_netseed1_snp_mask_sf0p25_p80,snp_mask_sf0p25,simulation_noise_prune_mask_only,dmsintseq,1,0.0,80,0.8,0.042304077690179,0.8851224351276562,0.047794605594962375,-0.02976653096635713,52326.0,1.3216813802719116,0.25,0.414765047205169,
noisenec_dmsintseq_netseed1_snp_mask_sf0p5_p50,snp_mask_sf0p5,simulation_noise_prune_mask_only,dmsintseq,1,0.0,50,0.5,0.0335065002871612,0.8851224351276562,0.03785521523056722,-0.04051552650408865,130816.0,2.1768102645874023,0.5,0.829530094410338,
noisenec_dmsintseq_netseed1_snp_mask_sf0p5_p60,snp_mask_sf0p5,simulation_noise_prune_mask_only,dmsintseq,1,0.0,60,0.6,0.0052537461494282,0.8851224351276562,0.0059356151656809845,-0.07503511232221906,104653.0,2.0049691200256348,0.5,0.829530094410338,
noisenec_dmsintseq_netseed1_snp_mask_sf0p5_p70,snp_mask_sf0p5,simulation_noise_prune_mask_only,dmsintseq,1,0.0,70,0.7,0.0014749647574792,0.8851224351276562,0.0016663963073837058,-0.07965207702277283,78490.0,1.7781429290771484,0.5,0.829530094410338,
noisenec_dmsintseq_netseed1_snp_mask_sf0p5_p80,snp_mask_sf0p5,simulation_noise_prune_mask_only,dmsintseq,1,0.0,80,0.8,0.0195465462329661,0.8851224351276562,0.022083437790328987,-0.05757198158955425,52326.0,1.516584396362305,0.5,0.829530094410338,
noisenec_dmsintseq_netseed1_snp_mask_sf1p0_p50,snp_mask_sf1p0,simulation_noise_prune_mask_only,dmsintseq,1,0.0,50,0.5,0.7865216937294419,0.8851224351276562,0.8886021441948947,0.8795283200415076,130816.0,2.448519706726074,1.0,1.659060188820676,
noisenec_dmsintseq_netseed1_snp_mask_sf1p0_p60,snp_mask_sf1p0,simulation_noise_prune_mask_only,dmsintseq,1,0.0,60,0.6,0.1189891922936354,0.8851224351276562,0.13443246670894096,0.06392834853538283,104653.0,2.291912317276001,1.0,1.659060188820676,
noisenec_dmsintseq_netseed1_snp_mask_sf1p0_p70,snp_mask_sf1p0,simulation_noise_prune_mask_only,dmsintseq,1,0.0,70,0.7,0.0035960423954471,0.8851224351276562,0.004062762678621362,-0.07706051652591625,78490.0,2.070401906967163,1.0,1.659060188820676,
noisenec_dmsintseq_netseed1_snp_mask_sf1p0_p80,snp_mask_sf1p0,simulation_noise_prune_mask_only,dmsintseq,1,0.0,80,0.8,0.0001240014619119,0.8851224351276562,0.00014009526477996907,-0.0813027017084631,52326.0,1.8547219038009644,1.0,1.659060188820676,
noisenec_dmsintseq_netseed1_snp_mask_sf2p0_p50,snp_mask_sf2p0,simulation_noise_prune_mask_only,dmsintseq,1,0.0,50,0.5,0.7779786456429802,0.8851224351276562,0.8789503177950481,0.8690903117633989,130816.0,2.5058348178863525,2.0,3.318120377641352,
noisenec_dmsintseq_netseed1_snp_mask_sf2p0_p60,snp_mask_sf2p0,simulation_noise_prune_mask_only,dmsintseq,1,0.0,60,0.6,0.3226713830731478,0.8851224351276562,0.3645499992626565,0.3127899225243022,104653.0,2.374880790710449,2.0,3.318120377641352,
noisenec_dmsintseq_netseed1_snp_mask_sf2p0_p70,snp_mask_sf2p0,simulation_noise_prune_mask_only,dmsintseq,1,0.0,70,0.7,0.0035046728971962,0.8851224351276562,0.003959534588783461,-0.07717215297808849,78490.0,2.1615803241729736,2.0,3.318120377641352,
noisenec_dmsintseq_netseed1_snp_mask_sf2p0_p80,snp_mask_sf2p0,simulation_noise_prune_mask_only,dmsintseq,1,0.0,80,0.8,2.6105570928836212e-05,0.8851224351276562,2.9493739953694828e-05,-0.08142231219293332,52326.0,1.9307198524475095,2.0,3.318120377641352,
noisenec_dmsintseq_netseed2_snp_mask_sf0p001_p50,snp_mask_sf0p001,simulation_noise_prune_mask_only,dmsintseq,2,0.0,50,0.5,0.000156633425573,0.9267412415809534,0.00016901527475543738,-0.07733054223550548,130816.0,3.5369677543640137,0.001,0.0018310358440564,
noisenec_dmsintseq_netseed2_snp_mask_sf0p001_p60,snp_mask_sf0p001,simulation_noise_prune_mask_only,dmsintseq,2,0.0,60,0.6,2.6105570928836212e-05,0.9267412415809534,2.8169212459242667e-05,-0.07748230565050605,104653.0,3.545238971710205,0.001,0.0018310358440564,
noisenec_dmsintseq_netseed2_snp_mask_sf0p001_p70,snp_mask_sf0p001,simulation_noise_prune_mask_only,dmsintseq,2,0.0,70,0.7,0.0174711533441236,0.9267412415809534,0.01885224543834812,-0.057199125235675975,78490.0,3.3925938606262207,0.001,0.0018310358440564,
noisenec_dmsintseq_netseed2_snp_mask_sf0p001_p80,snp_mask_sf0p001,simulation_noise_prune_mask_only,dmsintseq,2,0.0,80,0.8,0.0496789014775753,0.9267412415809534,0.05360601130993879,-0.01975150258427803,52326.0,3.045919418334961,0.001,0.0018310358440564,
noisenec_dmsintseq_netseed2_snp_mask_sf0p25_p50,snp_mask_sf0p25,simulation_noise_prune_mask_only,dmsintseq,2,0.0,50,0.5,0.0330170208322456,0.9267412415809534,0.035627011457827165,-0.03912410250910454,130816.0,2.046937942504883,0.25,0.4577589610141236,
noisenec_dmsintseq_netseed2_snp_mask_sf0p25_p60,snp_mask_sf0p25,simulation_noise_prune_mask_only,dmsintseq,2,0.0,60,0.6,0.0029695086931551,0.9267412415809534,0.003204247917238833,-0.07406004064224256,104653.0,2.020355224609375,0.25,0.4577589610141236,
noisenec_dmsintseq_netseed2_snp_mask_sf0p25_p70,snp_mask_sf0p25,simulation_noise_prune_mask_only,dmsintseq,2,0.0,70,0.7,1.3052785464418106e-05,0.9267412415809534,1.4084606229621334e-05,-0.07749748199200611,78490.0,2.6007421016693115,0.25,0.4577589610141236,
noisenec_dmsintseq_netseed2_snp_mask_sf0p25_p80,snp_mask_sf0p25,simulation_noise_prune_mask_only,dmsintseq,2,0.0,80,0.8,0.0226726883516942,0.9267412415809534,0.024464961020852206,-0.05115135314790211,52326.0,2.7557919025421143,0.25,0.4577589610141236,
noisenec_dmsintseq_netseed2_snp_mask_sf0p5_p50,snp_mask_sf0p5,simulation_noise_prune_mask_only,dmsintseq,2,0.0,50,0.5,0.3498994935519239,0.9267412415809534,0.37755899689434425,0.3293119400878507,130816.0,2.619952440261841,0.5,0.9155179220282472,
noisenec_dmsintseq_netseed2_snp_mask_sf0p5_p60,snp_mask_sf0p5,simulation_noise_prune_mask_only,dmsintseq,2,0.0,60,0.6,0.0432960893854748,0.9267412415809534,0.046718638863653905,-0.0271727335778074,104653.0,2.3804712295532227,0.5,0.9155179220282472,
noisenec_dmsintseq_netseed2_snp_mask_sf0p5_p70,snp_mask_sf0p5,simulation_noise_prune_mask_only,dmsintseq,2,0.0,70,0.7,0.0015206495066047,0.9267412415809534,0.0016408566257508754,-0.0757446145487492,78490.0,2.2853550910949707,0.5,0.9155179220282472,
noisenec_dmsintseq_netseed2_snp_mask_sf0p5_p80,snp_mask_sf0p5,simulation_noise_prune_mask_only,dmsintseq,2,0.0,80,0.8,0.0,0.9267412415809534,0.0,-0.07751265833350617,52326.0,2.534870862960815,0.5,0.9155179220282472,
noisenec_dmsintseq_netseed2_snp_mask_sf1p0_p50,snp_mask_sf1p0,simulation_noise_prune_mask_only,dmsintseq,2,0.0,50,0.5,0.9170038636244976,0.9267412415809534,0.9894928837527026,0.9886784492409554,130816.0,2.881523609161377,1.0,1.8310358440564944,
noisenec_dmsintseq_netseed2_snp_mask_sf1p0_p60,snp_mask_sf1p0,simulation_noise_prune_mask_only,dmsintseq,2,0.0,60,0.6,0.2718829948310969,0.9267412415809534,0.29337530545989754,0.23860294694199244,104653.0,2.653212308883667,1.0,1.8310358440564944,
noisenec_dmsintseq_netseed2_snp_mask_sf1p0_p70,snp_mask_sf1p0,simulation_noise_prune_mask_only,dmsintseq,2,0.0,70,0.7,0.0033871978280164,0.9267412415809534,0.00365495531658663,-0.07357439771424074,78490.0,2.5141870975494385,1.0,1.8310358440564944,
noisenec_dmsintseq_netseed2_snp_mask_sf1p0_p80,snp_mask_sf1p0,simulation_noise_prune_mask_only,dmsintseq,2,0.0,80,0.8,0.0,0.9267412415809534,0.0,-0.07751265833350617,52326.0,2.506202936172486,1.0,1.8310358440564944,
noisenec_dmsintseq_netseed2_snp_mask_sf2p0_p50,snp_mask_sf2p0,simulation_noise_prune_mask_only,dmsintseq,2,0.0,50,0.5,0.8324348666005326,0.9267412415809534,0.8982387199909858,0.8903509326620669,130816.0,2.9355757236480713,2.0,3.662071688112989,
noisenec_dmsintseq_netseed2_snp_mask_sf2p0_p60,snp_mask_sf2p0,simulation_noise_prune_mask_only,dmsintseq,2,0.0,60,0.6,0.2350871926069023,0.9267412415809534,0.25367080049859503,0.1958208402533235,104653.0,2.741445302963257,2.0,3.662071688112989,
noisenec_dmsintseq_netseed2_snp_mask_sf2p0_p70,snp_mask_sf2p0,simulation_noise_prune_mask_only,dmsintseq,2,0.0,70,0.7,0.0032436171879078,0.9267412415809534,0.0035000246480607943,-0.07374133747074138,78490.0,2.6055026054382324,2.0,3.662071688112989,
noisenec_dmsintseq_netseed2_snp_mask_sf2p0_p80,snp_mask_sf2p0,simulation_noise_prune_mask_only,dmsintseq,2,0.0,80,0.8,0.0,0.9267412415809534,0.0,-0.07751265833350617,52326.0,2.475442886352539,2.0,3.662071688112989,
noisenec_multidlydmintseq_netseed0_snp_rescale_sf0p001_p50,snp_rescale_sf0p001,simulation_noise_prune_rescale,multidlydmintseq,0,0.0,50,0.5,0.4133417128789926,0.5692826696450959,0.7260746460746459,0.6897413615125266,98811.0,1.2262037992477417,0.001,0.0001921496652628,0.001
noisenec_multidlydmintseq_netseed0_snp_rescale_sf0p001_p60,snp_rescale_sf0p001,simulation_noise_prune_rescale,multidlydmintseq,0,0.0,60,0.6,0.3135914710987082,0.5692826696450959,0.5508537108537108,0.4912792329905955,83428.0,1.57173752784729,0.001,0.0001921496652628,0.001
noisenec_multidlydmintseq_netseed0_snp_rescale_sf0p001_p70,snp_rescale_sf0p001,simulation_noise_prune_rescale,multidlydmintseq,0,0.0,70,0.7,0.1964363051413722,0.5692826696450959,0.34505934505934494,0.2581884335272047,66080.0,1.9246351718902588,0.001,0.0001921496652628,0.001
noisenec_multidlydmintseq_netseed0_snp_rescale_sf0p001_p80,snp_rescale_sf0p001,simulation_noise_prune_rescale,multidlydmintseq,0,0.0,80,0.8,0.1058167289162707,0.5692826696450959,0.18587730587730578,0.07789259000431038,47035.0,2.710113525390625,0.001,0.0001921496652628,0.001
noisenec_multidlydmintseq_netseed0_snp_rescale_sf0p25_p50,snp_rescale_sf0p25,simulation_noise_prune_rescale,multidlydmintseq,0,0.0,50,0.5,0.4626811723982976,0.5692826696450959,0.8127441727441727,0.7879066790251537,101790.0,1.0404497385025024,0.25,0.048037416315706,0.25
noisenec_multidlydmintseq_netseed0_snp_rescale_sf0p25_p60,snp_rescale_sf0p25,simulation_noise_prune_rescale,multidlydmintseq,0,0.0,60,0.6,0.3382416630576006,0.5692826696450959,0.594154154154154,0.5403230195250849,85743.0,1.2526874542236328,0.25,0.048037416315706,0.25
noisenec_multidlydmintseq_netseed0_snp_rescale_sf0p25_p70,snp_rescale_sf0p25,simulation_noise_prune_rescale,multidlydmintseq,0,0.0,70,0.7,0.2111254750127809,0.5692826696450959,0.37086229086229067,0.2874138656351417,67660.0,1.7394776344299316,0.25,0.048037416315706,0.25
noisenec_multidlydmintseq_netseed0_snp_rescale_sf0p25_p80,snp_rescale_sf0p25,simulation_noise_prune_rescale,multidlydmintseq,0,0.0,80,0.8,0.1110756536208429,0.5692826696450959,0.19511511511511506,0.08835569637857738,47800.0,2.452878713607788,0.25,0.048037416315706,0.25
noisenec_multidlydmintseq_netseed0_snp_rescale_sf0p5_p50,snp_rescale_sf0p5,simulation_noise_prune_rescale,multidlydmintseq,0,0.0,50,0.5,0.5152085497416126,0.5692826696450959,0.905013585013585,0.892414647398714,108027.0,0.7802864909172058,0.5,0.0960748326314121,0.5
noisenec_multidlydmintseq_netseed0_snp_rescale_sf0p5_p60,snp_rescale_sf0p5,simulation_noise_prune_rescale,multidlydmintseq,0,0.0,60,0.6,0.4193235362116855,0.5692826696450959,0.7365822965822965,0.701642740094278,90540.0,1.0632308721542358,0.5,0.0960748326314121,0.5
noisenec_multidlydmintseq_netseed0_snp_rescale_sf0p5_p70,snp_rescale_sf0p5,simulation_noise_prune_rescale,multidlydmintseq,0,0.0,70,0.7,0.2811522092368209,0.5692826696450959,0.49387101387101373,0.42673838735564357,70789.0,1.4414516687393188,0.5,0.0960748326314121,0.5
noisenec_multidlydmintseq_netseed0_snp_rescale_sf0p5_p80,snp_rescale_sf0p5,simulation_noise_prune_rescale,multidlydmintseq,0,0.0,80,0.8,0.1397473762361729,0.5692826696450959,0.24547976547976538,0.1454006819051534,49299.0,2.153773069381714,0.5,0.0960748326314121,0.5
noisenec_multidlydmintseq_netseed0_snp_rescale_sf1p0_p50,snp_rescale_sf1p0,simulation_noise_prune_rescale,multidlydmintseq,0,0.0,50,0.5,0.5348896277072065,0.5692826696450959,0.9395852995852995,0.9315719321826579,117254.0,0.6139615774154663,1.0,0.1921496652628243,1.0
noisenec_multidlydmintseq_netseed0_snp_rescale_sf1p0_p60,snp_rescale_sf1p0,simulation_noise_prune_rescale,multidlydmintseq,0,0.0,60,0.6,0.4463312894622872,0.5692826696450959,0.784024024024024,0.7553771080621852,97376.0,0.8525921702384949,1.0,0.1921496652628243,1.0
noisenec_multidlydmintseq_netseed0_snp_rescale_sf1p0_p70,snp_rescale_sf1p0,simulation_noise_prune_rescale,multidlydmintseq,0,0.0,70,0.7,0.3285899894821505,0.5692826696450959,0.5772000572000571,0.5211201419440774,75283.0,1.2839770317077637,1.0,0.1921496652628243,1.0
noisenec_multidlydmintseq_netseed0_snp_rescale_sf1p0_p80,snp_rescale_sf1p0,simulation_noise_prune_rescale,multidlydmintseq,0,0.0,80,0.8,0.1460776236824195,0.5692826696450959,0.2565994565994565,0.1579952817760976,51262.0,1.9698543548583984,1.0,0.1921496652628243,1.0
noisenec_multidlydmintseq_netseed0_snp_rescale_sf2p0_p50,snp_rescale_sf2p0,simulation_noise_prune_rescale,multidlydmintseq,0,0.0,50,0.5,0.5382696672386901,0.5692826696450959,0.9455226655226655,0.938296826558193,122603.0,0.5023829340934753,2.0,0.3842993305256487,2.0
noisenec_multidlydmintseq_netseed0_snp_rescale_sf2p0_p60,snp_rescale_sf2p0,simulation_noise_prune_rescale,multidlydmintseq,0,0.0,60,0.6,0.4601607961002549,0.5692826696450959,0.8083168883168882,0.7828921624098703,101493.0,0.8053659796714783,2.0,0.3842993305256487,2.0
noisenec_multidlydmintseq_netseed0_snp_rescale_sf2p0_p70,snp_rescale_sf2p0,simulation_noise_prune_rescale,multidlydmintseq,0,0.0,70,0.7,0.336965193407946,0.5692826696450959,0.5919119119119118,0.5377833676992568,77608.0,1.1861796379089355,2.0,0.3842993305256487,2.0
noisenec_multidlydmintseq_netseed0_snp_rescale_sf2p0_p80,snp_rescale_sf2p0,simulation_noise_prune_rescale,multidlydmintseq,0,0.0,80,0.8,0.1456445357655724,0.5692826696450959,0.25583869583869573,0.1571336141923345,52117.0,1.6971333026885986,2.0,0.3842993305256487,2.0
noisenec_multidlydmintseq_netseed1_snp_rescale_sf0p001_p50,snp_rescale_sf0p001,simulation_noise_prune_rescale,multidlydmintseq,1,0.0,50,0.5,0.3178311738636327,0.6083908341664035,0.5224128241496507,0.4636391031919174,104477.0,1.393179416656494,0.001,0.000284322420027,0.001
noisenec_multidlydmintseq_netseed1_snp_rescale_sf0p001_p60,snp_rescale_sf0p001,simulation_noise_prune_rescale,multidlydmintseq,1,0.0,60,0.6,0.2358375366740801,0.6083908341664035,0.38764150185992974,0.3122823018736664,89044.0,1.6484222412109375,0.001,0.000284322420027,0.001
noisenec_multidlydmintseq_netseed1_snp_rescale_sf0p001_p70,snp_rescale_sf0p001,simulation_noise_prune_rescale,multidlydmintseq,1,0.0,70,0.7,0.1616818138894225,0.6083908341664035,0.2657532046993335,0.17539396047491637,70767.0,2.224294662475586,0.001,0.000284322420027,0.001
noisenec_multidlydmintseq_netseed1_snp_rescale_sf0p001_p80,snp_rescale_sf0p001,simulation_noise_prune_rescale,multidlydmintseq,1,0.0,80,0.8,0.0878419522170519,0.6083908341664035,0.144384082211577,0.039088685387837205,49882.0,3.245241641998291,0.001,0.000284322420027,0.001
noisenec_multidlydmintseq_netseed1_snp_rescale_sf0p25_p50,snp_rescale_sf0p25,simulation_noise_prune_rescale,multidlydmintseq,1,0.0,50,0.5,0.367255297186231,0.6083908341664035,0.6036502796585221,0.5548739534861353,106871.0,1.0266326665878296,0.25,0.0710806050067636,0.25
noisenec_multidlydmintseq_netseed1_snp_rescale_sf0p25_p60,snp_rescale_sf0p25,simulation_noise_prune_rescale,multidlydmintseq,1,0.0,60,0.6,0.2369609602177813,0.6083908341664035,0.38948805095405026,0.31435609442548523,90767.0,1.5760785341262815,0.25,0.0710806050067636,0.25
noisenec_multidlydmintseq_netseed1_snp_rescale_sf0p25_p70,snp_rescale_sf0p25,simulation_noise_prune_rescale,multidlydmintseq,1,0.0,70,0.7,0.1726034445142739,0.6083908341664035,0.2837048732839134,0.19555483067433704,71862.0,1.765980243682861,0.25,0.0710806050067636,0.25
noisenec_multidlydmintseq_netseed1_snp_rescale_sf0p25_p80,snp_rescale_sf0p25,simulation_noise_prune_rescale,multidlydmintseq,1,0.0,80,0.8,0.0912447858494221,0.6083908341664035,0.1499772526560868,0.04537017297233166,50374.0,2.8194079399108887,0.25,0.0710806050067636,0.25
noisenec_multidlydmintseq_netseed1_snp_rescale_sf0p5_p50,snp_rescale_sf0p5,simulation_noise_prune_rescale,multidlydmintseq,1,0.0,50,0.5,0.4608869510285024,0.6083908341664035,0.7575507801000883,0.7277140434426479,112003.0,0.7386763691902161,0.5,0.1421612100135272,0.5
noisenec_multidlydmintseq_netseed1_snp_rescale_sf0p5_p60,snp_rescale_sf0p5,simulation_noise_prune_rescale,multidlydmintseq,1,0.0,60,0.6,0.3205469281692755,0.6083908341664035,0.526876655872829,0.4686522712737053,94326.0,1.100851058959961,0.5,0.1421612100135272,0.5
noisenec_multidlydmintseq_netseed1_snp_rescale_sf0p5_p70,snp_rescale_sf0p5,simulation_noise_prune_rescale,multidlydmintseq,1,0.0,70,0.7,0.1806106865257557,0.6083908341664035,0.29686621885621,0.21033586222483677,73955.0,1.530497908592224,0.5,0.1421612100135272,0.5
noisenec_multidlydmintseq_netseed1_snp_rescale_sf0p5_p80,snp_rescale_sf0p5,simulation_noise_prune_rescale,multidlydmintseq,1,0.0,80,0.8,0.110235528188162,0.6083908341664035,0.18119196082104522,0.08042628358742458,51096.0,2.2625348567962646,0.5,0.1421612100135272,0.5
noisenec_multidlydmintseq_netseed1_snp_rescale_sf1p0_p50,snp_rescale_sf1p0,simulation_noise_prune_rescale,multidlydmintseq,1,0.0,50,0.5,0.4997932249419564,0.6083908341664035,0.82150025423502,0.799533386657519,119225.0,0.7255880832672119,1.0,0.2843224200270544,1.0
noisenec_multidlydmintseq_netseed1_snp_rescale_sf1p0_p60,snp_rescale_sf1p0,simulation_noise_prune_rescale,multidlydmintseq,1,0.0,60,0.6,0.4357190073494694,0.6083908341664035,0.7161827280755747,0.6812550792890036,99563.0,0.8186336159706116,1.0,0.2843224200270544,1.0
noisenec_multidlydmintseq_netseed1_snp_rescale_sf1p0_p70,snp_rescale_sf1p0,simulation_noise_prune_rescale,multidlydmintseq,1,0.0,70,0.7,0.2435126360726415,0.6083908341664035,0.4002569111783123,0.32645021214797615,76683.0,1.2513980865478516,1.0,0.2843224200270544,1.0
noisenec_multidlydmintseq_netseed1_snp_rescale_sf1p0_p80,snp_rescale_sf1p0,simulation_noise_prune_rescale,multidlydmintseq,1,0.0,80,0.8,0.1384741628866449,0.6083908341664035,0.22760724703615484,0.13255361404937344,51994.0,2.1769614219665527,1.0,0.2843224200270544,1.0
noisenec_multidlydmintseq_netseed1_snp_rescale_sf2p0_p50,snp_rescale_sf2p0,simulation_noise_prune_rescale,multidlydmintseq,1,0.0,50,0.5,0.534085321575919,0.6083908341664035,0.877865496293521,0.8628351529276741,123035.0,0.6298823952674866,2.0,0.5686448400541088,2.0
noisenec_multidlydmintseq_netseed1_snp_rescale_sf2p0_p60,snp_rescale_sf2p0,simulation_noise_prune_rescale,multidlydmintseq,1,0.0,60,0.6,0.4452013533183326,0.6083908341664035,0.7317686728931944,0.6987590906249348,101937.0,0.8761618137359619,2.0,0.5686448400541088,2.0
noisenec_multidlydmintseq_netseed1_snp_rescale_sf2p0_p70,snp_rescale_sf2p0,simulation_noise_prune_rescale,multidlydmintseq,1,0.0,70,0.7,0.2509337440613226,0.6083908341664035,0.41245483983193715,0.34014926497578757,78024.0,1.1798243522644043,2.0,0.5686448400541088,2.0
noisenec_multidlydmintseq_netseed1_snp_rescale_sf2p0_p80,snp_rescale_sf2p0,simulation_noise_prune_rescale,multidlydmintseq,1,0.0,80,0.8,0.1338632419072801,0.6083908341664035,0.22002836727593864,0.1240420480975608,52359.0,1.7551050186157229,2.0,0.5686448400541088,2.0
noisenec_multidlydmintseq_netseed2_snp_rescale_sf0p001_p50,snp_rescale_sf0p001,simulation_noise_prune_rescale,multidlydmintseq,2,0.0,50,0.5,0.332829692247075,0.5695985307573829,0.5843232983844227,0.529222832324657,106308.0,1.3139744997024536,0.001,0.0003204505296847,0.001
noisenec_multidlydmintseq_netseed2_snp_rescale_sf0p001_p60,snp_rescale_sf0p001,simulation_noise_prune_rescale,multidlydmintseq,2,0.0,60,0.6,0.2463618986834778,0.5695985307573829,0.43251849395730657,0.3572953810387299,90377.0,1.6101428270339966,0.001,0.0003204505296847,0.001
noisenec_multidlydmintseq_netseed2_snp_rescale_sf0p001_p70,snp_rescale_sf0p001,simulation_noise_prune_rescale,multidlydmintseq,2,0.0,70,0.7,0.171063214554359,0.5695985307573829,0.30032242942568677,0.20757592696266672,71937.0,1.9530798196792605,0.001,0.0003204505296847,0.001
noisenec_multidlydmintseq_netseed2_snp_rescale_sf0p001_p80,snp_rescale_sf0p001,simulation_noise_prune_rescale,multidlydmintseq,2,0.0,80,0.8,0.0895905853850737,0.5695985307573829,0.1572872480305506,0.0455805653910052,50414.0,2.9173407554626465,0.001,0.0003204505296847,0.001
noisenec_multidlydmintseq_netseed2_snp_rescale_sf0p25_p50,snp_rescale_sf0p25,simulation_noise_prune_rescale,multidlydmintseq,2,0.0,50,0.5,0.3839536042357952,0.5695985307573829,0.6740775888681813,0.630874597979137,108769.0,1.0239030122756958,0.25,0.0801126324211968,0.25
noisenec_multidlydmintseq_netseed2_snp_rescale_sf0p25_p60,snp_rescale_sf0p25,simulation_noise_prune_rescale,multidlydmintseq,2,0.0,60,0.6,0.2873684861786341,0.5695985307573829,0.5045105818593429,0.4388304565092308,92109.0,1.3762377500534058,0.25,0.0801126324211968,0.25
noisenec_multidlydmintseq_netseed2_snp_rescale_sf0p25_p70,snp_rescale_sf0p25,simulation_noise_prune_rescale,multidlydmintseq,2,0.0,70,0.7,0.1912131997381934,0.5695985307573829,0.33569819691062286,0.24764096682699285,72892.0,1.8274890184402464,0.25,0.0801126324211968,0.25
noisenec_multidlydmintseq_netseed2_snp_rescale_sf0p25_p80,snp_rescale_sf0p25,simulation_noise_prune_rescale,multidlydmintseq,2,0.0,80,0.8,0.0914955209591757,0.5695985307573829,0.16063159579698366,0.049368226722716714,50749.0,2.408561944961548,0.25,0.0801126324211968,0.25
noisenec_multidlydmintseq_netseed2_snp_rescale_sf0p5_p50,snp_rescale_sf0p5,simulation_noise_prune_rescale,multidlydmintseq,2,0.0,50,0.5,0.4223649205299954,0.5695985307573829,0.7415133602405644,0.7072493895498532,113759.0,0.7260969877243042,0.5,0.1602252648423937,0.5
noisenec_multidlydmintseq_netseed2_snp_rescale_sf0p5_p60,snp_rescale_sf0p5,simulation_noise_prune_rescale,multidlydmintseq,2,0.0,60,0.6,0.3536113996554834,0.5695985307573829,0.620808131624381,0.5705439513314653,95519.0,1.0225071907043457,0.5,0.1602252648423937,0.5
noisenec_multidlydmintseq_netseed2_snp_rescale_sf0p5_p70,snp_rescale_sf0p5,simulation_noise_prune_rescale,multidlydmintseq,2,0.0,70,0.7,0.2220373367372524,0.5695985307573829,0.38981374555516174,0.3089298594184138,74845.0,1.4816498756408691,0.5,0.1602252648423937,0.5
noisenec_multidlydmintseq_netseed2_snp_rescale_sf0p5_p80,snp_rescale_sf0p5,simulation_noise_prune_rescale,multidlydmintseq,2,0.0,80,0.8,0.1224043217615281,0.5695985307573829,0.2148957821200306,0.11082545981776921,51414.0,2.105196237564087,0.5,0.1602252648423937,0.5
noisenec_multidlydmintseq_netseed2_snp_rescale_sf1p0_p50,snp_rescale_sf1p0,simulation_noise_prune_rescale,multidlydmintseq,2,0.0,50,0.5,0.4679368408027431,0.5695985307573829,0.8215204491144624,0.7978619029469516,120831.0,0.6057811379432678,1.0,0.3204505296847875,1.0
noisenec_multidlydmintseq_netseed2_snp_rescale_sf1p0_p60,snp_rescale_sf1p0,simulation_noise_prune_rescale,multidlydmintseq,2,0.0,60,0.6,0.3915538087314432,0.5695985307573829,0.6874206789311808,0.6459863954974527,100362.0,0.8852507472038269,1.0,0.3204505296847875,1.0
noisenec_multidlydmintseq_netseed2_snp_rescale_sf1p0_p70,snp_rescale_sf1p0,simulation_noise_prune_rescale,multidlydmintseq,2,0.0,70,0.7,0.2569220799942689,0.5695985307573829,0.45105818593430214,0.37829262154939736,77149.0,1.205461859703064,1.0,0.3204505296847875,1.0
noisenec_multidlydmintseq_netseed2_snp_rescale_sf1p0_p80,snp_rescale_sf1p0,simulation_noise_prune_rescale,multidlydmintseq,2,0.0,80,0.8,0.1284317332959944,0.5695985307573829,0.22547764146305202,0.12281000874938969,52136.0,1.95638108253479,1.0,0.3204505296847875,1.0
noisenec_multidlydmintseq_netseed2_snp_rescale_sf2p0_p50,snp_rescale_sf2p0,simulation_noise_prune_rescale,multidlydmintseq,2,0.0,50,0.5,0.4863479617189357,0.5695985307573829,0.853843427356193,0.8344694878520743,124055.0,0.5560445189476013,2.0,0.640901059369575,2.0
noisenec_multidlydmintseq_netseed2_snp_rescale_sf2p0_p60,snp_rescale_sf2p0,simulation_noise_prune_rescale,multidlydmintseq,2,0.0,60,0.6,0.3998834244554652,0.5695985307573829,0.7020443397628657,0.6625485112009023,102546.0,0.7251460552215576,2.0,0.640901059369575,2.0
noisenec_multidlydmintseq_netseed2_snp_rescale_sf2p0_p70,snp_rescale_sf2p0,simulation_noise_prune_rescale,multidlydmintseq,2,0.0,70,0.7,0.245857172163844,0.5695985307573829,0.43163238472004667,0.3562918126516953,78040.0,1.1175724267959597,2.0,0.640901059369575,2.0
noisenec_multidlydmintseq_netseed2_snp_rescale_sf2p0_p80,snp_rescale_sf2p0,simulation_noise_prune_rescale,multidlydmintseq,2,0.0,80,0.8,0.1395357167279393,0.5695985307573829,0.24497204468277273,0.1448885132641524,52320.0,1.864803671836853,2.0,0.640901059369575,2.0
noisenec_multidlydmintseq_netseed0_snp_mask_sf0p001_p50,snp_mask_sf0p001,simulation_noise_prune_mask_only,multidlydmintseq,0,0.0,50,0.5,0.4325506273262194,0.5692826696450959,0.7598169598169597,0.7279592342690596,130816.0,0.1778659522533416,0.001,0.0001921496652628,
noisenec_multidlydmintseq_netseed0_snp_mask_sf0p001_p60,snp_mask_sf0p001,simulation_noise_prune_mask_only,multidlydmintseq,0,0.0,60,0.6,0.2917384409486253,0.5692826696450959,0.5124667524667523,0.44780065288056103,104653.0,0.2294739633798599,0.001,0.0001921496652628,
noisenec_multidlydmintseq_netseed0_snp_mask_sf0p001_p70,snp_mask_sf0p001,simulation_noise_prune_mask_only,multidlydmintseq,0,0.0,70,0.7,0.1383308856810714,0.5692826696450959,0.2429915629915629,0.1425824458229205,78490.0,0.2903708815574646,0.001,0.0001921496652628,
noisenec_multidlydmintseq_netseed0_snp_mask_sf0p001_p80,snp_mask_sf0p001,simulation_noise_prune_mask_only,multidlydmintseq,0,0.0,80,0.8,0.0711631829682478,0.5692826696450959,0.12500500500500497,0.008946225895983097,52326.0,0.2982680201530456,0.001,0.0001921496652628,
noisenec_multidlydmintseq_netseed0_snp_mask_sf0p25_p50,snp_mask_sf0p25,simulation_noise_prune_mask_only,multidlydmintseq,0,0.0,50,0.5,0.4555954633226635,0.5692826696450959,0.8002974402974402,0.7738090199103519,130816.0,0.1469420492649078,0.25,0.048037416315706,
noisenec_multidlydmintseq_netseed0_snp_mask_sf0p25_p60,snp_mask_sf0p25,simulation_noise_prune_mask_only,multidlydmintseq,0,0.0,60,0.6,0.3239855811030391,0.5692826696450959,0.569111969111969,0.5119592550009113,104653.0,0.2316619455814361,0.25,0.048037416315706,
noisenec_multidlydmintseq_netseed0_snp_mask_sf0p25_p70,snp_mask_sf0p25,simulation_noise_prune_mask_only,multidlydmintseq,0,0.0,70,0.7,0.1493306675089629,0.5692826696450959,0.26231374231374216,0.16446750670977725,78490.0,0.2791864275932312,0.25,0.048037416315706,
noisenec_multidlydmintseq_netseed0_snp_mask_sf0p25_p80,snp_mask_sf0p25,simulation_noise_prune_mask_only,multidlydmintseq,0,0.0,80,0.8,0.0721303041058688,0.5692826696450959,0.12670384670384666,0.010870400876266216,52326.0,0.3091426491737366,0.25,0.048037416315706,
noisenec_multidlydmintseq_netseed0_snp_mask_sf0p5_p50,snp_mask_sf0p5,simulation_noise_prune_mask_only,multidlydmintseq,0,0.0,50,0.5,0.488930207719385,0.5692826696450959,0.8588531388531386,0.8401315090455658,130816.0,0.1593769788742065,0.5,0.0960748326314121,
noisenec_multidlydmintseq_netseed0_snp_mask_sf0p5_p60,snp_mask_sf0p5,simulation_noise_prune_mask_only,multidlydmintseq,0,0.0,60,0.6,0.3669166419730574,0.5692826696450959,0.6445245245245246,0.5973744837552986,104653.0,0.2347997575998306,0.5,0.0960748326314121,
noisenec_multidlydmintseq_netseed0_snp_mask_sf0p5_p70,snp_mask_sf0p5,simulation_noise_prune_mask_only,multidlydmintseq,0,0.0,70,0.7,0.1661950458649873,0.5692826696450959,0.2919376519376519,0.19802071284744208,78490.0,0.2907727658748626,0.5,0.0960748326314121,
noisenec_multidlydmintseq_netseed0_snp_mask_sf0p5_p80,snp_mask_sf0p5,simulation_noise_prune_mask_only,multidlydmintseq,0,0.0,80,0.8,0.0738138112713572,0.5692826696450959,0.12966108966108955,0.014219890656759016,52326.0,0.3329979181289673,0.5,0.0960748326314121,
noisenec_multidlydmintseq_netseed0_snp_mask_sf1p0_p50,snp_mask_sf1p0,simulation_noise_prune_mask_only,multidlydmintseq,0,0.0,50,0.5,0.5073706353367177,0.5692826696450959,0.8912455312455311,0.876820407743692,130816.0,0.1766367107629776,1.0,0.1921496652628243,
noisenec_multidlydmintseq_netseed0_snp_mask_sf1p0_p60,snp_mask_sf1p0,simulation_noise_prune_mask_only,multidlydmintseq,0,0.0,60,0.6,0.3661807181444299,0.5692826696450959,0.6432318032318031,0.5959102967332647,104653.0,0.2244829982519149,1.0,0.1921496652628243,
noisenec_multidlydmintseq_netseed0_snp_mask_sf1p0_p70,snp_mask_sf1p0,simulation_noise_prune_mask_only,multidlydmintseq,0,0.0,70,0.7,0.1662634281676473,0.5692826696450959,0.29205777205777195,0.19815676562382561,78490.0,0.3111904859542846,1.0,0.1921496652628243,
noisenec_multidlydmintseq_netseed0_snp_mask_sf1p0_p80,snp_mask_sf1p0,simulation_noise_prune_mask_only,multidlydmintseq,0,0.0,80,0.8,0.0676528914316974,0.5692826696450959,0.11883883883883871,0.0019621833749552675,52326.0,0.4042870104312897,1.0,0.1921496652628243,
noisenec_multidlydmintseq_netseed0_snp_mask_sf2p0_p50,snp_mask_sf2p0,simulation_noise_prune_mask_only,multidlydmintseq,0,0.0,50,0.5,0.4773801111700863,0.5692826696450959,0.8385642785642784,0.8171515472440025,130816.0,0.2052591294050216,2.0,0.3842993305256487,
noisenec_multidlydmintseq_netseed0_snp_mask_sf2p0_p60,snp_mask_sf2p0,simulation_noise_prune_mask_only,multidlydmintseq,0,0.0,60,0.6,0.3069486188403013,0.5692826696450959,0.5391848991848992,0.47806267757046883,104653.0,0.3119955956935882,2.0,0.3842993305256487,
noisenec_multidlydmintseq_netseed0_snp_mask_sf2p0_p70,snp_mask_sf2p0,simulation_noise_prune_mask_only,multidlydmintseq,0,0.0,70,0.7,0.1374126090453505,0.5692826696450959,0.24137852137852137,0.14075545139719722,78490.0,0.2876790463924408,2.0,0.3842993305256487,
noisenec_multidlydmintseq_netseed0_snp_mask_sf2p0_p80,snp_mask_sf2p0,simulation_noise_prune_mask_only,multidlydmintseq,0,0.0,80,0.8,0.0570438656190063,0.5692826696450959,0.10020306020306007,-0.019145433075423487,52326.0,0.331854909658432,2.0,0.3842993305256487,
noisenec_multidlydmintseq_netseed1_snp_mask_sf0p001_p50,snp_mask_sf0p001,simulation_noise_prune_mask_only,multidlydmintseq,1,0.0,50,0.5,0.2757955955284487,0.6083908341664035,0.4533197741322557,0.3860431957964726,130816.0,0.1561433374881744,0.001,0.000284322420027,
noisenec_multidlydmintseq_netseed1_snp_mask_sf0p001_p60,snp_mask_sf0p001,simulation_noise_prune_mask_only,multidlydmintseq,1,0.0,60,0.6,0.1176240731755764,0.6083908341664035,0.19333636631252166,0.09406522648619786,104653.0,0.1338839381933212,0.001,0.000284322420027,
noisenec_multidlydmintseq_netseed1_snp_mask_sf0p001_p70,snp_mask_sf0p001,simulation_noise_prune_mask_only,multidlydmintseq,1,0.0,70,0.7,0.0556859884661849,0.6083908341664035,0.09152995959001249,-0.020269869537410102,78490.0,0.0352731756865978,0.001,0.000284322420027,
noisenec_multidlydmintseq_netseed1_snp_mask_sf0p001_p80,snp_mask_sf0p001,simulation_noise_prune_mask_only,multidlydmintseq,1,0.0,80,0.8,0.0557283203678316,0.6083908341664035,0.09159953970080542,-0.020191726629660428,52326.0,0.077191837131977,0.001,0.000284322420027,
noisenec_multidlydmintseq_netseed1_snp_mask_sf0p25_p50,snp_mask_sf0p25,simulation_noise_prune_mask_only,multidlydmintseq,1,0.0,50,0.5,0.3350570015337173,0.6083908341664035,0.5507265769261647,0.49543725565313834,130816.0,0.2442396581172943,0.25,0.0710806050067636,
noisenec_multidlydmintseq_netseed1_snp_mask_sf0p25_p60,snp_mask_sf0p25,simulation_noise_prune_mask_only,multidlydmintseq,1,0.0,60,0.6,0.1360189125911357,0.6083908341664035,0.223571600610164,0.12802132539989128,104653.0,0.1924725770950317,0.25,0.0710806050067636,
noisenec_multidlydmintseq_netseed1_snp_mask_sf0p25_p70,snp_mask_sf0p25,simulation_noise_prune_mask_only,multidlydmintseq,1,0.0,70,0.7,0.060235039743143,0.6083908341664035,0.09900714534214673,-0.011872512450770045,78490.0,0.1438585966825485,0.25,0.0710806050067636,
noisenec_multidlydmintseq_netseed1_snp_mask_sf0p25_p80,snp_mask_sf0p25,simulation_noise_prune_mask_only,multidlydmintseq,1,0.0,80,0.8,0.0543932373158969,0.6083908341664035,0.08940509005272027,-0.0226562337202276,52326.0,0.1708608418703079,0.25,0.0710806050067636,
noisenec_multidlydmintseq_netseed1_snp_mask_sf0p5_p50,snp_mask_sf0p5,simulation_noise_prune_mask_only,multidlydmintseq,1,0.0,50,0.5,0.4408444237488481,0.6083908341664035,0.7246072737977359,0.6907163821196203,130816.0,0.216125875711441,0.5,0.1421612100135272,
noisenec_multidlydmintseq_netseed1_snp_mask_sf0p5_p60,snp_mask_sf0p5,simulation_noise_prune_mask_only,multidlydmintseq,1,0.0,60,0.6,0.1929064758040619,0.6083908341664035,0.31707656488345326,0.23303337142967057,104653.0,0.2073364406824112,0.5,0.1421612100135272,
noisenec_multidlydmintseq_netseed1_snp_mask_sf0p5_p70,snp_mask_sf0p5,simulation_noise_prune_mask_only,multidlydmintseq,1,0.0,70,0.7,0.072680618827276,0.6083908341664035,0.11946369791527271,0.011101502427639534,78490.0,0.0971478074789047,0.5,0.1421612100135272,
noisenec_multidlydmintseq_netseed1_snp_mask_sf0p5_p80,snp_mask_sf0p5,simulation_noise_prune_mask_only,multidlydmintseq,1,0.0,80,0.8,0.0489356783035978,0.6083908341664035,0.08043460807664503,-0.03273065782703423,52326.0,0.2129347026348114,0.5,0.1421612100135272,
noisenec_multidlydmintseq_netseed1_snp_mask_sf1p0_p50,snp_mask_sf1p0,simulation_noise_prune_mask_only,multidlydmintseq,1,0.0,50,0.5,0.4901317824661263,0.6083908341664035,0.805619932025584,0.7816987707118778,130816.0,0.1552740782499313,1.0,0.2843224200270544,
noisenec_multidlydmintseq_netseed1_snp_mask_sf1p0_p60,snp_mask_sf1p0,simulation_noise_prune_mask_only,multidlydmintseq,1,0.0,60,0.6,0.2608817409482997,0.6083908341664035,0.4288061658682794,0.3585128482969654,104653.0,0.1126273497939109,1.0,0.2843224200270544,
noisenec_multidlydmintseq_netseed1_snp_mask_sf1p0_p70,snp_mask_sf1p0,simulation_noise_prune_mask_only,multidlydmintseq,1,0.0,70,0.7,0.0922281884876765,0.6083908341664035,0.15159365215296913,0.047185492829286135,78490.0,0.200004756450653,1.0,0.2843224200270544,
noisenec_multidlydmintseq_netseed1_snp_mask_sf1p0_p80,snp_mask_sf1p0,simulation_noise_prune_mask_only,multidlydmintseq,1,0.0,80,0.8,0.0457282226788278,0.6083908341664035,0.07516257660502572,-0.03865148583729937,52326.0,0.07464100420475,1.0,0.2843224200270544,
noisenec_multidlydmintseq_netseed1_snp_mask_sf2p0_p50,snp_mask_sf2p0,simulation_noise_prune_mask_only,multidlydmintseq,1,0.0,50,0.5,0.4371941113068509,0.6083908341664035,0.7186073273208979,0.6839780590744352,130816.0,0.1238758489489555,2.0,0.5686448400541088,
noisenec_multidlydmintseq_netseed1_snp_mask_sf2p0_p60,snp_mask_sf2p0,simulation_noise_prune_mask_only,multidlydmintseq,1,0.0,60,0.6,0.2384621145761762,0.6083908341664035,0.39195546872909237,0.3171271621541473,104653.0,0.0849115028977394,2.0,0.5686448400541088,
noisenec_multidlydmintseq_netseed1_snp_mask_sf2p0_p70,snp_mask_sf2p0,simulation_noise_prune_mask_only,multidlydmintseq,1,0.0,70,0.7,0.0905088620207947,0.6083908341664035,0.14876762919153255,0.04401168857606784,78490.0,0.0629883408546447,2.0,0.5686448400541088,
noisenec_multidlydmintseq_netseed1_snp_mask_sf2p0_p80,snp_mask_sf2p0,simulation_noise_prune_mask_only,multidlydmintseq,1,0.0,80,0.8,0.0427845273643181,0.6083908341664035,0.07032408274680865,-0.04408542342235482,52326.0,0.0941384062170982,2.0,0.5686448400541088,
noisenec_multidlydmintseq_netseed2_snp_mask_sf0p001_p50,snp_mask_sf0p001,simulation_noise_prune_mask_only,multidlydmintseq,2,0.0,50,0.5,0.320068252050655,0.5695985307573829,0.5619190267662157,0.5038487387195675,130816.0,0.248177483677864,0.001,0.0003204505296847,
noisenec_multidlydmintseq_netseed2_snp_mask_sf0p001_p60,snp_mask_sf0p001,simulation_noise_prune_mask_only,multidlydmintseq,2,0.0,60,0.6,0.1860682455380547,0.5695985307573829,0.3266655995243593,0.23741104391399429,104653.0,0.2197374254465103,0.001,0.0003204505296847,
noisenec_multidlydmintseq_netseed2_snp_mask_sf0p001_p70,snp_mask_sf0p001,simulation_noise_prune_mask_only,multidlydmintseq,2,0.0,70,0.7,0.0972591721833818,0.5695985307573829,0.17075039160311453,0.060828330239177324,78490.0,0.013395631685853,0.001,0.0003204505296847,
noisenec_multidlydmintseq_netseed2_snp_mask_sf0p001_p80,snp_mask_sf0p001,simulation_noise_prune_mask_only,multidlydmintseq,2,0.0,80,0.8,0.0737161222675571,0.5695985307573829,0.12941768331027534,0.014016720960075989,52326.0,0.179779827594757,0.001,0.0003204505296847,
noisenec_multidlydmintseq_netseed2_snp_mask_sf0p25_p50,snp_mask_sf0p25,simulation_noise_prune_mask_only,multidlydmintseq,2,0.0,50,0.5,0.3627616030114263,0.5695985307573829,0.6368724345708372,0.5887376749931907,130816.0,0.2750209867954254,0.25,0.0801126324211968,
noisenec_multidlydmintseq_netseed2_snp_mask_sf0p25_p60,snp_mask_sf0p25,simulation_noise_prune_mask_only,multidlydmintseq,2,0.0,60,0.6,0.2146097161483179,0.5695985307573829,0.3767736476829671,0.2941612175421162,104653.0,0.2077081501483917,0.25,0.0801126324211968,
noisenec_multidlydmintseq_netseed2_snp_mask_sf0p25_p70,snp_mask_sf0p25,simulation_noise_prune_mask_only,multidlydmintseq,2,0.0,70,0.7,0.1063475058369179,0.5695985307573829,0.18670607470758382,0.07889903584055637,78490.0,0.1209333017468452,0.25,0.0801126324211968,
noisenec_multidlydmintseq_netseed2_snp_mask_sf0p25_p80,snp_mask_sf0p25,simulation_noise_prune_mask_only,multidlydmintseq,2,0.0,80,0.8,0.0732667528500766,0.5695985307573829,0.1286287602474244,0.013123221363877318,52326.0,0.320689857006073,0.25,0.0801126324211968,
noisenec_multidlydmintseq_netseed2_snp_mask_sf0p5_p50,snp_mask_sf0p5,simulation_noise_prune_mask_only,multidlydmintseq,2,0.0,50,0.5,0.4418929523896358,0.5695985307573829,0.7757972124718444,0.7460777741759622,130816.0,0.2963748872280121,0.5,0.1602252648423937,
noisenec_multidlydmintseq_netseed2_snp_mask_sf0p5_p60,snp_mask_sf0p5,simulation_noise_prune_mask_only,multidlydmintseq,2,0.0,60,0.6,0.2789314125504319,0.5695985307573829,0.4896982655126284,0.42205467785886414,104653.0,0.2334942817687988,0.5,0.1602252648423937,
noisenec_multidlydmintseq_netseed2_snp_mask_sf0p5_p70,snp_mask_sf0p5,simulation_noise_prune_mask_only,multidlydmintseq,2,0.0,70,0.7,0.1307599878865635,0.5695985307573829,0.22956517762202577,0.12743937259925933,78490.0,0.0759764239192009,0.5,0.1602252648423937,
noisenec_multidlydmintseq_netseed2_snp_mask_sf0p5_p80,snp_mask_sf0p5,simulation_noise_prune_mask_only,multidlydmintseq,2,0.0,80,0.8,0.0731853453469099,0.5695985307573829,0.12848583940270514,0.012961355495000873,52326.0,0.1814064979553222,0.5,0.1602252648423937,
noisenec_multidlydmintseq_netseed2_snp_mask_sf1p0_p50,snp_mask_sf1p0,simulation_noise_prune_mask_only,multidlydmintseq,2,0.0,50,0.5,0.4990149692116823,0.5695985307573829,0.8760819107945256,0.8596558170492672,130816.0,0.3330524265766144,1.0,0.3204505296847875,
noisenec_multidlydmintseq_netseed2_snp_mask_sf1p0_p60,snp_mask_sf1p0,simulation_noise_prune_mask_only,multidlydmintseq,2,0.0,60,0.6,0.3527940683236892,0.5695985307573829,0.6193732063433987,0.5689188180079446,104653.0,0.1709911525249481,1.0,0.3204505296847875,
noisenec_multidlydmintseq_netseed2_snp_mask_sf1p0_p70,snp_mask_sf1p0,simulation_noise_prune_mask_only,multidlydmintseq,2,0.0,70,0.7,0.1778786507194795,0.5695985307573829,0.3122877625455917,0.2211273375050124,78490.0,0.1841457337141037,1.0,0.3204505296847875,
noisenec_multidlydmintseq_netseed2_snp_mask_sf1p0_p80,snp_mask_sf1p0,simulation_noise_prune_mask_only,multidlydmintseq,2,0.0,80,0.8,0.0704793599416471,0.5695985307573829,0.12373515052423364,0.007580934013544069,52326.0,0.3451663553714752,1.0,0.3204505296847875,
noisenec_multidlydmintseq_netseed2_snp_mask_sf2p0_p50,snp_mask_sf2p0,simulation_noise_prune_mask_only,multidlydmintseq,2,0.0,50,0.5,0.4731794840066819,0.5695985307573829,0.8307245515143892,0.808286064902602,130816.0,0.2879010438919067,2.0,0.640901059369575,
noisenec_multidlydmintseq_netseed2_snp_mask_sf2p0_p60,snp_mask_sf2p0,simulation_noise_prune_mask_only,multidlydmintseq,2,0.0,60,0.6,0.3129369547732475,0.5695985307573829,0.5493991607687997,0.48966928860598086,104653.0,0.2385174632072448,2.0,0.640901059369575,
noisenec_multidlydmintseq_netseed2_snp_mask_sf2p0_p70,snp_mask_sf2p0,simulation_noise_prune_mask_only,multidlydmintseq,2,0.0,70,0.7,0.1437917009934971,0.5695985307573829,0.252443946444701,0.15335086088901903,78490.0,0.2422800362110138,2.0,0.640901059369575,
noisenec_multidlydmintseq_netseed2_snp_mask_sf2p0_p80,snp_mask_sf2p0,simulation_noise_prune_mask_only,multidlydmintseq,2,0.0,80,0.8,0.0594893470141356,0.5695985307573829,0.10444083648711998,-0.014270958284791552,52326.0,0.3254314064979553,2.0,0.640901059369575,
