run_id,arm,strategy,task_short,source_network_seed,pruning_seed,pruning_pct,amount,post_acc_sequence,baseline_acc_sequence,sequence_retention,floor_corrected_retention,post_rec_weight_nz_count,post_rec_ct_abscissa,prune_kept_edges,prune_enforced_density
lowsp_ctxdlydm1intseq_netseed0_random_p10_pruneseed0,random,random_unstructured,ctxdlydm1intseq,0,0.0,10,0.1,0.202584144201627,0.7247518563973683,0.2795220769887256,0.2065347764330934,235463.0,0.4655145704746246,,
lowsp_ctxdlydm1intseq_netseed0_random_p10_pruneseed1,random,random_unstructured,ctxdlydm1intseq,0,1.0,10,0.1,0.2358967514266833,0.7247518563973683,0.32548623276288013,0.2571552853655134,235471.0,0.481402039527893,,
lowsp_ctxdlydm1intseq_netseed0_random_p10_pruneseed2,random,random_unstructured,ctxdlydm1intseq,0,2.0,10,0.1,0.2228653464895289,0.7247518563973683,0.3075057269909715,0.23735328231103497,235468.0,0.4266175627708435,,
lowsp_ctxdlydm1intseq_netseed0_random_p20_pruneseed0,random,random_unstructured,ctxdlydm1intseq,0,0.0,20,0.2,0.0568068988641875,0.7247518563973683,0.07838117055203693,-0.014982509797119018,209289.0,0.345782071352005,,
lowsp_ctxdlydm1intseq_netseed0_random_p20_pruneseed1,random,random_unstructured,ctxdlydm1intseq,0,1.0,20,0.2,0.0586820148381573,0.7247518563973683,0.08096842294389794,-0.012133158370843762,209306.0,0.3855506777763366,,
lowsp_ctxdlydm1intseq_netseed0_random_p20_pruneseed2,random,random_unstructured,ctxdlydm1intseq,0,2.0,20,0.2,0.0607557108024259,0.7247518563973683,0.08382967255086912,-0.008982052713661003,209312.0,0.2777116596698761,,
lowsp_ctxdlydm1intseq_netseed0_random_p30_pruneseed0,random,random_unstructured,ctxdlydm1intseq,0,0.0,30,0.3,0.0299986001738388,0.7247518563973683,0.0413915465121501,-0.05571933096964694,183124.0,0.1207067668437957,,
lowsp_ctxdlydm1intseq_netseed0_random_p30_pruneseed1,random,random_unstructured,ctxdlydm1intseq,0,1.0,30,0.3,0.0298228080512792,0.7247518563973683,0.04114899160041322,-0.05598645766586015,183132.0,0.1787479966878891,,
lowsp_ctxdlydm1intseq_netseed0_random_p30_pruneseed2,random,random_unstructured,ctxdlydm1intseq,0,2.0,30,0.3,0.0307082794834315,0.7247518563973683,0.04237074967434745,-0.054640930603452535,183150.0,0.2492566257715225,,
lowsp_ctxdlydm1intseq_netseed0_random_p40_pruneseed0,random,random_unstructured,ctxdlydm1intseq,0,0.0,40,0.4,0.0242625683229105,0.7247518563973683,0.03347706957732548,-0.06443557613127346,156953.0,0.2017758935689926,,
lowsp_ctxdlydm1intseq_netseed0_random_p40_pruneseed1,random,random_unstructured,ctxdlydm1intseq,0,1.0,40,0.4,0.026531588867801,0.7247518563973683,0.036607824641782236,-0.06098766303385363,156967.0,0.1289894133806228,,
lowsp_ctxdlydm1intseq_netseed0_random_p40_pruneseed2,random,random_unstructured,ctxdlydm1intseq,0,2.0,40,0.4,0.0276547052063766,0.7247518563973683,0.03815748102232391,-0.05928102025249094,156984.0,0.2443794906139373,,
lowsp_ctxdlydm1intseq_netseed0_magnitude_p10_pruneseed0,magnitude,l1_unstructured,ctxdlydm1intseq,0,0.0,10,0.1,0.7244816573941748,0.7247518563973683,0.9996271841171451,0.999589416374339,235930.0,0.645308792591095,,
lowsp_ctxdlydm1intseq_netseed0_magnitude_p20_pruneseed0,magnitude,l1_unstructured,ctxdlydm1intseq,0,0.0,20,0.2,0.7262070245230011,0.7247518563973683,1.0020078156582672,1.0022112154297658,209715.0,0.6475393772125244,,
lowsp_ctxdlydm1intseq_netseed0_magnitude_p30_pruneseed0,magnitude,l1_unstructured,ctxdlydm1intseq,0,0.0,30,0.3,0.7227302469879322,0.7247518563973683,0.997210618515025,0.9969280429935472,183501.0,0.619192361831665,,
lowsp_ctxdlydm1intseq_netseed0_magnitude_p40_pruneseed0,magnitude,l1_unstructured,ctxdlydm1intseq,0,0.0,40,0.4,0.6750970925936175,0.7247518563973683,0.9314872209495577,0.9245466019010848,157286.0,0.6108480095863342,,
lowsp_ctxdlydm1intseq_netseed0_obs_p10_pruneseed0,obs,obs_compensated,ctxdlydm1intseq,0,0.0,10,0.1,0.7247681334457535,0.7247518563973683,1.000022458788124,1.0000247339533532,235930.0,0.6424464583396912,,
lowsp_ctxdlydm1intseq_netseed0_obs_p20_pruneseed0,obs,obs_compensated,ctxdlydm1intseq,0,0.0,20,0.2,0.7253052760424635,0.7247518563973683,1.000763598796209,1.000840954414005,209715.0,0.6459568738937378,,
lowsp_ctxdlydm1intseq_netseed0_obs_p30_pruneseed0,obs,obs_compensated,ctxdlydm1intseq,0,0.0,30,0.3,0.7274733788873661,0.7247518563973683,1.0037551093742982,1.0041355170006356,183501.0,0.6331356763839722,,
lowsp_ctxdlydm1intseq_netseed0_obs_p40_pruneseed0,obs,obs_compensated,ctxdlydm1intseq,0,0.0,40,0.4,0.7269167038325938,0.7247518563973683,1.0029870188204644,1.00328961579596,157286.0,0.6436171531677246,,
lowsp_ctxdlydm1intseq_netseed0_lnp_mask_p10_pruneseed0,lnp_mask,vanilla_mask_only,ctxdlydm1intseq,0,0.0,10,0.1,0.7245174669006221,0.7247518563973683,0.9996765934510174,0.9996438310717157,235469.0,0.6387572288513184,,
lowsp_ctxdlydm1intseq_netseed0_lnp_mask_p20_pruneseed0,lnp_mask,vanilla_mask_only,ctxdlydm1intseq,0,0.0,20,0.2,0.7244556141167585,0.7247518563973683,0.999591250056147,0.9995498420489739,209306.0,0.6367615461349487,,
lowsp_ctxdlydm1intseq_netseed0_lnp_mask_p30_pruneseed0,lnp_mask,vanilla_mask_only,ctxdlydm1intseq,0,0.0,30,0.3,0.7262493448488025,0.7247518563973683,1.002066208507389,1.0022755237084837,183142.0,0.626862645149231,,
lowsp_ctxdlydm1intseq_netseed0_lnp_mask_p40_pruneseed0,lnp_mask,vanilla_mask_only,ctxdlydm1intseq,0,0.0,40,0.4,0.6936887372591404,0.7247518563973683,0.9571396487445538,0.9527977234209762,156979.0,0.6257506608963013,,
lowsp_ctxdlydm1intseq_netseed0_lnp_rescale_p10_pruneseed0,lnp_rescale,noise_prune,ctxdlydm1intseq,0,0.0,10,0.1,0.7261679596068767,0.7247518563973683,1.00195391456677,1.0021518539417182,170541.0,0.6454883217811584,170541.0,0.9000015258789062
lowsp_ctxdlydm1intseq_netseed0_lnp_rescale_p10_pruneseed1,lnp_rescale,noise_prune,ctxdlydm1intseq,0,1.0,10,0.1,0.727668703467988,0.7247518563973683,1.0040246148317837,1.0044323244408726,170301.0,0.6584308743476868,170301.0,0.9000015258789062
lowsp_ctxdlydm1intseq_netseed0_lnp_rescale_p10_pruneseed2,lnp_rescale,noise_prune,ctxdlydm1intseq,0,2.0,10,0.1,0.7173360331530921,0.7247518563973683,0.9897677761308,0.9887312108523354,170287.0,0.6977418661117554,170287.0,0.9000015258789062
lowsp_ctxdlydm1intseq_netseed0_lnp_rescale_p20_pruneseed0,lnp_rescale,noise_prune,ctxdlydm1intseq,0,0.0,20,0.2,0.7290294647129868,0.7247518563973683,1.0059021695189327,1.0065000829411903,160526.0,0.6272041201591492,160526.0,0.7999992370605469
lowsp_ctxdlydm1intseq_netseed0_lnp_rescale_p20_pruneseed1,lnp_rescale,noise_prune,ctxdlydm1intseq,0,1.0,20,0.2,0.7210569664139383,0.7247518563973683,0.9949018550958991,0.9943853925888502,160357.0,0.6664953827857971,160357.0,0.7999992370605469
lowsp_ctxdlydm1intseq_netseed0_lnp_rescale_p20_pruneseed2,lnp_rescale,noise_prune,ctxdlydm1intseq,0,2.0,20,0.2,0.714891220485642,0.7247518563973683,0.9863944661546064,0.9850161710587023,160340.0,0.7226694822311401,160340.0,0.7999992370605469
lowsp_ctxdlydm1intseq_netseed0_lnp_rescale_p30_pruneseed0,lnp_rescale,noise_prune,ctxdlydm1intseq,0,0.0,30,0.3,0.7224047060202291,0.7247518563973683,0.9967614427525491,0.9964333639264855,148337.0,0.6573502421379089,148337.0,0.7000007629394531
lowsp_ctxdlydm1intseq_netseed0_lnp_rescale_p30_pruneseed1,lnp_rescale,noise_prune,ctxdlydm1intseq,0,1.0,30,0.3,0.7129705287761938,0.7247518563973683,0.9837443291559987,0.9820975645630385,148369.0,0.7021697163581848,148369.0,0.7000007629394531
lowsp_ctxdlydm1intseq_netseed0_lnp_rescale_p30_pruneseed2,lnp_rescale,noise_prune,ctxdlydm1intseq,0,2.0,30,0.3,0.715731116182316,0.7247518563973683,0.9875533396217941,0.9862924430517215,148317.0,0.7494909763336182,148317.0,0.7000007629394531
lowsp_ctxdlydm1intseq_netseed0_lnp_rescale_p40_pruneseed0,lnp_rescale,noise_prune,ctxdlydm1intseq,0,0.0,40,0.4,0.6989234360198059,0.7247518563973683,0.9643623950051655,0.9607521628193277,133744.0,0.5858180522918701,133744.0,0.5999984741210938
lowsp_ctxdlydm1intseq_netseed0_lnp_rescale_p40_pruneseed1,lnp_rescale,noise_prune,ctxdlydm1intseq,0,1.0,40,0.4,0.6972143459393647,0.7247518563973683,0.9620042222521673,0.958155097717254,133950.0,0.7488915920257568,133950.0,0.5999984741210938
lowsp_ctxdlydm1intseq_netseed0_lnp_rescale_p40_pruneseed2,lnp_rescale,noise_prune,ctxdlydm1intseq,0,2.0,40,0.4,0.6960521646846647,0.7247518563973683,0.9604006647801284,0.9563890934478438,133666.0,0.7468828558921814,133666.0,0.5999984741210938
lowsp_ctxdlydm1intseq_netseed0_snp_mask_p10_pruneseed0,snp_mask,simulation_noise_prune_mask_only,ctxdlydm1intseq,0,0.0,10,0.1,0.7213662303332563,0.7247518563973683,0.9953285720702512,0.9948553377025589,235469.0,0.640363335609436,,
lowsp_ctxdlydm1intseq_netseed0_snp_mask_p10_pruneseed1,snp_mask,simulation_noise_prune_mask_only,ctxdlydm1intseq,0,1.0,10,0.1,0.7212913559106846,0.7247518563973683,0.9952252616448818,0.9947415615171347,235469.0,0.6398490071296692,,
lowsp_ctxdlydm1intseq_netseed0_snp_mask_p10_pruneseed2,snp_mask,simulation_noise_prune_mask_only,ctxdlydm1intseq,0,2.0,10,0.1,0.7212978667300386,0.7247518563973683,0.9952342451601311,0.9947514550984757,235469.0,0.6404712796211243,,
lowsp_ctxdlydm1intseq_netseed0_snp_mask_p20_pruneseed0,snp_mask,simulation_noise_prune_mask_only,ctxdlydm1intseq,0,0.0,20,0.2,0.7115674472053936,0.7247518563973683,0.9818083816197278,0.9799654977840028,209306.0,0.636320173740387,,
lowsp_ctxdlydm1intseq_netseed0_snp_mask_p20_pruneseed1,snp_mask,simulation_noise_prune_mask_only,ctxdlydm1intseq,0,1.0,20,0.2,0.7115837242537787,0.7247518563973683,0.9818308404078516,0.9799902317373558,209306.0,0.6350560188293457,,
lowsp_ctxdlydm1intseq_netseed0_snp_mask_p20_pruneseed2,snp_mask,simulation_noise_prune_mask_only,ctxdlydm1intseq,0,2.0,20,0.2,0.7115869796634557,0.7247518563973683,0.9818353321654764,0.9799951785280264,209306.0,0.6356735825538635,,
lowsp_ctxdlydm1intseq_netseed0_snp_mask_p30_pruneseed0,snp_mask,simulation_noise_prune_mask_only,ctxdlydm1intseq,0,0.0,30,0.3,0.6972859649522594,0.7247518563973683,0.962103040919912,0.9582639271120076,183142.0,0.6092027425765991,,
lowsp_ctxdlydm1intseq_netseed0_snp_mask_p30_pruneseed1,snp_mask,simulation_noise_prune_mask_only,ctxdlydm1intseq,0,1.0,30,0.3,0.6974812895328812,0.7247518563973683,0.9623725463773976,0.9585607345522446,183142.0,0.610788881778717,,
lowsp_ctxdlydm1intseq_netseed0_snp_mask_p30_pruneseed2,snp_mask,simulation_noise_prune_mask_only,ctxdlydm1intseq,0,2.0,30,0.3,0.6979663455747589,0.7247518563973683,0.9630418182634867,0.9592978063621665,183142.0,0.60789555311203,,
lowsp_ctxdlydm1intseq_netseed0_snp_mask_p40_pruneseed0,snp_mask,simulation_noise_prune_mask_only,ctxdlydm1intseq,0,0.0,40,0.4,0.6925330668237945,0.7247518563973683,0.9555450747877645,0.9510416127329073,156979.0,0.5887369513511658,,
lowsp_ctxdlydm1intseq_netseed0_snp_mask_p40_pruneseed1,snp_mask,simulation_noise_prune_mask_only,ctxdlydm1intseq,0,1.0,40,0.4,0.6921000973367494,0.7247518563973683,0.9549476710236716,0.9503836895737153,156979.0,0.5880628228187561,,
lowsp_ctxdlydm1intseq_netseed0_snp_mask_p40_pruneseed2,snp_mask,simulation_noise_prune_mask_only,ctxdlydm1intseq,0,2.0,40,0.4,0.6925363222334715,0.7247518563973683,0.9555495665453894,0.951046559523578,156979.0,0.5899335741996765,,
lowsp_ctxdlydm1intseq_netseed0_snp_rescale_p10_pruneseed0,snp_rescale,simulation_noise_prune_rescale,ctxdlydm1intseq,0,0.0,10,0.1,0.719012569136763,0.7247518563973683,0.9920810313075508,0.991278808047703,172163.0,0.6478171944618225,172163.0,0.9000015258789062
lowsp_ctxdlydm1intseq_netseed0_snp_rescale_p10_pruneseed1,snp_rescale,simulation_noise_prune_rescale,ctxdlydm1intseq,0,1.0,10,0.1,0.7235831643233143,0.7247518563973683,0.9983874590127118,0.9982241021492487,172157.0,0.6243290305137634,172157.0,0.9000015258789062
lowsp_ctxdlydm1intseq_netseed0_snp_rescale_p10_pruneseed2,snp_rescale,simulation_noise_prune_rescale,ctxdlydm1intseq,0,2.0,10,0.1,0.7266823143358476,0.7247518563973683,1.002663612271482,1.0029334468676758,172097.0,0.6052965521812439,172097.0,0.9000015258789062
lowsp_ctxdlydm1intseq_netseed0_snp_rescale_p20_pruneseed0,snp_rescale,simulation_noise_prune_rescale,ctxdlydm1intseq,0,0.0,20,0.2,0.7088133706186255,0.7247518563973683,0.9780083546691821,0.975780512876661,162529.0,0.6121598482131958,162529.0,0.7999992370605469
lowsp_ctxdlydm1intseq_netseed0_snp_rescale_p20_pruneseed1,snp_rescale,simulation_noise_prune_rescale,ctxdlydm1intseq,0,1.0,20,0.2,0.7212457801752061,0.7247518563973683,0.995162377038135,0.994672306447746,162397.0,0.6127256751060486,162397.0,0.7999992370605469
lowsp_ctxdlydm1intseq_netseed0_snp_rescale_p20_pruneseed2,snp_rescale,simulation_noise_prune_rescale,ctxdlydm1intseq,0,2.0,20,0.2,0.7256536048779059,0.7247518563973683,1.0012442168620581,1.0013702610157609,162264.0,0.5732853412628174,162264.0,0.7999992370605469
lowsp_ctxdlydm1intseq_netseed0_snp_rescale_p30_pruneseed0,snp_rescale,simulation_noise_prune_rescale,ctxdlydm1intseq,0,0.0,30,0.3,0.699151314697198,0.7247518563973683,0.9646768180388987,0.9610984381662709,150862.0,0.5862178206443787,150862.0,0.7000007629394531
lowsp_ctxdlydm1intseq_netseed0_snp_rescale_p30_pruneseed1,snp_rescale,simulation_noise_prune_rescale,ctxdlydm1intseq,0,1.0,30,0.3,0.7225414332266644,0.7247518563973683,0.996950096572789,0.9966411291346514,150597.0,0.6305794715881348,150597.0,0.7000007629394531
lowsp_ctxdlydm1intseq_netseed0_snp_rescale_p30_pruneseed2,snp_rescale,simulation_noise_prune_rescale,ctxdlydm1intseq,0,2.0,30,0.3,0.7255168776714706,0.7247518563973683,1.0010555630418183,1.0011624958075949,150589.0,0.5862247943878174,150589.0,0.7000007629394531
lowsp_ctxdlydm1intseq_netseed0_snp_rescale_p40_pruneseed0,snp_rescale,simulation_noise_prune_rescale,ctxdlydm1intseq,0,0.0,40,0.4,0.6600863985728284,0.7247518563973683,0.9107757265417958,0.9017369501188713,136796.0,0.6043250560760498,136796.0,0.5999984741210938
lowsp_ctxdlydm1intseq_netseed0_snp_rescale_p40_pruneseed1,snp_rescale,simulation_noise_prune_rescale,ctxdlydm1intseq,0,1.0,40,0.4,0.712680797314938,0.7247518563973683,0.9833445627273952,0.9816573001933535,136312.0,0.7500920295715332,136312.0,0.5999984741210938
lowsp_ctxdlydm1intseq_netseed0_snp_rescale_p40_pruneseed2,snp_rescale,simulation_noise_prune_rescale,ctxdlydm1intseq,0,2.0,40,0.4,0.7093830673121059,0.7247518563973683,0.9787944122535148,0.976646201244019,136324.0,0.6083731055259705,136324.0,0.5999984741210938
lowsp_ctxdlydm1intseq_netseed0_snp_rescale_p50_pruneseed0,snp_rescale,simulation_noise_prune_rescale,ctxdlydm1intseq,0,0.0,50,0.5,0.6310448888440365,0.7247518563973683,0.8707047567713246,0.8576066305463005,119440.0,0.6729455590248108,119440.0,0.5
lowsp_ctxdlydm1intseq_netseed0_snp_rescale_p50_pruneseed1,snp_rescale,simulation_noise_prune_rescale,ctxdlydm1intseq,0,1.0,50,0.5,0.6664018933462682,0.7247518563973683,0.9194897363338276,0.9113337240198678,119302.0,0.8588631749153137,119302.0,0.5
lowsp_ctxdlydm1intseq_netseed0_snp_rescale_p50_pruneseed2,snp_rescale,simulation_noise_prune_rescale,ctxdlydm1intseq,0,2.0,50,0.5,0.6748496814581632,0.7247518563973683,0.931145847370076,0.9241706458101179,119220.0,0.6565676927566528,119220.0,0.5
lowsp_ctxdlydm1intseq_netseed0_snp_rescale_p60_pruneseed0,snp_rescale,simulation_noise_prune_rescale,ctxdlydm1intseq,0,0.0,60,0.6,0.5787434769728597,0.7247518563973683,0.7985401787719535,0.7781314916321739,99054.0,0.9771041870117188,99054.0,0.4000015258789062
lowsp_ctxdlydm1intseq_netseed0_snp_rescale_p60_pruneseed1,snp_rescale,simulation_noise_prune_rescale,ctxdlydm1intseq,0,1.0,60,0.6,0.5751853141958649,0.7247518563973683,0.7936306876880923,0.7727246494291898,99243.0,0.9118223190307616,99243.0,0.4000015258789062
lowsp_ctxdlydm1intseq_netseed0_snp_rescale_p60_pruneseed2,snp_rescale,simulation_noise_prune_rescale,ctxdlydm1intseq,0,2.0,60,0.6,0.5832033882303919,0.7247518563973683,0.8046938867178728,0.7849085948509187,99091.0,0.860493540763855,99091.0,0.4000015258789062
lowsp_ctxdlydm1intseq_netseed0_snp_rescale_p70_pruneseed0,snp_rescale,simulation_noise_prune_rescale,ctxdlydm1intseq,0,0.0,70,0.7,0.3659406017950329,0.7247518563973683,0.5049184745991107,0.45476473228463576,76322.0,1.246288180351257,76322.0,0.2999992370605469
lowsp_ctxdlydm1intseq_netseed0_snp_rescale_p70_pruneseed1,snp_rescale,simulation_noise_prune_rescale,ctxdlydm1intseq,0,1.0,70,0.7,0.3441065690911872,0.7247518563973683,0.4747922562098548,0.4215866072568099,76334.0,1.4792373180389404,76334.0,0.2999992370605469
lowsp_ctxdlydm1intseq_netseed0_snp_rescale_p70_pruneseed2,snp_rescale,simulation_noise_prune_rescale,ctxdlydm1intseq,0,2.0,70,0.7,0.355702338360771,0.7247518563973683,0.4907918968692449,0.4392070756255464,76461.0,1.1900633573532104,76461.0,0.2999992370605469
lowsp_ctxdlydm1intseq_netseed0_snp_rescale_p80_pruneseed0,snp_rescale,simulation_noise_prune_rescale,ctxdlydm1intseq,0,0.0,80,0.8,0.1371243664158916,0.7247518563973683,0.1892018146700804,0.10706470962833442,51946.0,2.0367043018341064,51946.0,0.2000007629394531
lowsp_ctxdlydm1intseq_netseed0_snp_rescale_p80_pruneseed1,snp_rescale,simulation_noise_prune_rescale,ctxdlydm1intseq,0,1.0,80,0.8,0.1343637790097694,0.7247518563973683,0.18539280420428503,0.1028698311396514,51741.0,2.0349738597869873,51741.0,0.2000007629394531
lowsp_ctxdlydm1intseq_netseed0_snp_rescale_p80_pruneseed2,snp_rescale,simulation_noise_prune_rescale,ctxdlydm1intseq,0,2.0,80,0.8,0.1561685130265218,0.7247518563973683,0.215478596774918,0.13600343505144163,52038.0,1.946974515914917,52038.0,0.2000007629394531
lowsp_ctxdlydm1intseq_netseed1_random_p10_pruneseed0,random,random_unstructured,ctxdlydm1intseq,1,0.0,10,0.1,0.2031994166305858,0.6834211751377852,0.2973267788924137,0.22137292567568265,235472.0,0.6033586859703064,,
lowsp_ctxdlydm1intseq_netseed1_random_p10_pruneseed1,random,random_unstructured,ctxdlydm1intseq,1,1.0,10,0.1,0.2051298745690651,0.6834211751377852,0.30015147617822735,0.22450295214807073,235464.0,0.4829755127429962,,
lowsp_ctxdlydm1intseq_netseed1_random_p10_pruneseed2,random,random_unstructured,ctxdlydm1intseq,1,2.0,10,0.1,0.1850993388262946,0.6834211751377852,0.27084226471176653,0.19202562856526553,235468.0,0.3645263016223907,,
lowsp_ctxdlydm1intseq_netseed1_random_p20_pruneseed0,random,random_unstructured,ctxdlydm1intseq,1,0.0,20,0.2,0.0700010742851934,0.6834211751377852,0.10242742957310388,0.005406377371755964,209302.0,0.4807426631450653,,
lowsp_ctxdlydm1intseq_netseed1_random_p20_pruneseed1,random,random_unstructured,ctxdlydm1intseq,1,1.0,20,0.2,0.0728886226687197,0.6834211751377852,0.10665256699724669,0.010088221353219993,209305.0,0.4882002174854278,,
lowsp_ctxdlydm1intseq_netseed1_random_p20_pruneseed2,random,random_unstructured,ctxdlydm1intseq,1,2.0,20,0.2,0.0705544939302886,0.6834211751377852,0.10323720788438263,0.0063036868157794745,209312.0,0.313630074262619,,
lowsp_ctxdlydm1intseq_netseed1_random_p30_pruneseed0,random,random_unstructured,ctxdlydm1intseq,1,0.0,30,0.3,0.0399048118210436,0.6834211751377852,0.05838977964503127,-0.04339142151058353,183150.0,0.5940635800361633,,
lowsp_ctxdlydm1intseq_netseed1_random_p30_pruneseed1,random,random_unstructured,ctxdlydm1intseq,1,1.0,30,0.3,0.0401880324629453,0.6834211751377852,0.05880419560433279,-0.04293221020687733,183143.0,0.5079759955406189,,
lowsp_ctxdlydm1intseq_netseed1_random_p30_pruneseed2,random,random_unstructured,ctxdlydm1intseq,1,2.0,30,0.3,0.0411190796305761,0.6834211751377852,0.06016652852801355,-0.0414226190245789,183150.0,0.3744481801986694,,
lowsp_ctxdlydm1intseq_netseed1_random_p40_pruneseed0,random,random_unstructured,ctxdlydm1intseq,1,0.0,40,0.4,0.0375869601309976,0.6834211751377852,0.05499823754132238,-0.047149564593788156,156984.0,0.3802152872085571,,
lowsp_ctxdlydm1intseq_netseed1_random_p40_pruneseed1,random,random_unstructured,ctxdlydm1intseq,1,1.0,40,0.4,0.0340157757152948,0.6834211751377852,0.049772785732658704,-0.05293984965316365,156972.0,0.3968388736248016,,
lowsp_ctxdlydm1intseq_netseed1_random_p40_pruneseed2,random,random_unstructured,ctxdlydm1intseq,1,2.0,40,0.4,0.0426230789013643,0.6834211751377852,0.06236722017395937,-0.038984048653173786,156984.0,0.2214033752679824,,
lowsp_ctxdlydm1intseq_netseed1_magnitude_p10_pruneseed0,magnitude,l1_unstructured,ctxdlydm1intseq,1,0.0,10,0.1,0.6834472184152015,0.6834211751377852,1.0000381072146485,1.0000422263267776,235930.0,0.6662002801895142,,
lowsp_ctxdlydm1intseq_netseed1_magnitude_p20_pruneseed0,magnitude,l1_unstructured,ctxdlydm1intseq,1,0.0,20,0.2,0.6763341482708891,0.6834211751377852,0.9896300742138004,0.9885091608256513,209715.0,0.6785228252410889,,
lowsp_ctxdlydm1intseq_netseed1_magnitude_p30_pruneseed0,magnitude,l1_unstructured,ctxdlydm1intseq,1,0.0,30,0.3,0.6421946669878671,0.6834211751377852,0.9396762792115617,0.9331557247110928,183501.0,0.673798143863678,,
lowsp_ctxdlydm1intseq_netseed1_magnitude_p40_pruneseed0,magnitude,l1_unstructured,ctxdlydm1intseq,1,0.0,40,0.4,0.5596244559396577,0.6834211751377852,0.8188573551687673,0.7992771556627791,157286.0,0.6700796484947205,,
lowsp_ctxdlydm1intseq_netseed1_obs_p10_pruneseed0,obs,obs_compensated,ctxdlydm1intseq,1,0.0,10,0.1,0.6833853656313379,0.6834211751377852,0.9999476025798585,0.9999419388006808,235930.0,0.6687481999397278,,
lowsp_ctxdlydm1intseq_netseed1_obs_p20_pruneseed0,obs,obs_compensated,ctxdlydm1intseq,1,0.0,20,0.2,0.6825161712475707,0.6834211751377852,0.9986757742909677,0.9985326351444792,209715.0,0.6642997860908508,,
lowsp_ctxdlydm1intseq_netseed1_obs_p30_pruneseed0,obs,obs_compensated,ctxdlydm1intseq,1,0.0,30,0.3,0.6766662000579463,0.6834211751377852,0.9901159412005678,0.9890475464920655,183501.0,0.6750373840332031,,
lowsp_ctxdlydm1intseq_netseed1_obs_p40_pruneseed0,obs,obs_compensated,ctxdlydm1intseq,1,0.0,40,0.4,0.6578727199924475,0.6834211751377852,0.9626168224299065,0.9585759734311952,157286.0,0.6712464094161987,,
lowsp_ctxdlydm1intseq_netseed1_lnp_mask_p10_pruneseed0,lnp_mask,vanilla_mask_only,ctxdlydm1intseq,1,0.0,10,0.1,0.6855469576568863,0.6834211751377852,1.0031105013956767,1.0034467239232199,235469.0,0.6616367697715759,,
lowsp_ctxdlydm1intseq_netseed1_lnp_mask_p20_pruneseed0,lnp_mask,vanilla_mask_only,ctxdlydm1intseq,1,0.0,20,0.2,0.6830858679410511,0.6834211751377852,0.9995093696114017,0.9994563360427388,209306.0,0.6612827181816101,,
lowsp_ctxdlydm1intseq_netseed1_lnp_mask_p30_pruneseed0,lnp_mask,vanilla_mask_only,ctxdlydm1intseq,1,0.0,30,0.3,0.6572314042860724,0.6834211751377852,0.9616784322691894,0.9575361501342974,183142.0,0.6704522967338562,,
lowsp_ctxdlydm1intseq_netseed1_lnp_mask_p40_pruneseed0,lnp_mask,vanilla_mask_only,ctxdlydm1intseq,1,0.0,40,0.4,0.5870675595170274,0.6834211751377852,0.8590128326045328,0.8437731475046527,156979.0,0.6420220732688904,,
lowsp_ctxdlydm1intseq_netseed1_lnp_rescale_p10_pruneseed0,lnp_rescale,noise_prune,ctxdlydm1intseq,1,0.0,10,0.1,0.6640482321497749,0.6834211751377852,0.9716529957034116,0.9685888911683286,165996.0,0.7000225186347961,165996.0,0.9000015258789062
lowsp_ctxdlydm1intseq_netseed1_lnp_rescale_p10_pruneseed1,lnp_rescale,noise_prune,ctxdlydm1intseq,1,1.0,10,0.1,0.6659135818947135,0.6834211751377852,0.9743824249526041,0.9716133518237726,165957.0,0.645227313041687,165957.0,0.9000015258789062
lowsp_ctxdlydm1intseq_netseed1_lnp_rescale_p10_pruneseed2,lnp_rescale,noise_prune,ctxdlydm1intseq,1,2.0,10,0.1,0.6683063080073312,0.6834211751377852,0.977883525298427,0.9754928955964627,165922.0,0.6457677483558655,165922.0,0.9000015258789062
lowsp_ctxdlydm1intseq_netseed1_lnp_rescale_p20_pruneseed0,lnp_rescale,noise_prune,ctxdlydm1intseq,1,0.0,20,0.2,0.6468824569227914,0.6834211751377852,0.9465355778482761,0.9407564635310569,155936.0,0.7331329584121704,155936.0,0.7999992370605469
lowsp_ctxdlydm1intseq_netseed1_lnp_rescale_p20_pruneseed1,lnp_rescale,noise_prune,ctxdlydm1intseq,1,1.0,20,0.2,0.6692113118975458,0.6834211751377852,0.9792077510074595,0.9769602604519836,155818.0,0.5937802791595459,155818.0,0.7999992370605469
lowsp_ctxdlydm1intseq_netseed1_lnp_rescale_p20_pruneseed2,lnp_rescale,noise_prune,ctxdlydm1intseq,1,2.0,20,0.2,0.6644095826239254,0.6834211751377852,0.9721817333066584,0.9691747814523676,155834.0,0.6489177942276001,155834.0,0.7999992370605469
lowsp_ctxdlydm1intseq_netseed1_lnp_rescale_p30_pruneseed0,lnp_rescale,noise_prune,ctxdlydm1intseq,1,0.0,30,0.3,0.6400200533236106,0.6834211751377852,0.9364943267884193,0.929629826425165,143599.0,0.7187997102737427,143599.0,0.7000007629394531
lowsp_ctxdlydm1intseq_netseed1_lnp_rescale_p30_pruneseed1,lnp_rescale,noise_prune,ctxdlydm1intseq,1,1.0,30,0.3,0.6649337035819273,0.6834211751377852,0.9729486410014576,0.9700245862787662,143721.0,0.6783630847930908,143721.0,0.7000007629394531
lowsp_ctxdlydm1intseq_netseed1_lnp_rescale_p30_pruneseed2,lnp_rescale,noise_prune,ctxdlydm1intseq,1,2.0,30,0.3,0.641338494242808,0.6834211751377852,0.9384235045299951,0.9317675342182798,143811.0,0.6624504327774048,143811.0,0.7000007629394531
lowsp_ctxdlydm1intseq_netseed1_lnp_rescale_p40_pruneseed0,lnp_rescale,noise_prune,ctxdlydm1intseq,1,0.0,40,0.4,0.6173884452488924,0.6834211751377852,0.903379157258948,0.892935148455449,129088.0,0.7815932035446167,129088.0,0.5999984741210938
lowsp_ctxdlydm1intseq_netseed1_lnp_rescale_p40_pruneseed1,lnp_rescale,noise_prune,ctxdlydm1intseq,1,1.0,40,0.4,0.6590349012471475,0.6834211751377852,0.964317356883592,0.9604603232636447,129012.0,0.7542752623558044,129012.0,0.5999984741210938
lowsp_ctxdlydm1intseq_netseed1_lnp_rescale_p40_pruneseed2,lnp_rescale,noise_prune,ctxdlydm1intseq,1,2.0,40,0.4,0.5860225730107005,0.6834211751377852,0.8574837806167652,0.8420788161427024,129351.0,0.7205917239189148,129351.0,0.5999984741210938
lowsp_ctxdlydm1intseq_netseed1_snp_mask_p10_pruneseed0,snp_mask,simulation_noise_prune_mask_only,ctxdlydm1intseq,1,0.0,10,0.1,0.6918982619367734,0.6834211751377852,1.0124038983680586,1.0137446693661019,235469.0,0.6626372933387756,,
lowsp_ctxdlydm1intseq_netseed1_snp_mask_p10_pruneseed1,snp_mask,simulation_noise_prune_mask_only,ctxdlydm1intseq,1,1.0,10,0.1,0.6917029373561516,0.6834211751377852,1.0121180942581955,1.0134279719152701,235469.0,0.6629945635795593,,
lowsp_ctxdlydm1intseq_netseed1_snp_mask_p10_pruneseed2,snp_mask,simulation_noise_prune_mask_only,ctxdlydm1intseq,1,2.0,10,0.1,0.6916703832593812,0.6834211751377852,1.012070460239885,1.013375189006798,235469.0,0.6625560522079468,,
lowsp_ctxdlydm1intseq_netseed1_snp_mask_p20_pruneseed0,snp_mask,simulation_noise_prune_mask_only,ctxdlydm1intseq,1,0.0,20,0.2,0.7006129936421849,0.6834211751377852,1.0251555250697837,1.027874653964049,209306.0,0.667647123336792,,
lowsp_ctxdlydm1intseq_netseed1_snp_mask_p20_pruneseed1,snp_mask,simulation_noise_prune_mask_only,ctxdlydm1intseq,1,1.0,20,0.2,0.7004469677486563,0.6834211751377852,1.0249125915764001,1.027605461130842,209306.0,0.6663065552711487,,
lowsp_ctxdlydm1intseq_netseed1_snp_mask_p20_pruneseed2,snp_mask,simulation_noise_prune_mask_only,ctxdlydm1intseq,1,2.0,20,0.2,0.7009287683808569,0.6834211751377852,1.025617575047396,1.0283866481762274,209306.0,0.664741575717926,,
lowsp_ctxdlydm1intseq_netseed1_snp_mask_p30_pruneseed0,snp_mask,simulation_noise_prune_mask_only,ctxdlydm1intseq,1,0.0,30,0.3,0.6918722186593572,0.6834211751377852,1.01236579115341,1.0137024430393244,183142.0,0.6707455515861511,,
lowsp_ctxdlydm1intseq_netseed1_snp_mask_p30_pruneseed1,snp_mask,simulation_noise_prune_mask_only,ctxdlydm1intseq,1,1.0,30,0.3,0.6911625393497645,0.6834211751377852,1.0113273695542409,1.0125517756346352,183142.0,0.6754793524742126,,
lowsp_ctxdlydm1intseq_netseed1_snp_mask_p30_pruneseed2,snp_mask,simulation_noise_prune_mask_only,ctxdlydm1intseq,1,2.0,30,0.3,0.6909151282143101,0.6834211751377852,1.010965351015081,1.0121506255302484,183142.0,0.674876868724823,,
lowsp_ctxdlydm1intseq_netseed1_snp_mask_p40_pruneseed0,snp_mask,simulation_noise_prune_mask_only,ctxdlydm1intseq,1,0.0,40,0.4,0.6496658321966527,0.6834211751377852,0.9506082864138252,0.9452694022054106,156979.0,0.6418814659118652,,
lowsp_ctxdlydm1intseq_netseed1_snp_mask_p40_pruneseed1,snp_mask,simulation_noise_prune_mask_only,ctxdlydm1intseq,1,1.0,40,0.4,0.6493240141805645,0.6834211751377852,0.9501081292215648,0.9447151816664549,156979.0,0.650765597820282,,
lowsp_ctxdlydm1intseq_netseed1_snp_mask_p40_pruneseed2,snp_mask,simulation_noise_prune_mask_only,ctxdlydm1intseq,1,2.0,40,0.4,0.6475823700033531,0.6834211751377852,0.9475597092419522,0.9418912960632043,156979.0,0.6479721069335938,,
lowsp_ctxdlydm1intseq_netseed1_snp_rescale_p10_pruneseed0,snp_rescale,simulation_noise_prune_rescale,ctxdlydm1intseq,1,0.0,10,0.1,0.6771740439675631,0.6834211751377852,0.9908590318862118,0.9898709598642282,173163.0,0.5084888339042664,173163.0,0.9000015258789062
lowsp_ctxdlydm1intseq_netseed1_snp_rescale_p10_pruneseed1,snp_rescale,simulation_noise_prune_rescale,ctxdlydm1intseq,1,1.0,10,0.1,0.6642630891884589,0.6834211751377852,0.9719673802242609,0.9689372583642435,173378.0,0.6377452611923218,173378.0,0.9000015258789062
lowsp_ctxdlydm1intseq_netseed1_snp_rescale_p10_pruneseed2,snp_rescale,simulation_noise_prune_rescale,ctxdlydm1intseq,1,2.0,10,0.1,0.6768973341450155,0.6834211751377852,0.9904541427305725,0.9894223051422165,173244.0,0.6423227787017822,173244.0,0.9000015258789062
lowsp_ctxdlydm1intseq_netseed1_snp_rescale_p20_pruneseed0,snp_rescale,simulation_noise_prune_rescale,ctxdlydm1intseq,1,0.0,20,0.2,0.6796286228640444,0.6834211751377852,0.9944506368668249,0.9938507911630151,163378.0,0.5032688975334167,163378.0,0.7999992370605469
lowsp_ctxdlydm1intseq_netseed1_snp_rescale_p20_pruneseed1,snp_rescale,simulation_noise_prune_rescale,ctxdlydm1intseq,1,1.0,20,0.2,0.6608514198469306,0.6834211751377852,0.9669753351053187,0.9634056095563808,163766.0,0.6676264405250549,163766.0,0.7999992370605469
lowsp_ctxdlydm1intseq_netseed1_snp_rescale_p20_pruneseed2,snp_rescale,simulation_noise_prune_rescale,ctxdlydm1intseq,1,2.0,20,0.2,0.6694652338523541,0.6834211751377852,0.9795792963502815,0.977371967138065,163604.0,0.5036444067955017,163604.0,0.7999992370605469
lowsp_ctxdlydm1intseq_netseed1_snp_rescale_p30_pruneseed0,snp_rescale,simulation_noise_prune_rescale,ctxdlydm1intseq,1,0.0,30,0.3,0.6975138436296515,0.6834211751377852,1.0206207665266225,1.0228497210775171,151777.0,0.6239612102508545,151777.0,0.7000007629394531
lowsp_ctxdlydm1intseq_netseed1_snp_rescale_p30_pruneseed1,snp_rescale,simulation_noise_prune_rescale,ctxdlydm1intseq,1,1.0,30,0.3,0.6425364850039553,0.6834211751377852,0.9401764364038222,0.9337099452500485,152028.0,0.6461308598518372,152028.0,0.7000007629394531
lowsp_ctxdlydm1intseq_netseed1_snp_rescale_p30_pruneseed2,snp_rescale,simulation_noise_prune_rescale,ctxdlydm1intseq,1,2.0,30,0.3,0.6437572636328419,0.6834211751377852,0.9419627120904666,0.9356893043177475,151922.0,0.6246252059936523,151922.0,0.7000007629394531
lowsp_ctxdlydm1intseq_netseed1_snp_rescale_p40_pruneseed0,snp_rescale,simulation_noise_prune_rescale,ctxdlydm1intseq,1,0.0,40,0.4,0.6907328252723964,0.6834211751377852,1.010698600512542,1.0118550412428053,137852.0,0.687397301197052,137852.0,0.5999984741210938
lowsp_ctxdlydm1intseq_netseed1_snp_rescale_p40_pruneseed1,snp_rescale,simulation_noise_prune_rescale,ctxdlydm1intseq,1,1.0,40,0.4,0.6165257616844791,0.6834211751377852,0.9021168557737193,0.8915364013809416,137828.0,0.7181396484375,137828.0,0.5999984741210938
lowsp_ctxdlydm1intseq_netseed1_snp_rescale_p40_pruneseed2,snp_rescale,simulation_noise_prune_rescale,ctxdlydm1intseq,1,2.0,40,0.4,0.5906778088488546,0.6834211751377852,0.8642954452351691,0.8496267720541947,138089.0,0.7037872672080994,138089.0,0.5999984741210938
lowsp_ctxdlydm1intseq_netseed1_snp_rescale_p50_pruneseed0,snp_rescale,simulation_noise_prune_rescale,ctxdlydm1intseq,1,0.0,50,0.5,0.6303449757634749,0.6834211751377852,0.9223374965465336,0.9139427460272943,120774.0,0.7588960528373718,120774.0,0.5
lowsp_ctxdlydm1intseq_netseed1_snp_rescale_p50_pruneseed1,snp_rescale,simulation_noise_prune_rescale,ctxdlydm1intseq,1,1.0,50,0.5,0.5382819900970438,0.6834211751377852,0.7876284927643927,0.7646726808685533,120660.0,0.8107482194900513,120660.0,0.5
lowsp_ctxdlydm1intseq_netseed1_snp_rescale_p50_pruneseed2,snp_rescale,simulation_noise_prune_rescale,ctxdlydm1intseq,1,2.0,50,0.5,0.5555747263014315,0.6834211751377852,0.8129316832909391,0.7927109618488657,121185.0,0.8021434545516968,121185.0,0.5
lowsp_ctxdlydm1intseq_netseed1_snp_rescale_p60_pruneseed0,snp_rescale,simulation_noise_prune_rescale,ctxdlydm1intseq,1,0.0,60,0.6,0.5221481797376791,0.6834211751377852,0.7640210732897006,0.7385134714298434,100482.0,1.0058521032333374,100482.0,0.4000015258789062
lowsp_ctxdlydm1intseq_netseed1_snp_rescale_p60_pruneseed1,snp_rescale,simulation_noise_prune_rescale,ctxdlydm1intseq,1,1.0,60,0.6,0.4130366135926375,0.6834211751377852,0.6043661341183418,0.5616009971043295,100487.0,1.0104639530181885,100487.0,0.4000015258789062
lowsp_ctxdlydm1intseq_netseed1_snp_rescale_p60_pruneseed2,snp_rescale,simulation_noise_prune_rescale,ctxdlydm1intseq,1,2.0,60,0.6,0.3988332611717521,0.6834211751377852,0.5835834119294635,0.5385718141380075,100607.0,1.033509612083435,100607.0,0.4000015258789062
lowsp_ctxdlydm1intseq_netseed1_snp_rescale_p70_pruneseed0,snp_rescale,simulation_noise_prune_rescale,ctxdlydm1intseq,1,0.0,70,0.7,0.3039738785927515,0.6834211751377852,0.4447826459744491,0.384767697141524,77211.0,1.479572892189026,77211.0,0.2999992370605469
lowsp_ctxdlydm1intseq_netseed1_snp_rescale_p70_pruneseed1,snp_rescale,simulation_noise_prune_rescale,ctxdlydm1intseq,1,1.0,70,0.7,0.2571871307144647,0.6834211751377852,0.3763230348585745,0.30890810108560357,77126.0,1.426585078239441,77126.0,0.2999992370605469
lowsp_ctxdlydm1intseq_netseed1_snp_rescale_p70_pruneseed2,snp_rescale,simulation_noise_prune_rescale,ctxdlydm1intseq,1,2.0,70,0.7,0.2181840673739586,0.6834211751377852,0.3192527175207445,0.24566889844533205,77400.0,1.384349346160889,77400.0,0.2999992370605469
lowsp_ctxdlydm1intseq_netseed1_snp_rescale_p80_pruneseed0,snp_rescale,simulation_noise_prune_rescale,ctxdlydm1intseq,1,0.0,80,0.8,0.1784290043980584,0.6834211751377852,0.2610820543599416,0.18121041061935803,51979.0,1.9983532428741455,51979.0,0.2000007629394531
lowsp_ctxdlydm1intseq_netseed1_snp_rescale_p80_pruneseed1,snp_rescale,simulation_noise_prune_rescale,ctxdlydm1intseq,1,1.0,80,0.8,0.1335010954453563,0.6834211751377852,0.19534234568959763,0.10836471863718748,51978.0,2.0359506607055664,51978.0,0.2000007629394531
lowsp_ctxdlydm1intseq_netseed1_snp_rescale_p80_pruneseed2,snp_rescale,simulation_noise_prune_rescale,ctxdlydm1intseq,1,2.0,80,0.8,0.1272637305041652,0.6834211751377852,0.18621566778130255,0.09825151337395725,52409.0,2.0163021087646484,52409.0,0.2000007629394531
lowsp_ctxdlydm1intseq_netseed2_random_p10_pruneseed0,random,random_unstructured,ctxdlydm1intseq,2,0.0,10,0.1,0.2481729013187664,0.608579306662847,0.40779056829852783,0.334936337069715,235472.0,0.5080738663673401,,
lowsp_ctxdlydm1intseq_netseed2_random_p10_pruneseed1,random,random_unstructured,ctxdlydm1intseq,2,1.0,10,0.1,0.2095051451749945,0.608579306662847,0.3442528243752139,0.2635821126248958,235471.0,0.867509126663208,,
lowsp_ctxdlydm1intseq_netseed2_random_p10_pruneseed2,random,random_unstructured,ctxdlydm1intseq,2,2.0,10,0.1,0.229206884540385,0.608579306662847,0.3766261554262239,0.29993804513373956,235469.0,0.9367959499359132,,
lowsp_ctxdlydm1intseq_netseed2_random_p20_pruneseed0,random,random_unstructured,ctxdlydm1intseq,2,0.0,20,0.2,0.0798063682324102,0.608579306662847,0.1311355272167066,0.024246899953904295,209302.0,0.4081800878047943,,
lowsp_ctxdlydm1intseq_netseed2_random_p20_pruneseed1,random,random_unstructured,ctxdlydm1intseq,2,1.0,20,0.2,0.0789632171260592,0.608579306662847,0.12975008558712764,0.022691019828360526,209306.0,0.7162995934486389,,
lowsp_ctxdlydm1intseq_netseed2_random_p20_pruneseed2,random,random_unstructured,ctxdlydm1intseq,2,2.0,20,0.2,0.0779442738971485,0.608579306662847,0.12807578740157466,0.020810747707529626,209305.0,0.7540073394775391,,
lowsp_ctxdlydm1intseq_netseed2_random_p30_pruneseed0,random,random_unstructured,ctxdlydm1intseq,2,0.0,30,0.3,0.0439122211334685,0.608579306662847,0.07215529784320432,-0.04198913967638501,183150.0,0.326030820608139,,
lowsp_ctxdlydm1intseq_netseed2_random_p30_pruneseed1,random,random_unstructured,ctxdlydm1intseq,2,1.0,30,0.3,0.0423463690788167,0.608579306662847,0.0695823348168435,-0.044878631338109015,183132.0,0.598986029624939,,
lowsp_ctxdlydm1intseq_netseed2_random_p30_pruneseed2,random,random_unstructured,ctxdlydm1intseq,2,2.0,30,0.3,0.0406014694919282,0.608579306662847,0.06671516603902772,-0.048098522254292106,183147.0,0.2753512263298034,,
lowsp_ctxdlydm1intseq_netseed2_random_p40_pruneseed0,random,random_unstructured,ctxdlydm1intseq,2,0.0,40,0.4,0.0388402928566545,0.608579306662847,0.06382125128380685,-0.0513484494663352,156984.0,0.1791180819272995,,
lowsp_ctxdlydm1intseq_netseed2_random_p40_pruneseed1,random,random_unstructured,ctxdlydm1intseq,2,1.0,40,0.4,0.0409367766886623,0.608579306662847,0.06726613317357055,-0.04747977455957794,156967.0,0.6364845633506775,,
lowsp_ctxdlydm1intseq_netseed2_random_p40_pruneseed2,random,random_unstructured,ctxdlydm1intseq,2,2.0,40,0.4,0.029806531002894,0.608579306662847,0.04897723382403277,-0.06801859366858923,156981.0,0.3669013082981109,,
lowsp_ctxdlydm1intseq_netseed2_magnitude_p10_pruneseed0,magnitude,l1_unstructured,ctxdlydm1intseq,2,0.0,10,0.1,0.6081984237306344,0.608579306662847,0.999374144128723,0.999297150676878,235930.0,0.6147912740707397,,
lowsp_ctxdlydm1intseq_netseed2_magnitude_p20_pruneseed0,magnitude,l1_unstructured,ctxdlydm1intseq,2,0.0,20,0.2,0.6052587887922756,0.608579306662847,0.9945438206093804,0.993872595644577,209715.0,0.5952925682067871,,
lowsp_ctxdlydm1intseq_netseed2_magnitude_p30_pruneseed0,magnitude,l1_unstructured,ctxdlydm1intseq,2,0.0,30,0.3,0.6011081414540613,0.608579306662847,0.9877235963711058,0.9862133402002982,183501.0,0.6247690320014954,,
lowsp_ctxdlydm1intseq_netseed2_magnitude_p40_pruneseed0,magnitude,l1_unstructured,ctxdlydm1intseq,2,0.0,40,0.4,0.5654516392615428,0.608579306662847,0.9291338582677166,0.9204158304895635,157286.0,0.6574752926826477,,
lowsp_ctxdlydm1intseq_netseed2_obs_p10_pruneseed0,obs,obs_compensated,ctxdlydm1intseq,2,0.0,10,0.1,0.6084979214209212,0.608579306662847,0.9998662701129749,0.9998498185207003,235930.0,0.6087712049484253,,
lowsp_ctxdlydm1intseq_netseed2_obs_p20_pruneseed0,obs,obs_compensated,ctxdlydm1intseq,2,0.0,20,0.2,0.6090578518853705,0.608579306662847,1.000786331735707,1.0008830670982816,209715.0,0.6248301863670349,,
lowsp_ctxdlydm1intseq_netseed2_obs_p30_pruneseed0,obs,obs_compensated,ctxdlydm1intseq,2,0.0,30,0.3,0.6075082768791038,0.608579306662847,0.998240114686751,0.9980236117324174,183501.0,0.642722487449646,,
lowsp_ctxdlydm1intseq_netseed2_obs_p40_pruneseed0,obs,obs_compensated,ctxdlydm1intseq,2,0.0,40,0.4,0.5999329385606532,0.608579306662847,0.985792536802465,0.9840447196392121,157286.0,0.6508074998855591,,
lowsp_ctxdlydm1intseq_netseed2_lnp_mask_p10_pruneseed0,lnp_mask,vanilla_mask_only,ctxdlydm1intseq,2,0.0,10,0.1,0.609741487917547,0.608579306662847,1.001909662786717,1.002144591524398,235469.0,0.6033373475074768,,
lowsp_ctxdlydm1intseq_netseed2_lnp_mask_p20_pruneseed0,lnp_mask,vanilla_mask_only,ctxdlydm1intseq,2,0.0,20,0.2,0.6134786982267784,0.608579306662847,1.0080505391989045,1.009040925053835,209306.0,0.6429000496864319,,
lowsp_ctxdlydm1intseq_netseed2_lnp_mask_p30_pruneseed0,lnp_mask,vanilla_mask_only,ctxdlydm1intseq,2,0.0,30,0.3,0.6167048092167159,0.608579306662847,1.0133515919205751,1.0149941188932707,183142.0,0.6879145503044128,,
lowsp_ctxdlydm1intseq_netseed2_lnp_mask_p40_pruneseed0,lnp_mask,vanilla_mask_only,ctxdlydm1intseq,2,0.0,40,0.4,0.5905801465585436,0.608579306662847,0.9704242981855529,0.9667858640381036,156979.0,0.8170459866523743,,
lowsp_ctxdlydm1intseq_netseed2_lnp_rescale_p10_pruneseed0,lnp_rescale,noise_prune,ctxdlydm1intseq,2,0.0,10,0.1,0.6075050214694269,0.608579306662847,0.9982347654912702,0.9980176044732455,159838.0,0.8274191617965698,159838.0,0.9000015258789062
lowsp_ctxdlydm1intseq_netseed2_lnp_rescale_p10_pruneseed1,lnp_rescale,noise_prune,ctxdlydm1intseq,2,1.0,10,0.1,0.583541950836803,0.608579306662847,0.9588593375556316,0.9537981697082755,159464.0,0.8235666155815125,159464.0,0.9000015258789062
lowsp_ctxdlydm1intseq_netseed2_lnp_rescale_p10_pruneseed2,lnp_rescale,noise_prune,ctxdlydm1intseq,2,2.0,10,0.1,0.5940862227807059,0.608579306662847,0.9761853817185896,0.9732556821663298,159631.0,0.7812954187393188,159631.0,0.9000015258789062
lowsp_ctxdlydm1intseq_netseed2_lnp_rescale_p20_pruneseed0,lnp_rescale,noise_prune,ctxdlydm1intseq,2,0.0,20,0.2,0.6030939413570501,0.608579306662847,0.9909866056145156,0.9898777682952079,149289.0,0.8826020359992981,149289.0,0.7999992370605469
lowsp_ctxdlydm1intseq_netseed2_lnp_rescale_p20_pruneseed1,lnp_rescale,noise_prune,ctxdlydm1intseq,2,1.0,20,0.2,0.5737692109863566,0.608579306662847,0.9428010527216707,0.9357643776739812,149029.0,0.6093369126319885,149029.0,0.7999992370605469
lowsp_ctxdlydm1intseq_netseed2_lnp_rescale_p20_pruneseed2,lnp_rescale,noise_prune,ctxdlydm1intseq,2,2.0,20,0.2,0.5836168252593747,0.608579306662847,0.9589823690516946,0.953936336669231,149154.0,0.7513822913169861,149154.0,0.7999992370605469
lowsp_ctxdlydm1intseq_netseed2_lnp_rescale_p30_pruneseed0,lnp_rescale,noise_prune,ctxdlydm1intseq,2,0.0,30,0.3,0.5635407137811258,0.608579306662847,0.9259938805203698,0.9168895693556094,136729.0,0.6845394968986511,136729.0,0.7000007629394531
lowsp_ctxdlydm1intseq_netseed2_lnp_rescale_p30_pruneseed1,lnp_rescale,noise_prune,ctxdlydm1intseq,2,1.0,30,0.3,0.5608484899782213,0.608579306662847,0.9215700958575831,0.9119215660203791,136663.0,0.7459151148796082,136663.0,0.7000007629394531
lowsp_ctxdlydm1intseq_netseed2_lnp_rescale_p30_pruneseed2,lnp_rescale,noise_prune,ctxdlydm1intseq,2,2.0,30,0.3,0.5716597055156406,0.608579306662847,0.9393347740499829,0.9318716737305359,136876.0,0.7647436857223511,136876.0,0.7000007629394531
lowsp_ctxdlydm1intseq_netseed2_lnp_rescale_p40_pruneseed0,lnp_rescale,noise_prune,ctxdlydm1intseq,2,0.0,40,0.4,0.5667245044452619,0.608579306662847,0.9312253937007874,0.9227646688258091,122397.0,0.881056547164917,122397.0,0.5999984741210938
lowsp_ctxdlydm1intseq_netseed2_lnp_rescale_p40_pruneseed1,lnp_rescale,noise_prune,ctxdlydm1intseq,2,1.0,40,0.4,0.5602332175492625,0.608579306662847,0.9205590979116741,0.9107861940368741,122439.0,0.8902934789657593,122439.0,0.5999984741210938
lowsp_ctxdlydm1intseq_netseed2_lnp_rescale_p40_pruneseed2,lnp_rescale,noise_prune,ctxdlydm1intseq,2,2.0,40,0.4,0.5553338259853311,0.608579306662847,0.9125085587127696,0.9017452689830391,122626.0,0.725849449634552,122626.0,0.5999984741210938
lowsp_ctxdlydm1intseq_netseed2_snp_mask_p10_pruneseed0,snp_mask,simulation_noise_prune_mask_only,ctxdlydm1intseq,2,0.0,10,0.1,0.613540551010642,0.608579306662847,1.0081521739130435,1.0091550629781028,235469.0,0.6167433261871338,,
lowsp_ctxdlydm1intseq_netseed2_snp_mask_p10_pruneseed1,snp_mask,simulation_noise_prune_mask_only,ctxdlydm1intseq,2,1.0,10,0.1,0.6134917198654865,0.608579306662847,1.0080719359808286,1.009064954090523,235469.0,0.6170247793197632,,
lowsp_ctxdlydm1intseq_netseed2_snp_mask_p10_pruneseed2,snp_mask,simulation_noise_prune_mask_only,ctxdlydm1intseq,2,2.0,10,0.1,0.6133712697074364,0.608579306662847,1.0078740157480315,1.0088426855011596,235469.0,0.616980791091919,,
lowsp_ctxdlydm1intseq_netseed2_snp_mask_p20_pruneseed0,snp_mask,simulation_noise_prune_mask_only,ctxdlydm1intseq,2,0.0,20,0.2,0.6160927921974341,0.608579306662847,1.0123459431701471,1.0138647541689376,209306.0,0.6028836369514465,,
lowsp_ctxdlydm1intseq_netseed2_snp_mask_p20_pruneseed1,snp_mask,simulation_noise_prune_mask_only,ctxdlydm1intseq,2,1.0,20,0.2,0.6160211731845394,0.608579306662847,1.0122282608695652,1.013732594467154,209306.0,0.6014126539230347,,
lowsp_ctxdlydm1intseq_netseed2_snp_mask_p20_pruneseed2,snp_mask,simulation_noise_prune_mask_only,ctxdlydm1intseq,2,2.0,20,0.2,0.6156240132039417,0.608579306662847,1.0115756590208833,1.0129997088481721,209306.0,0.6096939444541931,,
lowsp_ctxdlydm1intseq_netseed2_snp_mask_p30_pruneseed0,snp_mask,simulation_noise_prune_mask_only,ctxdlydm1intseq,2,0.0,30,0.3,0.6016615610991565,0.608579306662847,0.9886329596028757,0.9872345742595351,183142.0,0.601787269115448,,
lowsp_ctxdlydm1intseq_netseed2_snp_mask_p30_pruneseed1,snp_mask,simulation_noise_prune_mask_only,ctxdlydm1intseq,2,1.0,30,0.3,0.6015834312669078,0.608579306662847,0.9885045789113318,0.9870904000394077,183142.0,0.608210563659668,,
lowsp_ctxdlydm1intseq_netseed2_snp_mask_p30_pruneseed2,snp_mask,simulation_noise_prune_mask_only,ctxdlydm1intseq,2,2.0,30,0.3,0.6006393624605688,0.608579306662847,0.9869533122218418,0.9853482948795323,183142.0,0.5998600721359253,,
lowsp_ctxdlydm1intseq_netseed2_snp_mask_p40_pruneseed0,snp_mask,simulation_noise_prune_mask_only,ctxdlydm1intseq,2,0.0,40,0.4,0.582910401359459,0.608579306662847,0.9578215936323177,0.9526327614289106,156979.0,0.6540987491607666,,
lowsp_ctxdlydm1intseq_netseed2_snp_mask_p40_pruneseed1,snp_mask,simulation_noise_prune_mask_only,ctxdlydm1intseq,2,1.0,40,0.4,0.5853128937011078,0.608579306662847,0.9617692998972955,0.9570661186978345,156979.0,0.639182448387146,,
lowsp_ctxdlydm1intseq_netseed2_snp_mask_p40_pruneseed2,snp_mask,simulation_noise_prune_mask_only,ctxdlydm1intseq,2,2.0,40,0.4,0.5833922019916596,0.608579306662847,0.9586132745635056,0.9535218357863643,156979.0,0.6311724185943604,,
lowsp_ctxdlydm1intseq_netseed2_snp_rescale_p10_pruneseed0,snp_rescale,simulation_noise_prune_rescale,ctxdlydm1intseq,2,0.0,10,0.1,0.593158431022752,0.608579306662847,0.9746608610065045,0.9715436133023144,174680.0,0.7544196248054504,174680.0,0.9000015258789062
lowsp_ctxdlydm1intseq_netseed2_snp_rescale_p10_pruneseed1,snp_rescale,simulation_noise_prune_rescale,ctxdlydm1intseq,2,1.0,10,0.1,0.6018699073184864,0.608579306662847,0.9889753081136596,0.987619038846542,174678.0,0.5637295246124268,174678.0,0.9000015258789062
lowsp_ctxdlydm1intseq_netseed2_snp_rescale_p10_pruneseed2,snp_rescale,simulation_noise_prune_rescale,ctxdlydm1intseq,2,2.0,10,0.1,0.6077263893274649,0.608579306662847,0.9985985107839781,0.9984260980969404,175033.0,0.7535434365272522,175033.0,0.9000015258789062
lowsp_ctxdlydm1intseq_netseed2_snp_rescale_p20_pruneseed0,snp_rescale,simulation_noise_prune_rescale,ctxdlydm1intseq,2,0.0,20,0.2,0.5915730465100381,0.608579306662847,0.9720558028072578,0.9686180780855586,165226.0,0.6417471766471863,165226.0,0.7999992370605469
lowsp_ctxdlydm1intseq_netseed2_snp_rescale_p20_pruneseed1,snp_rescale,simulation_noise_prune_rescale,ctxdlydm1intseq,2,1.0,20,0.2,0.5886659656684495,0.608579306662847,0.9672789712427251,0.9632535956449774,165148.0,0.6786466240882874,165148.0,0.7999992370605469
lowsp_ctxdlydm1intseq_netseed2_snp_rescale_p20_pruneseed2,snp_rescale,simulation_noise_prune_rescale,ctxdlydm1intseq,2,2.0,20,0.2,0.5936760411613999,0.608579306662847,0.9755113830879836,0.9724987675106599,165301.0,0.7635963559150696,165301.0,0.7999992370605469
lowsp_ctxdlydm1intseq_netseed2_snp_rescale_p30_pruneseed0,snp_rescale,simulation_noise_prune_rescale,ctxdlydm1intseq,2,0.0,30,0.3,0.5886464332103873,0.608579306662847,0.9672468760698391,0.9632175520899454,153729.0,0.8484315872192383,153729.0,0.7000007629394531
lowsp_ctxdlydm1intseq_netseed2_snp_rescale_p30_pruneseed1,snp_rescale,simulation_noise_prune_rescale,ctxdlydm1intseq,2,1.0,30,0.3,0.586283005784863,0.608579306662847,0.9633633601506334,0.9588562819310856,153487.0,0.6966474652290344,153487.0,0.7000007629394531
lowsp_ctxdlydm1intseq_netseed2_snp_rescale_p30_pruneseed2,snp_rescale,simulation_noise_prune_rescale,ctxdlydm1intseq,2,2.0,30,0.3,0.5803060736178345,0.608579306662847,0.9535422372475181,0.947826954091324,153653.0,0.6698271632194519,153653.0,0.7000007629394531
lowsp_ctxdlydm1intseq_netseed2_snp_rescale_p40_pruneseed0,snp_rescale,simulation_noise_prune_rescale,ctxdlydm1intseq,2,0.0,40,0.4,0.5833889465819826,0.608579306662847,0.9586079253680246,0.9535158285271922,139523.0,1.0068295001983645,139523.0,0.5999984741210938
lowsp_ctxdlydm1intseq_netseed2_snp_rescale_p40_pruneseed1,snp_rescale,simulation_noise_prune_rescale,ctxdlydm1intseq,2,1.0,40,0.4,0.5732418346186776,0.608579306662847,0.9419344830537487,0.93479120168812,139297.0,0.816161572933197,139297.0,0.5999984741210938
lowsp_ctxdlydm1intseq_netseed2_snp_rescale_p40_pruneseed2,snp_rescale,simulation_noise_prune_rescale,ctxdlydm1intseq,2,2.0,40,0.4,0.5728088651316325,0.608579306662847,0.9412230400547759,0.9339922362182462,139478.0,0.7075695991516113,139478.0,0.5999984741210938
lowsp_ctxdlydm1intseq_netseed2_snp_rescale_p50_pruneseed0,snp_rescale,simulation_noise_prune_rescale,ctxdlydm1intseq,2,0.0,50,0.5,0.5501642354182062,0.608579306662847,0.9040140362889422,0.8922057414179295,122051.0,1.0606975555419922,122051.0,0.5
lowsp_ctxdlydm1intseq_netseed2_snp_rescale_p50_pruneseed1,snp_rescale,simulation_noise_prune_rescale,ctxdlydm1intseq,2,1.0,50,0.5,0.5263834677274961,0.608579306662847,0.8649381633002395,0.8483227131665904,121875.0,0.895846426486969,121875.0,0.5
lowsp_ctxdlydm1intseq_netseed2_snp_rescale_p50_pruneseed2,snp_rescale,simulation_noise_prune_rescale,ctxdlydm1intseq,2,2.0,50,0.5,0.5516552130502863,0.608579306662847,0.90646396781924,0.8949570661186979,122127.0,0.7120124101638794,122127.0,0.5
lowsp_ctxdlydm1intseq_netseed2_snp_rescale_p60_pruneseed0,snp_rescale,simulation_noise_prune_rescale,ctxdlydm1intseq,2,0.0,60,0.6,0.5047740582913657,0.608579306662847,0.8294302036973639,0.8084465267829646,101366.0,1.39935040473938,101366.0,0.4000015258789062
lowsp_ctxdlydm1intseq_netseed2_snp_rescale_p60_pruneseed1,snp_rescale,simulation_noise_prune_rescale,ctxdlydm1intseq,2,1.0,60,0.6,0.4338419368385414,0.608579306662847,0.7128765833618623,0.6775543566846176,101118.0,0.9816563725471495,101118.0,0.4000015258789062
lowsp_ctxdlydm1intseq_netseed2_snp_rescale_p60_pruneseed2,snp_rescale,simulation_noise_prune_rescale,ctxdlydm1intseq,2,2.0,60,0.6,0.4155400236342743,0.608579306662847,0.6828034063676823,0.6437815456197269,101298.0,1.015873908996582,101298.0,0.4000015258789062
lowsp_ctxdlydm1intseq_netseed2_snp_rescale_p70_pruneseed0,snp_rescale,simulation_noise_prune_rescale,ctxdlydm1intseq,2,0.0,70,0.7,0.4185447667661737,0.608579306662847,0.687740713796645,0.6493262458354676,77785.0,1.6057534217834473,77785.0,0.2999992370605469
lowsp_ctxdlydm1intseq_netseed2_snp_rescale_p70_pruneseed1,snp_rescale,simulation_noise_prune_rescale,ctxdlydm1intseq,2,1.0,70,0.7,0.2902783700814829,0.608579306662847,0.47697706264977746,0.41263422720014864,77623.0,1.2977492809295654,77623.0,0.2999992370605469
lowsp_ctxdlydm1intseq_netseed2_snp_rescale_p70_pruneseed2,snp_rescale,simulation_noise_prune_rescale,ctxdlydm1intseq,2,2.0,70,0.7,0.2754304465445454,0.608579306662847,0.45257938206093806,0.3852351181167323,77798.0,1.27976655960083,77798.0,0.2999992370605469
lowsp_ctxdlydm1intseq_netseed2_snp_rescale_p80_pruneseed0,snp_rescale,simulation_noise_prune_rescale,ctxdlydm1intseq,2,0.0,80,0.8,0.1774068057594708,0.608579306662847,0.2915097569325573,0.20435053718913934,52251.0,1.9255702495574951,52251.0,0.2000007629394531
lowsp_ctxdlydm1intseq_netseed2_snp_rescale_p80_pruneseed1,snp_rescale,simulation_noise_prune_rescale,ctxdlydm1intseq,2,1.0,80,0.8,0.1448722414472249,0.608579306662847,0.23804989729544673,0.14431398902433698,52381.0,2.0070888996124268,52381.0,0.2000007629394531
lowsp_ctxdlydm1intseq_netseed2_snp_rescale_p80_pruneseed2,snp_rescale,simulation_noise_prune_rescale,ctxdlydm1intseq,2,2.0,80,0.8,0.1105244139448728,0.608579306662847,0.18161053577541925,0.08093139750073973,52287.0,1.901846170425415,52287.0,0.2000007629394531
lowsp_ctxdlydm2intseq_netseed0_random_p10_pruneseed0,random,random_unstructured,ctxdlydm2intseq,0,0.0,10,0.1,0.1979150043478119,0.6899244750872005,0.28686473881477703,0.21058434552750507,235463.0,0.7163696885108948,,
lowsp_ctxdlydm2intseq_netseed0_random_p10_pruneseed1,random,random_unstructured,ctxdlydm2intseq,0,1.0,10,0.1,0.2378041432856431,0.6899244750872005,0.34468141350629244,0.2745853711045751,235471.0,0.5523625612258911,,
lowsp_ctxdlydm2intseq_netseed0_random_p10_pruneseed2,random,random_unstructured,ctxdlydm2intseq,0,2.0,10,0.1,0.2083953480040775,0.6899244750872005,0.30205530536909586,0.22739976847876336,235468.0,0.5516207218170166,,
lowsp_ctxdlydm2intseq_netseed0_random_p20_pruneseed0,random,random_unstructured,ctxdlydm2intseq,0,0.0,20,0.2,0.0676272019957596,0.6899244750872005,0.09802116671859207,0.001541152499199537,209289.0,0.4161741733551025,,
lowsp_ctxdlydm2intseq_netseed0_random_p20_pruneseed1,random,random_unstructured,ctxdlydm2intseq,0,1.0,20,0.2,0.0749321773907266,0.6899244750872005,0.1086092465139113,0.013261784469265585,209306.0,0.4631915092468261,,
lowsp_ctxdlydm2intseq_netseed0_random_p20_pruneseed2,random,random_unstructured,ctxdlydm2intseq,0,2.0,20,0.2,0.0622990968926986,0.6899244750872005,0.09029842996195277,-0.007007645495908674,209312.0,0.492892324924469,,
lowsp_ctxdlydm2intseq_netseed0_random_p30_pruneseed0,random,random_unstructured,ctxdlydm2intseq,0,0.0,30,0.3,0.0361698870871614,0.6899244750872005,0.052425864559435785,-0.04893124348781207,183124.0,0.2578113973140716,,
lowsp_ctxdlydm2intseq_netseed0_random_p30_pruneseed1,random,random_unstructured,ctxdlydm2intseq,0,1.0,30,0.3,0.0380685944680199,0.6899244750872005,0.05517791561635548,-0.04588481975239153,183132.0,0.3797406256198883,,
lowsp_ctxdlydm2intseq_netseed0_random_p30_pruneseed2,random,random_unstructured,ctxdlydm2intseq,0,2.0,30,0.3,0.0352807839739978,0.6899244750872005,0.05113716826691591,-0.050357784962545886,183150.0,0.2698246836662292,,
lowsp_ctxdlydm2intseq_netseed0_random_p40_pruneseed0,random,random_unstructured,ctxdlydm2intseq,0,0.0,40,0.4,0.037378155420435,0.6899244750872005,0.054177169777475616,-0.046992610201635344,156953.0,0.1514086127281189,,
lowsp_ctxdlydm2intseq_netseed0_random_p40_pruneseed1,random,random_unstructured,ctxdlydm2intseq,0,1.0,40,0.4,0.034847631175277,0.6899244750872005,0.050509341867995855,-0.05105276670664711,156967.0,0.1275846511125564,,
lowsp_ctxdlydm2intseq_netseed0_random_p40_pruneseed2,random,random_unstructured,ctxdlydm2intseq,0,2.0,40,0.4,0.0308678362877828,0.6899244750872005,0.044740891796716406,-0.05743823806974135,156984.0,0.2010237723588943,,
lowsp_ctxdlydm2intseq_netseed0_magnitude_p10_pruneseed0,magnitude,l1_unstructured,ctxdlydm2intseq,0,0.0,10,0.1,0.6897583789012249,0.6899244750872005,0.9997592545387601,0.999733503240984,235930.0,0.7671689391136169,,
lowsp_ctxdlydm2intseq_netseed0_magnitude_p20_pruneseed0,magnitude,l1_unstructured,ctxdlydm2intseq,0,0.0,20,0.2,0.6909015114752923,0.6899244750872005,1.0014161497719998,1.001567627994213,209715.0,0.7784616351127625,,
lowsp_ctxdlydm2intseq_netseed0_magnitude_p30_pruneseed0,magnitude,l1_unstructured,ctxdlydm2intseq,0,0.0,30,0.3,0.6895564580476858,0.6899244750872005,0.99946658358588,0.9994095267888464,183501.0,0.7811884880065918,,
lowsp_ctxdlydm2intseq_netseed0_magnitude_p40_pruneseed0,magnitude,l1_unstructured,ctxdlydm2intseq,0,0.0,40,0.4,0.6167249088913568,0.6899244750872005,0.8939020590817686,0.882553310673561,157286.0,0.8088886737823486,,
lowsp_ctxdlydm2intseq_netseed0_obs_p10_pruneseed0,obs,obs_compensated,ctxdlydm2intseq,0,0.0,10,0.1,0.6898202578724707,0.6899244750872005,0.9998489440243201,0.999832786347284,235930.0,0.7702709436416626,,
lowsp_ctxdlydm2intseq_netseed0_obs_p20_pruneseed0,obs,obs_compensated,ctxdlydm2intseq,0,0.0,20,0.2,0.6904651018886113,0.6899244750872005,1.00078360287384,1.0008674208234647,209715.0,0.7711032032966614,,
lowsp_ctxdlydm2intseq_netseed0_obs_p30_pruneseed0,obs,obs_compensated,ctxdlydm2intseq,0,0.0,30,0.3,0.6917678170727338,0.6899244750872005,1.0026718025698398,1.0029575914824154,183501.0,0.7738622426986694,,
lowsp_ctxdlydm2intseq_netseed0_obs_p40_pruneseed0,obs,obs_compensated,ctxdlydm2intseq,0,0.0,40,0.4,0.6843586244630371,0.6899244750872005,0.9919326667988407,0.9910697458596333,157286.0,0.7698590159416199,,
lowsp_ctxdlydm2intseq_netseed0_lnp_mask_p10_pruneseed0,lnp_mask,vanilla_mask_only,ctxdlydm2intseq,0,0.0,10,0.1,0.6895076062282813,0.6899244750872005,0.9993957760972801,0.9993311453891359,235469.0,0.7622241377830505,,
lowsp_ctxdlydm2intseq_netseed0_lnp_mask_p20_pruneseed0,lnp_mask,vanilla_mask_only,ctxdlydm2intseq,0,0.0,20,0.2,0.6901882749119853,0.6899244750872005,1.00038236043844,1.0004232595584377,209306.0,0.7605723142623901,,
lowsp_ctxdlydm2intseq_netseed0_lnp_mask_p30_pruneseed0,lnp_mask,vanilla_mask_only,ctxdlydm2intseq,0,0.0,30,0.3,0.6886901524502445,0.6899244750872005,0.9982109307880402,0.9980195633006443,183142.0,0.7547973990440369,,
lowsp_ctxdlydm2intseq_netseed0_lnp_mask_p40_pruneseed0,lnp_mask,vanilla_mask_only,ctxdlydm2intseq,0,0.0,40,0.4,0.6360213775561715,0.6899244750872005,0.9218710170787664,0.9135139635592682,156979.0,0.7704744935035706,,
lowsp_ctxdlydm2intseq_netseed0_lnp_rescale_p10_pruneseed0,lnp_rescale,noise_prune,ctxdlydm2intseq,0,0.0,10,0.1,0.685198875756796,0.6899244750872005,0.9931505556027606,0.9924179059346564,166571.0,0.7716259360313416,166571.0,0.9000015258789062
lowsp_ctxdlydm2intseq_netseed0_lnp_rescale_p10_pruneseed1,lnp_rescale,noise_prune,ctxdlydm2intseq,0,1.0,10,0.1,0.6852542411521213,0.6899244750872005,0.9932308040898405,0.9925067381876619,166432.0,0.7764626741409302,166432.0,0.9000015258789062
lowsp_ctxdlydm2intseq_netseed0_lnp_rescale_p10_pruneseed2,lnp_rescale,noise_prune,ctxdlydm2intseq,0,2.0,10,0.1,0.6858404629849765,0.6899244750872005,0.9940804939530405,0.9934473149841897,166492.0,0.763534665107727,166492.0,0.9000015258789062
lowsp_ctxdlydm2intseq_netseed0_lnp_rescale_p20_pruneseed0,lnp_rescale,noise_prune,ctxdlydm2intseq,0,0.0,20,0.2,0.6832024647371283,0.6899244750872005,0.9902568895686408,0.9892147193998144,156391.0,0.7737210392951965,156391.0,0.7999992370605469
lowsp_ctxdlydm2intseq_netseed0_lnp_rescale_p20_pruneseed1,lnp_rescale,noise_prune,ctxdlydm2intseq,0,1.0,20,0.2,0.6828116501818916,0.6899244750872005,0.9896904296598409,0.9885876682021293,156263.0,0.7622135877609253,156263.0,0.7999992370605469
lowsp_ctxdlydm2intseq_netseed0_lnp_rescale_p20_pruneseed2,lnp_rescale,noise_prune,ctxdlydm2intseq,0,2.0,20,0.2,0.6857101914665642,0.6899244750872005,0.9938916739834406,0.9932382979182947,156365.0,0.779171347618103,156365.0,0.7999992370605469
lowsp_ctxdlydm2intseq_netseed0_lnp_rescale_p30_pruneseed0,lnp_rescale,noise_prune,ctxdlydm2intseq,0,0.0,30,0.3,0.6753470921768696,0.6899244750872005,0.9788710454017617,0.9766109903263419,144231.0,0.7824092507362366,144231.0,0.7000007629394531
lowsp_ctxdlydm2intseq_netseed0_lnp_rescale_p30_pruneseed1,lnp_rescale,noise_prune,ctxdlydm2intseq,0,1.0,30,0.3,0.6848699401728051,0.6899244750872005,0.9926737851795205,0.9918901378432713,144261.0,0.7845073342323303,144261.0,0.7000007629394531
lowsp_ctxdlydm2intseq_netseed0_lnp_rescale_p30_pruneseed2,lnp_rescale,noise_prune,ctxdlydm2intseq,0,2.0,30,0.3,0.679326887064364,0.6899244750872005,0.9846394954730414,0.9829964616894363,144196.0,0.777156412601471,144196.0,0.7000007629394531
lowsp_ctxdlydm2intseq_netseed0_lnp_rescale_p40_pruneseed0,lnp_rescale,noise_prune,ctxdlydm2intseq,0,0.0,40,0.4,0.6785094332863271,0.6899244750872005,0.9834546501638014,0.9816848796009447,129709.0,0.5711946487426758,129709.0,0.5999984741210938
lowsp_ctxdlydm2intseq_netseed0_lnp_rescale_p40_pruneseed1,lnp_rescale,noise_prune,ctxdlydm2intseq,0,1.0,40,0.4,0.6804048838792253,0.6899244750872005,0.9862019807214811,0.9847260779097179,129860.0,0.8075685501098633,129860.0,0.5999984741210938
lowsp_ctxdlydm2intseq_netseed0_lnp_rescale_p40_pruneseed2,lnp_rescale,noise_prune,ctxdlydm2intseq,0,2.0,40,0.4,0.6443327004308731,0.6899244750872005,0.9339177311392454,0.9268492523633736,129715.0,0.817546010017395,129715.0,0.5999984741210938
lowsp_ctxdlydm2intseq_netseed0_snp_mask_p10_pruneseed0,snp_mask,simulation_noise_prune_mask_only,ctxdlydm2intseq,0,0.0,10,0.1,0.685250984364161,0.6899244750872005,0.9932260835906006,0.9925015127610145,235469.0,0.7658386826515198,,
lowsp_ctxdlydm2intseq_netseed0_snp_mask_p10_pruneseed1,snp_mask,simulation_noise_prune_mask_only,ctxdlydm2intseq,0,1.0,10,0.1,0.6853128633354069,0.6899244750872005,0.9933157730761607,0.9926007958673148,235469.0,0.7655892372131348,,
lowsp_ctxdlydm2intseq_netseed0_snp_mask_p10_pruneseed2,snp_mask,simulation_noise_prune_mask_only,ctxdlydm2intseq,0,2.0,10,0.1,0.6853454312150099,0.6899244750872005,0.9933629780685607,0.9926530501337885,235469.0,0.7647647261619568,,
lowsp_ctxdlydm2intseq_netseed0_snp_mask_p20_pruneseed0,snp_mask,simulation_noise_prune_mask_only,ctxdlydm2intseq,0,0.0,20,0.2,0.6682342672715608,0.6899244750872005,0.9685614750616026,0.9651986585284712,209306.0,0.7787971496582031,,
lowsp_ctxdlydm2intseq_netseed0_snp_mask_p20_pruneseed1,snp_mask,simulation_noise_prune_mask_only,ctxdlydm2intseq,0,1.0,20,0.2,0.6679769810226965,0.6899244750872005,0.9681885556216426,0.9647858498233284,209306.0,0.7814232707023621,,
lowsp_ctxdlydm2intseq_netseed0_snp_mask_p20_pruneseed2,snp_mask,simulation_noise_prune_mask_only,ctxdlydm2intseq,0,2.0,20,0.2,0.6683515116381318,0.6899244750872005,0.9687314130342426,0.9653867738877767,209306.0,0.7798083424568176,,
lowsp_ctxdlydm2intseq_netseed0_snp_mask_p30_pruneseed0,snp_mask,simulation_noise_prune_mask_only,ctxdlydm2intseq,0,0.0,30,0.3,0.643567355260201,0.6899244750872005,0.9328084138178454,0.9256212771012399,183142.0,0.7615915536880493,,
lowsp_ctxdlydm2intseq_netseed0_snp_mask_p30_pruneseed1,snp_mask,simulation_noise_prune_mask_only,ctxdlydm2intseq,0,1.0,30,0.3,0.6438018439933432,0.6899244750872005,0.9331482897631255,0.9259975078198511,183142.0,0.7601115107536316,,
lowsp_ctxdlydm2intseq_netseed0_snp_mask_p30_pruneseed2,snp_mask,simulation_noise_prune_mask_only,ctxdlydm2intseq,0,2.0,30,0.3,0.6441861449726592,0.6899244750872005,0.9337053086734454,0.9266141081642415,183142.0,0.7648634314537048,,
lowsp_ctxdlydm2intseq_netseed0_snp_mask_p40_pruneseed0,snp_mask,simulation_noise_prune_mask_only,ctxdlydm2intseq,0,0.0,40,0.4,0.6165425287655797,0.6899244750872005,0.8936377111243287,0.882260686781308,156979.0,0.7680136561393738,,
lowsp_ctxdlydm2intseq_netseed0_snp_mask_p40_pruneseed1,snp_mask,simulation_noise_prune_mask_only,ctxdlydm2intseq,0,1.0,40,0.4,0.6160768080872558,0.6899244750872005,0.8929626797330086,0.8815134507707331,156979.0,0.7697283625602722,,
lowsp_ctxdlydm2intseq_netseed0_snp_mask_p40_pruneseed2,snp_mask,simulation_noise_prune_mask_only,ctxdlydm2intseq,0,2.0,40,0.4,0.6163601486398025,0.6899244750872005,0.8933733631668885,0.8819680628890548,156979.0,0.7653953433036804,,
lowsp_ctxdlydm2intseq_netseed0_snp_rescale_p10_pruneseed0,snp_rescale,simulation_noise_prune_rescale,ctxdlydm2intseq,0,0.0,10,0.1,0.6748129789513794,0.6899244750872005,0.9780968835264018,0.9757540203561721,173294.0,0.8382326364517212,173294.0,0.9000015258789062
lowsp_ctxdlydm2intseq_netseed0_snp_rescale_p10_pruneseed1,snp_rescale,simulation_noise_prune_rescale,ctxdlydm2intseq,0,1.0,10,0.1,0.6680974821772279,0.6899244750872005,0.9683632140935226,0.9649791906092813,173355.0,0.7536426186561584,173355.0,0.9000015258789062
lowsp_ctxdlydm2intseq_netseed0_snp_rescale_p10_pruneseed2,snp_rescale,simulation_noise_prune_rescale,ctxdlydm2intseq,0,2.0,10,0.1,0.6806068047327642,0.6899244750872005,0.9864946516743611,0.9850500543618552,173222.0,0.7569832801818848,173222.0,0.9000015258789062
lowsp_ctxdlydm2intseq_netseed0_snp_rescale_p20_pruneseed0,snp_rescale,simulation_noise_prune_rescale,ctxdlydm2intseq,0,0.0,20,0.2,0.6680356032059821,0.6899244750872005,0.9682735246079627,0.9648799075029812,163762.0,0.8526136875152588,163762.0,0.7999992370605469
lowsp_ctxdlydm2intseq_netseed0_snp_rescale_p20_pruneseed1,snp_rescale,simulation_noise_prune_rescale,ctxdlydm2intseq,0,1.0,20,0.2,0.6570309166881072,0.6899244750872005,0.952322957676004,0.9472231908614953,163624.0,0.7344036102294922,163624.0,0.7999992370605469
lowsp_ctxdlydm2intseq_netseed0_snp_rescale_p20_pruneseed2,snp_rescale,simulation_noise_prune_rescale,ctxdlydm2intseq,0,2.0,20,0.2,0.6788416256582782,0.6899244750872005,0.9839361410862812,0.982217873118977,163627.0,0.7220908999443054,163627.0,0.7999992370605469
lowsp_ctxdlydm2intseq_netseed0_snp_rescale_p30_pruneseed0,snp_rescale,simulation_noise_prune_rescale,ctxdlydm2intseq,0,0.0,30,0.3,0.656487033098736,0.6899244750872005,0.951534634302924,0.9463505446113833,152067.0,0.92625230550766,152067.0,0.7000007629394531
lowsp_ctxdlydm2intseq_netseed0_snp_rescale_p30_pruneseed1,snp_rescale,simulation_noise_prune_rescale,ctxdlydm2intseq,0,1.0,30,0.3,0.6460066894424704,0.6899244750872005,0.9363440677486051,0.929535121660125,152005.0,0.6926915049552917,152005.0,0.7000007629394531
lowsp_ctxdlydm2intseq_netseed0_snp_rescale_p30_pruneseed2,snp_rescale,simulation_noise_prune_rescale,ctxdlydm2intseq,0,2.0,30,0.3,0.6656255801153554,0.6899244750872005,0.9647803551703629,0.9610130917839225,151995.0,0.6951335668563843,151995.0,0.7000007629394531
lowsp_ctxdlydm2intseq_netseed0_snp_rescale_p40_pruneseed0,snp_rescale,simulation_noise_prune_rescale,ctxdlydm2intseq,0,0.0,40,0.4,0.6346014180054779,0.6899244750872005,0.9198128794101265,0.9112356775410118,138056.0,1.0033094882965088,138056.0,0.5999984741210938
lowsp_ctxdlydm2intseq_netseed0_snp_rescale_p40_pruneseed1,snp_rescale,simulation_noise_prune_rescale,ctxdlydm2intseq,0,1.0,40,0.4,0.6293677597532658,0.6899244750872005,0.9122270371314471,0.9028384169186775,137872.0,0.6765081286430359,137872.0,0.5999984741210938
lowsp_ctxdlydm2intseq_netseed0_snp_rescale_p40_pruneseed2,snp_rescale,simulation_noise_prune_rescale,ctxdlydm2intseq,0,2.0,40,0.4,0.6466841013382142,0.6899244750872005,0.9373259315905251,0.9306220104027795,137818.0,0.7516857981681824,137818.0,0.5999984741210938
lowsp_ctxdlydm2intseq_netseed0_snp_rescale_p50_pruneseed0,snp_rescale,simulation_noise_prune_rescale,ctxdlydm2intseq,0,0.0,50,0.5,0.5903221288971539,0.6899244750872005,0.8556329717430915,0.8401907768432779,120938.0,1.05608069896698,120938.0,0.5
lowsp_ctxdlydm2intseq_netseed0_snp_rescale_p50_pruneseed1,snp_rescale,simulation_noise_prune_rescale,ctxdlydm2intseq,0,1.0,50,0.5,0.5649061556549237,0.6899244750872005,0.8187941956741345,0.7994115472871501,120717.0,0.7643623948097229,120717.0,0.5
lowsp_ctxdlydm2intseq_netseed0_snp_rescale_p50_pruneseed2,snp_rescale,simulation_noise_prune_rescale,ctxdlydm2intseq,0,2.0,50,0.5,0.6184477497223588,0.6899244750872005,0.8963992031797283,0.8853175613700234,120751.0,0.8934803605079651,120751.0,0.5
lowsp_ctxdlydm2intseq_netseed0_snp_rescale_p60_pruneseed0,snp_rescale,simulation_noise_prune_rescale,ctxdlydm2intseq,0,0.0,60,0.6,0.4639554992493104,0.6899244750872005,0.6724728807318663,0.6374389974984142,100671.0,1.040220856666565,100671.0,0.4000015258789062
lowsp_ctxdlydm2intseq_netseed0_snp_rescale_p60_pruneseed1,snp_rescale,simulation_noise_prune_rescale,ctxdlydm2intseq,0,1.0,60,0.6,0.4009855040367887,0.6899244750872005,0.5812020279264736,0.5364053732713854,100402.0,0.9272747039794922,100402.0,0.4000015258789062
lowsp_ctxdlydm2intseq_netseed0_snp_rescale_p60_pruneseed2,snp_rescale,simulation_noise_prune_rescale,ctxdlydm2intseq,0,2.0,60,0.6,0.5069841817808768,0.6899244750872005,0.7348401166907412,0.7064773343635553,100451.0,0.931955873966217,100451.0,0.4000015258789062
lowsp_ctxdlydm2intseq_netseed0_snp_rescale_p70_pruneseed0,snp_rescale,simulation_noise_prune_rescale,ctxdlydm2intseq,0,0.0,70,0.7,0.2424906611605238,0.6899244750872005,0.3514742119126519,0.28210476005015017,77299.0,1.3260873556137085,77299.0,0.2999992370605469
lowsp_ctxdlydm2intseq_netseed0_snp_rescale_p70_pruneseed1,snp_rescale,simulation_noise_prune_rescale,ctxdlydm2intseq,0,1.0,70,0.7,0.221650475002524,0.6899244750872005,0.3212677372758943,0.24866725493358657,77327.0,1.3538058996200562,77327.0,0.2999992370605469
lowsp_ctxdlydm2intseq_netseed0_snp_rescale_p70_pruneseed2,snp_rescale,simulation_noise_prune_rescale,ctxdlydm2intseq,0,2.0,70,0.7,0.3078348547961088,0.6899244750872005,0.4461863086640043,0.3869477203031166,77347.0,1.2892885208129885,77347.0,0.2999992370605469
lowsp_ctxdlydm2intseq_netseed0_snp_rescale_p80_pruneseed0,snp_rescale,simulation_noise_prune_rescale,ctxdlydm2intseq,0,0.0,80,0.8,0.1339386616555556,0.6899244750872005,0.1941352517442245,0.10793606446643693,52093.0,1.953803777694702,52093.0,0.2000007629394531
lowsp_ctxdlydm2intseq_netseed0_snp_rescale_p80_pruneseed1,snp_rescale,simulation_noise_prune_rescale,ctxdlydm2intseq,0,1.0,80,0.8,0.1179869142259754,0.6899244750872005,0.1710142464667062,0.08234192474758563,52207.0,2.026512622833252,52207.0,0.2000007629394531
lowsp_ctxdlydm2intseq_netseed0_snp_rescale_p80_pruneseed2,snp_rescale,simulation_noise_prune_rescale,ctxdlydm2intseq,0,2.0,80,0.8,0.1136749269665299,0.6899244750872005,0.16476430547294668,0.07542345986645885,52289.0,2.1467418670654297,52289.0,0.2000007629394531
lowsp_ctxdlydm2intseq_netseed1_random_p10_pruneseed0,random,random_unstructured,ctxdlydm2intseq,1,0.0,10,0.1,0.1890891089753819,0.7227073026956434,0.2616399589018872,0.18660801722548773,235472.0,0.80767822265625,,
lowsp_ctxdlydm2intseq_netseed1_random_p10_pruneseed1,random,random_unstructured,ctxdlydm2intseq,1,1.0,10,0.1,0.1924338302106164,0.7227073026956434,0.2662680029561799,0.19170636182724923,235464.0,1.0836106538772583,,
lowsp_ctxdlydm2intseq_netseed1_random_p10_pruneseed2,random,random_unstructured,ctxdlydm2intseq,1,2.0,10,0.1,0.1869363721336195,0.7227073026956434,0.2586612470032626,0.18332660945356533,235468.0,0.9398072957992554,,
lowsp_ctxdlydm2intseq_netseed1_random_p20_pruneseed0,random,random_unstructured,ctxdlydm2intseq,1,0.0,20,0.2,0.0552090695031118,0.7227073026956434,0.07639201831389576,-0.017464767476764644,209302.0,0.6618732213973999,,
lowsp_ctxdlydm2intseq_netseed1_random_p20_pruneseed1,random,random_unstructured,ctxdlydm2intseq,1,1.0,20,0.2,0.0593940420321054,0.7227073026956434,0.08218270634677431,-0.011085631339214842,209305.0,0.7124608755111694,,
lowsp_ctxdlydm2intseq_netseed1_random_p20_pruneseed2,random,random_unstructured,ctxdlydm2intseq,1,2.0,20,0.2,0.0580880700600226,0.7227073026956434,0.08037565117075544,-0.013076318958792606,209312.0,0.6677135229110718,,
lowsp_ctxdlydm2intseq_netseed1_random_p30_pruneseed0,random,random_unstructured,ctxdlydm2intseq,1,0.0,30,0.3,0.0299298813552146,0.7227073026956434,0.041413558772103745,-0.05599772833253188,183150.0,0.4360118508338928,,
lowsp_ctxdlydm2intseq_netseed1_random_p30_pruneseed1,random,random_unstructured,ctxdlydm2intseq,1,1.0,30,0.3,0.0315094235159631,0.7227073026956434,0.04359914919696444,-0.05359003881758126,183143.0,0.3809948265552521,,
lowsp_ctxdlydm2intseq_netseed1_random_p30_pruneseed2,random,random_unstructured,ctxdlydm2intseq,1,2.0,30,0.3,0.0319262923748823,0.7227073026956434,0.04417596481424728,-0.052954607357965415,183150.0,0.2645318806171417,,
lowsp_ctxdlydm2intseq_netseed1_random_p40_pruneseed0,random,random_unstructured,ctxdlydm2intseq,1,0.0,40,0.4,0.0238006064139182,0.7227073026956434,0.03293256664924202,-0.06534055651219615,156984.0,0.3930458724498749,,
lowsp_ctxdlydm2intseq_netseed1_random_p40_pruneseed1,random,random_unstructured,ctxdlydm2intseq,1,1.0,40,0.4,0.0252270795405323,0.7227073026956434,0.03490635758963166,-0.06316618948632324,156972.0,0.127255842089653,,
lowsp_ctxdlydm2intseq_netseed1_random_p40_pruneseed2,random,random_unstructured,ctxdlydm2intseq,1,2.0,40,0.4,0.0299168542033733,0.7227073026956434,0.041395533284063556,-0.05601758556564499,156984.0,0.1967403888702392,,
lowsp_ctxdlydm2intseq_netseed1_magnitude_p10_pruneseed0,magnitude,l1_unstructured,ctxdlydm2intseq,1,0.0,10,0.1,0.7211310173228551,0.7227073026956434,0.9978189159471491,0.9975972747933275,235930.0,1.185746192932129,,
lowsp_ctxdlydm2intseq_netseed1_magnitude_p20_pruneseed0,magnitude,l1_unstructured,ctxdlydm2intseq,1,0.0,20,0.2,0.7117416976332922,0.7227073026956434,0.9848270454422553,0.9832851740271362,209715.0,1.185576558113098,,
lowsp_ctxdlydm2intseq_netseed1_magnitude_p30_pruneseed0,magnitude,l1_unstructured,ctxdlydm2intseq,1,0.0,30,0.3,0.6864657662733552,0.7227073026956434,0.9498530922724732,0.944757177479647,183501.0,1.187153458595276,,
lowsp_ctxdlydm2intseq_netseed1_magnitude_p40_pruneseed0,magnitude,l1_unstructured,ctxdlydm2intseq,1,0.0,40,0.4,0.5957349104871829,0.7227073026956434,0.8243100744452655,0.8064565131559133,157286.0,1.1607955694198608,,
lowsp_ctxdlydm2intseq_netseed1_obs_p10_pruneseed0,obs,obs_compensated,ctxdlydm2intseq,1,0.0,10,0.1,0.7224890979023029,0.7227073026956434,0.9996980730753284,0.9996673913453573,235930.0,1.190315008163452,,
lowsp_ctxdlydm2intseq_netseed1_obs_p20_pruneseed0,obs,obs_compensated,ctxdlydm2intseq,1,0.0,20,0.2,0.7208769878619513,0.7227073026956434,0.9974674189303675,0.9972100587476241,209715.0,1.188469409942627,,
lowsp_ctxdlydm2intseq_netseed1_obs_p30_pruneseed0,obs,obs_compensated,ctxdlydm2intseq,1,0.0,30,0.3,0.7142852490302913,0.7227073026956434,0.9883465219820825,0.9871622987924484,183501.0,1.191200852394104,,
lowsp_ctxdlydm2intseq_netseed1_obs_p40_pruneseed0,obs,obs_compensated,ctxdlydm2intseq,1,0.0,40,0.4,0.6886445574188002,0.7227073026956434,0.9528678551471781,0.9480782997177956,157286.0,1.1887940168380735,,
lowsp_ctxdlydm2intseq_netseed1_lnp_mask_p10_pruneseed0,lnp_mask,vanilla_mask_only,ctxdlydm2intseq,1,0.0,10,0.1,0.7213720196319178,0.7227073026956434,0.9981523874758907,0.9979646336059178,235469.0,1.1885969638824463,,
lowsp_ctxdlydm2intseq_netseed1_lnp_mask_p20_pruneseed0,lnp_mask,vanilla_mask_only,ctxdlydm2intseq,1,0.0,20,0.2,0.7142559379386486,0.7227073026956434,0.9883059646339925,0.9871176200179442,209306.0,1.1876121759414673,,
lowsp_ctxdlydm2intseq_netseed1_lnp_mask_p30_pruneseed0,lnp_mask,vanilla_mask_only,ctxdlydm2intseq,1,0.0,30,0.3,0.6893317396784248,0.7227073026956434,0.9538186996412927,0.949125768764506,183142.0,1.1848959922790527,,
lowsp_ctxdlydm2intseq_netseed1_lnp_mask_p40_pruneseed0,lnp_mask,vanilla_mask_only,ctxdlydm2intseq,1,0.0,40,0.4,0.6016329534832976,0.7227073026956434,0.8324711141554157,0.815446875447822,156979.0,1.1645783185958862,,
lowsp_ctxdlydm2intseq_netseed1_lnp_rescale_p10_pruneseed0,lnp_rescale,noise_prune,ctxdlydm2intseq,1,0.0,10,0.1,0.7276413364555074,0.7227073026956434,1.0068271535951836,1.007520927041547,176497.0,1.183858871459961,176497.0,0.9000015258789062
lowsp_ctxdlydm2intseq_netseed1_lnp_rescale_p10_pruneseed1,lnp_rescale,noise_prune,ctxdlydm2intseq,1,1.0,10,0.1,0.7018052375663978,0.7227073026956434,0.9710781044396777,0.9681390694701991,176162.0,1.1909067630767822,176162.0,0.9000015258789062
lowsp_ctxdlydm2intseq_netseed1_lnp_rescale_p10_pruneseed2,lnp_rescale,noise_prune,ctxdlydm2intseq,1,2.0,10,0.1,0.7188870904182041,0.7227073026956434,0.9947140256322439,0.994176866389614,176157.0,1.1597723960876465,176157.0,0.9000015258789062
lowsp_ctxdlydm2intseq_netseed1_lnp_rescale_p20_pruneseed0,lnp_rescale,noise_prune,ctxdlydm2intseq,1,0.0,20,0.2,0.7243552374035583,0.7227073026956434,1.0022802242370712,1.0025119399887938,166892.0,1.190219759941101,166892.0,0.7999992370605469
lowsp_ctxdlydm2intseq_netseed1_lnp_rescale_p20_pruneseed1,lnp_rescale,noise_prune,ctxdlydm2intseq,1,1.0,20,0.2,0.6904162500692067,0.7227073026956434,0.95531932152063,0.9507788834211629,166602.0,1.1836484670639038,166602.0,0.7999992370605469
lowsp_ctxdlydm2intseq_netseed1_lnp_rescale_p20_pruneseed2,lnp_rescale,noise_prune,ctxdlydm2intseq,1,2.0,20,0.2,0.7160927663482614,0.7227073026956434,0.9908475584476449,0.9899174898868766,166582.0,1.121589422225952,166582.0,0.7999992370605469
lowsp_ctxdlydm2intseq_netseed1_lnp_rescale_p30_pruneseed0,lnp_rescale,noise_prune,ctxdlydm2intseq,1,0.0,30,0.3,0.7024696223103002,0.7227073026956434,0.9719974043297221,0.9691517883589618,155149.0,1.169724464416504,155149.0,0.7000007629394531
lowsp_ctxdlydm2intseq_netseed1_lnp_rescale_p30_pruneseed1,lnp_rescale,noise_prune,ctxdlydm2intseq,1,1.0,30,0.3,0.6713282158338517,0.7227073026956434,0.9289074751698903,0.9216830726023466,154777.0,1.2249314785003662,154777.0,0.7000007629394531
lowsp_ctxdlydm2intseq_netseed1_lnp_rescale_p30_pruneseed2,lnp_rescale,noise_prune,ctxdlydm2intseq,1,2.0,30,0.3,0.7141452071479982,0.7227073026956434,0.9881527479856517,0.9869488335364839,154914.0,1.1135145425796509,154914.0,0.7000007629394531
lowsp_ctxdlydm2intseq_netseed1_lnp_rescale_p40_pruneseed0,lnp_rescale,noise_prune,ctxdlydm2intseq,1,0.0,40,0.4,0.6975030206708331,0.7227073026956434,0.9651251870144383,0.9615812182346323,140590.0,1.1220096349716189,140590.0,0.5999984741210938
lowsp_ctxdlydm2intseq_netseed1_lnp_rescale_p40_pruneseed1,lnp_rescale,noise_prune,ctxdlydm2intseq,1,1.0,40,0.4,0.6440786709699692,0.7227073026956434,0.8912026605620347,0.8801467052382388,140610.0,1.274263858795166,140610.0,0.5999984741210938
lowsp_ctxdlydm2intseq_netseed1_lnp_rescale_p40_pruneseed2,lnp_rescale,noise_prune,ctxdlydm2intseq,1,2.0,40,0.4,0.6825673910848686,0.7227073026956434,0.9444589649764767,0.9388149004705832,140584.0,1.13012957572937,140584.0,0.5999984741210938
lowsp_ctxdlydm2intseq_netseed1_snp_mask_p10_pruneseed0,snp_mask,simulation_noise_prune_mask_only,ctxdlydm2intseq,1,0.0,10,0.1,0.7251140689983098,0.7227073026956434,1.0033302089154064,1.0036686238176258,235469.0,1.1873846054077148,,
lowsp_ctxdlydm2intseq_netseed1_snp_mask_p10_pruneseed1,snp_mask,simulation_noise_prune_mask_only,ctxdlydm2intseq,1,1.0,10,0.1,0.7252313133648808,0.7227073026956434,1.0034924383077672,1.0038473389156428,235469.0,1.185781717300415,,
lowsp_ctxdlydm2intseq_netseed1_snp_mask_p10_pruneseed2,snp_mask,simulation_noise_prune_mask_only,ctxdlydm2intseq,1,2.0,10,0.1,0.7250717307548258,0.7227073026956434,1.003271626079276,1.0036040878100085,235469.0,1.1861799955368042,,
lowsp_ctxdlydm2intseq_netseed1_snp_mask_p20_pruneseed0,snp_mask,simulation_noise_prune_mask_only,ctxdlydm2intseq,1,0.0,20,0.2,0.7226193694207151,0.7227073026956434,0.9998783279557294,0.9998659636764873,209306.0,1.1772034168243408,,
lowsp_ctxdlydm2intseq_netseed1_snp_mask_p20_pruneseed1,snp_mask,simulation_noise_prune_mask_only,ctxdlydm2intseq,1,1.0,20,0.2,0.7225216657819059,0.7227073026956434,0.9997431367954287,0.9997170344281398,209306.0,1.1799068450927734,,
lowsp_ctxdlydm2intseq_netseed1_snp_mask_p20_pruneseed2,snp_mask,simulation_noise_prune_mask_only,ctxdlydm2intseq,1,2.0,20,0.2,0.7223620831718509,0.7227073026956434,0.9995223245669376,0.9994737833225056,209306.0,1.1803208589553833,,
lowsp_ctxdlydm2intseq_netseed1_snp_mask_p30_pruneseed0,snp_mask,simulation_noise_prune_mask_only,ctxdlydm2intseq,1,0.0,30,0.3,0.7034531722743127,0.7227073026956434,0.9733583286767489,0.9706510094589929,183142.0,1.1541231870651243,,
lowsp_ctxdlydm2intseq_netseed1_snp_mask_p30_pruneseed1,snp_mask,simulation_noise_prune_mask_only,ctxdlydm2intseq,1,1.0,30,0.3,0.7026129209805537,0.7227073026956434,0.9721956846981632,0.9693702179232048,183142.0,1.1541259288787842,,
lowsp_ctxdlydm2intseq_netseed1_snp_mask_p30_pruneseed2,snp_mask,simulation_noise_prune_mask_only,ctxdlydm2intseq,1,2.0,30,0.3,0.7038505004054701,0.7227073026956434,0.9739081060619716,0.9712566550689393,183142.0,1.1512893438339231,,
lowsp_ctxdlydm2intseq_netseed1_snp_mask_p40_pruneseed0,snp_mask,simulation_noise_prune_mask_only,ctxdlydm2intseq,1,0.0,40,0.4,0.6652966445313645,0.7227073026956434,0.9205616742073292,0.9124891736710298,156979.0,1.1578147411346436,,
lowsp_ctxdlydm2intseq_netseed1_snp_mask_p40_pruneseed1,snp_mask,simulation_noise_prune_mask_only,ctxdlydm2intseq,1,1.0,40,0.4,0.6641176872897336,0.7227073026956434,0.9189303675397011,0.9106920940743037,156979.0,1.1555604934692385,,
lowsp_ctxdlydm2intseq_netseed1_snp_mask_p40_pruneseed2,snp_mask,simulation_noise_prune_mask_only,ctxdlydm2intseq,1,2.0,40,0.4,0.6636128851558861,0.7227073026956434,0.9182318798781476,0.9099226262911752,156979.0,1.160422682762146,,
lowsp_ctxdlydm2intseq_netseed1_snp_rescale_p10_pruneseed0,snp_rescale,simulation_noise_prune_rescale,ctxdlydm2intseq,1,0.0,10,0.1,0.6902240995795487,0.7227073026956434,0.9550534455720389,0.9504859892327462,172964.0,1.2547599077224731,172964.0,0.9000015258789062
lowsp_ctxdlydm2intseq_netseed1_snp_rescale_p10_pruneseed1,snp_rescale,simulation_noise_prune_rescale,ctxdlydm2intseq,1,1.0,10,0.1,0.7025901234648316,0.7227073026956434,0.9721641400940931,0.9693354677652571,172983.0,1.1603672504425049,172983.0,0.9000015258789062
lowsp_ctxdlydm2intseq_netseed1_snp_rescale_p10_pruneseed2,snp_rescale,simulation_noise_prune_rescale,ctxdlydm2intseq,1,2.0,10,0.1,0.6999749227327057,0.7227073026956434,0.9685455233700453,0.9653491282178233,172807.0,1.227690577507019,172807.0,0.9000015258789062
lowsp_ctxdlydm2intseq_netseed1_snp_rescale_p20_pruneseed0,snp_rescale,simulation_noise_prune_rescale,ctxdlydm2intseq,1,0.0,20,0.2,0.6779655496969559,0.7227073026956434,0.9380914613263154,0.9318003328734177,163279.0,1.227445363998413,163279.0,0.7999992370605469
lowsp_ctxdlydm2intseq_netseed1_snp_rescale_p20_pruneseed1,snp_rescale,simulation_noise_prune_rescale,ctxdlydm2intseq,1,1.0,20,0.2,0.6970666110841521,0.7227073026956434,0.9645213331650954,0.960916000925347,163231.0,1.0438185930252075,163231.0,0.7999992370605469
lowsp_ctxdlydm2intseq_netseed1_snp_rescale_p20_pruneseed2,snp_rescale,simulation_noise_prune_rescale,ctxdlydm2intseq,1,2.0,20,0.2,0.6919176293189079,0.7227073026956434,0.9573967590172503,0.9530674295374355,163270.0,1.2076774835586548,163270.0,0.7999992370605469
lowsp_ctxdlydm2intseq_netseed1_snp_rescale_p30_pruneseed0,snp_rescale,simulation_noise_prune_rescale,ctxdlydm2intseq,1,0.0,30,0.3,0.6457168353140033,0.7227073026956434,0.8934693656830759,0.8826437523021979,151813.0,1.3382346630096436,151813.0,0.7000007629394531
lowsp_ctxdlydm2intseq_netseed1_snp_rescale_p30_pruneseed1,snp_rescale,simulation_noise_prune_rescale,ctxdlydm2intseq,1,1.0,30,0.3,0.6807501034030178,0.7227073026956434,0.9419444093948843,0.9360448164513205,151904.0,1.0376904010772705,151904.0,0.7000007629394531
lowsp_ctxdlydm2intseq_netseed1_snp_rescale_p30_pruneseed2,snp_rescale,simulation_noise_prune_rescale,ctxdlydm2intseq,1,2.0,30,0.3,0.6713933515930578,0.7227073026956434,0.9289976026100906,0.9217823587679116,151602.0,1.2305684089660645,151602.0,0.7000007629394531
lowsp_ctxdlydm2intseq_netseed1_snp_rescale_p40_pruneseed0,snp_rescale,simulation_noise_prune_rescale,ctxdlydm2intseq,1,0.0,40,0.4,0.6169528840485783,0.7227073026956434,0.8536690880905601,0.8387989815887045,137738.0,1.3680505752563477,137738.0,0.5999984741210938
lowsp_ctxdlydm2intseq_netseed1_snp_rescale_p40_pruneseed1,snp_rescale,simulation_noise_prune_rescale,ctxdlydm2intseq,1,1.0,40,0.4,0.6532074476227077,0.7227073026956434,0.9038340213061269,0.8940616613421702,137701.0,1.2232143878936768,137701.0,0.5999984741210938
lowsp_ctxdlydm2intseq_netseed1_snp_rescale_p40_pruneseed2,snp_rescale,simulation_noise_prune_rescale,ctxdlydm2intseq,1,2.0,40,0.4,0.6419259341282068,0.7227073026956434,0.88822394866341,0.8768652974663164,137518.0,1.173829197883606,137518.0,0.5999984741210938
lowsp_ctxdlydm2intseq_netseed1_snp_rescale_p50_pruneseed0,snp_rescale,simulation_noise_prune_rescale,ctxdlydm2intseq,1,0.0,50,0.5,0.5697522561398595,0.7227073026956434,0.7883582385493086,0.7668512617120442,120699.0,1.3607146739959717,120699.0,0.5
lowsp_ctxdlydm2intseq_netseed1_snp_rescale_p50_pruneseed1,snp_rescale,simulation_noise_prune_rescale,ctxdlydm2intseq,1,1.0,50,0.5,0.5588355028969129,0.7227073026956434,0.7732528795717143,0.7502109003633541,120697.0,1.1400502920150757,120697.0,0.5
lowsp_ctxdlydm2intseq_netseed1_snp_rescale_p50_pruneseed2,snp_rescale,simulation_noise_prune_rescale,ctxdlydm2intseq,1,2.0,50,0.5,0.6239126399197528,0.7227073026956434,0.8632992050759775,0.8494077083793221,120664.0,1.2634408473968506,120664.0,0.5
lowsp_ctxdlydm2intseq_netseed1_snp_rescale_p60_pruneseed0,snp_rescale,simulation_noise_prune_rescale,ctxdlydm2intseq,1,0.0,60,0.6,0.470055463098964,0.7227073026956434,0.65040917857851,0.6148838566982915,100441.0,1.381948709487915,100441.0,0.4000015258789062
lowsp_ctxdlydm2intseq_netseed1_snp_rescale_p60_pruneseed1,snp_rescale,simulation_noise_prune_rescale,ctxdlydm2intseq,1,1.0,60,0.6,0.4464242096589817,0.7227073026956434,0.6177109432737891,0.578862835831318,100038.0,1.2607046365737915,100038.0,0.4000015258789062
lowsp_ctxdlydm2intseq_netseed1_snp_rescale_p60_pruneseed2,snp_rescale,simulation_noise_prune_rescale,ctxdlydm2intseq,1,2.0,60,0.6,0.5078993391977229,0.7227073026956434,0.7027732213349677,0.6725691188915428,100371.0,1.4009127616882324,100371.0,0.4000015258789062
lowsp_ctxdlydm2intseq_netseed1_snp_rescale_p70_pruneseed0,snp_rescale,simulation_noise_prune_rescale,ctxdlydm2intseq,1,0.0,70,0.7,0.2319907767764964,0.7227073026956434,0.3210023973899093,0.25200285017485946,77396.0,1.383999586105347,77396.0,0.2999992370605469
lowsp_ctxdlydm2intseq_netseed1_snp_rescale_p70_pruneseed1,snp_rescale,simulation_noise_prune_rescale,ctxdlydm2intseq,1,1.0,70,0.7,0.2714793307952099,0.7227073026956434,0.37564215801142814,0.3121950880486264,77188.0,1.5440860986709597,77188.0,0.2999992370605469
lowsp_ctxdlydm2intseq_netseed1_snp_rescale_p70_pruneseed2,snp_rescale,simulation_noise_prune_rescale,ctxdlydm2intseq,1,2.0,70,0.7,0.2576184412361464,0.7227073026956434,0.35646303873677376,0.2910669920163994,77370.0,1.4154125452041626,77370.0,0.2999992370605469
lowsp_ctxdlydm2intseq_netseed1_snp_rescale_p80_pruneseed0,snp_rescale,simulation_noise_prune_rescale,ctxdlydm2intseq,1,0.0,80,0.8,0.1361825885602066,0.7227073026956434,0.18843394559907706,0.10596282924533576,52371.0,1.9536781311035156,52371.0,0.2000007629394531
lowsp_ctxdlydm2intseq_netseed1_snp_rescale_p80_pruneseed1,snp_rescale,simulation_noise_prune_rescale,ctxdlydm2intseq,1,1.0,80,0.8,0.1138931317598705,0.7227073026956434,0.15759233556248534,0.07198710338900086,52062.0,2.066675901412964,52062.0,0.2000007629394531
lowsp_ctxdlydm2intseq_netseed1_snp_rescale_p80_pruneseed2,snp_rescale,simulation_noise_prune_rescale,ctxdlydm2intseq,1,2.0,80,0.8,0.098661134469518,0.7227073026956434,0.13651603367161153,0.048769033571631024,52231.0,2.01419448852539,52231.0,0.2000007629394531
lowsp_ctxdlydm2intseq_netseed2_random_p10_pruneseed0,random,random_unstructured,ctxdlydm2intseq,2,0.0,10,0.1,0.2322057247818766,0.6546306639613615,0.3547125693390711,0.281546249220834,235472.0,0.7217476963996887,,
lowsp_ctxdlydm2intseq_netseed2_random_p10_pruneseed1,random,random_unstructured,ctxdlydm2intseq,2,1.0,10,0.1,0.2339057680971565,0.6546306639613615,0.35730951966368996,0.2844376563870925,235471.0,0.8139119148254395,,
lowsp_ctxdlydm2intseq_netseed2_random_p10_pruneseed2,random,random_unstructured,ctxdlydm2intseq,2,2.0,10,0.1,0.2197452540457448,0.6546306639613615,0.33567821695977706,0.2603536748566482,235469.0,0.4590588510036468,,
lowsp_ctxdlydm2intseq_netseed2_random_p20_pruneseed0,random,random_unstructured,ctxdlydm2intseq,2,0.0,20,0.2,0.0817323506518461,0.6546306639613615,0.12485261560657693,0.025623480441827676,209302.0,0.5347263216972351,,
lowsp_ctxdlydm2intseq_netseed2_random_p20_pruneseed1,random,random_unstructured,ctxdlydm2intseq,2,1.0,20,0.2,0.0853832099553494,0.6546306639613615,0.13042959130369886,0.03183280502683869,209306.0,0.8179212808609009,,
lowsp_ctxdlydm2intseq_netseed2_random_p20_pruneseed2,random,random_unstructured,ctxdlydm2intseq,2,2.0,20,0.2,0.0777232446727091,0.6546306639613615,0.11872838984104872,0.018804855496110818,209305.0,0.4092292487621307,,
lowsp_ctxdlydm2intseq_netseed2_random_p30_pruneseed0,random,random_unstructured,ctxdlydm2intseq,2,0.0,30,0.3,0.0500014655545821,0.6546306639613615,0.076381184547648,-0.028343914234142748,183150.0,0.2746049463748932,,
lowsp_ctxdlydm2intseq_netseed2_random_p30_pruneseed1,random,random_unstructured,ctxdlydm2intseq,2,1.0,30,0.3,0.0505779170235563,0.6546306639613615,0.07726175965771989,-0.027363494562825216,183132.0,0.5106756091117859,,
lowsp_ctxdlydm2intseq_netseed2_random_p30_pruneseed2,random,random_unstructured,ctxdlydm2intseq,2,2.0,30,0.3,0.0506951613901273,0.6546306639613615,0.07744085968010735,-0.027164087172048816,183147.0,0.2595275640487671,,
lowsp_ctxdlydm2intseq_netseed2_random_p40_pruneseed0,random,random_unstructured,ctxdlydm2intseq,2,0.0,40,0.4,0.0419865103842684,0.6546306639613615,0.06413770801721348,-0.041975625031388214,156984.0,0.2590622007846832,,
lowsp_ctxdlydm2intseq_netseed2_random_p40_pruneseed1,random,random_unstructured,ctxdlydm2intseq,2,1.0,40,0.4,0.0424261767589097,0.6546306639613615,0.06480933310116654,-0.04122784731597661,156967.0,0.2622038722038269,,
lowsp_ctxdlydm2intseq_netseed2_random_p40_pruneseed2,random,random_unstructured,ctxdlydm2intseq,2,2.0,40,0.4,0.0485163702446824,0.6546306639613615,0.07411258426407291,-0.030869741183977818,156981.0,0.1146652474999427,,
lowsp_ctxdlydm2intseq_netseed2_magnitude_p10_pruneseed0,magnitude,l1_unstructured,ctxdlydm2intseq,2,0.0,10,0.1,0.6544743381392668,0.6546306639613615,0.99976119997015,0.9997341234789647,235930.0,0.9371459484100342,,
lowsp_ctxdlydm2intseq_netseed2_magnitude_p20_pruneseed0,magnitude,l1_unstructured,ctxdlydm2intseq,2,0.0,20,0.2,0.6541877407987599,0.6546306639613615,0.999323399915425,0.9992466831904001,209715.0,0.90982848405838,,
lowsp_ctxdlydm2intseq_netseed2_magnitude_p30_pruneseed0,magnitude,l1_unstructured,ctxdlydm2intseq,2,0.0,30,0.3,0.6507355455608351,0.6546306639613615,0.9940498992562373,0.9933752433508712,183501.0,0.9016176462173462,,
lowsp_ctxdlydm2intseq_netseed2_magnitude_p40_pruneseed0,magnitude,l1_unstructured,ctxdlydm2intseq,2,0.0,40,0.4,0.6106086611019016,0.6546306639613615,0.9327529165941145,0.9251280638576319,157286.0,0.8238100409507751,,
lowsp_ctxdlydm2intseq_netseed2_obs_p10_pruneseed0,obs,obs_compensated,ctxdlydm2intseq,2,0.0,10,0.1,0.6546143800215599,0.6546306639613615,0.9999751249968906,0.9999723045290587,235930.0,0.9324769973754884,,
lowsp_ctxdlydm2intseq_netseed2_obs_p20_pruneseed0,obs,obs_compensated,ctxdlydm2intseq,2,0.0,20,0.2,0.6546111232335996,0.6546306639613615,0.9999701499962687,0.9999667654348705,209715.0,0.9284483194351196,,
lowsp_ctxdlydm2intseq_netseed2_obs_p30_pruneseed0,obs,obs_compensated,ctxdlydm2intseq,2,0.0,30,0.3,0.6549270316657494,0.6546306639613615,1.0004527250565907,1.0005040575711295,183501.0,0.925884246826172,,
lowsp_ctxdlydm2intseq_netseed2_obs_p40_pruneseed0,obs,obs_compensated,ctxdlydm2intseq,2,0.0,40,0.4,0.6509276960504933,0.6546306639613615,0.9943434242929281,0.9937020499079772,157286.0,0.9234232306480408,,
lowsp_ctxdlydm2intseq_netseed2_lnp_mask_p10_pruneseed0,lnp_mask,vanilla_mask_only,ctxdlydm2intseq,2,0.0,10,0.1,0.6543049851653309,0.6546306639613615,0.9995024999378125,0.9994460905811765,235469.0,0.936901867389679,,
lowsp_ctxdlydm2intseq_netseed2_lnp_mask_p20_pruneseed0,lnp_mask,vanilla_mask_only,ctxdlydm2intseq,2,0.0,20,0.2,0.6524942110594005,0.6546306639613615,0.9967363995920498,0.996366354212518,209306.0,0.9489956498146056,,
lowsp_ctxdlydm2intseq_netseed2_lnp_mask_p30_pruneseed0,lnp_mask,vanilla_mask_only,ctxdlydm2intseq,2,0.0,30,0.3,0.6500516200891708,0.6546306639613615,0.9930051491256435,0.992212033571342,183142.0,0.9443709254264832,,
lowsp_ctxdlydm2intseq_netseed2_lnp_mask_p40_pruneseed0,lnp_mask,vanilla_mask_only,ctxdlydm2intseq,2,0.0,40,0.4,0.6248147701847576,0.6546306639613615,0.9544538693067337,0.9492895927067116,156979.0,0.9441382884979248,,
lowsp_ctxdlydm2intseq_netseed2_lnp_rescale_p10_pruneseed0,lnp_rescale,noise_prune,ctxdlydm2intseq,2,0.0,10,0.1,0.6240070867706016,0.6546306639613615,0.9532200691525086,0.9479158973480293,133676.0,0.9469818472862244,133676.0,0.9000015258789062
lowsp_ctxdlydm2intseq_netseed2_lnp_rescale_p10_pruneseed1,lnp_rescale,noise_prune,ctxdlydm2intseq,2,1.0,10,0.1,0.6378288948741414,0.6546306639613615,0.9743339717917464,0.9714238130828973,133772.0,1.0858155488967896,133772.0,0.9000015258789062
lowsp_ctxdlydm2intseq_netseed2_lnp_rescale_p10_pruneseed2,lnp_rescale,noise_prune,ctxdlydm2intseq,2,2.0,10,0.1,0.6116052382177554,0.6546306639613615,0.9342752667844083,0.9268230266792318,133394.0,0.939633011817932,133394.0,0.9000015258789062
lowsp_ctxdlydm2intseq_netseed2_lnp_rescale_p20_pruneseed0,lnp_rescale,noise_prune,ctxdlydm2intseq,2,0.0,20,0.2,0.6187343470628658,0.6546306639613615,0.9451655431456929,0.9389481038572774,122857.0,0.773628830909729,122857.0,0.7999992370605469
lowsp_ctxdlydm2intseq_netseed2_lnp_rescale_p20_pruneseed1,lnp_rescale,noise_prune,ctxdlydm2intseq,2,1.0,20,0.2,0.6282018296634762,0.6546306639613615,0.9596278699534838,0.9550502506624757,123041.0,1.1250890493392944,123041.0,0.7999992370605469
lowsp_ctxdlydm2intseq_netseed2_lnp_rescale_p20_pruneseed2,lnp_rescale,noise_prune,ctxdlydm2intseq,2,2.0,20,0.2,0.5946048050649566,0.6546306639613615,0.9083057635382203,0.8979089550166467,122691.0,1.0048084259033203,122691.0,0.7999992370605469
lowsp_ctxdlydm2intseq_netseed2_lnp_rescale_p30_pruneseed0,lnp_rescale,noise_prune,ctxdlydm2intseq,2,0.0,30,0.3,0.5619555057628863,0.6546306639613615,0.8584313823039228,0.8423795357795943,111139.0,0.8162217736244202,111139.0,0.7000007629394531
lowsp_ctxdlydm2intseq_netseed2_lnp_rescale_p30_pruneseed1,lnp_rescale,noise_prune,ctxdlydm2intseq,2,1.0,30,0.3,0.614888080481744,0.6546306639613615,0.9392900674112583,0.9324064336209722,111167.0,1.1047974824905396,111167.0,0.7000007629394531
lowsp_ctxdlydm2intseq_netseed2_lnp_rescale_p30_pruneseed2,lnp_rescale,noise_prune,ctxdlydm2intseq,2,2.0,30,0.3,0.5686807729009188,0.6546306639613615,0.8687047585880948,0.8538177652782989,110813.0,1.1291311979293823,110813.0,0.7000007629394531
lowsp_ctxdlydm2intseq_netseed2_lnp_rescale_p40_pruneseed0,lnp_rescale,noise_prune,ctxdlydm2intseq,2,0.0,40,0.4,0.5210079107379556,0.6546306639613615,0.7958806994850874,0.7727365045509198,98373.0,0.989144504070282,98373.0,0.5999984741210938
lowsp_ctxdlydm2intseq_netseed2_lnp_rescale_p40_pruneseed1,lnp_rescale,noise_prune,ctxdlydm2intseq,2,1.0,40,0.4,0.5418415833200347,0.6546306639613615,0.8277057784632222,0.8081700900730568,98549.0,1.1706386804580688,98549.0,0.5999984741210938
lowsp_ctxdlydm2intseq_netseed2_lnp_rescale_p40_pruneseed2,lnp_rescale,noise_prune,ctxdlydm2intseq,2,2.0,40,0.4,0.4895961908608016,0.6546306639613615,0.7478968184871022,0.7193119411053963,98060.0,1.1173306703567505,98060.0,0.5999984741210938
lowsp_ctxdlydm2intseq_netseed2_snp_mask_p10_pruneseed0,snp_mask,simulation_noise_prune_mask_only,ctxdlydm2intseq,2,0.0,10,0.1,0.6524225617242738,0.6546306639613615,0.9966269495783686,0.9962444941403769,235469.0,0.9250845313072203,,
lowsp_ctxdlydm2intseq_netseed2_snp_mask_p10_pruneseed1,snp_mask,simulation_noise_prune_mask_only,ctxdlydm2intseq,2,1.0,10,0.1,0.6524942110594005,0.6546306639613615,0.9967363995920498,0.996366354212518,235469.0,0.9292665123939514,,
lowsp_ctxdlydm2intseq_netseed2_snp_mask_p10_pruneseed2,snp_mask,simulation_noise_prune_mask_only,ctxdlydm2intseq,2,2.0,10,0.1,0.6524421024520357,0.6546306639613615,0.9966567995821,0.9962777287055063,235469.0,0.9256229996681212,,
lowsp_ctxdlydm2intseq_netseed2_snp_mask_p20_pruneseed0,snp_mask,simulation_noise_prune_mask_only,ctxdlydm2intseq,2,0.0,20,0.2,0.6393986666710091,0.6546306639613615,0.9767319220914903,0.9740936564816265,209306.0,0.906882107257843,,
lowsp_ctxdlydm2intseq_netseed2_snp_mask_p20_pruneseed1,snp_mask,simulation_noise_prune_mask_only,ctxdlydm2intseq,2,1.0,20,0.2,0.6395843035847465,0.6546306639613615,0.9770154971269371,0.9744093848503558,209306.0,0.9095054864883424,,
lowsp_ctxdlydm2intseq_netseed2_snp_mask_p20_pruneseed2,snp_mask,simulation_noise_prune_mask_only,ctxdlydm2intseq,2,2.0,20,0.2,0.6399979156557054,0.6546306639613615,0.9776473222059152,0.9751128498122617,209306.0,0.9085708856582642,,
lowsp_ctxdlydm2intseq_netseed2_snp_mask_p30_pruneseed0,snp_mask,simulation_noise_prune_mask_only,ctxdlydm2intseq,2,0.0,30,0.3,0.6125366795744029,0.6546306639613615,0.9356981169622646,0.9284072076170669,183142.0,0.8776383996009827,,
lowsp_ctxdlydm2intseq_netseed2_snp_mask_p30_pruneseed1,snp_mask,simulation_noise_prune_mask_only,ctxdlydm2intseq,2,1.0,30,0.3,0.6130545088600916,0.6546306639613615,0.9364891420611426,0.9292879235929962,183142.0,0.8717787861824036,,
lowsp_ctxdlydm2intseq_netseed2_snp_mask_p30_pruneseed2,snp_mask,simulation_noise_prune_mask_only,ctxdlydm2intseq,2,2.0,30,0.3,0.611846240526818,0.6546306639613615,0.9346434168304271,0.9272329196491611,183142.0,0.8913125395774841,,
lowsp_ctxdlydm2intseq_netseed2_snp_mask_p40_pruneseed0,snp_mask,simulation_noise_prune_mask_only,ctxdlydm2intseq,2,0.0,40,0.4,0.5724879580265168,0.6546306639613615,0.8745205343150667,0.8602929663843452,156979.0,0.737064003944397,,
lowsp_ctxdlydm2intseq_netseed2_snp_mask_p40_pruneseed1,snp_mask,simulation_noise_prune_mask_only,ctxdlydm2intseq,2,1.0,40,0.4,0.5736050362969018,0.6546306639613615,0.8762269595283699,0.8621928756909097,156979.0,0.7826550602912903,,
lowsp_ctxdlydm2intseq_netseed2_snp_mask_p40_pruneseed2,snp_mask,simulation_noise_prune_mask_only,ctxdlydm2intseq,2,2.0,40,0.4,0.5736799424199889,0.6546306639613615,0.8763413845426731,0.862320274857239,156979.0,0.7841708064079285,,
lowsp_ctxdlydm2intseq_netseed2_snp_rescale_p10_pruneseed0,snp_rescale,simulation_noise_prune_rescale,ctxdlydm2intseq,2,0.0,10,0.1,0.6490192183057538,0.6546306639613615,0.9914280739285093,0.9904561407136717,175222.0,0.6997184157371521,175222.0,0.9000015258789062
lowsp_ctxdlydm2intseq_netseed2_snp_rescale_p10_pruneseed1,snp_rescale,simulation_noise_prune_rescale,ctxdlydm2intseq,2,1.0,10,0.1,0.6507029776812321,0.6546306639613615,0.9940001492500186,0.9933198524089889,174944.0,1.0115997791290283,174944.0,0.9000015258789062
lowsp_ctxdlydm2intseq_netseed2_snp_rescale_p10_pruneseed2,snp_rescale,simulation_noise_prune_rescale,ctxdlydm2intseq,2,2.0,10,0.1,0.6423460597750862,0.6546306639613615,0.9812342976542872,0.9791065367219788,175028.0,0.7993201017379761,175028.0,0.9000015258789062
lowsp_ctxdlydm2intseq_netseed2_snp_rescale_p20_pruneseed0,snp_rescale,simulation_noise_prune_rescale,ctxdlydm2intseq,2,0.0,20,0.2,0.6411052235622096,0.6546306639613615,0.9793388224173528,0.9769961418362614,165459.0,0.7562558650970459,165459.0,0.7999992370605469
lowsp_ctxdlydm2intseq_netseed2_snp_rescale_p20_pruneseed1,snp_rescale,simulation_noise_prune_rescale,ctxdlydm2intseq,2,1.0,20,0.2,0.649032245457595,0.6546306639613615,0.9914479739309967,0.9904782970904246,165269.0,1.0718923807144165,165269.0,0.7999992370605469
lowsp_ctxdlydm2intseq_netseed2_snp_rescale_p20_pruneseed2,snp_rescale,simulation_noise_prune_rescale,ctxdlydm2intseq,2,2.0,20,0.2,0.640971695255837,0.6546306639613615,0.9791348473918559,0.9767690389745437,165394.0,0.961862087249756,165394.0,0.7999992370605469
lowsp_ctxdlydm2intseq_netseed2_snp_rescale_p30_pruneseed0,snp_rescale,simulation_noise_prune_rescale,ctxdlydm2intseq,2,0.0,30,0.3,0.6326961970486987,0.6546306639613615,0.9664933708116713,0.9626942006422394,153777.0,0.6653428673744202,153777.0,0.7000007629394531
lowsp_ctxdlydm2intseq_netseed2_snp_rescale_p30_pruneseed1,snp_rescale,simulation_noise_prune_rescale,ctxdlydm2intseq,2,1.0,30,0.3,0.6381578304581323,0.6546306639613615,0.9748364468545558,0.971983261595909,153704.0,1.1474132537841797,153704.0,0.7000007629394531
lowsp_ctxdlydm2intseq_netseed2_snp_rescale_p30_pruneseed2,snp_rescale,simulation_noise_prune_rescale,ctxdlydm2intseq,2,2.0,30,0.3,0.6387082276234242,0.6546306639613615,0.9756772219596528,0.9729193685137207,153613.0,1.0855075120925903,153613.0,0.7000007629394531
lowsp_ctxdlydm2intseq_netseed2_snp_rescale_p40_pruneseed0,snp_rescale,simulation_noise_prune_rescale,ctxdlydm2intseq,2,0.0,40,0.4,0.6154221937072343,0.6546306639613615,0.9401059675132458,0.9333148450678428,139428.0,0.7373172044754028,139428.0,0.5999984741210938
lowsp_ctxdlydm2intseq_netseed2_snp_rescale_p40_pruneseed1,snp_rescale,simulation_noise_prune_rescale,ctxdlydm2intseq,2,1.0,40,0.4,0.6325268440747628,0.6546306639613615,0.9662346707793338,0.9624061677444512,139169.0,1.082945704460144,139169.0,0.5999984741210938
lowsp_ctxdlydm2intseq_netseed2_snp_rescale_p40_pruneseed2,snp_rescale,simulation_noise_prune_rescale,ctxdlydm2intseq,2,2.0,40,0.4,0.6273615783697171,0.6546306639613615,0.9583443197930399,0.953621164361911,139471.0,1.0617166757583618,139471.0,0.5999984741210938
lowsp_ctxdlydm2intseq_netseed2_snp_rescale_p50_pruneseed0,snp_rescale,simulation_noise_prune_rescale,ctxdlydm2intseq,2,0.0,50,0.5,0.5510061846403366,0.6546306639613615,0.8417054302131787,0.8237571011187492,122102.0,0.946058750152588,122102.0,0.5
lowsp_ctxdlydm2intseq_netseed2_snp_rescale_p50_pruneseed1,snp_rescale,simulation_noise_prune_rescale,ctxdlydm2intseq,2,1.0,50,0.5,0.6116475764612394,0.6546306639613615,0.9343399417924927,0.9268950349036789,121819.0,0.7835938930511475,121819.0,0.5
lowsp_ctxdlydm2intseq_netseed2_snp_rescale_p50_pruneseed2,snp_rescale,simulation_noise_prune_rescale,ctxdlydm2intseq,2,2.0,50,0.5,0.5754288375546733,0.6546306639613615,0.87901295987662,0.865294768436321,122031.0,0.8002347946166992,122031.0,0.5
lowsp_ctxdlydm2intseq_netseed2_snp_rescale_p60_pruneseed0,snp_rescale,simulation_noise_prune_rescale,ctxdlydm2intseq,2,0.0,60,0.6,0.4592266431309457,0.6546306639613615,0.7015049376881172,0.6676598878001081,101265.0,1.3537834882736206,101265.0,0.4000015258789062
lowsp_ctxdlydm2intseq_netseed2_snp_rescale_p60_pruneseed1,snp_rescale,simulation_noise_prune_rescale,ctxdlydm2intseq,2,1.0,60,0.6,0.5209623157065113,0.6546306639613615,0.7958110494763811,0.7726589572322845,101183.0,0.9420925378799438,101183.0,0.4000015258789062
lowsp_ctxdlydm2intseq_netseed2_snp_rescale_p60_pruneseed2,snp_rescale,simulation_noise_prune_rescale,ctxdlydm2intseq,2,2.0,60,0.6,0.5070200064484401,0.6546306639613615,0.7745130718141339,0.7489460950124518,101383.0,0.983329713344574,101383.0,0.4000015258789062
lowsp_ctxdlydm2intseq_netseed2_snp_rescale_p70_pruneseed0,snp_rescale,simulation_noise_prune_rescale,ctxdlydm2intseq,2,0.0,70,0.7,0.3200152417676542,0.6546306639613615,0.488848536106067,0.4308913067240172,77604.0,1.4339224100112915,77604.0,0.2999992370605469
lowsp_ctxdlydm2intseq_netseed2_snp_rescale_p70_pruneseed1,snp_rescale,simulation_noise_prune_rescale,ctxdlydm2intseq,2,1.0,70,0.7,0.3126190763097987,0.6546306639613615,0.47755030969378864,0.41831202382253624,77616.0,1.295337796211243,77616.0,0.2999992370605469
lowsp_ctxdlydm2intseq_netseed2_snp_rescale_p70_pruneseed2,snp_rescale,simulation_noise_prune_rescale,ctxdlydm2intseq,2,2.0,70,0.7,0.3483427834463981,0.6546306639613615,0.5321210915151363,0.47907034797328224,77833.0,1.3958975076675415,77833.0,0.2999992370605469
lowsp_ctxdlydm2intseq_netseed2_snp_rescale_p80_pruneseed0,snp_rescale,simulation_noise_prune_rescale,ctxdlydm2intseq,2,0.0,80,0.8,0.1363877662017059,0.6546306639613615,0.2083430760428845,0.11858055910878187,52302.0,1.8724510669708252,52302.0,0.2000007629394531
lowsp_ctxdlydm2intseq_netseed2_snp_rescale_p80_pruneseed1,snp_rescale,simulation_noise_prune_rescale,ctxdlydm2intseq,2,1.0,80,0.8,0.1541242334335338,0.6546306639613615,0.23543692942961608,0.1487464660579078,52195.0,1.936132788658142,52195.0,0.2000007629394531
lowsp_ctxdlydm2intseq_netseed2_snp_rescale_p80_pruneseed2,snp_rescale,simulation_noise_prune_rescale,ctxdlydm2intseq,2,2.0,80,0.8,0.1661352674311433,0.6546306639613615,0.25378473172309135,0.16917464542411723,52429.0,1.9569945335388184,52450.0,0.2000007629394531
lowsp_dlydm1intseq_netseed0_random_p10_pruneseed0,random,random_unstructured,dlydm1intseq,0,0.0,10,0.1,0.2979672652194585,0.6086383086812951,0.4895637704190008,0.4267762012288989,235463.0,0.4630442261695862,,
lowsp_dlydm1intseq_netseed0_random_p10_pruneseed1,random,random_unstructured,dlydm1intseq,0,1.0,10,0.1,0.3524980949217452,0.6086383086812951,0.5791585739739,0.5273918524456002,235471.0,0.4528169631958008,,
lowsp_dlydm1intseq_netseed0_random_p10_pruneseed2,random,random_unstructured,dlydm1intseq,0,2.0,10,0.1,0.3304968834873679,0.6086383086812951,0.5430103211929566,0.4867970874638126,235468.0,0.5012727975845337,,
lowsp_dlydm1intseq_netseed0_random_p20_pruneseed0,random,random_unstructured,dlydm1intseq,0,0.0,20,0.2,0.0976311898760559,0.6086383086812951,0.16040920935060482,0.057133105884077724,209289.0,0.4743182063102722,,
lowsp_dlydm1intseq_netseed0_random_p20_pruneseed1,random,random_unstructured,dlydm1intseq,0,1.0,20,0.2,0.0979666139106534,0.6086383086812951,0.16096031503983466,0.05775200179780238,209306.0,0.4589311480522156,,
lowsp_dlydm1intseq_netseed0_random_p20_pruneseed2,random,random_unstructured,dlydm1intseq,0,2.0,20,0.2,0.1034799429453486,0.6086383086812951,0.17001878039775906,0.06792472783601526,209312.0,0.3195629417896271,,
lowsp_dlydm1intseq_netseed0_random_p30_pruneseed0,random,random_unstructured,dlydm1intseq,0,0.0,30,0.3,0.0492389456613064,0.6086383086812951,0.08090017496267998,-0.032156149241642194,183124.0,0.2029345631599426,,
lowsp_dlydm1intseq_netseed0_random_p30_pruneseed1,random,random_unstructured,dlydm1intseq,0,1.0,30,0.3,0.0482163908373877,0.6086383086812951,0.07922010519162956,-0.03404288047377389,183132.0,0.2465690225362777,,
lowsp_dlydm1intseq_netseed0_random_p30_pruneseed2,random,random_unstructured,dlydm1intseq,0,2.0,30,0.3,0.0479851762115972,0.6086383086812951,0.07884021680390803,-0.03446949804537048,183150.0,0.2958944141864776,,
lowsp_dlydm1intseq_netseed0_random_p40_pruneseed0,random,random_unstructured,dlydm1intseq,0,0.0,40,0.4,0.0348319948937389,0.6086383086812951,0.05722938302915498,-0.05873863004084725,156953.0,0.544381856918335,,
lowsp_dlydm1intseq_netseed0_random_p40_pruneseed1,random,random_unstructured,dlydm1intseq,0,1.0,40,0.4,0.0397851983560965,0.6086383086812951,0.06536755539147218,-0.049599400091572696,156967.0,0.2952755093574524,,
lowsp_dlydm1intseq_netseed0_random_p40_pruneseed2,random,random_unstructured,dlydm1intseq,0,2.0,40,0.4,0.0388766225730605,0.6086383086812951,0.06387475454394656,-0.05127582688700173,156984.0,0.3196759819984436,,
lowsp_dlydm1intseq_netseed0_magnitude_p10_pruneseed0,magnitude,l1_unstructured,dlydm1intseq,0,0.0,10,0.1,0.6100288529800635,0.6086383086812951,1.0022846808670016,1.0025657141277713,235930.0,0.593020498752594,,
lowsp_dlydm1intseq_netseed0_magnitude_p20_pruneseed0,magnitude,l1_unstructured,dlydm1intseq,0,0.0,20,0.2,0.6198831552003752,0.6086383086812951,1.0184754169408818,1.0207480348552564,209715.0,0.5884455442428589,,
lowsp_dlydm1intseq_netseed0_magnitude_p30_pruneseed0,magnitude,l1_unstructured,dlydm1intseq,0,0.0,30,0.3,0.6400118538202518,0.6086383086812951,1.0515471088353479,1.0578877983769304,183501.0,0.5789950489997864,,
lowsp_dlydm1intseq_netseed0_magnitude_p40_pruneseed0,magnitude,l1_unstructured,dlydm1intseq,0,0.0,40,0.4,0.6650546773741834,0.6086383086812951,1.0926927666040653,1.104094687469581,157286.0,0.5797103643417358,,
lowsp_dlydm1intseq_netseed0_obs_p10_pruneseed0,obs,obs_compensated,dlydm1intseq,0,0.0,10,0.1,0.6087262353699759,0.6086383086812951,1.0001444645981477,1.0001622348511705,235930.0,0.5847364664077759,,
lowsp_dlydm1intseq_netseed0_obs_p20_pruneseed0,obs,obs_compensated,dlydm1intseq,0,0.0,20,0.2,0.6102893765020809,0.6086383086812951,1.0027127241207723,1.0030464099830914,209715.0,0.5889527797698975,,
lowsp_dlydm1intseq_netseed0_obs_p30_pruneseed0,obs,obs_compensated,dlydm1intseq,0,0.0,30,0.3,0.6175644958544194,0.6086383086812951,1.0146658319823216,1.016469841742907,183501.0,0.5933496952056885,,
lowsp_dlydm1intseq_netseed0_obs_p40_pruneseed0,obs,obs_compensated,dlydm1intseq,0,0.0,40,0.4,0.6395852465529481,0.6086383086812951,1.0508461880072981,1.0571006589138436,157286.0,0.5955050587654114,,
lowsp_dlydm1intseq_netseed0_lnp_mask_p10_pruneseed0,lnp_mask,vanilla_mask_only,dlydm1intseq,0,0.0,10,0.1,0.6085699212567655,0.6086383086812951,0.9998876386458851,0.9998738173379784,235469.0,0.5877334475517273,,
lowsp_dlydm1intseq_netseed0_lnp_mask_p20_pruneseed0,lnp_mask,vanilla_mask_only,dlydm1intseq,0,0.0,20,0.2,0.6166754593355348,0.6086383086812951,1.013205134378829,1.014829467136627,209306.0,0.5891556739807129,,
lowsp_dlydm1intseq_netseed0_lnp_mask_p30_pruneseed0,lnp_mask,vanilla_mask_only,dlydm1intseq,0,0.0,30,0.3,0.6334955092257892,0.6086383086812951,1.0408406769504057,1.0458643932957348,183142.0,0.5840660929679871,,
lowsp_dlydm1intseq_netseed0_lnp_mask_p40_pruneseed0,lnp_mask,vanilla_mask_only,dlydm1intseq,0,0.0,40,0.4,0.6602252225847841,0.6086383086812951,1.0847579147872892,1.0951837880515833,156979.0,0.5700768828392029,,
lowsp_dlydm1intseq_netseed0_lnp_rescale_p10_pruneseed0,lnp_rescale,noise_prune,dlydm1intseq,0,0.0,10,0.1,0.6259761490715593,0.6086383086812951,1.0284862785384463,1.0319903091715568,166418.0,0.6223208904266357,166418.0,0.9000015258789062
lowsp_dlydm1intseq_netseed0_lnp_rescale_p10_pruneseed1,lnp_rescale,noise_prune,dlydm1intseq,0,1.0,10,0.1,0.6102047063574253,0.6086383086812951,1.002573610063297,1.0028901838301125,166310.0,0.567101240158081,166310.0,0.9000015258789062
lowsp_dlydm1intseq_netseed0_lnp_rescale_p10_pruneseed2,lnp_rescale,noise_prune,dlydm1intseq,0,2.0,10,0.1,0.6273471541061764,0.6086383086812951,1.030738856161415,1.0345199711101791,166326.0,0.5961651802062988,166326.0,0.9000015258789062
lowsp_dlydm1intseq_netseed0_lnp_rescale_p20_pruneseed0,lnp_rescale,noise_prune,dlydm1intseq,0,0.0,20,0.2,0.6266307144206282,0.6086383086812951,1.0295617372135453,1.0331980575080486,156178.0,0.6144974827766418,156178.0,0.7999992370605469
lowsp_dlydm1intseq_netseed0_lnp_rescale_p20_pruneseed1,lnp_rescale,noise_prune,dlydm1intseq,0,1.0,20,0.2,0.6178803806248657,0.6086383086812951,1.015184834427519,1.0170526854674828,155924.0,0.5841585993766785,155924.0,0.7999992370605469
lowsp_dlydm1intseq_netseed0_lnp_rescale_p20_pruneseed2,lnp_rescale,noise_prune,dlydm1intseq,0,2.0,20,0.2,0.6274285677068069,0.6086383086812951,1.0308726196782185,1.0346701885649667,156130.0,0.6518774032592773,156130.0,0.7999992370605469
lowsp_dlydm1intseq_netseed0_lnp_rescale_p30_pruneseed0,lnp_rescale,noise_prune,dlydm1intseq,0,0.0,30,0.3,0.6460625126191081,0.6086383086812951,1.0614884134041744,1.0690519596167412,144055.0,0.6811705827713013,144055.0,0.7000007629394531
lowsp_dlydm1intseq_netseed0_lnp_rescale_p30_pruneseed1,lnp_rescale,noise_prune,dlydm1intseq,0,1.0,30,0.3,0.6136631561122075,0.6086383086812951,1.008255884257104,1.0092714213094875,143759.0,0.6760722398757935,143759.0,0.7000007629394531
lowsp_dlydm1intseq_netseed0_lnp_rescale_p30_pruneseed2,lnp_rescale,noise_prune,dlydm1intseq,0,2.0,30,0.3,0.6190071448575913,0.6086383086812951,1.0170361215000776,1.0191316950417424,143826.0,0.6341819763183594,143826.0,0.7000007629394531
lowsp_dlydm1intseq_netseed0_lnp_rescale_p40_pruneseed0,lnp_rescale,noise_prune,dlydm1intseq,0,0.0,40,0.4,0.6631919341917584,0.6086383086812951,1.0896322573396042,1.1006577121040417,129328.0,0.6853973269462585,129328.0,0.5999984741210938
lowsp_dlydm1intseq_netseed0_lnp_rescale_p40_pruneseed1,lnp_rescale,noise_prune,dlydm1intseq,0,1.0,40,0.4,0.6130476692914412,0.6086383086812951,1.0072446320700708,1.0081357773512938,129174.0,0.6916449666023254,129174.0,0.5999984741210938
lowsp_dlydm1intseq_netseed0_lnp_rescale_p40_pruneseed2,lnp_rescale,noise_prune,dlydm1intseq,0,2.0,40,0.4,0.6397187648579821,0.6086383086812951,1.0510655601748555,1.0573470155396951,129165.0,0.6533097624778748,129165.0,0.5999984741210938
lowsp_dlydm1intseq_netseed0_snp_mask_p10_pruneseed0,snp_mask,simulation_noise_prune_mask_only,dlydm1intseq,0,0.0,10,0.1,0.5998261005490533,0.6086383086812951,0.9855214369412028,0.9837404626937954,235469.0,0.5869421362876892,,
lowsp_dlydm1intseq_netseed0_snp_mask_p10_pruneseed1,snp_mask,simulation_noise_prune_mask_only,dlydm1intseq,0,1.0,10,0.1,0.5998684356213811,0.6086383086812951,0.9855909939699405,0.983818575770285,235469.0,0.5866267085075378,,
lowsp_dlydm1intseq_netseed0_snp_mask_p10_pruneseed2,snp_mask,simulation_noise_prune_mask_only,dlydm1intseq,0,2.0,10,0.1,0.5999042576056586,0.6086383086812951,0.9856498499173341,0.9838846714503915,235469.0,0.5875076055526733,,
lowsp_dlydm1intseq_netseed0_snp_mask_p20_pruneseed0,snp_mask,simulation_noise_prune_mask_only,dlydm1intseq,0,0.0,20,0.2,0.5787399779857624,0.6086383086812951,0.9508766860891292,0.9448341419038199,209306.0,0.5850675106048584,,
lowsp_dlydm1intseq_netseed0_snp_mask_p20_pruneseed1,snp_mask,simulation_noise_prune_mask_only,dlydm1intseq,0,1.0,20,0.2,0.579062375844259,0.6086383086812951,0.9514063896156706,0.9454290030247786,209306.0,0.5888116359710693,,
lowsp_dlydm1intseq_netseed0_snp_mask_p20_pruneseed2,snp_mask,simulation_noise_prune_mask_only,dlydm1intseq,0,2.0,20,0.2,0.5797820720738324,0.6086383086812951,0.9525888591042124,0.9467569253251006,209306.0,0.5864788293838501,,
lowsp_dlydm1intseq_netseed0_snp_mask_p30_pruneseed0,snp_mask,simulation_noise_prune_mask_only,dlydm1intseq,0,0.0,30,0.3,0.558793645831298,0.6086383086812951,0.9181046244723029,0.9080308654808701,183142.0,0.5590717196464539,,
lowsp_dlydm1intseq_netseed0_snp_mask_p30_pruneseed1,snp_mask,simulation_noise_prune_mask_only,dlydm1intseq,0,1.0,30,0.3,0.5585689442935579,0.6086383086812951,0.9177354371659255,0.9076162653056563,183142.0,0.5540472269058228,,
lowsp_dlydm1intseq_netseed0_snp_mask_p30_pruneseed2,snp_mask,simulation_noise_prune_mask_only,dlydm1intseq,0,2.0,30,0.3,0.5597706090388636,0.6086383086812951,0.9197097866739433,0.9098334749383206,183142.0,0.5625813603401184,,
lowsp_dlydm1intseq_netseed0_snp_mask_p40_pruneseed0,snp_mask,simulation_noise_prune_mask_only,dlydm1intseq,0,0.0,40,0.4,0.5820714225235611,0.6086383086812951,0.9563502891967234,0.9509810401537265,156979.0,0.5340229272842407,,
lowsp_dlydm1intseq_netseed0_snp_mask_p40_pruneseed1,snp_mask,simulation_noise_prune_mask_only,dlydm1intseq,0,1.0,40,0.4,0.5804236112468004,0.6086383086812951,0.953642915616623,0.9479406388688264,156979.0,0.5311142206192017,,
lowsp_dlydm1intseq_netseed0_snp_mask_p40_pruneseed2,snp_mask,simulation_noise_prune_mask_only,dlydm1intseq,0,2.0,40,0.4,0.5815666581996523,0.6086383086812951,0.9555209553925424,0.9500496919340438,156979.0,0.5324608683586121,,
lowsp_dlydm1intseq_netseed0_snp_rescale_p10_pruneseed0,snp_rescale,simulation_noise_prune_rescale,dlydm1intseq,0,0.0,10,0.1,0.6151351140116064,0.6086383086812951,1.0106743286409092,1.0119873528920464,173821.0,0.6074250340461731,173821.0,0.9000015258789062
lowsp_dlydm1intseq_netseed0_snp_rescale_p10_pruneseed1,snp_rescale,simulation_noise_prune_rescale,dlydm1intseq,0,1.0,10,0.1,0.6122693552694138,0.6086383086812951,1.0059658528494304,1.0066996984835246,173854.0,0.6095294952392578,173854.0,0.9000015258789062
lowsp_dlydm1intseq_netseed0_snp_rescale_p10_pruneseed2,snp_rescale,simulation_noise_prune_rescale,dlydm1intseq,0,2.0,10,0.1,0.6419104189869543,0.6086383086812951,1.0546664740472025,1.0613908694225762,174058.0,0.5823477506637573,174058.0,0.9000015258789062
lowsp_dlydm1intseq_netseed0_snp_rescale_p20_pruneseed0,snp_rescale,simulation_noise_prune_rescale,dlydm1intseq,0,0.0,20,0.2,0.6197300976311899,0.6086383086812951,1.0182239415292915,1.0204656260402558,164240.0,0.5784828066825867,164240.0,0.7999992370605469
lowsp_dlydm1intseq_netseed0_snp_rescale_p20_pruneseed1,snp_rescale,simulation_noise_prune_rescale,dlydm1intseq,0,1.0,20,0.2,0.612301920709666,0.6086383086812951,1.0060193582561516,1.0067597854654398,164403.0,0.7395646572113037,164403.0,0.7999992370605469
lowsp_dlydm1intseq_netseed0_snp_rescale_p20_pruneseed2,snp_rescale,simulation_noise_prune_rescale,dlydm1intseq,0,2.0,20,0.2,0.6390837387730645,0.6086383086812951,1.0500222047437893,1.0561753193923522,164422.0,0.7784497737884521,164422.0,0.7999992370605469
lowsp_dlydm1intseq_netseed0_snp_rescale_p30_pruneseed0,snp_rescale,simulation_noise_prune_rescale,dlydm1intseq,0,0.0,30,0.3,0.6246702749174466,0.6086383086812951,1.0263407117289203,1.0295808211967645,152605.0,0.6734556555747986,152605.0,0.7000007629394531
lowsp_dlydm1intseq_netseed0_snp_rescale_p30_pruneseed1,snp_rescale,simulation_noise_prune_rescale,dlydm1intseq,0,1.0,30,0.3,0.5952246038414193,0.6086383086812951,0.9779611229714762,0.9752501721492031,152825.0,0.6780990362167358,152825.0,0.7000007629394531
lowsp_dlydm1intseq_netseed0_snp_rescale_p30_pruneseed2,snp_rescale,simulation_noise_prune_rescale,dlydm1intseq,0,2.0,30,0.3,0.6400053407322014,0.6086383086812951,1.0515364077540035,1.0578757809805475,152774.0,0.8639679551124573,152774.0,0.7000007629394531
lowsp_dlydm1intseq_netseed0_snp_rescale_p40_pruneseed0,snp_rescale,simulation_noise_prune_rescale,dlydm1intseq,0,0.0,40,0.4,0.6312973420087666,0.6086383086812951,1.0372290619967148,1.041808522016471,138734.0,0.7235292792320251,138734.0,0.5999984741210938
lowsp_dlydm1intseq_netseed0_snp_rescale_p40_pruneseed1,snp_rescale,simulation_noise_prune_rescale,dlydm1intseq,0,1.0,40,0.4,0.5889329607846968,0.6086383086812951,0.9676238783929115,0.9636413672432211,138359.0,0.9596172571182252,138359.0,0.5999984741210938
lowsp_dlydm1intseq_netseed0_snp_rescale_p40_pruneseed2,snp_rescale,simulation_noise_prune_rescale,dlydm1intseq,0,2.0,40,0.4,0.6427180419052085,0.6086383086812951,1.055993408133892,1.0628810265740687,138649.0,0.921355664730072,138649.0,0.5999984741210938
lowsp_dlydm1intseq_netseed0_snp_rescale_p50_pruneseed0,snp_rescale,simulation_noise_prune_rescale,dlydm1intseq,0,0.0,50,0.5,0.6365989956818227,0.6086383086812951,1.0459397422109504,1.0515906826722363,121599.0,0.8638927936553955,121599.0,0.5
lowsp_dlydm1intseq_netseed0_snp_rescale_p50_pruneseed1,snp_rescale,simulation_noise_prune_rescale,dlydm1intseq,0,1.0,50,0.5,0.5880504373538625,0.6086383086812951,0.9661738818707629,0.9620130100333241,121124.0,0.91653573513031,121124.0,0.5
lowsp_dlydm1intseq_netseed0_snp_rescale_p50_pruneseed2,snp_rescale,simulation_noise_prune_rescale,dlydm1intseq,0,2.0,50,0.5,0.6384161472478946,0.6086383086812951,1.0489253439060016,1.0549435362630943,121613.0,0.8556660413742065,121613.0,0.5
lowsp_dlydm1intseq_netseed0_snp_rescale_p60_pruneseed0,snp_rescale,simulation_noise_prune_rescale,dlydm1intseq,0,0.0,60,0.6,0.5798699987625132,0.6086383086812951,0.95273332370236,0.946919160176271,101238.0,1.0326378345489502,101238.0,0.4000015258789062
lowsp_dlydm1intseq_netseed0_snp_rescale_p60_pruneseed1,snp_rescale,simulation_noise_prune_rescale,dlydm1intseq,0,1.0,60,0.6,0.5348287383497138,0.6086383086812951,0.878729995666062,0.8638128554896067,100418.0,0.9574726819992064,100418.0,0.4000015258789062
lowsp_dlydm1intseq_netseed0_snp_rescale_p60_pruneseed2,snp_rescale,simulation_noise_prune_rescale,dlydm1intseq,0,2.0,60,0.6,0.5808209096178771,0.6086383086812951,0.9542956815786235,0.9486737000481897,101124.0,1.1635414361953735,101124.0,0.4000015258789062
lowsp_dlydm1intseq_netseed0_snp_rescale_p70_pruneseed0,snp_rescale,simulation_noise_prune_rescale,dlydm1intseq,0,0.0,70,0.7,0.4312087640112806,0.6086383086812951,0.7084811420194009,0.6726220877342038,77565.0,1.2682206630706787,77565.0,0.2999992370605469
lowsp_dlydm1intseq_netseed0_snp_rescale_p70_pruneseed1,snp_rescale,simulation_noise_prune_rescale,dlydm1intseq,0,1.0,70,0.7,0.3949569159225463,0.6086383086812951,0.648918923257195,0.6057332594664034,77222.0,1.3245080709457395,77222.0,0.2999992370605469
lowsp_dlydm1intseq_netseed0_snp_rescale_p70_pruneseed2,snp_rescale,simulation_noise_prune_rescale,dlydm1intseq,0,2.0,70,0.7,0.3778372639819717,0.6086383086812951,0.6207911309437817,0.5741455330736773,77773.0,1.3986239433288574,77773.0,0.2999992370605469
lowsp_dlydm1intseq_netseed0_snp_rescale_p80_pruneseed0,snp_rescale,simulation_noise_prune_rescale,dlydm1intseq,0,0.0,80,0.8,0.1828126119437008,0.6086383086812951,0.30036330171163783,0.21430262447919593,52253.0,1.8939818143844604,52253.0,0.2000007629394531
lowsp_dlydm1intseq_netseed0_snp_rescale_p80_pruneseed1,snp_rescale,simulation_noise_prune_rescale,dlydm1intseq,0,1.0,80,0.8,0.1752378905410422,0.6086383086812951,0.28791794410825206,0.2003263924857623,52036.0,1.988784670829773,52036.0,0.2000007629394531
lowsp_dlydm1intseq_netseed0_snp_rescale_p80_pruneseed2,snp_rescale,simulation_noise_prune_rescale,dlydm1intseq,0,2.0,80,0.8,0.1489119886411744,0.6086383086812951,0.24466417331471335,0.15175207630565996,52340.0,2.043260097503662,52340.0,0.2000007629394531
lowsp_dlydm1intseq_netseed1_random_p10_pruneseed0,random,random_unstructured,dlydm1intseq,1,0.0,10,0.1,0.1560666158645798,0.7602792812156027,0.20527537672083668,0.1288903161832645,235472.0,0.518808126449585,,
lowsp_dlydm1intseq_netseed1_random_p10_pruneseed1,random,random_unstructured,dlydm1intseq,1,1.0,10,0.1,0.1730234406038935,0.7602792812156027,0.22757879226597902,0.15333742741456888,235464.0,0.4433218836784363,,
lowsp_dlydm1intseq_netseed1_random_p10_pruneseed2,random,random_unstructured,dlydm1intseq,1,2.0,10,0.1,0.1796016595348352,0.7602792812156027,0.23623116395816016,0.16282142293737176,235468.0,0.354389488697052,,
lowsp_dlydm1intseq_netseed1_random_p20_pruneseed0,random,random_unstructured,dlydm1intseq,1,0.0,20,0.2,0.0520753955072718,0.7602792812156027,0.06849508699488559,-0.02103662888092618,209302.0,0.3484835028648376,,
lowsp_dlydm1intseq_netseed1_random_p20_pruneseed1,random,random_unstructured,dlydm1intseq,1,1.0,20,0.2,0.0528732487934504,0.7602792812156027,0.06954450831398681,-0.019886342295239653,209305.0,0.4449090361595154,,
lowsp_dlydm1intseq_netseed1_random_p20_pruneseed2,random,random_unstructured,dlydm1intseq,1,2.0,20,0.2,0.0536255104632759,0.7602792812156027,0.0705339627005679,-0.018801786371592414,209312.0,0.2983934581279754,,
lowsp_dlydm1intseq_netseed1_random_p30_pruneseed0,random,random_unstructured,dlydm1intseq,1,0.0,30,0.3,0.0290939643213036,0.7602792812156027,0.03826746965244872,-0.05416957759598563,183150.0,0.1848570853471756,,
lowsp_dlydm1intseq_netseed1_random_p30_pruneseed1,random,random_unstructured,dlydm1intseq,1,1.0,30,0.3,0.0234959651419527,0.7602792812156027,0.030904387009449006,-0.062240363884945124,183143.0,0.3426417708396911,,
lowsp_dlydm1intseq_netseed1_random_p30_pruneseed2,random,random_unstructured,dlydm1intseq,1,2.0,30,0.3,0.0282700586829233,0.7602792812156027,0.03718378151476467,-0.05535742455998022,183150.0,0.171340063214302,,
lowsp_dlydm1intseq_netseed1_random_p40_pruneseed0,random,random_unstructured,dlydm1intseq,1,0.0,40,0.4,0.0328031679660277,0.7602792812156027,0.043146207948188534,-0.04882191873436553,156984.0,0.2048855125904083,,
lowsp_dlydm1intseq_netseed1_random_p40_pruneseed1,random,random_unstructured,dlydm1intseq,1,1.0,40,0.4,0.0229912008180438,0.7602792812156027,0.030240467399405394,-0.06296809621466515,156972.0,0.4573844671249389,,
lowsp_dlydm1intseq_netseed1_random_p40_pruneseed2,random,random_unstructured,dlydm1intseq,1,2.0,40,0.4,0.0286413047017982,0.7602792812156027,0.037672083679570895,-0.05482218916908941,156984.0,0.1324849724769592,,
lowsp_dlydm1intseq_netseed1_magnitude_p10_pruneseed0,magnitude,l1_unstructured,dlydm1intseq,1,0.0,10,0.1,0.7607970717156125,0.7602792812156027,1.000681053019335,1.0007465125188741,235930.0,0.5524328351020813,,
lowsp_dlydm1intseq_netseed1_magnitude_p20_pruneseed0,magnitude,l1_unstructured,dlydm1intseq,1,0.0,20,0.2,0.7562867582406847,0.7602792812156027,0.9947486100521713,0.9942438720242791,209715.0,0.5487666130065918,,
lowsp_dlydm1intseq_netseed1_magnitude_p30_pruneseed0,magnitude,l1_unstructured,dlydm1intseq,1,0.0,30,0.3,0.7283195581521067,0.7602792812156027,0.9579631803034327,0.9539228059105012,183501.0,0.5690966844558716,,
lowsp_dlydm1intseq_netseed1_magnitude_p40_pruneseed0,magnitude,l1_unstructured,dlydm1intseq,1,0.0,40,0.4,0.6267414369174857,0.7602792812156027,0.8243568546487223,0.8074748908871011,157286.0,0.5918408036231995,,
lowsp_dlydm1intseq_netseed1_obs_p10_pruneseed0,obs,obs_compensated,dlydm1intseq,1,0.0,10,0.1,0.7604258256967376,0.7602792812156027,1.0001927508545287,1.0002112771279832,235930.0,0.5550025701522827,,
lowsp_dlydm1intseq_netseed1_obs_p20_pruneseed0,obs,obs_compensated,dlydm1intseq,1,0.0,20,0.2,0.7600513231338375,0.7602792812156027,0.9997001653373998,0.999671346689804,209715.0,0.5576183199882507,,
lowsp_dlydm1intseq_netseed1_obs_p30_pruneseed0,obs,obs_compensated,dlydm1intseq,1,0.0,30,0.3,0.75554752274696,0.7602792812156027,0.9937762890748816,0.9931780962897858,183501.0,0.5545429587364197,,
lowsp_dlydm1intseq_netseed1_obs_p40_pruneseed0,obs,obs_compensated,dlydm1intseq,1,0.0,40,0.4,0.7372685411334076,0.7602792812156027,0.9697338324866573,0.9668247958593439,157286.0,0.5741565823554993,,
lowsp_dlydm1intseq_netseed1_lnp_mask_p10_pruneseed0,lnp_mask,vanilla_mask_only,dlydm1intseq,1,0.0,10,0.1,0.7612627575112187,0.7602792812156027,1.0012935724015042,1.001417904281132,235469.0,0.5540215373039246,,
lowsp_dlydm1intseq_netseed1_lnp_mask_p20_pruneseed0,lnp_mask,vanilla_mask_only,dlydm1intseq,1,0.0,20,0.2,0.7609468727407726,0.7602792812156027,1.0008780872261867,1.0009624846941458,209306.0,0.5547839403152466,,
lowsp_dlydm1intseq_netseed1_lnp_mask_p30_pruneseed0,lnp_mask,vanilla_mask_only,dlydm1intseq,1,0.0,30,0.3,0.7415802054227971,0.7602792812156027,0.9754049909621266,0.9730410384693395,183142.0,0.5551515221595764,,
lowsp_dlydm1intseq_netseed1_lnp_mask_p40_pruneseed0,lnp_mask,vanilla_mask_only,dlydm1intseq,1,0.0,40,0.4,0.6537251607104476,0.7602792812156027,0.8598487119959565,0.846378052719747,156979.0,0.5885205864906311,,
lowsp_dlydm1intseq_netseed1_lnp_rescale_p10_pruneseed0,lnp_rescale,noise_prune,dlydm1intseq,1,0.0,10,0.1,0.7642783172785713,0.7602792812156027,1.0052599566524745,1.005765518070298,172124.0,0.5399845838546753,172124.0,0.9000015258789062
lowsp_dlydm1intseq_netseed1_lnp_rescale_p10_pruneseed1,lnp_rescale,noise_prune,dlydm1intseq,1,1.0,10,0.1,0.7518643714544377,0.7602792812156027,0.9889318175977247,0.987867997806474,172258.0,0.5907930135726929,172258.0,0.9000015258789062
lowsp_dlydm1intseq_netseed1_lnp_rescale_p10_pruneseed2,lnp_rescale,noise_prune,dlydm1intseq,1,2.0,10,0.1,0.7419514514416721,0.7602792812156027,0.975893293126933,0.9735762738602304,171878.0,0.5444727540016174,171878.0,0.9000015258789062
lowsp_dlydm1intseq_netseed1_lnp_rescale_p20_pruneseed0,lnp_rescale,noise_prune,dlydm1intseq,1,0.0,20,0.2,0.7672417723415202,0.7602792812156027,1.0091578072662788,1.0100380111028477,162283.0,0.5296382308006287,162283.0,0.7999992370605469
lowsp_dlydm1intseq_netseed1_lnp_rescale_p20_pruneseed1,lnp_rescale,noise_prune,dlydm1intseq,1,1.0,20,0.2,0.7515843086682689,0.7602792812156027,0.9885634492979586,0.9874642237396615,162443.0,0.5953194499015808,162443.0,0.7999992370605469
lowsp_dlydm1intseq_netseed1_lnp_rescale_p20_pruneseed2,lnp_rescale,noise_prune,dlydm1intseq,1,2.0,20,0.2,0.7282576838156275,0.7602792812156027,0.9578817966092983,0.9538336000120193,162203.0,0.5628541707992554,162203.0,0.7999992370605469
lowsp_dlydm1intseq_netseed1_lnp_rescale_p30_pruneseed0,lnp_rescale,noise_prune,dlydm1intseq,1,0.0,30,0.3,0.7608394067879404,0.7602792812156027,1.0007367365995323,1.000807548133625,150392.0,0.5429730415344238,150392.0,0.7000007629394531
lowsp_dlydm1intseq_netseed1_lnp_rescale_p30_pruneseed1,lnp_rescale,noise_prune,dlydm1intseq,1,1.0,30,0.3,0.7484515133160086,0.7602792812156027,0.9844428643633655,0.9829475882481089,150518.0,0.5843684673309326,150518.0,0.7000007629394531
lowsp_dlydm1intseq_netseed1_lnp_rescale_p30_pruneseed2,lnp_rescale,noise_prune,dlydm1intseq,1,2.0,30,0.3,0.7194454756833858,0.7602792812156027,0.9462910452236339,0.9411288020492943,150279.0,0.5148686766624451,150279.0,0.7000007629394531
lowsp_dlydm1intseq_netseed1_lnp_rescale_p40_pruneseed0,lnp_rescale,noise_prune,dlydm1intseq,1,0.0,40,0.4,0.753492643467047,0.7602792812156027,0.9910734937591557,0.9902155214507321,135945.0,0.5759947896003723,135945.0,0.5999984741210938
lowsp_dlydm1intseq_netseed1_lnp_rescale_p40_pruneseed1,lnp_rescale,noise_prune,dlydm1intseq,1,1.0,40,0.4,0.7339631489478107,0.7602792812156027,0.9653862298789525,0.9620593228615,135964.0,0.5198657512664795,135964.0,0.5999984741210938
lowsp_dlydm1intseq_netseed1_lnp_rescale_p40_pruneseed2,lnp_rescale,noise_prune,dlydm1intseq,1,2.0,40,0.4,0.7063509121579815,0.7602792812156027,0.9290676855334059,0.9222500169021703,135713.0,0.4225392639636993,135713.0,0.5999984741210938
lowsp_dlydm1intseq_netseed1_snp_mask_p10_pruneseed0,snp_mask,simulation_noise_prune_mask_only,dlydm1intseq,1,0.0,10,0.1,0.7643564743351765,0.7602792812156027,1.005362757108223,1.0058781992052224,235469.0,0.5561703443527222,,
lowsp_dlydm1intseq_netseed1_snp_mask_p10_pruneseed1,snp_mask,simulation_noise_prune_mask_only,dlydm1intseq,1,1.0,10,0.1,0.7644118355836053,0.7602792812156027,1.005435574097712,1.0059580150091272,235469.0,0.5565698742866516,,
lowsp_dlydm1intseq_netseed1_snp_mask_p10_pruneseed2,snp_mask,simulation_noise_prune_mask_only,dlydm1intseq,1,2.0,10,0.1,0.7643076261747983,0.7602792812156027,1.0052985068233804,1.0058077734958948,235469.0,0.5561742186546326,,
lowsp_dlydm1intseq_netseed1_snp_mask_p20_pruneseed0,snp_mask,simulation_noise_prune_mask_only,dlydm1intseq,1,0.0,20,0.2,0.7672352592534698,0.7602792812156027,1.0091492405616331,1.0100286210082707,209306.0,0.553194522857666,,
lowsp_dlydm1intseq_netseed1_snp_mask_p20_pruneseed1,snp_mask,simulation_noise_prune_mask_only,dlydm1intseq,1,1.0,20,0.2,0.7669714791874271,0.7602792812156027,1.0088022890234813,1.0096483221779011,209306.0,0.5532944798469543,,
lowsp_dlydm1intseq_netseed1_snp_mask_p20_pruneseed2,snp_mask,simulation_noise_prune_mask_only,dlydm1intseq,1,2.0,20,0.2,0.767013814259755,0.7602792812156027,1.0088579726036786,1.0097093577926517,209306.0,0.5541795492172241,,
lowsp_dlydm1intseq_netseed1_snp_mask_p30_pruneseed0,snp_mask,simulation_noise_prune_mask_only,dlydm1intseq,1,0.0,30,0.3,0.755368412825573,0.7602792812156027,0.9935407046971242,0.9929198686889175,183142.0,0.58475261926651,,
lowsp_dlydm1intseq_netseed1_snp_mask_p30_pruneseed1,snp_mask,simulation_noise_prune_mask_only,dlydm1intseq,1,1.0,30,0.3,0.7548278265173867,0.7602792812156027,0.9928296682115291,0.9921404908390238,183142.0,0.5842624306678772,,
lowsp_dlydm1intseq_netseed1_snp_mask_p30_pruneseed2,snp_mask,simulation_noise_prune_mask_only,dlydm1intseq,1,2.0,30,0.3,0.7551697636400346,0.7602792812156027,0.9932794202054296,0.992633470804318,183142.0,0.5832056999206543,,
lowsp_dlydm1intseq_netseed1_snp_mask_p40_pruneseed0,snp_mask,simulation_noise_prune_mask_only,dlydm1intseq,1,0.0,40,0.4,0.7250499879507871,0.7602792812156027,0.9536626945712793,0.9492089784328308,156979.0,0.6342434883117676,,
lowsp_dlydm1intseq_netseed1_snp_mask_p40_pruneseed1,snp_mask,simulation_noise_prune_mask_only,dlydm1intseq,1,1.0,40,0.4,0.7251118622872662,0.7602792812156027,0.9537440782654136,0.9492981843313125,156979.0,0.6335471868515015,,
lowsp_dlydm1intseq_netseed1_snp_mask_p40_pruneseed2,snp_mask,simulation_noise_prune_mask_only,dlydm1intseq,1,2.0,40,0.4,0.7246396634036095,0.7602792812156027,0.9531229921785986,0.9486174024744777,156979.0,0.6370049118995667,,
lowsp_dlydm1intseq_netseed1_snp_rescale_p10_pruneseed0,snp_rescale,simulation_noise_prune_rescale,dlydm1intseq,1,0.0,10,0.1,0.7484417436839329,0.7602792812156027,0.9844300143063969,0.9829335031062434,170705.0,0.5252059102058411,170705.0,0.9000015258789062
lowsp_dlydm1intseq_netseed1_snp_rescale_p10_pruneseed1,snp_rescale,simulation_noise_prune_rescale,dlydm1intseq,1,1.0,10,0.1,0.7587617316998508,0.7602792812156027,0.9980039578175464,0.9978121079635515,170439.0,0.5638501048088074,170439.0,0.9000015258789062
lowsp_dlydm1intseq_netseed1_snp_rescale_p10_pruneseed2,snp_rescale,simulation_noise_prune_rescale,dlydm1intseq,1,2.0,10,0.1,0.7549027270299667,0.7602792812156027,0.992928185314955,0.9922484769266596,170365.0,0.4358744919300079,170365.0,0.9000015258789062
lowsp_dlydm1intseq_netseed1_snp_rescale_p20_pruneseed0,snp_rescale,simulation_noise_prune_rescale,dlydm1intseq,1,0.0,20,0.2,0.7406423207435341,0.7602792812156027,0.9741713854931423,0.9716888648502467,160874.0,0.5623127222061157,160874.0,0.7999992370605469
lowsp_dlydm1intseq_netseed1_snp_rescale_p20_pruneseed1,snp_rescale,simulation_noise_prune_rescale,dlydm1intseq,1,1.0,20,0.2,0.7568989885174258,0.7602792812156027,0.9955538802888693,0.9951265409145201,160714.0,0.5808812379837036,160714.0,0.7999992370605469
lowsp_dlydm1intseq_netseed1_snp_rescale_p20_pruneseed2,snp_rescale,simulation_noise_prune_rescale,dlydm1intseq,1,2.0,20,0.2,0.7531702456085504,0.7602792812156027,0.9906494418791923,0.989750711769169,160846.0,0.466995507478714,160846.0,0.7999992370605469
lowsp_dlydm1intseq_netseed1_snp_rescale_p30_pruneseed0,snp_rescale,simulation_noise_prune_rescale,dlydm1intseq,1,0.0,30,0.3,0.7377505096491399,0.7602792812156027,0.9703677686304409,0.9675196628580442,149169.0,0.5015934705734253,149169.0,0.7000007629394531
lowsp_dlydm1intseq_netseed1_snp_rescale_p30_pruneseed1,snp_rescale,simulation_noise_prune_rescale,dlydm1intseq,1,1.0,30,0.3,0.7595205064577268,0.7602792812156027,0.9990019789087733,0.9989060539817758,149070.0,0.692039430141449,149070.0,0.7000007629394531
lowsp_dlydm1intseq_netseed1_snp_rescale_p30_pruneseed2,snp_rescale,simulation_noise_prune_rescale,dlydm1intseq,1,2.0,30,0.3,0.7445957651901496,0.7602792812156027,0.9793713752130968,0.9773886522585056,149028.0,0.5960858464241028,149028.0,0.7000007629394531
lowsp_dlydm1intseq_netseed1_snp_rescale_p40_pruneseed0,snp_rescale,simulation_noise_prune_rescale,dlydm1intseq,1,0.0,40,0.4,0.7279190032370048,0.7602792812156027,0.9574363279677207,0.9533453150940137,135027.0,0.4944397807121277,135027.0,0.5999984741210938
lowsp_dlydm1intseq_netseed1_snp_rescale_p40_pruneseed1,snp_rescale,simulation_noise_prune_rescale,dlydm1intseq,1,1.0,40,0.4,0.7450712206178315,0.7602792812156027,0.9799967446522346,0.9780741291626289,135083.0,0.7559851408004761,135083.0,0.5999984741210938
lowsp_dlydm1intseq_netseed1_snp_rescale_p40_pruneseed2,snp_rescale,simulation_noise_prune_rescale,dlydm1intseq,1,2.0,40,0.4,0.7361287507245811,0.7602792812156027,0.9682346591736557,0.9651815293083632,135210.0,0.6181857585906982,135210.0,0.5999984741210938
lowsp_dlydm1intseq_netseed1_snp_rescale_p50_pruneseed0,snp_rescale,simulation_noise_prune_rescale,dlydm1intseq,1,0.0,50,0.5,0.6974507773370588,0.7602792812156027,0.9173612836350242,0.9094184526626553,118312.0,0.6757538914680481,118312.0,0.5
lowsp_dlydm1intseq_netseed1_snp_rescale_p50_pruneseed1,snp_rescale,simulation_noise_prune_rescale,dlydm1intseq,1,1.0,50,0.5,0.734728436793737,0.7602792812156027,0.966392817674825,0.9631626589743012,118203.0,0.6833130121231079,118203.0,0.5
lowsp_dlydm1intseq_netseed1_snp_rescale_p50_pruneseed2,snp_rescale,simulation_noise_prune_rescale,dlydm1intseq,1,2.0,50,0.5,0.7106300110071188,0.7602792812156027,0.9346960104856464,0.9284193090392806,118321.0,0.6602914333343506,118321.0,0.5
lowsp_dlydm1intseq_netseed1_snp_rescale_p60_pruneseed0,snp_rescale,simulation_noise_prune_rescale,dlydm1intseq,1,0.0,60,0.6,0.6558516839589155,0.7602792812156027,0.8626457410627855,0.8494439185991483,98455.0,1.0010530948638916,98455.0,0.4000015258789062
lowsp_dlydm1intseq_netseed1_snp_rescale_p60_pruneseed1,snp_rescale,simulation_noise_prune_rescale,dlydm1intseq,1,1.0,60,0.6,0.6387287754743156,0.7602792812156027,0.8401238745491771,0.8247573599561294,98392.0,0.8941302299499512,98392.0,0.4000015258789062
lowsp_dlydm1intseq_netseed1_snp_rescale_p60_pruneseed2,snp_rescale,simulation_noise_prune_rescale,dlydm1intseq,1,2.0,60,0.6,0.6073943088636615,0.7602792812156027,0.7989094584985994,0.7795816149460257,98509.0,0.9203830361366272,98509.0,0.4000015258789062
lowsp_dlydm1intseq_netseed1_snp_rescale_p70_pruneseed0,snp_rescale,simulation_noise_prune_rescale,dlydm1intseq,1,0.0,70,0.7,0.4460065000618743,0.7602792812156027,0.5866350840822061,0.5469044614217354,75966.0,1.256672739982605,75966.0,0.2999992370605469
lowsp_dlydm1intseq_netseed1_snp_rescale_p70_pruneseed1,snp_rescale,simulation_noise_prune_rescale,dlydm1intseq,1,1.0,70,0.7,0.4127702117404925,0.7602792812156027,0.5429191902750768,0.4989868087951382,75878.0,1.3759783506393433,75878.0,0.2999992370605469
lowsp_dlydm1intseq_netseed1_snp_rescale_p70_pruneseed2,snp_rescale,simulation_noise_prune_rescale,dlydm1intseq,1,2.0,70,0.7,0.4145547978663123,0.7602792812156027,0.5452664673480051,0.501559694709245,76268.0,1.2596535682678225,76268.0,0.2999992370605469
lowsp_dlydm1intseq_netseed1_snp_rescale_p80_pruneseed0,snp_rescale,simulation_noise_prune_rescale,dlydm1intseq,1,0.0,80,0.8,0.18510847548148,0.7602792812156027,0.24347431273611975,0.17076074790225282,51632.0,2.016115427017212,51632.0,0.2000007629394531
lowsp_dlydm1intseq_netseed1_snp_rescale_p80_pruneseed1,snp_rescale,simulation_noise_prune_rescale,dlydm1intseq,1,1.0,80,0.8,0.1460592560750828,0.7602792812156027,0.1921126350326819,0.11446243586565392,51769.0,2.012758731842041,51769.0,0.2000007629394531
lowsp_dlydm1intseq_netseed1_snp_rescale_p80_pruneseed2,snp_rescale,simulation_noise_prune_rescale,dlydm1intseq,1,2.0,80,0.8,0.1564052964432026,0.7602792812156027,0.20572084536241445,0.12937860110127028,51948.0,2.0897483825683594,51948.0,0.2000007629394531
lowsp_dlydm1intseq_netseed2_random_p10_pruneseed0,random,random_unstructured,dlydm1intseq,2,0.0,10,0.1,0.1916150504438669,0.7085979275353823,0.2704143534688775,0.1946444913869898,235472.0,0.3769490420818329,,
lowsp_dlydm1intseq_netseed2_random_p10_pruneseed1,random,random_unstructured,dlydm1intseq,2,1.0,10,0.1,0.1891758989689781,0.7085979275353823,0.26697213132835756,0.19084478318834572,235471.0,0.7799136638641357,,
lowsp_dlydm1intseq_netseed2_random_p10_pruneseed2,random,random_unstructured,dlydm1intseq,2,2.0,10,0.1,0.1929372073181057,0.7085979275353823,0.2722802308908416,0.1967041462984044,235469.0,0.5013848543167114,,
lowsp_dlydm1intseq_netseed2_random_p20_pruneseed0,random,random_unstructured,dlydm1intseq,2,0.0,20,0.2,0.0664465242905618,0.7085979275353823,0.09377182984668543,-0.00034293761579229967,209302.0,0.409405916929245,,
lowsp_dlydm1intseq_netseed2_random_p20_pruneseed1,random,random_unstructured,dlydm1intseq,2,1.0,20,0.2,0.0671564508880595,0.7085979275353823,0.09477370491562181,0.0007629854647209583,209306.0,0.6387602090835571,,
lowsp_dlydm1intseq_netseed2_random_p20_pruneseed2,random,random_unstructured,dlydm1intseq,2,2.0,20,0.2,0.0658798856301738,0.7085979275353823,0.09297216809441519,-0.0012256468635413174,209305.0,0.3665662407875061,,
lowsp_dlydm1intseq_netseed2_random_p30_pruneseed0,random,random_unstructured,dlydm1intseq,2,0.0,30,0.3,0.0362420784566586,0.7085979275353823,0.05114618184492069,-0.047395398954141826,183150.0,0.3878659605979919,,
lowsp_dlydm1intseq_netseed2_random_p30_pruneseed1,random,random_unstructured,dlydm1intseq,2,1.0,30,0.3,0.0354051466421774,0.7085979275353823,0.04996507224530306,-0.04869917065915053,183132.0,0.2985308468341827,,
lowsp_dlydm1intseq_netseed2_random_p30_pruneseed2,random,random_unstructured,dlydm1intseq,2,2.0,30,0.3,0.0341937122647961,0.7085979275353823,0.04825545056803558,-0.05058634215433817,183147.0,0.3258959650993347,,
lowsp_dlydm1intseq_netseed2_random_p40_pruneseed0,random,random_unstructured,dlydm1intseq,2,0.0,40,0.4,0.0394334916013729,0.7085979275353823,0.05565002389793734,-0.04242381813348603,156984.0,0.2819351851940155,,
lowsp_dlydm1intseq_netseed2_random_p40_pruneseed1,random,random_unstructured,dlydm1intseq,2,1.0,40,0.4,0.0364537538182978,0.7085979275353823,0.051444906062722805,-0.04706565124664936,156967.0,0.2592260539531708,,
lowsp_dlydm1intseq_netseed2_random_p40_pruneseed2,random,random_unstructured,dlydm1intseq,2,2.0,40,0.4,0.0266938913747174,0.7085979275353823,0.03767142174344632,-0.06226955708287944,156981.0,0.3397168517112732,,
lowsp_dlydm1intseq_netseed2_magnitude_p10_pruneseed0,magnitude,l1_unstructured,dlydm1intseq,2,0.0,10,0.1,0.70722366595674,0.7085979275353823,0.9980605904628846,0.9978591764221257,235930.0,0.7852343320846558,,
lowsp_dlydm1intseq_netseed2_magnitude_p20_pruneseed0,magnitude,l1_unstructured,dlydm1intseq,2,0.0,20,0.2,0.7025537818245765,0.7085979275353823,0.9914702746424502,0.9905844346906765,209715.0,0.7645096778869629,,
lowsp_dlydm1intseq_netseed2_magnitude_p30_pruneseed0,magnitude,l1_unstructured,dlydm1intseq,2,0.0,30,0.3,0.6737529064655425,0.7085979275353823,0.9508253979925734,0.9457184543050847,183501.0,0.7628917098045349,,
lowsp_dlydm1intseq_netseed2_magnitude_p40_pruneseed0,magnitude,l1_unstructured,dlydm1intseq,2,0.0,40,0.4,0.588444479180914,0.7085979275353823,0.8304349424611199,0.8128250551439627,157286.0,0.7667084336280823,,
lowsp_dlydm1intseq_netseed2_obs_p10_pruneseed0,obs,obs_compensated,dlydm1intseq,2,0.0,10,0.1,0.708474178862424,0.7085979275353823,0.9998253612265158,0.9998072244171583,235930.0,0.7829014658927917,,
lowsp_dlydm1intseq_netseed2_obs_p20_pruneseed0,obs,obs_compensated,dlydm1intseq,2,0.0,20,0.2,0.7078749747617838,0.7085979275353823,0.9989797419022759,0.998873784752872,209715.0,0.7853221893310547,,
lowsp_dlydm1intseq_netseed2_obs_p30_pruneseed0,obs,obs_compensated,dlydm1intseq,2,0.0,30,0.3,0.7020718133088442,0.7085979275353823,0.9907901025773007,0.9898336245259244,183501.0,0.7796030640602112,,
lowsp_dlydm1intseq_netseed2_obs_p40_pruneseed0,obs,obs_compensated,dlydm1intseq,2,0.0,40,0.4,0.6815262770537395,0.7085979275353823,0.9617954704217067,0.9578278047325391,157286.0,0.7835809588432312,,
lowsp_dlydm1intseq_netseed2_lnp_mask_p10_pruneseed0,lnp_mask,vanilla_mask_only,dlydm1intseq,2,0.0,10,0.1,0.7083015820290874,0.7085979275353823,0.9995817860950771,0.9995383532095106,235469.0,0.7804023623466492,,
lowsp_dlydm1intseq_netseed2_lnp_mask_p20_pruneseed0,lnp_mask,vanilla_mask_only,dlydm1intseq,2,0.0,20,0.2,0.7064420953906876,0.7085979275353823,0.9969576087356153,0.9966416464252306,209306.0,0.7647005915641785,,
lowsp_dlydm1intseq_netseed2_lnp_mask_p30_pruneseed0,lnp_mask,vanilla_mask_only,dlydm1intseq,2,0.0,30,0.3,0.6829917218650879,0.7085979275353823,0.9638635611603369,0.960110673476718,183142.0,0.7485513091087341,,
lowsp_dlydm1intseq_netseed2_lnp_mask_p40_pruneseed0,lnp_mask,vanilla_mask_only,dlydm1intseq,2,0.0,40,0.4,0.6044894715931665,0.7085979275353823,0.853078238170521,0.8378199313718926,156979.0,0.7516643404960632,,
lowsp_dlydm1intseq_netseed2_lnp_rescale_p10_pruneseed0,lnp_rescale,noise_prune,dlydm1intseq,2,0.0,10,0.1,0.6934094062017624,0.7085979275353823,0.9785653884333982,0.9763393337270013,169112.0,0.7072053551673889,169112.0,0.9000015258789062
lowsp_dlydm1intseq_netseed2_lnp_rescale_p10_pruneseed1,lnp_rescale,noise_prune,dlydm1intseq,2,1.0,10,0.1,0.6900551658557872,0.7085979275353823,0.9738317585205338,0.9711141008236591,168903.0,0.8091266751289368,168903.0,0.9000015258789062
lowsp_dlydm1intseq_netseed2_lnp_rescale_p10_pruneseed2,lnp_rescale,noise_prune,dlydm1intseq,2,2.0,10,0.1,0.7013097820069429,0.7085979275353823,0.989714695393213,0.9886465327789514,168751.0,0.7847354412078857,168751.0,0.9000015258789062
lowsp_dlydm1intseq_netseed2_lnp_rescale_p20_pruneseed0,lnp_rescale,noise_prune,dlydm1intseq,2,0.0,20,0.2,0.6884789985475813,0.7085979275353823,0.9716074120372072,0.9686587486632535,158996.0,0.7445883750915527,158996.0,0.7999992370605469
lowsp_dlydm1intseq_netseed2_lnp_rescale_p20_pruneseed1,lnp_rescale,noise_prune,dlydm1intseq,2,1.0,20,0.2,0.6773155656291318,0.7085979275353823,0.955853156366043,0.9512683618742658,158969.0,0.8137916922569275,158969.0,0.7999992370605469
lowsp_dlydm1intseq_netseed2_lnp_rescale_p20_pruneseed2,lnp_rescale,noise_prune,dlydm1intseq,2,2.0,20,0.2,0.7018861902994067,0.7085979275353823,0.9905281444170743,0.9895444611516617,158808.0,0.7791749835014343,158808.0,0.7999992370605469
lowsp_dlydm1intseq_netseed2_lnp_rescale_p30_pruneseed0,lnp_rescale,noise_prune,dlydm1intseq,2,0.0,30,0.3,0.6663247295440187,0.7085979275353823,0.9403424758263171,0.9341468462929255,146913.0,0.8038351535797119,146913.0,0.7000007629394531
lowsp_dlydm1intseq_netseed2_lnp_rescale_p30_pruneseed1,lnp_rescale,noise_prune,dlydm1intseq,2,1.0,30,0.3,0.6785497958146897,0.7085979275353823,0.9575949483436892,0.9531910446610297,146881.0,0.8266735076904297,146881.0,0.7000007629394531
lowsp_dlydm1intseq_netseed2_lnp_rescale_p30_pruneseed2,lnp_rescale,noise_prune,dlydm1intseq,2,2.0,30,0.3,0.7102555084442187,0.7085979275353823,1.0023392404132505,1.002582178201749,146713.0,0.7633782625198364,146713.0,0.7000007629394531
lowsp_dlydm1intseq_netseed2_lnp_rescale_p40_pruneseed0,lnp_rescale,noise_prune,dlydm1intseq,2,0.0,40,0.4,0.6313624728892709,0.7085979275353823,0.8910024265598,0.8796826710984759,132427.0,0.823215901851654,132427.0,0.5999984741210938
lowsp_dlydm1intseq_netseed2_lnp_rescale_p40_pruneseed1,lnp_rescale,noise_prune,dlydm1intseq,2,1.0,40,0.4,0.6654617453773357,0.7085979275353823,0.9391246001691238,0.932802490254687,132733.0,0.8102046847343445,132733.0,0.5999984741210938
lowsp_dlydm1intseq_netseed2_lnp_rescale_p40_pruneseed2,lnp_rescale,noise_prune,dlydm1intseq,2,2.0,40,0.4,0.6866227684532067,0.7085979275353823,0.9689878304349425,0.9657671149206272,132376.0,0.7268346548080444,132376.0,0.5999984741210938
lowsp_dlydm1intseq_netseed2_snp_mask_p10_pruneseed0,snp_mask,simulation_noise_prune_mask_only,dlydm1intseq,2,0.0,10,0.1,0.7095846603750237,0.7085979275353823,1.0013925144306777,1.0015371316210804,235469.0,0.7842224836349487,,
lowsp_dlydm1intseq_netseed2_snp_mask_p10_pruneseed1,snp_mask,simulation_noise_prune_mask_only,dlydm1intseq,2,1.0,10,0.1,0.7094446289819392,0.7085979275353823,1.0011948968712086,1.00131899082997,235469.0,0.7837519645690918,,
lowsp_dlydm1intseq_netseed2_snp_mask_p10_pruneseed2,snp_mask,simulation_noise_prune_mask_only,dlydm1intseq,2,2.0,10,0.1,0.7095618645668471,0.7085979275353823,1.001360344130299,1.0015016203295044,235469.0,0.7839280366897583,,
lowsp_dlydm1intseq_netseed2_snp_mask_p20_pruneseed0,snp_mask,simulation_noise_prune_mask_only,dlydm1intseq,2,0.0,20,0.2,0.7093567022932583,0.7085979275353823,1.0010708114268907,1.0011820187053193,209306.0,0.7706177830696106,,
lowsp_dlydm1intseq_netseed2_snp_mask_p20_pruneseed1,snp_mask,simulation_noise_prune_mask_only,dlydm1intseq,2,1.0,20,0.2,0.7093697284693592,0.7085979275353823,1.0010891944556786,1.0012023108719341,209306.0,0.7715276479721069,,
lowsp_dlydm1intseq_netseed2_snp_mask_p20_pruneseed2,snp_mask,simulation_noise_prune_mask_only,dlydm1intseq,2,2.0,20,0.2,0.7093925242775357,0.7085979275353823,1.0011213647560573,1.0012378221635103,209306.0,0.770940363407135,,
lowsp_dlydm1intseq_netseed2_snp_mask_p30_pruneseed0,snp_mask,simulation_noise_prune_mask_only,dlydm1intseq,2,0.0,30,0.3,0.6991637194943239,0.7085979275353823,0.9866860914004192,0.9853033983291432,183142.0,0.7539497017860413,,
lowsp_dlydm1intseq_netseed2_snp_mask_p30_pruneseed1,snp_mask,simulation_noise_prune_mask_only,dlydm1intseq,2,1.0,30,0.3,0.6994307561043918,0.7085979275353823,0.9870629434905696,0.985719387744749,183142.0,0.7545819282531738,,
lowsp_dlydm1intseq_netseed2_snp_mask_p30_pruneseed2,snp_mask,simulation_noise_prune_mask_only,dlydm1intseq,2,2.0,30,0.3,0.6990074053811134,0.7085979275353823,0.9864654950549654,0.9850598923297641,183142.0,0.7564765214920044,,
lowsp_dlydm1intseq_netseed2_snp_mask_p40_pruneseed0,snp_mask,simulation_noise_prune_mask_only,dlydm1intseq,2,0.0,40,0.4,0.668949504028345,0.7085979275353823,0.9440466561270635,0.9382357178658324,156979.0,0.759938657283783,,
lowsp_dlydm1intseq_netseed2_snp_mask_p40_pruneseed1,snp_mask,simulation_noise_prune_mask_only,dlydm1intseq,2,1.0,40,0.4,0.668457765880537,0.7085979275353823,0.9433526967903233,0.937469688576119,156979.0,0.7639457583427429,,
lowsp_dlydm1intseq_netseed2_snp_mask_p40_pruneseed2,snp_mask,simulation_noise_prune_mask_only,dlydm1intseq,2,2.0,40,0.4,0.6687638810189075,0.7085979275353823,0.9437846979668371,0.9379465544915697,156979.0,0.7579771876335144,,
lowsp_dlydm1intseq_netseed2_snp_rescale_p10_pruneseed0,snp_rescale,simulation_noise_prune_rescale,dlydm1intseq,2,0.0,10,0.1,0.686388297283391,0.7085979275353823,0.9686569359167617,0.9654018559215587,172220.0,0.840686559677124,172220.0,0.9000015258789062
lowsp_dlydm1intseq_netseed2_snp_rescale_p10_pruneseed1,snp_rescale,simulation_noise_prune_rescale,dlydm1intseq,2,1.0,10,0.1,0.7019578342679614,0.7085979275353823,0.9906292510754072,0.9896560680680437,172017.0,0.8312416672706604,172017.0,0.9000015258789062
lowsp_dlydm1intseq_netseed2_snp_rescale_p10_pruneseed2,snp_rescale,simulation_noise_prune_rescale,dlydm1intseq,2,2.0,10,0.1,0.6902114799689977,0.7085979275353823,0.9740523548659877,0.9713576068230382,172493.0,0.8469051122665405,172493.0,0.9000015258789062
lowsp_dlydm1intseq_netseed2_snp_rescale_p20_pruneseed0,snp_rescale,simulation_noise_prune_rescale,dlydm1intseq,2,0.0,20,0.2,0.6599386467105649,0.7085979275353823,0.931330195963087,0.9241986116099603,162578.0,0.8155505061149597,162578.0,0.7999992370605469
lowsp_dlydm1intseq_netseed2_snp_rescale_p20_pruneseed1,snp_rescale,simulation_noise_prune_rescale,dlydm1intseq,2,1.0,20,0.2,0.7015409966327335,0.7085979275353823,0.9900409941541969,0.9890067187363663,162406.0,0.8093190789222717,162406.0,0.7999992370605469
lowsp_dlydm1intseq_netseed2_snp_rescale_p20_pruneseed2,snp_rescale,simulation_noise_prune_rescale,dlydm1intseq,2,2.0,20,0.2,0.6818649576323622,0.7085979275353823,0.9622734291701901,0.9583554010645271,162752.0,0.9151708483695984,162752.0,0.7999992370605469
lowsp_dlydm1intseq_netseed2_snp_rescale_p30_pruneseed0,snp_rescale,simulation_noise_prune_rescale,dlydm1intseq,2,0.0,30,0.3,0.6366445872981756,0.7085979275353823,0.8984567447332622,0.8879111446608265,151203.0,0.8395524621009827,151203.0,0.7000007629394531
lowsp_dlydm1intseq_netseed2_snp_rescale_p30_pruneseed1,snp_rescale,simulation_noise_prune_rescale,dlydm1intseq,2,1.0,30,0.3,0.7008766616515889,0.7085979275353823,0.989103459686018,0.9879718182390054,150928.0,0.807070791721344,150928.0,0.7000007629394531
lowsp_dlydm1intseq_netseed2_snp_rescale_p30_pruneseed2,snp_rescale,simulation_noise_prune_rescale,dlydm1intseq,2,2.0,30,0.3,0.6621530966477136,0.7085979275353823,0.9344553108570168,0.9276482799344969,151005.0,0.8299597501754761,151005.0,0.7000007629394531
lowsp_dlydm1intseq_netseed2_snp_rescale_p40_pruneseed0,snp_rescale,simulation_noise_prune_rescale,dlydm1intseq,2,0.0,40,0.4,0.5914632954922917,0.7085979275353823,0.8346952093826978,0.8175277647569709,136997.0,0.8532652854919434,136997.0,0.5999984741210938
lowsp_dlydm1intseq_netseed2_snp_rescale_p40_pruneseed1,snp_rescale,simulation_noise_prune_rescale,dlydm1intseq,2,1.0,40,0.4,0.6671258393742225,0.7085979275353823,0.9414730320967684,0.9353948145397434,136855.0,0.6380707621574402,136855.0,0.5999984741210938
lowsp_dlydm1intseq_netseed2_snp_rescale_p40_pruneseed2,snp_rescale,simulation_noise_prune_rescale,dlydm1intseq,2,2.0,40,0.4,0.6207819613513355,0.7085979275353823,0.8760708114268907,0.8632003587655057,136881.0,0.7919310331344604,136881.0,0.5999984741210938
lowsp_dlydm1intseq_netseed2_snp_rescale_p50_pruneseed0,snp_rescale,simulation_noise_prune_rescale,dlydm1intseq,2,0.0,50,0.5,0.5412245908152432,0.7085979275353823,0.7637964631052613,0.7392659511648718,119945.0,1.0312362909317017,119945.0,0.5
lowsp_dlydm1intseq_netseed2_snp_rescale_p50_pruneseed1,snp_rescale,simulation_noise_prune_rescale,dlydm1intseq,2,1.0,50,0.5,0.6110774601561838,0.7085979275353823,0.8623754549799625,0.8480826946373892,119894.0,0.7362810969352722,119894.0,0.5
lowsp_dlydm1intseq_netseed2_snp_rescale_p50_pruneseed2,snp_rescale,simulation_noise_prune_rescale,dlydm1intseq,2,2.0,50,0.5,0.588131850954493,0.7085979275353823,0.8299937497702122,0.8123380431452047,119908.0,0.8860499262809753,119908.0,0.5
lowsp_dlydm1intseq_netseed2_snp_rescale_p60_pruneseed0,snp_rescale,simulation_noise_prune_rescale,dlydm1intseq,2,0.0,60,0.6,0.457811472153292,0.7085979275353823,0.6460807382624361,0.6093250622462211,100008.0,0.8778916597366333,100008.0,0.4000015258789062
lowsp_dlydm1intseq_netseed2_snp_rescale_p60_pruneseed1,snp_rescale,simulation_noise_prune_rescale,dlydm1intseq,2,1.0,60,0.6,0.4750027680624214,0.7085979275353823,0.6703417405051656,0.636105649136264,99653.0,0.9601495265960692,99653.0,0.4000015258789062
lowsp_dlydm1intseq_netseed2_snp_rescale_p60_pruneseed2,snp_rescale,simulation_noise_prune_rescale,dlydm1intseq,2,2.0,60,0.6,0.4499436617883637,0.7085979275353823,0.634977388874591,0.5970685936108084,99854.0,0.9218852519989014,99854.0,0.4000015258789062
lowsp_dlydm1intseq_netseed2_snp_rescale_p70_pruneseed0,snp_rescale,simulation_noise_prune_rescale,dlydm1intseq,2,0.0,70,0.7,0.2947953913388955,0.7085979275353823,0.41602632449722415,0.3553787431437842,77237.0,1.3656829595565796,77237.0,0.2999992370605469
lowsp_dlydm1intseq_netseed2_snp_rescale_p70_pruneseed1,snp_rescale,simulation_noise_prune_rescale,dlydm1intseq,2,1.0,70,0.7,0.3013215055654337,0.7085979275353823,0.4252362219199235,0.36554511861785993,76929.0,1.3170818090438845,76929.0,0.2999992370605469
lowsp_dlydm1intseq_netseed2_snp_rescale_p70_pruneseed2,snp_rescale,simulation_noise_prune_rescale,dlydm1intseq,2,2.0,70,0.7,0.258794297140103,0.7085979275353823,0.3652202286848781,0.29929626766179446,76962.0,1.2797123193740845,76962.0,0.2999992370605469
lowsp_dlydm1intseq_netseed2_snp_rescale_p80_pruneseed0,snp_rescale,simulation_noise_prune_rescale,dlydm1intseq,2,0.0,80,0.8,0.1111197952285116,0.7085979275353823,0.15681642707452467,0.06924904779008147,52248.0,1.9436575174331665,52248.0,0.2000007629394531
lowsp_dlydm1intseq_netseed2_snp_rescale_p80_pruneseed1,snp_rescale,simulation_noise_prune_rescale,dlydm1intseq,2,1.0,80,0.8,0.1286041800999107,0.7085979275353823,0.18149104746498024,0.09648620842896007,52060.0,2.0882768630981445,52060.0,0.2000007629394531
lowsp_dlydm1intseq_netseed2_snp_rescale_p80_pruneseed2,snp_rescale,simulation_noise_prune_rescale,dlydm1intseq,2,2.0,80,0.8,0.1395494245686707,0.7085979275353823,0.19693738740394862,0.11353670142714802,52133.0,1.9629725217819216,52133.0,0.2000007629394531
lowsp_dlydm2intseq_netseed0_random_p10_pruneseed0,random,random_unstructured,dlydm2intseq,0,0.0,10,0.1,0.2364544051271029,0.7315663325452497,0.323216630683968,0.25535843552588133,235463.0,0.3756991624832153,,
lowsp_dlydm2intseq_netseed0_random_p10_pruneseed1,random,random_unstructured,dlydm2intseq,0,1.0,10,0.1,0.2512749369858731,0.7315663325452497,0.34347526096730396,0.27764831265972945,235471.0,0.354933887720108,,
lowsp_dlydm2intseq_netseed0_random_p10_pruneseed2,random,random_unstructured,dlydm2intseq,0,2.0,10,0.1,0.2444948123253678,0.7315663325452497,0.33420730485877714,0.26745109793930055,235468.0,0.5418053269386292,,
lowsp_dlydm2intseq_netseed0_random_p20_pruneseed0,random,random_unstructured,dlydm2intseq,0,0.0,20,0.2,0.0777858105863733,0.7315663325452497,0.10632776157938076,0.016723040317690712,209289.0,0.2486533671617508,,
lowsp_dlydm2intseq_netseed0_random_p20_pruneseed1,random,random_unstructured,dlydm2intseq,0,1.0,20,0.2,0.0771214756052287,0.7315663325452497,0.10541966213358853,0.015723889595804334,209306.0,0.413417249917984,,
lowsp_dlydm2intseq_netseed0_random_p20_pruneseed2,random,random_unstructured,dlydm2intseq,0,2.0,20,0.2,0.0800523652279255,0.7315663325452497,0.1094259832179661,0.0201319074864796,209312.0,0.4304289221763611,,
lowsp_dlydm2intseq_netseed0_random_p30_pruneseed0,random,random_unstructured,dlydm2intseq,0,0.0,30,0.3,0.0439210092681243,0.7315663325452497,0.0600369471833337,-0.03420915751023394,183124.0,0.2503482401371002,,
lowsp_dlydm2intseq_netseed0_random_p30_pruneseed1,random,random_unstructured,dlydm2intseq,0,1.0,30,0.3,0.0444843913844871,0.7315663325452497,0.060807051125108466,-0.03336183851569307,183132.0,0.1725381016731262,,
lowsp_dlydm2intseq_netseed0_random_p30_pruneseed2,random,random_unstructured,dlydm2intseq,0,2.0,30,0.3,0.0445462657209662,0.7315663325452497,0.06089162901466747,-0.03326878036022334,183150.0,0.3585462570190429,,
lowsp_dlydm2intseq_netseed0_random_p40_pruneseed0,random,random_unstructured,dlydm2intseq,0,0.0,40,0.4,0.0357829057491028,0.7315663325452497,0.048912728972378604,-0.04644875385334234,156953.0,0.1377307325601577,,
lowsp_dlydm2intseq_netseed0_random_p40_pruneseed1,random,random_unstructured,dlydm2intseq,0,1.0,40,0.4,0.0388570833089092,0.7315663325452497,0.053114914643103486,-0.041825232865789645,156967.0,0.1946607828140258,,
lowsp_dlydm2intseq_netseed0_random_p40_pruneseed2,random,random_unstructured,dlydm2intseq,0,2.0,40,0.4,0.037915942085621,0.7315663325452497,0.05182844042823113,-0.04324069638846205,156984.0,0.1441906243562698,,
lowsp_dlydm2intseq_netseed0_magnitude_p10_pruneseed0,magnitude,l1_unstructured,dlydm2intseq,0,0.0,10,0.1,0.7323706989194787,0.7315663325452497,1.001099512564268,1.0012097560211075,235930.0,0.5198072195053101,,
lowsp_dlydm2intseq_netseed0_magnitude_p20_pruneseed0,magnitude,l1_unstructured,dlydm2intseq,0,0.0,20,0.2,0.736470687847229,0.7315663325452497,1.006703910614525,1.0073760832703966,209715.0,0.518317461013794,,
lowsp_dlydm2intseq_netseed0_magnitude_p30_pruneseed0,magnitude,l1_unstructured,dlydm2intseq,0,0.0,30,0.3,0.7338328871868018,0.7315663325452497,1.0030982216385853,1.0034088671687889,183501.0,0.5267432332038879,,
lowsp_dlydm2intseq_netseed0_magnitude_p40_pruneseed0,magnitude,l1_unstructured,dlydm2intseq,0,0.0,40,0.4,0.675413743918404,0.7315663325452497,0.9232433394911972,0.9155472750123179,157286.0,0.4328178763389587,,
lowsp_dlydm2intseq_netseed0_obs_p10_pruneseed0,obs,obs_compensated,dlydm2intseq,0,0.0,10,0.1,0.731764981730788,0.7315663325452497,1.0002715395401633,1.0002987656570346,235930.0,0.5089045166969299,,
lowsp_dlydm2intseq_netseed0_obs_p20_pruneseed0,obs,obs_compensated,dlydm2intseq,0,0.0,20,0.2,0.7325595784729414,0.7315663325452497,1.0013576977008167,1.0014938282851733,209715.0,0.5009327530860901,,
lowsp_dlydm2intseq_netseed0_obs_p30_pruneseed0,obs,obs_compensated,dlydm2intseq,0,0.0,30,0.3,0.7352006356773937,0.7315663325452497,1.004967838144628,1.0054659421844372,183501.0,0.5015088319778442,,
lowsp_dlydm2intseq_netseed0_obs_p40_pruneseed0,obs,obs_compensated,dlydm2intseq,0,0.0,40,0.4,0.733865452627054,0.7315663325452497,1.0031427363173004,1.0034578451453517,157286.0,0.4811054170131683,,
lowsp_dlydm2intseq_netseed0_lnp_mask_p10_pruneseed0,lnp_mask,vanilla_mask_only,dlydm2intseq,0,0.0,10,0.1,0.7322795156867725,0.7315663325452497,1.000974871463865,1.0010726176867308,235469.0,0.5145641565322876,,
lowsp_dlydm2intseq_netseed0_lnp_mask_p20_pruneseed0,lnp_mask,vanilla_mask_only,dlydm2intseq,0,0.0,20,0.2,0.7352136618534946,0.7315663325452497,1.0049856440161142,1.0054855333750625,209306.0,0.5107463002204895,,
lowsp_dlydm2intseq_netseed0_lnp_mask_p30_pruneseed0,lnp_mask,vanilla_mask_only,dlydm2intseq,0,0.0,30,0.3,0.7354416199352599,0.7315663325452497,1.0052972467671215,1.0058283792110039,183142.0,0.4835535883903503,,
lowsp_dlydm2intseq_netseed0_lnp_mask_p40_pruneseed0,lnp_mask,vanilla_mask_only,dlydm2intseq,0,0.0,40,0.4,0.6828647166481043,0.7315663325452497,0.9334282979812593,0.9267534360499456,156979.0,0.4873141646385193,,
lowsp_dlydm2intseq_netseed0_lnp_rescale_p10_pruneseed0,lnp_rescale,noise_prune,dlydm2intseq,0,0.0,10,0.1,0.7302506887590613,0.7315663325452497,0.9982016069799016,0.9980212897468523,173311.0,0.4608082473278045,173311.0,0.9000015258789062
lowsp_dlydm2intseq_netseed0_lnp_rescale_p10_pruneseed1,lnp_rescale,noise_prune,dlydm2intseq,0,1.0,10,0.1,0.724154438343852,0.7315663325452497,0.9898684591243962,0.9888526125342477,173679.0,0.4915485084056854,173679.0,0.9000015258789062
lowsp_dlydm2intseq_netseed0_lnp_rescale_p10_pruneseed2,lnp_rescale,noise_prune,dlydm2intseq,0,2.0,10,0.1,0.7327061229540762,0.7315663325452497,1.0015580137550357,1.001714229179707,173654.0,0.4959149062633514,173654.0,0.9000015258789062
lowsp_dlydm2intseq_netseed0_lnp_rescale_p20_pruneseed0,lnp_rescale,noise_prune,dlydm2intseq,0,0.0,20,0.2,0.7219595276708546,0.7315663325452497,0.9868681697789846,0.9855514969138977,163556.0,0.4305649697780609,163556.0,0.7999992370605469
lowsp_dlydm2intseq_netseed0_lnp_rescale_p20_pruneseed1,lnp_rescale,noise_prune,dlydm2intseq,0,1.0,20,0.2,0.7272872336961124,0.7315663325452497,0.9941507712168087,0.9935642938796141,163674.0,0.4960943758487701,163674.0,0.7999992370605469
lowsp_dlydm2intseq_netseed0_lnp_rescale_p20_pruneseed2,lnp_rescale,noise_prune,dlydm2intseq,0,2.0,20,0.2,0.7318073168031158,0.7315663325452497,1.0003294086224932,1.0003624370265665,163753.0,0.3661414980888366,163753.0,0.7999992370605469
lowsp_dlydm2intseq_netseed0_lnp_rescale_p30_pruneseed0,lnp_rescale,noise_prune,dlydm2intseq,0,0.0,30,0.3,0.7178172036707764,0.7315663325452497,0.9812059026463975,0.9793214982950765,151547.0,0.4012765884399414,151547.0,0.7000007629394531
lowsp_dlydm2intseq_netseed0_lnp_rescale_p30_pruneseed1,lnp_rescale,noise_prune,dlydm2intseq,0,1.0,30,0.3,0.7203703341865478,0.7315663325452497,0.9846958534576775,0.9831613716576203,151702.0,0.4342941343784332,151702.0,0.7000007629394531
lowsp_dlydm2intseq_netseed0_lnp_rescale_p30_pruneseed2,lnp_rescale,noise_prune,dlydm2intseq,0,2.0,30,0.3,0.7273360818564906,0.7315663325452497,0.9942175432348815,0.9936377608444585,152000.0,0.4524334669113159,152000.0,0.7000007629394531
lowsp_dlydm2intseq_netseed0_lnp_rescale_p40_pruneseed0,lnp_rescale,noise_prune,dlydm2intseq,0,0.0,40,0.4,0.7055335196076515,0.7315663325452497,0.964414965834984,0.9608470055354909,137079.0,0.4696948230266571,137079.0,0.5999984741210938
lowsp_dlydm2intseq_netseed0_lnp_rescale_p40_pruneseed1,lnp_rescale,noise_prune,dlydm2intseq,0,1.0,40,0.4,0.7123852882367117,0.7315663325452497,0.9737808542366845,0.9711519718043584,137428.0,0.5628473162651062,137428.0,0.5999984741210938
lowsp_dlydm2intseq_netseed0_lnp_rescale_p40_pruneseed2,lnp_rescale,noise_prune,dlydm2intseq,0,2.0,40,0.4,0.7178399994789529,0.7315663325452497,0.9812370629214983,0.9793557828786706,137514.0,0.538886547088623,137514.0,0.5999984741210938
lowsp_dlydm2intseq_netseed0_snp_mask_p10_pruneseed0,snp_mask,simulation_noise_prune_mask_only,dlydm2intseq,0,0.0,10,0.1,0.7288699140923686,0.7315663325452497,0.9963141846023725,0.9959446235405786,235469.0,0.5170579552650452,,
lowsp_dlydm2intseq_netseed0_snp_mask_p10_pruneseed1,snp_mask,simulation_noise_prune_mask_only,dlydm2intseq,0,1.0,10,0.1,0.7287754743156373,0.7315663325452497,0.9961850920340982,0.9958025874085458,235469.0,0.5160695910453796,,
lowsp_dlydm2intseq_netseed0_snp_mask_p10_pruneseed2,snp_mask,simulation_noise_prune_mask_only,dlydm2intseq,0,2.0,10,0.1,0.728830835564066,0.7315663325452497,0.9962607669879142,0.9958858499687031,235469.0,0.5171559453010559,,
lowsp_dlydm2intseq_netseed0_snp_mask_p20_pruneseed0,snp_mask,simulation_noise_prune_mask_only,dlydm2intseq,0,0.0,20,0.2,0.7168825755355387,0.7315663325452497,0.9799283313672683,0.9779158303677168,209306.0,0.5154687762260437,,
lowsp_dlydm2intseq_netseed0_snp_mask_p20_pruneseed1,snp_mask,simulation_noise_prune_mask_only,dlydm2intseq,0,1.0,20,0.2,0.7168239577430847,0.7315663325452497,0.9798482049455808,0.9778276700099032,209306.0,0.5180965065956116,,
lowsp_dlydm2intseq_netseed0_snp_mask_p20_pruneseed2,snp_mask,simulation_noise_prune_mask_only,dlydm2intseq,0,2.0,20,0.2,0.7166904394380508,0.7315663325452497,0.979665694762848,0.9776268603059948,209306.0,0.5219943523406982,,
lowsp_dlydm2intseq_netseed0_snp_mask_p30_pruneseed0,snp_mask,simulation_noise_prune_mask_only,dlydm2intseq,0,0.0,30,0.3,0.7079726710825404,0.7315663325452497,0.9677491152707605,0.9645154559800639,183142.0,0.5249943733215332,,
lowsp_dlydm2intseq_netseed0_snp_mask_p30_pruneseed1,snp_mask,simulation_noise_prune_mask_only,dlydm2intseq,0,1.0,30,0.3,0.7071552785322105,0.7315663325452497,0.9666317968350063,0.9632861087683312,183142.0,0.5215004682540894,,
lowsp_dlydm2intseq_netseed0_snp_mask_p30_pruneseed2,snp_mask,simulation_noise_prune_mask_only,dlydm2intseq,0,2.0,30,0.3,0.7071292261800087,0.7315663325452497,0.966596185092034,0.9632469263870808,183142.0,0.5237042307853699,,
lowsp_dlydm2intseq_netseed0_snp_mask_p40_pruneseed0,snp_mask,simulation_noise_prune_mask_only,dlydm2intseq,0,0.0,40,0.4,0.6957736571640712,0.7315663325452497,0.9510739166240068,0.9461683059595423,156979.0,0.481177806854248,,
lowsp_dlydm2intseq_netseed0_snp_mask_p40_pruneseed1,snp_mask,simulation_noise_prune_mask_only,dlydm2intseq,0,1.0,40,0.4,0.6952591232080867,0.7315663325452497,0.9503705847003049,0.9453944539298459,156979.0,0.4748432040214538,,
lowsp_dlydm2intseq_netseed0_snp_mask_p40_pruneseed2,snp_mask,simulation_noise_prune_mask_only,dlydm2intseq,0,2.0,40,0.4,0.6948357724848082,0.7315663325452497,0.9497918938770059,0.9447577402345261,156979.0,0.4780831336975097,,
lowsp_dlydm2intseq_netseed0_snp_rescale_p10_pruneseed0,snp_rescale,simulation_noise_prune_rescale,dlydm2intseq,0,0.0,10,0.1,0.730960615356559,0.7315663325452497,0.9991720269758952,0.9990890096359271,173408.0,0.6036252975463867,173408.0,0.9000015258789062
lowsp_dlydm2intseq_netseed0_snp_rescale_p10_pruneseed1,snp_rescale,simulation_noise_prune_rescale,dlydm2intseq,0,1.0,10,0.1,0.73365703380944,0.7315663325452497,1.0028578423735226,1.0031443860953482,173447.0,0.564031183719635,173447.0,0.9000015258789062
lowsp_dlydm2intseq_netseed0_snp_rescale_p10_pruneseed2,snp_rescale,simulation_noise_prune_rescale,dlydm2intseq,0,2.0,10,0.1,0.7346567928251823,0.7315663325452497,1.0042244430100826,1.0046480099758344,173395.0,0.5817551016807556,173395.0,0.9000015258789062
lowsp_dlydm2intseq_netseed0_snp_rescale_p20_pruneseed0,snp_rescale,simulation_noise_prune_rescale,dlydm2intseq,0,0.0,20,0.2,0.7280850869822909,0.7315663325452497,0.9952413808453336,0.9947642543054089,163927.0,0.6047966480255127,163927.0,0.7999992370605469
lowsp_dlydm2intseq_netseed0_snp_rescale_p20_pruneseed1,snp_rescale,simulation_noise_prune_rescale,dlydm2intseq,0,1.0,20,0.2,0.7301888144225822,0.7315663325452497,0.9981170290903425,0.9979282315913826,163842.0,0.5786226987838745,163842.0,0.7999992370605469
lowsp_dlydm2intseq_netseed0_snp_rescale_p20_pruneseed2,snp_rescale,simulation_noise_prune_rescale,dlydm2intseq,0,2.0,20,0.2,0.7296221757621941,0.7315663325452497,0.9973424736806962,0.9970760147991853,163771.0,0.6069585680961609,163771.0,0.7999992370605469
lowsp_dlydm2intseq_netseed0_snp_rescale_p30_pruneseed0,snp_rescale,simulation_noise_prune_rescale,dlydm2intseq,0,0.0,30,0.3,0.7097572572083602,0.7315663325452497,0.9701885196643594,0.9671994490957196,152199.0,0.6086041331291199,152199.0,0.7000007629394531
lowsp_dlydm2intseq_netseed0_snp_rescale_p30_pruneseed1,snp_rescale,simulation_noise_prune_rescale,dlydm2intseq,0,1.0,30,0.3,0.7289643538691,0.7315663325452497,0.996443277170647,0.9960866596726116,152228.0,0.6447914838790894,152228.0,0.7000007629394531
lowsp_dlydm2intseq_netseed0_snp_rescale_p30_pruneseed2,snp_rescale,simulation_noise_prune_rescale,dlydm2intseq,0,2.0,30,0.3,0.7167913923028325,0.7315663325452497,0.9798036902668654,0.9777786920333402,152048.0,0.5616839528083801,152048.0,0.7000007629394531
lowsp_dlydm2intseq_netseed0_snp_rescale_p40_pruneseed0,snp_rescale,simulation_noise_prune_rescale,dlydm2intseq,0,0.0,40,0.4,0.7069436031705713,0.7315663325452497,0.9663424514233568,0.9629677519206713,138025.0,0.552733838558197,138025.0,0.5999984741210938
lowsp_dlydm2intseq_netseed0_snp_rescale_p40_pruneseed1,snp_rescale,simulation_noise_prune_rescale,dlydm2intseq,0,1.0,40,0.4,0.7136097487901939,0.7315663325452497,0.97545460615638,0.9729935437231294,138072.0,0.663983941078186,138072.0,0.5999984741210938
lowsp_dlydm2intseq_netseed0_snp_rescale_p40_pruneseed2,snp_rescale,simulation_noise_prune_rescale,dlydm2intseq,0,2.0,40,0.4,0.6989325048685333,0.7315663325452497,0.9553918404593914,0.9509191696861589,137800.0,0.671578049659729,137800.0,0.5999984741210938
lowsp_dlydm2intseq_netseed0_snp_rescale_p50_pruneseed0,snp_rescale,simulation_noise_prune_rescale,dlydm2intseq,0,0.0,50,0.5,0.6737626760976182,0.7315663325452497,0.9209864452803311,0.9130640916005709,120855.0,0.6659415364265442,120855.0,0.5
lowsp_dlydm2intseq_netseed0_snp_rescale_p50_pruneseed1,snp_rescale,simulation_noise_prune_rescale,dlydm2intseq,0,1.0,50,0.5,0.6486742609273335,0.7315663325452497,0.8866923367980591,0.8753314584563905,120955.0,0.6321157813072205,120955.0,0.5
lowsp_dlydm2intseq_netseed0_snp_rescale_p50_pruneseed2,snp_rescale,simulation_noise_prune_rescale,dlydm2intseq,0,2.0,50,0.5,0.6883389671544969,0.7315663325452497,0.9409112154733023,0.9349866339101959,120851.0,0.690002977848053,120851.0,0.5
lowsp_dlydm2intseq_netseed0_snp_rescale_p60_pruneseed0,snp_rescale,simulation_noise_prune_rescale,dlydm2intseq,0,0.0,60,0.6,0.5782026482216013,0.7315663325452497,0.7903625720581361,0.7693431171739314,100700.0,0.9540915489196776,100700.0,0.4000015258789062
lowsp_dlydm2intseq_netseed0_snp_rescale_p60_pruneseed1,snp_rescale,simulation_noise_prune_rescale,dlydm2intseq,0,1.0,60,0.6,0.5224799234060845,0.7315663325452497,0.7141935053083753,0.6855369014768818,100582.0,0.8579661250114441,100582.0,0.4000015258789062
lowsp_dlydm2intseq_netseed0_snp_rescale_p60_pruneseed2,snp_rescale,simulation_noise_prune_rescale,dlydm2intseq,0,2.0,60,0.6,0.5789028051870233,0.7315663325452497,0.7913196376505152,0.7703961436700373,100261.0,0.9130189418792723,100261.0,0.4000015258789062
lowsp_dlydm2intseq_netseed0_snp_rescale_p70_pruneseed0,snp_rescale,simulation_noise_prune_rescale,dlydm2intseq,0,0.0,70,0.7,0.3440994678807063,0.7315663325452497,0.4703599011774132,0.4172551370550718,77234.0,1.2038443088531494,77234.0,0.2999992370605469
lowsp_dlydm2intseq_netseed0_snp_rescale_p70_pruneseed1,snp_rescale,simulation_noise_prune_rescale,dlydm2intseq,0,1.0,70,0.7,0.3359906732579117,0.7315663325452497,0.4592757461773018,0.4050596208908701,77489.0,1.281055569648743,77489.0,0.2999992370605469
lowsp_dlydm2intseq_netseed0_snp_rescale_p70_pruneseed2,snp_rescale,simulation_noise_prune_rescale,dlydm2intseq,0,2.0,70,0.7,0.3863270742557169,0.7315663325452497,0.528082085067551,0.48076487926439,77230.0,1.2660486698150637,77230.0,0.2999992370605469
lowsp_dlydm2intseq_netseed0_snp_rescale_p80_pruneseed0,snp_rescale,simulation_noise_prune_rescale,dlydm2intseq,0,0.0,80,0.8,0.1532887838110683,0.7315663325452497,0.20953504418081856,0.1302784789791422,52212.0,1.904205083847046,52212.0,0.2000007629394531
lowsp_dlydm2intseq_netseed0_snp_rescale_p80_pruneseed1,snp_rescale,simulation_noise_prune_rescale,dlydm2intseq,0,1.0,80,0.8,0.1555390557324944,0.7315663325452497,0.21261100848004622,0.1336628571596495,52162.0,1.9668523073196411,52162.0,0.2000007629394531
lowsp_dlydm2intseq_netseed0_snp_rescale_p80_pruneseed2,snp_rescale,simulation_noise_prune_rescale,dlydm2intseq,0,2.0,80,0.8,0.1560047415281007,0.7315663325452497,0.21324756838567516,0.1343632422245013,52096.0,2.0029616355895996,52096.0,0.2000007629394531
lowsp_dlydm2intseq_netseed1_random_p10_pruneseed0,random,random_unstructured,dlydm2intseq,1,0.0,10,0.1,0.3627659782332597,0.5573249444759244,0.6509056912469322,0.603473588356948,235472.0,0.3877586424350738,,
lowsp_dlydm2intseq_netseed1_random_p10_pruneseed1,random,random_unstructured,dlydm2intseq,1,1.0,10,0.1,0.3565394660570416,0.5573249444759244,0.6397335514783218,0.5907834688627476,235464.0,0.4812801480293274,,
lowsp_dlydm2intseq_netseed1_random_p10_pruneseed2,random,random_unstructured,dlydm2intseq,1,2.0,10,0.1,0.3873626552557364,0.5573249444759244,0.6950391492345447,0.6536035426141115,235468.0,0.4501534700393677,,
lowsp_dlydm2intseq_netseed1_random_p20_pruneseed0,random,random_unstructured,dlydm2intseq,1,0.0,20,0.2,0.1039716810931567,0.5573249444759244,0.18655486736005608,0.07603054124156093,209302.0,0.2006747275590896,,
lowsp_dlydm2intseq_netseed1_random_p20_pruneseed1,random,random_unstructured,dlydm2intseq,1,1.0,20,0.2,0.1057106756026234,0.5573249444759244,0.18967511978497123,0.07957474825510842,209305.0,0.2855766415596008,,
lowsp_dlydm2intseq_netseed1_random_p20_pruneseed2,random,random_unstructured,dlydm2intseq,1,2.0,20,0.2,0.1241948194897646,0.5573249444759244,0.22284094893069986,0.11724688123056974,209312.0,0.4401893317699432,,
lowsp_dlydm2intseq_netseed1_random_p30_pruneseed0,random,random_unstructured,dlydm2intseq,1,0.0,30,0.3,0.0598031744791157,0.5573249444759244,0.10730396166880901,-0.013988334647477675,183150.0,0.2697735428810119,,
lowsp_dlydm2intseq_netseed1_random_p30_pruneseed1,random,random_unstructured,dlydm2intseq,1,1.0,30,0.3,0.0559376567211812,0.5573249444759244,0.10036811966810795,-0.021866562597067492,183143.0,0.274578332901001,,
lowsp_dlydm2intseq_netseed1_random_p30_pruneseed2,random,random_unstructured,dlydm2intseq,1,2.0,30,0.3,0.0610667135609006,0.5573249444759244,0.10957111137080747,-0.011413143034637715,183150.0,0.2553200423717499,,
lowsp_dlydm2intseq_netseed1_random_p40_pruneseed0,random,random_unstructured,dlydm2intseq,1,0.0,40,0.4,0.0524857200544494,0.5573249444759244,0.09417436017295779,-0.028901879889877396,156984.0,0.209387257695198,,
lowsp_dlydm2intseq_netseed1_random_p40_pruneseed1,random,random_unstructured,dlydm2intseq,1,1.0,40,0.4,0.0452659619505396,0.5573249444759244,0.08122005375715786,-0.04361631237870716,156972.0,0.2574649453163147,,
lowsp_dlydm2intseq_netseed1_random_p40_pruneseed2,random,random_unstructured,dlydm2intseq,1,2.0,40,0.4,0.0505578459915199,0.5573249444759244,0.09071520392660967,-0.03283103822699397,156984.0,0.2224695384502411,,
lowsp_dlydm2intseq_netseed1_magnitude_p10_pruneseed0,magnitude,l1_unstructured,dlydm2intseq,1,0.0,10,0.1,0.560223268658369,0.5573249444759244,1.0052004207081922,1.0059070116892461,235930.0,0.573731541633606,,
lowsp_dlydm2intseq_netseed1_magnitude_p20_pruneseed0,magnitude,l1_unstructured,dlydm2intseq,1,0.0,20,0.2,0.575532282120922,0.5573249444759244,1.0326691597522495,1.0371079801736793,209715.0,0.5789152383804321,,
lowsp_dlydm2intseq_netseed1_magnitude_p30_pruneseed0,magnitude,l1_unstructured,dlydm2intseq,1,0.0,30,0.3,0.6114291669109074,0.5573249444759244,1.0970784153324762,1.1102686429271167,183501.0,0.5471089482307434,,
lowsp_dlydm2intseq_netseed1_magnitude_p40_pruneseed0,magnitude,l1_unstructured,dlydm2intseq,1,0.0,40,0.4,0.6538814748236581,0.5573249444759244,1.1732499707841533,1.196789771445107,157286.0,0.5229791402816772,,
lowsp_dlydm2intseq_netseed1_obs_p10_pruneseed0,obs,obs_compensated,dlydm2intseq,1,0.0,10,0.1,0.5575789549098914,0.5573249444759244,1.0004557672081336,1.000517693159282,235930.0,0.5731422305107117,,
lowsp_dlydm2intseq_netseed1_obs_p20_pruneseed0,obs,obs_compensated,dlydm2intseq,1,0.0,20,0.2,0.5602069859382429,0.5573249444759244,1.005171204861517,1.0058738262303177,209715.0,0.5746914148330688,,
lowsp_dlydm2intseq_netseed1_obs_p30_pruneseed0,obs,obs_compensated,dlydm2intseq,1,0.0,30,0.3,0.5714192670170708,0.5573249444759244,1.0252892368820847,1.0287253332483786,183501.0,0.5705342292785645,,
lowsp_dlydm2intseq_netseed1_obs_p40_pruneseed0,obs,obs_compensated,dlydm2intseq,1,0.0,40,0.4,0.6025127493698588,0.5573249444759244,1.0810798176931167,1.092096285617953,157286.0,0.5762969255447388,,
lowsp_dlydm2intseq_netseed1_lnp_mask_p10_pruneseed0,lnp_mask,vanilla_mask_only,dlydm2intseq,1,0.0,10,0.1,0.5551723688752548,0.5573249444759244,0.9961376650695336,0.9956128823296722,235469.0,0.5728225111961365,,
lowsp_dlydm2intseq_netseed1_lnp_mask_p20_pruneseed0,lnp_mask,vanilla_mask_only,dlydm2intseq,1,0.0,20,0.2,0.5589401903124328,0.5573249444759244,1.0028982119901835,1.003291997525692,209306.0,0.5680842995643616,,
lowsp_dlydm2intseq_netseed1_lnp_mask_p30_pruneseed0,lnp_mask,vanilla_mask_only,dlydm2intseq,1,0.0,30,0.3,0.5845398828946768,0.5573249444759244,1.0488313661329904,1.0554661760528419,183142.0,0.5551699995994568,,
lowsp_dlydm2intseq_netseed1_lnp_mask_p40_pruneseed0,lnp_mask,vanilla_mask_only,dlydm2intseq,1,0.0,40,0.4,0.6398750789711926,0.5573249444759244,1.1481184994741147,1.1682436396749416,156979.0,0.5809352993965149,,
lowsp_dlydm2intseq_netseed1_lnp_rescale_p10_pruneseed0,lnp_rescale,noise_prune,dlydm2intseq,1,0.0,10,0.1,0.5698528693409406,0.5573249444759244,1.022478672431927,1.0255328920994713,166265.0,0.578886091709137,166265.0,0.9000015258789062
lowsp_dlydm2intseq_netseed1_lnp_rescale_p10_pruneseed1,lnp_rescale,noise_prune,dlydm2intseq,1,1.0,10,0.1,0.6138162136813927,0.5573249444759244,1.101361458455066,1.1151336312060125,166066.0,0.5637948513031006,166066.0,0.9000015258789062
lowsp_dlydm2intseq_netseed1_lnp_rescale_p10_pruneseed2,lnp_rescale,noise_prune,dlydm2intseq,1,2.0,10,0.1,0.5707028273315227,0.5573249444759244,1.0240037396283743,1.0272651730555311,165977.0,0.4994142949581146,165977.0,0.9000015258789062
lowsp_dlydm2intseq_netseed1_lnp_rescale_p20_pruneseed0,lnp_rescale,noise_prune,dlydm2intseq,1,0.0,20,0.2,0.5748256120674495,0.5573249444759244,1.0314011920065442,1.035667731256189,155875.0,0.5892565250396729,155875.0,0.7999992370605469
lowsp_dlydm2intseq_netseed1_lnp_rescale_p20_pruneseed1,lnp_rescale,noise_prune,dlydm2intseq,1,1.0,20,0.2,0.6151579098197828,0.5573249444759244,1.1037688442211053,1.1178681130217085,155783.0,0.6121135950088501,155783.0,0.7999992370605469
lowsp_dlydm2intseq_netseed1_lnp_rescale_p20_pruneseed2,lnp_rescale,noise_prune,dlydm2intseq,1,2.0,20,0.2,0.5796355275926975,0.5573249444759244,1.0400315531144093,1.0454707158236232,155805.0,0.5347352027893066,155805.0,0.7999992370605469
lowsp_dlydm2intseq_netseed1_lnp_rescale_p30_pruneseed0,lnp_rescale,noise_prune,dlydm2intseq,1,0.0,30,0.3,0.5911018191054925,0.5573249444759244,1.060605352343111,1.0688399160009663,143490.0,0.6214715838432312,143490.0,0.7000007629394531
lowsp_dlydm2intseq_netseed1_lnp_rescale_p30_pruneseed1,lnp_rescale,noise_prune,dlydm2intseq,1,1.0,30,0.3,0.6199482860808795,0.5573249444759244,1.11236414631296,1.1276312750384285,143739.0,0.553964376449585,143739.0,0.7000007629394531
lowsp_dlydm2intseq_netseed1_lnp_rescale_p30_pruneseed2,lnp_rescale,noise_prune,dlydm2intseq,1,2.0,30,0.3,0.5808241661619024,0.5573249444759244,1.0421643099217015,1.0478932543253927,143398.0,0.6343109011650085,143398.0,0.7000007629394531
lowsp_dlydm2intseq_netseed1_lnp_rescale_p40_pruneseed0,lnp_rescale,noise_prune,dlydm2intseq,1,0.0,40,0.4,0.5748809733158783,0.5573249444759244,1.03150052588524,1.0357805618165454,128824.0,0.7124269008636475,128824.0,0.5999984741210938
lowsp_dlydm2intseq_netseed1_lnp_rescale_p40_pruneseed1,lnp_rescale,noise_prune,dlydm2intseq,1,1.0,40,0.4,0.6210359717853026,0.5573249444759244,1.114315764870866,1.1298480636948425,129049.0,0.7222419381141663,129049.0,0.5999984741210938
lowsp_dlydm2intseq_netseed1_lnp_rescale_p40_pruneseed2,lnp_rescale,noise_prune,dlydm2intseq,1,2.0,40,0.4,0.60014849840755,0.5573249444759244,1.0768376767558725,1.0872777569815568,128824.0,0.8159564733505249,128824.0,0.5999984741210938
lowsp_dlydm2intseq_netseed1_snp_mask_p10_pruneseed0,snp_mask,simulation_noise_prune_mask_only,dlydm2intseq,1,0.0,10,0.1,0.5488221080260784,0.5573249444759244,0.9847434848661915,0.9826705533476164,235469.0,0.5757662653923035,,
lowsp_dlydm2intseq_netseed1_snp_mask_p10_pruneseed1,snp_mask,simulation_noise_prune_mask_only,dlydm2intseq,1,1.0,10,0.1,0.5485225059757582,0.5573249444759244,0.984205913287367,0.9820599409033346,235469.0,0.5759952664375305,,
lowsp_dlydm2intseq_netseed1_snp_mask_p10_pruneseed2,snp_mask,simulation_noise_prune_mask_only,dlydm2intseq,1,2.0,10,0.1,0.5489035216267089,0.5573249444759244,0.9848895640995675,0.982836480642258,235469.0,0.5758998990058899,,
lowsp_dlydm2intseq_netseed1_snp_mask_p20_pruneseed0,snp_mask,simulation_noise_prune_mask_only,dlydm2intseq,1,0.0,20,0.2,0.5286836397741261,0.5573249444759244,0.9486093256982587,0.9416267777450348,209306.0,0.5737782120704651,,
lowsp_dlydm2intseq_netseed1_snp_mask_p20_pruneseed1,snp_mask,simulation_noise_prune_mask_only,dlydm2intseq,1,1.0,20,0.2,0.5288953151357654,0.5573249444759244,0.9489891317050368,0.9420581887111034,209306.0,0.5728232264518738,,
lowsp_dlydm2intseq_netseed1_snp_mask_p20_pruneseed2,snp_mask,simulation_noise_prune_mask_only,dlydm2intseq,1,2.0,20,0.2,0.5291623517458333,0.5573249444759244,0.9494682715905106,0.9426024302375282,209306.0,0.5741685628890991,,
lowsp_dlydm2intseq_netseed1_snp_mask_p30_pruneseed0,snp_mask,simulation_noise_prune_mask_only,dlydm2intseq,1,0.0,30,0.3,0.513804490122902,0.5573249444759244,0.9219118850064274,0.9113019053763097,183142.0,0.5795650482177734,,
lowsp_dlydm2intseq_netseed1_snp_mask_p30_pruneseed1,snp_mask,simulation_noise_prune_mask_only,dlydm2intseq,1,1.0,30,0.3,0.5137849508587506,0.5573249444759244,0.9218768259904171,0.9112620828255957,183142.0,0.5821599960327148,,
lowsp_dlydm2intseq_netseed1_snp_mask_p30_pruneseed2,snp_mask,simulation_noise_prune_mask_only,dlydm2intseq,1,2.0,30,0.3,0.5129219666920677,0.5573249444759244,0.9203283861166296,0.9095032535023932,183142.0,0.5833500027656555,,
lowsp_dlydm2intseq_netseed1_snp_mask_p40_pruneseed0,snp_mask,simulation_noise_prune_mask_only,dlydm2intseq,1,0.0,40,0.4,0.5441717631580661,0.5573249444759244,0.9763994390557438,0.9731927862776799,156979.0,0.5894899368286133,,
lowsp_dlydm2intseq_netseed1_snp_mask_p40_pruneseed1,snp_mask,simulation_noise_prune_mask_only,dlydm2intseq,1,1.0,40,0.4,0.542263428359288,0.5573249444759244,0.972975341825406,0.9693034504912774,156979.0,0.5855437517166138,,
lowsp_dlydm2intseq_netseed1_snp_mask_p40_pruneseed2,snp_mask,simulation_noise_prune_mask_only,dlydm2intseq,1,2.0,40,0.4,0.5437125904505103,0.5573249444759244,0.9755755521795022,0.9722569563359006,156979.0,0.5846304893493652,,
lowsp_dlydm2intseq_netseed1_snp_rescale_p10_pruneseed0,snp_rescale,simulation_noise_prune_rescale,dlydm2intseq,1,0.0,10,0.1,0.5363104658811882,0.5573249444759244,0.9622940282809396,0.9571708467070732,173893.0,0.5075329542160034,173893.0,0.9000015258789062
lowsp_dlydm2intseq_netseed1_snp_rescale_p10_pruneseed1,snp_rescale,simulation_noise_prune_rescale,dlydm2intseq,1,1.0,10,0.1,0.5485550714160105,0.5573249444759244,0.9842643449807175,0.9821263118211914,173843.0,0.5851971507072449,173843.0,0.9000015258789062
lowsp_dlydm2intseq_netseed1_snp_rescale_p10_pruneseed2,snp_rescale,simulation_noise_prune_rescale,dlydm2intseq,1,2.0,10,0.1,0.5555012798218019,0.5573249444759244,0.9967278251723733,0.9962832286000248,173936.0,0.5021378397941589,173936.0,0.9000015258789062
lowsp_dlydm2intseq_netseed1_snp_rescale_p20_pruneseed0,snp_rescale,simulation_noise_prune_rescale,dlydm2intseq,1,0.0,20,0.2,0.5227274207520012,0.5573249444759244,0.9379221689844572,0.9294875368690448,164416.0,0.48114013671875,164416.0,0.7999992370605469
lowsp_dlydm2intseq_netseed1_snp_rescale_p20_pruneseed1,snp_rescale,simulation_noise_prune_rescale,dlydm2intseq,1,1.0,20,0.2,0.5474901815197639,0.5573249444759244,0.9823536286081569,0.9799559828072772,164321.0,0.597635805606842,164321.0,0.7999992370605469
lowsp_dlydm2intseq_netseed1_snp_rescale_p20_pruneseed2,snp_rescale,simulation_noise_prune_rescale,dlydm2intseq,1,2.0,20,0.2,0.5419052085165139,0.5573249444759244,0.9723325931985508,0.9685733703948538,164449.0,0.5443516373634338,164449.0,0.7999992370605469
lowsp_dlydm2intseq_netseed1_snp_rescale_p30_pruneseed0,snp_rescale,simulation_noise_prune_rescale,dlydm2intseq,1,0.0,30,0.3,0.5296996815099944,0.5573249444759244,0.9504323945307935,0.9436975503821637,152573.0,0.5759561061859131,152573.0,0.7000007629394531
lowsp_dlydm2intseq_netseed1_snp_rescale_p30_pruneseed1,snp_rescale,simulation_noise_prune_rescale,dlydm2intseq,1,1.0,30,0.3,0.5569895204413269,0.5573249444759244,0.9993981535584902,0.999316379546076,152530.0,0.6475437879562378,152530.0,0.7000007629394531
lowsp_dlydm2intseq_netseed1_snp_rescale_p30_pruneseed2,snp_rescale,simulation_noise_prune_rescale,dlydm2intseq,1,2.0,30,0.3,0.5542149449318405,0.5573249444759244,0.9944197732850297,0.9936615773446854,152726.0,0.5466495752334595,152726.0,0.7000007629394531
lowsp_dlydm2intseq_netseed1_snp_rescale_p40_pruneseed0,snp_rescale,simulation_noise_prune_rescale,dlydm2intseq,1,0.0,40,0.4,0.5636361267967982,0.5573249444759244,1.0113240621713218,1.0128626838806278,138302.0,0.6269406080245972,138302.0,0.5999984741210938
lowsp_dlydm2intseq_netseed1_snp_rescale_p40_pruneseed1,snp_rescale,simulation_noise_prune_rescale,dlydm2intseq,1,1.0,40,0.4,0.5429310198844578,0.5573249444759244,0.9741731915390908,0.9706640543073397,138397.0,0.6972616910934448,138397.0,0.5999984741210938
lowsp_dlydm2intseq_netseed1_snp_rescale_p40_pruneseed2,snp_rescale,simulation_noise_prune_rescale,dlydm2intseq,1,2.0,40,0.4,0.5363462878654657,0.5573249444759244,0.9623583031436251,0.9572438547167157,138342.0,0.5923874378204346,138342.0,0.5999984741210938
lowsp_dlydm2intseq_netseed1_snp_rescale_p50_pruneseed0,snp_rescale,simulation_noise_prune_rescale,dlydm2intseq,1,0.0,50,0.5,0.5520721389632467,0.5573249444759244,0.9905749678625687,0.9892943709497147,121137.0,0.7606980204582214,121137.0,0.5
lowsp_dlydm2intseq_netseed1_snp_rescale_p50_pruneseed1,snp_rescale,simulation_noise_prune_rescale,dlydm2intseq,1,1.0,50,0.5,0.5564587037652162,0.5573249444759244,0.9984457169568774,0.9982345335850118,120935.0,0.6881617903709412,120935.0,0.5
lowsp_dlydm2intseq_netseed1_snp_rescale_p50_pruneseed2,snp_rescale,simulation_noise_prune_rescale,dlydm2intseq,1,2.0,50,0.5,0.5361606648560282,0.5573249444759244,0.9620252424915273,0.9568655404849324,120970.0,0.6838611364364624,120970.0,0.5
lowsp_dlydm2intseq_netseed1_snp_rescale_p60_pruneseed0,snp_rescale,simulation_noise_prune_rescale,dlydm2intseq,1,0.0,60,0.6,0.5957619336055804,0.5573249444759244,1.0689669276615634,1.0783375943462596,100753.0,0.964818239212036,100753.0,0.4000015258789062
lowsp_dlydm2intseq_netseed1_snp_rescale_p60_pruneseed1,snp_rescale,simulation_noise_prune_rescale,dlydm2intseq,1,1.0,60,0.6,0.588757107407335,0.5573249444759244,1.0563982704218766,1.064061209915284,100731.0,0.9334834814071656,100731.0,0.4000015258789062
lowsp_dlydm2intseq_netseed1_snp_rescale_p60_pruneseed2,snp_rescale,simulation_noise_prune_rescale,dlydm2intseq,1,2.0,60,0.6,0.5937200805017683,0.5573249444759244,1.065303260488489,1.0741761377966448,100456.0,0.8514466881752014,100456.0,0.4000015258789062
lowsp_dlydm2intseq_netseed1_snp_rescale_p70_pruneseed0,snp_rescale,simulation_noise_prune_rescale,dlydm2intseq,1,0.0,70,0.7,0.4971602936100093,0.5573249444759244,0.8920474465350005,0.8773797292597518,77465.0,1.3081071376800537,77465.0,0.2999992370605469
lowsp_dlydm2intseq_netseed1_snp_rescale_p70_pruneseed1,snp_rescale,simulation_noise_prune_rescale,dlydm2intseq,1,1.0,70,0.7,0.4381354331529208,0.5573249444759244,0.7861400023372677,0.7570824406444882,77004.0,1.286935567855835,77004.0,0.2999992370605469
lowsp_dlydm2intseq_netseed1_snp_rescale_p70_pruneseed2,snp_rescale,simulation_noise_prune_rescale,dlydm2intseq,1,2.0,70,0.7,0.50975334935553,0.5573249444759244,0.9146429823536286,0.9030453631949367,77368.0,1.3965933322906494,77368.0,0.2999992370605469
lowsp_dlydm2intseq_netseed1_snp_rescale_p80_pruneseed0,snp_rescale,simulation_noise_prune_rescale,dlydm2intseq,1,0.0,80,0.8,0.2384343838944358,0.5573249444759244,0.4278193292041602,0.35007606107186356,52049.0,1.8827649354934692,52049.0,0.2000007629394531
lowsp_dlydm2intseq_netseed1_snp_rescale_p80_pruneseed1,snp_rescale,simulation_noise_prune_rescale,dlydm2intseq,1,1.0,80,0.8,0.1755863407517406,0.5573249444759244,0.31505200420708185,0.22198682670022374,52094.0,2.013139486312866,52094.0,0.2000007629394531
lowsp_dlydm2intseq_netseed1_snp_rescale_p80_pruneseed2,snp_rescale,simulation_noise_prune_rescale,dlydm2intseq,1,2.0,80,0.8,0.2498257748946508,0.5573249444759244,0.4482587355381559,0.3732926081381365,52332.0,1.989527940750122,52332.0,0.2000007629394531
lowsp_dlydm2intseq_netseed2_random_p10_pruneseed0,random,random_unstructured,dlydm2intseq,2,0.0,10,0.1,0.2559545907501123,0.7224838312589148,0.35427033751622666,0.28862910930538804,235472.0,1.0835566520690918,,
lowsp_dlydm2intseq_netseed2_random_p10_pruneseed1,random,random_unstructured,dlydm2intseq,2,1.0,10,0.1,0.230722887642718,0.7224838312589148,0.31934678349920664,0.2501554241540059,235471.0,0.9829573035240172,,
lowsp_dlydm2intseq_netseed2_random_p10_pruneseed2,random,random_unstructured,dlydm2intseq,2,2.0,10,0.1,0.2487641415424295,0.7224838312589148,0.34431793595845955,0.2776650028502704,235469.0,0.9683443903923036,,
lowsp_dlydm2intseq_netseed2_random_p20_pruneseed0,random,random_unstructured,dlydm2intseq,2,0.0,20,0.2,0.0703836860170512,0.7224838312589148,0.0974190465887782,0.005667767711898135,209302.0,0.805605411529541,,
lowsp_dlydm2intseq_netseed2_random_p20_pruneseed1,random,random_unstructured,dlydm2intseq,2,1.0,20,0.2,0.0666158645798732,0.7224838312589148,0.09220395211308229,-7.746379560688974e-05,209306.0,0.8115236759185791,,
lowsp_dlydm2intseq_netseed2_random_p20_pruneseed2,random,random_unstructured,dlydm2intseq,2,2.0,20,0.2,0.0660492259194852,0.7224838312589148,0.09141965959901917,-0.0009414830542981562,209305.0,0.8419602513313293,,
lowsp_dlydm2intseq_netseed2_random_p30_pruneseed0,random,random_unstructured,dlydm2intseq,2,0.0,30,0.3,0.0376749578277548,0.7224838312589148,0.05214643732871762,-0.04420699915187087,183150.0,0.5799094438552856,,
lowsp_dlydm2intseq_netseed2_random_p30_pruneseed1,random,random_unstructured,dlydm2intseq,2,1.0,30,0.3,0.0367077642522649,0.7224838312589148,0.0508077311409202,-0.04568179064515428,183132.0,0.39356130361557,,
lowsp_dlydm2intseq_netseed2_random_p30_pruneseed2,random,random_unstructured,dlydm2intseq,2,2.0,30,0.3,0.037841041573041,0.7224838312589148,0.052376316169046554,-0.0439537521277716,183147.0,0.7796216607093811,,
lowsp_dlydm2intseq_netseed2_random_p40_pruneseed0,random,random_unstructured,dlydm2intseq,2,0.0,40,0.4,0.0332753668496844,0.7224838312589148,0.0460569017741237,-0.05091556247653747,156984.0,0.3148625493049621,,
lowsp_dlydm2intseq_netseed2_random_p40_pruneseed1,random,random_unstructured,dlydm2intseq,2,1.0,40,0.4,0.0338257227899463,0.7224838312589148,0.04681865714697808,-0.05007637135746378,156967.0,0.2210122942924499,,
lowsp_dlydm2intseq_netseed2_random_p40_pruneseed2,random,random_unstructured,dlydm2intseq,2,2.0,40,0.4,0.036352800953516,0.7224838312589148,0.05031642146257019,-0.04622304408881734,156981.0,0.2845253646373749,,
lowsp_dlydm2intseq_netseed2_magnitude_p10_pruneseed0,magnitude,l1_unstructured,dlydm2intseq,2,0.0,10,0.1,0.7235682604193127,0.7224838312589148,1.0015009736045002,1.00165355409853,235930.0,1.1719412803649902,,
lowsp_dlydm2intseq_netseed2_magnitude_p20_pruneseed0,magnitude,l1_unstructured,dlydm2intseq,2,0.0,20,0.2,0.7297524375232028,0.7224838312589148,1.010060579835569,1.011083281525282,209715.0,1.163234829902649,,
lowsp_dlydm2intseq_netseed2_magnitude_p30_pruneseed0,magnitude,l1_unstructured,dlydm2intseq,2,0.0,30,0.3,0.7343050860704586,0.7224838312589148,1.016361964517525,1.0180252293623537,183501.0,1.1635524034500122,,
lowsp_dlydm2intseq_netseed2_magnitude_p40_pruneseed0,magnitude,l1_unstructured,dlydm2intseq,2,0.0,40,0.4,0.6992874681672822,0.7224838312589148,0.9678935886340689,0.9646298323008138,157286.0,1.1738454103469849,,
lowsp_dlydm2intseq_netseed2_obs_p10_pruneseed0,obs,obs_compensated,dlydm2intseq,2,0.0,10,0.1,0.7225131401551418,0.7224838312589148,1.0000405668541756,1.0000446906513116,235930.0,1.1694360971450806,,
lowsp_dlydm2intseq_netseed2_obs_p20_pruneseed0,obs,obs_compensated,dlydm2intseq,2,0.0,20,0.2,0.7239753284224649,0.7224838312589148,1.002064402134718,1.0022742575889692,209715.0,1.1685670614242554,,
lowsp_dlydm2intseq_netseed2_obs_p30_pruneseed0,obs,obs_compensated,dlydm2intseq,2,0.0,30,0.3,0.728042751909963,0.7224838312589148,1.0076941800086543,1.0084763268654373,183501.0,1.166263461112976,,
lowsp_dlydm2intseq_netseed2_obs_p40_pruneseed0,obs,obs_compensated,dlydm2intseq,2,0.0,40,0.4,0.7336602903534652,0.7224838312589148,1.0154694937256599,1.017042035033498,157286.0,1.1712037324905396,,
lowsp_dlydm2intseq_netseed2_lnp_mask_p10_pruneseed0,lnp_mask,vanilla_mask_only,dlydm2intseq,2,0.0,10,0.1,0.7229397474224454,0.7224838312589148,1.0006310399538438,1.0006951879092918,235469.0,1.1707019805908203,,
lowsp_dlydm2intseq_netseed2_lnp_mask_p20_pruneseed0,lnp_mask,vanilla_mask_only,dlydm2intseq,2,0.0,20,0.2,0.7286484690986538,0.7224838312589148,1.0085325616616183,1.009399933659211,209306.0,1.1679595708847046,,
lowsp_dlydm2intseq_netseed2_lnp_mask_p30_pruneseed0,lnp_mask,vanilla_mask_only,dlydm2intseq,2,0.0,30,0.3,0.7353569497906042,0.7224838312589148,1.0178178638396076,1.0196291271816484,183142.0,1.1603723764419556,,
lowsp_dlydm2intseq_netseed2_lnp_mask_p40_pruneseed0,lnp_mask,vanilla_mask_only,dlydm2intseq,2,0.0,40,0.4,0.7097800530165367,0.7224838312589148,0.9824165224289628,0.980629085470374,156979.0,1.1568230390548706,,
lowsp_dlydm2intseq_netseed2_lnp_rescale_p10_pruneseed0,lnp_rescale,noise_prune,dlydm2intseq,2,0.0,10,0.1,0.7211356220324743,0.7224838312589148,0.9981339247079186,0.9979442300396655,176613.0,1.1869293451309204,176613.0,0.9000015258789062
lowsp_dlydm2intseq_netseed2_lnp_rescale_p10_pruneseed1,lnp_rescale,noise_prune,dlydm2intseq,2,1.0,10,0.1,0.7277529194917186,0.7224838312589148,1.0072930188951392,1.0080343859802448,176651.0,1.1609193086624146,176651.0,0.9000015258789062
lowsp_dlydm2intseq_netseed2_lnp_rescale_p10_pruneseed2,lnp_rescale,noise_prune,dlydm2intseq,2,2.0,10,0.1,0.718869067390922,0.7224838312589148,0.9949967546516659,0.9944881530049,176775.0,1.16310453414917,176775.0,0.9000015258789062
lowsp_dlydm2intseq_netseed2_lnp_rescale_p20_pruneseed0,lnp_rescale,noise_prune,dlydm2intseq,2,0.0,20,0.2,0.7173319786110188,0.7224838312589148,0.9928692485215636,0.9921443766250017,167046.0,1.1920926570892334,167046.0,0.7999992370605469
lowsp_dlydm2intseq_netseed2_lnp_rescale_p20_pruneseed1,lnp_rescale,noise_prune,dlydm2intseq,2,1.0,20,0.2,0.727163485023154,0.7224838312589148,1.0064771743833838,1.0071356073260886,167083.0,1.1678181886672974,167083.0,0.7999992370605469
lowsp_dlydm2intseq_netseed2_lnp_rescale_p20_pruneseed2,lnp_rescale,noise_prune,dlydm2intseq,2,2.0,20,0.2,0.7114376339253731,0.7224838312589148,0.9847108034040098,0.9831565900834425,167136.0,1.179531455039978,167136.0,0.7999992370605469
lowsp_dlydm2intseq_netseed2_lnp_rescale_p30_pruneseed0,lnp_rescale,noise_prune,dlydm2intseq,2,0.0,30,0.3,0.7162149840103689,0.7224838312589148,0.991323200634646,0.9904411662472367,155343.0,1.2081305980682373,155343.0,0.7000007629394531
lowsp_dlydm2intseq_netseed2_lnp_rescale_p30_pruneseed1,lnp_rescale,noise_prune,dlydm2intseq,2,1.0,30,0.3,0.719552941636218,0.7224838312589148,0.9959433145824318,0.9955309348688379,155497.0,1.169756531715393,155497.0,0.7000007629394531
lowsp_dlydm2intseq_netseed2_lnp_rescale_p30_pruneseed2,lnp_rescale,noise_prune,dlydm2intseq,2,2.0,30,0.3,0.7040192266359249,0.7224838312589148,0.9744428818693206,0.9718448896736788,155447.0,1.1570308208465576,155447.0,0.7000007629394531
lowsp_dlydm2intseq_netseed2_lnp_rescale_p40_pruneseed0,lnp_rescale,noise_prune,dlydm2intseq,2,0.0,40,0.4,0.7068100848655373,0.7224838312589148,0.9783057478724939,0.9761004328041298,140981.0,1.1906983852386477,140981.0,0.5999984741210938
lowsp_dlydm2intseq_netseed2_lnp_rescale_p40_pruneseed1,lnp_rescale,noise_prune,dlydm2intseq,2,1.0,40,0.4,0.7067221581768564,0.7224838312589148,0.9781840473099668,0.9759663608501948,141206.0,1.1479220390319824,141206.0,0.5999984741210938
lowsp_dlydm2intseq_netseed2_lnp_rescale_p40_pruneseed2,lnp_rescale,noise_prune,dlydm2intseq,2,2.0,40,0.4,0.7088030898089711,0.7224838312589148,0.9810642939564401,0.97913939709332,141008.0,1.1360805034637451,141008.0,0.5999984741210938
lowsp_dlydm2intseq_netseed2_snp_mask_p10_pruneseed0,snp_mask,simulation_noise_prune_mask_only,dlydm2intseq,2,0.0,10,0.1,0.716843497007236,0.7224838312589148,0.9921931342853022,0.9913995324364747,235469.0,1.167703628540039,,
lowsp_dlydm2intseq_netseed2_snp_mask_p10_pruneseed1,snp_mask,simulation_noise_prune_mask_only,dlydm2intseq,2,1.0,10,0.1,0.7167718530386812,0.7224838312589148,0.9920939708639838,0.9912902886221573,235469.0,1.1678950786590576,,
lowsp_dlydm2intseq_netseed2_snp_mask_p10_pruneseed2,snp_mask,simulation_noise_prune_mask_only,dlydm2intseq,2,2.0,10,0.1,0.7166904394380508,0.7224838312589148,0.9919812851579403,0.9911661479240695,235469.0,1.167341709136963,,
lowsp_dlydm2intseq_netseed2_snp_mask_p20_pruneseed0,snp_mask,simulation_noise_prune_mask_only,dlydm2intseq,2,0.0,20,0.2,0.6957769137080965,0.7224838312589148,0.9630345809894707,0.9592768853992664,209306.0,1.1656618118286133,,
lowsp_dlydm2intseq_netseed2_snp_mask_p20_pruneseed1,snp_mask,simulation_noise_prune_mask_only,dlydm2intseq,2,1.0,20,0.2,0.6960667461263409,0.7224838312589148,0.9634357421029858,0.959718826284459,209306.0,1.168205499649048,,
lowsp_dlydm2intseq_netseed2_snp_mask_p20_pruneseed2,snp_mask,simulation_noise_prune_mask_only,dlydm2intseq,2,2.0,20,0.2,0.6959495105414331,0.7224838312589148,0.963273474686283,0.9595400636792125,209306.0,1.1662906408309937,,
lowsp_dlydm2intseq_netseed2_snp_mask_p30_pruneseed0,snp_mask,simulation_noise_prune_mask_only,dlydm2intseq,2,0.0,30,0.3,0.6696333782736409,0.7224838312589148,0.9268489470647627,0.9194128244293004,183142.0,1.156383752822876,,
lowsp_dlydm2intseq_netseed2_snp_mask_p30_pruneseed1,snp_mask,simulation_noise_prune_mask_only,dlydm2intseq,2,1.0,30,0.3,0.6696529175377922,0.7224838312589148,0.9268759916342132,0.9194426181968415,183142.0,1.1567471027374268,,
lowsp_dlydm2intseq_netseed2_snp_mask_p30_pruneseed2,snp_mask,simulation_noise_prune_mask_only,dlydm2intseq,2,2.0,30,0.3,0.6698352840032045,0.7224838312589148,0.9271284076157508,0.9197206933605583,183142.0,1.1566154956817627,,
lowsp_dlydm2intseq_netseed2_snp_mask_p40_pruneseed0,snp_mask,simulation_noise_prune_mask_only,dlydm2intseq,2,0.0,40,0.4,0.6608569921256765,0.7224838312589148,0.9147014279532669,0.9060304571754316,156979.0,1.1594372987747192,,
lowsp_dlydm2intseq_netseed2_snp_mask_p40_pruneseed1,snp_mask,simulation_noise_prune_mask_only,dlydm2intseq,2,1.0,40,0.4,0.6606941649244156,0.7224838312589148,0.9144760565411798,0.9057821757792559,156979.0,1.1548675298690796,,
lowsp_dlydm2intseq_netseed2_snp_mask_p40_pruneseed2,snp_mask,simulation_noise_prune_mask_only,dlydm2intseq,2,2.0,40,0.4,0.6594306258426308,0.7224838312589148,0.9127271743833838,0.9038555121449328,156979.0,1.1577235460281372,,
lowsp_dlydm2intseq_netseed2_snp_rescale_p10_pruneseed0,snp_rescale,simulation_noise_prune_rescale,dlydm2intseq,2,0.0,10,0.1,0.718615056956955,0.7224838312589148,0.9946451752488101,0.9941008340268661,174036.0,1.187674045562744,174036.0,0.9000015258789062
lowsp_dlydm2intseq_netseed2_snp_rescale_p10_pruneseed1,snp_rescale,simulation_noise_prune_rescale,dlydm2intseq,2,1.0,10,0.1,0.7184717690198453,0.7224838312589148,0.9944468484061733,0.9938823463982314,173829.0,1.1415624618530271,173829.0,0.9000015258789062
lowsp_dlydm2intseq_netseed2_snp_rescale_p10_pruneseed2,snp_rescale,simulation_noise_prune_rescale,dlydm2intseq,2,2.0,10,0.1,0.7278962074288282,0.7224838312589148,1.0074913457377759,1.0082528736088794,173980.0,1.18544602394104,173980.0,0.9000015258789062
lowsp_dlydm2intseq_netseed2_snp_rescale_p20_pruneseed0,snp_rescale,simulation_noise_prune_rescale,dlydm2intseq,2,0.0,20,0.2,0.712062890378215,0.7224838312589148,0.9855762296264243,0.984109990644757,164494.0,1.2367368936538696,164494.0,0.7999992370605469
lowsp_dlydm2intseq_netseed2_snp_rescale_p20_pruneseed1,snp_rescale,simulation_noise_prune_rescale,dlydm2intseq,2,1.0,20,0.2,0.7163712981235794,0.7224838312589148,0.9915395571902496,0.9906795163875654,164349.0,1.1635652780532837,164349.0,0.7999992370605469
lowsp_dlydm2intseq_netseed2_snp_rescale_p20_pruneseed2,snp_rescale,simulation_noise_prune_rescale,dlydm2intseq,2,2.0,20,0.2,0.722203768472746,0.7224838312589148,0.9996123611712102,0.9995729559985779,164404.0,1.2138175964355469,164404.0,0.7999992370605469
lowsp_dlydm2intseq_netseed2_snp_rescale_p30_pruneseed0,snp_rescale,simulation_noise_prune_rescale,dlydm2intseq,2,0.0,30,0.3,0.7092427232523757,0.7224838312589148,0.9816727967690755,0.9798097568629944,152896.0,1.1968483924865725,152896.0,0.7000007629394531
lowsp_dlydm2intseq_netseed2_snp_rescale_p30_pruneseed1,snp_rescale,simulation_noise_prune_rescale,dlydm2intseq,2,1.0,30,0.3,0.7103532047649752,0.7224838312589148,0.9832098297995095,0.9815030359849124,152878.0,1.1764941215515137,152878.0,0.7000007629394531
lowsp_dlydm2intseq_netseed2_snp_rescale_p30_pruneseed2,snp_rescale,simulation_noise_prune_rescale,dlydm2intseq,2,2.0,30,0.3,0.7141242827461785,0.7224838312589148,0.9884294317034473,0.987253233120341,152924.0,1.2207762002944946,152924.0,0.7000007629394531
lowsp_dlydm2intseq_netseed2_snp_rescale_p40_pruneseed0,snp_rescale,simulation_noise_prune_rescale,dlydm2intseq,2,0.0,40,0.4,0.6999192377081745,0.7224838312589148,0.9687680297129669,0.9655931641179754,138735.0,1.2359830141067505,138735.0,0.5999984741210938
lowsp_dlydm2intseq_netseed2_snp_rescale_p40_pruneseed1,snp_rescale,simulation_noise_prune_rescale,dlydm2intseq,2,1.0,40,0.4,0.6998410806515694,0.7224838312589148,0.9686598514351652,0.9654739890478111,138995.0,1.1118862628936768,138995.0,0.5999984741210938
lowsp_dlydm2intseq_netseed2_snp_rescale_p40_pruneseed2,snp_rescale,simulation_noise_prune_rescale,dlydm2intseq,2,2.0,40,0.4,0.689859773214274,0.7224838312589148,0.9548445838742247,0.9502543394622422,138834.0,1.183269739151001,138834.0,0.5999984741210938
lowsp_dlydm2intseq_netseed2_snp_rescale_p50_pruneseed0,snp_rescale,simulation_noise_prune_rescale,dlydm2intseq,2,0.0,50,0.5,0.671883650195067,0.7224838312589148,0.9299635799798067,0.9228440733244482,121723.0,1.1993522644042969,121723.0,0.5
lowsp_dlydm2intseq_netseed2_snp_rescale_p50_pruneseed1,snp_rescale,simulation_noise_prune_rescale,dlydm2intseq,2,1.0,50,0.5,0.6808033242801409,0.7224838312589148,0.9423094259339391,0.9364449282069514,121708.0,1.1525038480758667,121708.0,0.5
lowsp_dlydm2intseq_netseed2_snp_rescale_p50_pruneseed2,snp_rescale,simulation_noise_prune_rescale,dlydm2intseq,2,2.0,50,0.5,0.660000521047044,0.7224838312589148,0.9135159743256887,0.9047244970315476,121815.0,1.1278541088104248,121815.0,0.5
lowsp_dlydm2intseq_netseed2_snp_rescale_p60_pruneseed0,snp_rescale,simulation_noise_prune_rescale,dlydm2intseq,2,0.0,60,0.6,0.5642255612653627,0.7224838312589148,0.7809525097360449,0.7586853798010174,101230.0,1.317861557006836,101230.0,0.4000015258789062
lowsp_dlydm2intseq_netseed2_snp_rescale_p60_pruneseed1,snp_rescale,simulation_noise_prune_rescale,dlydm2intseq,2,1.0,60,0.6,0.6268749552225197,0.7224838312589148,0.8676664142506851,0.8542141297935689,101248.0,0.9492825269699096,101248.0,0.4000015258789062
lowsp_dlydm2intseq_netseed2_snp_rescale_p60_pruneseed2,snp_rescale,simulation_noise_prune_rescale,dlydm2intseq,2,2.0,60,0.6,0.5195327510632616,0.7224838312589148,0.7190925645463724,0.6905371021787189,101281.0,1.2388375997543335,101281.0,0.4000015258789062
lowsp_dlydm2intseq_netseed2_snp_rescale_p70_pruneseed0,snp_rescale,simulation_noise_prune_rescale,dlydm2intseq,2,0.0,70,0.7,0.3509838019500185,0.7224838312589148,0.4858016010385114,0.43353109774143367,77727.0,1.3394852876663208,77727.0,0.2999992370605469
lowsp_dlydm2intseq_netseed2_snp_rescale_p70_pruneseed1,snp_rescale,simulation_noise_prune_rescale,dlydm2intseq,2,1.0,70,0.7,0.3736656310856666,0.7224838312589148,0.5171958387422472,0.46811669622870483,77952.0,1.4325343370437622,77952.0,0.2999992370605469
lowsp_dlydm2intseq_netseed2_snp_rescale_p70_pruneseed2,snp_rescale,simulation_noise_prune_rescale,dlydm2intseq,2,2.0,70,0.7,0.3246774393143021,0.7224838312589148,0.4493905957017164,0.39341875537529225,77695.0,1.6850239038467407,77695.0,0.2999992370605469
lowsp_dlydm2intseq_netseed2_snp_rescale_p80_pruneseed0,snp_rescale,simulation_noise_prune_rescale,dlydm2intseq,2,0.0,80,0.8,0.1505532868298846,0.7224838312589148,0.20838291504399245,0.12791159593295204,52290.0,2.12459135055542,52290.0,0.2000007629394531
lowsp_dlydm2intseq_netseed2_snp_rescale_p80_pruneseed1,snp_rescale,simulation_noise_prune_rescale,dlydm2intseq,2,1.0,80,0.8,0.1498791822166643,0.7224838312589148,0.2074498773979517,0.1268837109527847,52429.0,1.958446025848389,52429.0,0.2000007629394531
lowsp_dlydm2intseq_netseed2_snp_rescale_p80_pruneseed2,snp_rescale,simulation_noise_prune_rescale,dlydm2intseq,2,2.0,80,0.8,0.1210066628890755,0.7224838312589148,0.16748701860666365,0.08285845378291451,52429.0,1.8446615934371948,52526.0,0.2000007629394531
lowsp_dm1seqr_netseed0_random_p10_pruneseed0,random,random_unstructured,dm1seqr,0,0.0,10,0.1,0.3116924959482416,0.6325103978859259,0.4927863589120882,0.43302738152387465,235463.0,1.3881224393844604,,
lowsp_dm1seqr_netseed0_random_p10_pruneseed1,random,random_unstructured,dm1seqr,0,1.0,10,0.1,0.3311474449514114,0.6325103978859259,0.5235446659188903,0.46740957563469215,235471.0,1.4235719442367554,,
lowsp_dm1seqr_netseed0_random_p10_pruneseed2,random,random_unstructured,dm1seqr,0,2.0,10,0.1,0.3176871456745445,0.6325103978859259,0.5022639101845086,0.4436215604385828,235468.0,1.4018168449401855,,
lowsp_dm1seqr_netseed0_random_p20_pruneseed0,random,random_unstructured,dm1seqr,0,0.0,20,0.2,0.1168175634775477,0.6325103978859259,0.1846887638021342,0.0886302949805907,209289.0,1.1506755352020264,,
lowsp_dm1seqr_netseed0_random_p20_pruneseed1,random,random_unstructured,dm1seqr,0,1.0,20,0.2,0.1263042105742757,0.6325103978859259,0.19968716877450424,0.1053957844140188,209306.0,1.192779302597046,,
lowsp_dm1seqr_netseed0_random_p20_pruneseed2,random,random_unstructured,dm1seqr,0,2.0,20,0.2,0.1198148883406991,0.6325103978859259,0.18942753943834434,0.09392738443794474,209312.0,1.1384762525558472,,
lowsp_dm1seqr_netseed0_random_p30_pruneseed0,random,random_unstructured,dm1seqr,0,0.0,30,0.3,0.0508926886101655,0.6325103978859259,0.0804614260576062,-0.02787691580944438,183124.0,0.8061544895172119,,
lowsp_dm1seqr_netseed0_random_p30_pruneseed1,random,random_unstructured,dm1seqr,0,1.0,30,0.3,0.0524808477124651,0.6325103978859259,0.08297230826224312,-0.025070206086112306,183132.0,0.9235342144966124,,
lowsp_dm1seqr_netseed0_random_p30_pruneseed2,random,random_unstructured,dm1seqr,0,2.0,30,0.3,0.050463104590691,0.6325103978859259,0.07978225300225356,-0.02863610778378834,183150.0,0.8546373844146729,,
lowsp_dm1seqr_netseed0_random_p40_pruneseed0,random,random_unstructured,dm1seqr,0,0.0,40,0.4,0.0205191457786861,0.6325103978859259,0.03244080389392548,-0.08155523926816964,156953.0,0.5486428737640381,,
lowsp_dm1seqr_netseed0_random_p40_pruneseed1,random,random_unstructured,dm1seqr,0,1.0,40,0.4,0.0210821611981488,0.6325103978859259,0.03333093221647085,-0.08056023766543113,156967.0,0.7059279680252075,,
lowsp_dm1seqr_netseed0_random_p40_pruneseed2,random,random_unstructured,dm1seqr,0,2.0,40,0.4,0.019751101622656,0.6325103978859259,0.031226524794961772,-0.0829125824950269,156984.0,0.6096542477607727,,
lowsp_dm1seqr_netseed0_magnitude_p10_pruneseed0,magnitude,l1_unstructured,dm1seqr,0,0.0,10,0.1,0.6324583270956866,0.6325103978859259,0.9999176759932906,0.9999079767303827,235930.0,1.6819437742233276,,
lowsp_dm1seqr_netseed0_magnitude_p20_pruneseed0,magnitude,l1_unstructured,dm1seqr,0,0.0,20,0.2,0.6309840728470355,0.6325103978859259,0.9975868775533305,0.9973025679093387,209715.0,1.6787737607955933,,
lowsp_dm1seqr_netseed0_magnitude_p30_pruneseed0,magnitude,l1_unstructured,dm1seqr,0,0.0,30,0.3,0.6228545207209201,0.6325103978859259,0.9847340420058245,0.9829354349403152,183501.0,1.674788475036621,,
lowsp_dm1seqr_netseed0_magnitude_p40_pruneseed0,magnitude,l1_unstructured,dm1seqr,0,0.0,40,0.4,0.6026673262300097,0.6325103978859259,0.9528180536546714,0.9472591636005026,157286.0,1.6637789011001587,,
lowsp_dm1seqr_netseed0_obs_p10_pruneseed0,obs,obs_compensated,dm1seqr,0,0.0,10,0.1,0.6323216412713083,0.6325103978859259,0.9997015754756784,0.9996664156476367,235930.0,1.6806763410568235,,
lowsp_dm1seqr_netseed0_obs_p20_pruneseed0,obs,obs_compensated,dm1seqr,0,0.0,20,0.2,0.6320450151981619,0.6325103978859259,0.9992642291900348,0.9991775420277942,209715.0,1.680567502975464,,
lowsp_dm1seqr_netseed0_obs_p30_pruneseed0,obs,obs_compensated,dm1seqr,0,0.0,30,0.3,0.6294121858666858,0.6325103978859259,0.9951017216007904,0.9945246154577622,183501.0,1.673188328742981,,
lowsp_dm1seqr_netseed0_obs_p40_pruneseed0,obs,obs_compensated,dm1seqr,0,0.0,40,0.4,0.6198148883406992,0.6325103978859259,0.9799283781141629,0.977563576576397,157286.0,1.6755491495132446,,
lowsp_dm1seqr_netseed0_lnp_mask_p10_pruneseed0,lnp_mask,vanilla_mask_only,dm1seqr,0,0.0,10,0.1,0.6325559598273853,0.6325103978859259,1.0000720335058708,1.0000805203609153,235469.0,1.677183985710144,,
lowsp_dm1seqr_netseed0_lnp_mask_p20_pruneseed0,lnp_mask,vanilla_mask_only,dm1seqr,0,0.0,20,0.2,0.6314462011104096,0.6325103978859259,0.9983175031128766,0.9981192744271935,209306.0,1.6578742265701294,,
lowsp_dm1seqr_netseed0_lnp_mask_p30_pruneseed0,lnp_mask,vanilla_mask_only,dm1seqr,0,0.0,30,0.3,0.6254092438670372,0.6325103978859259,0.9887730635850047,0.9874503266059211,183142.0,1.6273459196090698,,
lowsp_dm1seqr_netseed0_lnp_mask_p40_pruneseed0,lnp_mask,vanilla_mask_only,dm1seqr,0,0.0,40,0.4,0.6046232352883746,0.6325103978859259,0.9559103491566936,0.9507157876655078,156979.0,1.5884727239608765,,
lowsp_dm1seqr_netseed0_lnp_rescale_p10_pruneseed0,lnp_rescale,noise_prune,dm1seqr,0,0.0,10,0.1,0.630479637066592,0.6325103978859259,0.9967893637383332,0.9964110924849198,179282.0,1.700245380401611,179282.0,0.9000015258789062
lowsp_dm1seqr_netseed0_lnp_rescale_p10_pruneseed1,lnp_rescale,noise_prune,dm1seqr,0,1.0,10,0.1,0.631641466573807,0.6325103978859259,0.9986262181380368,0.9984643616882589,179208.0,1.6715704202651978,179208.0,0.9000015258789062
lowsp_dm1seqr_netseed0_lnp_rescale_p10_pruneseed2,lnp_rescale,noise_prune,dm1seqr,0,2.0,10,0.1,0.630173721173936,0.6325103978859259,0.9963057101989155,0.9958704557759173,179094.0,1.6867588758468628,179094.0,0.9000015258789062
lowsp_dm1seqr_netseed0_lnp_rescale_p20_pruneseed0,lnp_rescale,noise_prune,dm1seqr,0,0.0,20,0.2,0.6309254932080163,0.6325103978859259,0.9974942630457825,0.997199041731019,169600.0,1.7004103660583496,169600.0,0.7999992370605469
lowsp_dm1seqr_netseed0_lnp_rescale_p20_pruneseed1,lnp_rescale,noise_prune,dm1seqr,0,1.0,20,0.2,0.630945019754356,0.6325103978859259,0.9975251345482985,0.9972335504571256,169676.0,1.6917924880981443,169676.0,0.7999992370605469
lowsp_dm1seqr_netseed0_lnp_rescale_p20_pruneseed2,lnp_rescale,noise_prune,dm1seqr,0,2.0,20,0.2,0.6290314182130606,0.6325103978859259,0.9944997273017278,0.9938516952986846,169436.0,1.6931318044662476,169436.0,0.7999992370605469
lowsp_dm1seqr_netseed0_lnp_rescale_p30_pruneseed0,lnp_rescale,noise_prune,dm1seqr,0,0.0,30,0.3,0.6312151369787226,0.6325103978859259,0.9979521903331036,0.9977109211682661,157665.0,1.7217462062835691,157665.0,0.7000007629394531
lowsp_dm1seqr_netseed0_lnp_rescale_p30_pruneseed1,lnp_rescale,noise_prune,dm1seqr,0,1.0,30,0.3,0.6319994532567025,0.6325103978859259,0.999192195684164,0.9990970216668789,157798.0,1.6909910440444946,157798.0,0.7000007629394531
lowsp_dm1seqr_netseed0_lnp_rescale_p30_pruneseed2,lnp_rescale,noise_prune,dm1seqr,0,2.0,30,0.3,0.6284879293399377,0.6325103978859259,0.9936404704816985,0.9928912024220525,157253.0,1.686514377593994,157253.0,0.7000007629394531
lowsp_dm1seqr_netseed0_lnp_rescale_p40_pruneseed0,lnp_rescale,noise_prune,dm1seqr,0,0.0,40,0.4,0.6297604092764113,0.6325103978859259,0.9956522633956596,0.9951400210733288,142979.0,1.7302991151809692,142979.0,0.5999984741210938
lowsp_dm1seqr_netseed0_lnp_rescale_p40_pruneseed1,lnp_rescale,noise_prune,dm1seqr,0,1.0,40,0.4,0.6316675019689267,0.6325103978859259,0.9986673801413914,0.9985103733230677,142797.0,1.6829293966293335,142797.0,0.5999984741210938
lowsp_dm1seqr_netseed0_lnp_rescale_p40_pruneseed2,lnp_rescale,noise_prune,dm1seqr,0,2.0,40,0.4,0.6250089496670724,0.6325103978859259,0.9881401977834262,0.9867428977207371,142527.0,1.6797611713409424,142527.0,0.5999984741210938
lowsp_dm1seqr_netseed0_snp_mask_p10_pruneseed0,snp_mask,simulation_noise_prune_mask_only,dm1seqr,0,0.0,10,0.1,0.6327740062615125,0.6325103978859259,1.0004167652839664,1.0004658678024383,235469.0,1.6668578386306765,,
lowsp_dm1seqr_netseed0_snp_mask_p10_pruneseed1,snp_mask,simulation_noise_prune_mask_only,dm1seqr,0,1.0,10,0.1,0.6328195682029719,0.6325103978859259,1.0004887987898372,1.0005463881633536,235469.0,1.6665775775909424,,
lowsp_dm1seqr_netseed0_snp_mask_p10_pruneseed2,snp_mask,simulation_noise_prune_mask_only,dm1seqr,0,2.0,10,0.1,0.6328228226273619,0.6325103978859259,1.0004939440402565,1.0005521396177046,235469.0,1.666797161102295,,
lowsp_dm1seqr_netseed0_snp_mask_p20_pruneseed0,snp_mask,simulation_noise_prune_mask_only,dm1seqr,0,0.0,20,0.2,0.6326861368029837,0.6325103978859259,1.0002778435226443,1.000310578534959,209306.0,1.6204499006271362,,
lowsp_dm1seqr_netseed0_snp_mask_p20_pruneseed1,snp_mask,simulation_noise_prune_mask_only,dm1seqr,0,1.0,20,0.2,0.632653592559084,0.6325103978859259,1.0002263910184508,1.000253063991448,209306.0,1.620332956314087,,
lowsp_dm1seqr_netseed0_snp_mask_p20_pruneseed2,snp_mask,simulation_noise_prune_mask_only,dm1seqr,0,2.0,20,0.2,0.6326405748615243,0.6325103978859259,1.0002058100167737,1.0002300581740438,209306.0,1.620877027511597,,
lowsp_dm1seqr_netseed0_snp_mask_p30_pruneseed0,snp_mask,simulation_noise_prune_mask_only,dm1seqr,0,0.0,30,0.3,0.6303624777885536,0.6325103978859259,0.9966041347232371,0.9962040401282806,183142.0,1.5324029922485352,,
lowsp_dm1seqr_netseed0_snp_mask_p30_pruneseed1,snp_mask,simulation_noise_prune_mask_only,dm1seqr,0,1.0,30,0.3,0.6305089268861016,0.6325103978859259,0.9968356709921071,0.9964628555740794,183142.0,1.530522108078003,,
lowsp_dm1seqr_netseed0_snp_mask_p30_pruneseed2,snp_mask,simulation_noise_prune_mask_only,dm1seqr,0,2.0,30,0.3,0.6307237188958389,0.6325103978859259,0.9971752575197835,0.9968424515612515,183142.0,1.531876802444458,,
lowsp_dm1seqr_netseed0_snp_mask_p40_pruneseed0,snp_mask,simulation_noise_prune_mask_only,dm1seqr,0,0.0,40,0.4,0.6182364925115694,0.6325103978859259,0.9774329316607839,0.9747741212161182,156979.0,1.4232417345046997,,
lowsp_dm1seqr_netseed0_snp_mask_p40_pruneseed1,snp_mask,simulation_noise_prune_mask_only,dm1seqr,0,1.0,40,0.4,0.617341525804331,0.6325103978859259,0.976017987795466,0.9731924712695684,156979.0,1.421317219734192,,
lowsp_dm1seqr_netseed0_snp_mask_p40_pruneseed2,snp_mask,simulation_noise_prune_mask_only,dm1seqr,0,2.0,40,0.4,0.6173089815604315,0.6325103978859259,0.9759665352912728,0.9731349567260577,156979.0,1.419018268585205,,
lowsp_dm1seqr_netseed0_snp_rescale_p10_pruneseed0,snp_rescale,simulation_noise_prune_rescale,dm1seqr,0,0.0,10,0.1,0.6330148336663695,0.6325103978859259,1.0007975138149974,1.0008914754244191,178423.0,1.6812671422958374,178423.0,0.9000015258789062
lowsp_dm1seqr_netseed0_snp_rescale_p10_pruneseed1,snp_rescale,simulation_noise_prune_rescale,dm1seqr,0,1.0,10,0.1,0.6324062563054472,0.6325103978859259,0.9998353519865811,0.9998159534607651,178084.0,1.6785359382629397,178084.0,0.9000015258789062
lowsp_dm1seqr_netseed0_snp_rescale_p10_pruneseed2,snp_rescale,simulation_noise_prune_rescale,dm1seqr,0,2.0,10,0.1,0.6328879111151611,0.6325103978859259,1.0005968490486432,1.0006671687047266,178151.0,1.6634262800216677,178151.0,0.9000015258789062
lowsp_dm1seqr_netseed0_snp_rescale_p20_pruneseed0,snp_rescale,simulation_noise_prune_rescale,dm1seqr,0,0.0,20,0.2,0.6328716389932113,0.6325103978859259,1.0005711227965466,1.0006384114329712,168843.0,1.6860803365707395,168843.0,0.7999992370605469
lowsp_dm1seqr_netseed0_snp_rescale_p20_pruneseed1,snp_rescale,simulation_noise_prune_rescale,dm1seqr,0,1.0,20,0.2,0.6310361436372749,0.6325103978859259,0.99766920156004,0.9973945911789562,168541.0,1.667768120765686,168541.0,0.7999992370605469
lowsp_dm1seqr_netseed0_snp_rescale_p20_pruneseed2,snp_rescale,simulation_noise_prune_rescale,dm1seqr,0,2.0,20,0.2,0.6326177938907945,0.6325103978859259,1.0001697932638383,1.000189797993586,168745.0,1.6446937322616575,168745.0,0.7999992370605469
lowsp_dm1seqr_netseed0_snp_rescale_p30_pruneseed0,snp_rescale,simulation_noise_prune_rescale,dm1seqr,0,0.0,30,0.3,0.6326177938907945,0.6325103978859259,1.0001697932638383,1.000189797993586,157122.0,1.6815696954727173,157122.0,0.7000007629394531
lowsp_dm1seqr_netseed0_snp_rescale_p30_pruneseed1,snp_rescale,simulation_noise_prune_rescale,dm1seqr,0,1.0,30,0.3,0.6324908713395861,0.6325103978859259,0.999969128497484,0.9999654912738934,156877.0,1.6650373935699463,156877.0,0.7000007629394531
lowsp_dm1seqr_netseed0_snp_rescale_p30_pruneseed2,snp_rescale,simulation_noise_prune_rescale,dm1seqr,0,2.0,30,0.3,0.633359802651705,0.6325103978859259,1.0013429103594473,1.0015011295856346,156952.0,1.6677991151809692,156952.0,0.7000007629394531
lowsp_dm1seqr_netseed0_snp_rescale_p40_pruneseed0,snp_rescale,simulation_noise_prune_rescale,dm1seqr,0,0.0,40,0.4,0.6336429375736313,0.6325103978859259,1.0017905471459296,1.0020015061141794,142388.0,1.6653623580932615,142388.0,0.5999984741210938
lowsp_dm1seqr_netseed0_snp_rescale_p40_pruneseed1,snp_rescale,simulation_noise_prune_rescale,dm1seqr,0,1.0,40,0.4,0.6300565618958974,0.6325103978859259,0.9961204811838192,0.995663403419278,142132.0,1.6756443977355957,142132.0,0.5999984741210938
lowsp_dm1seqr_netseed0_snp_rescale_p40_pruneseed2,snp_rescale,simulation_noise_prune_rescale,dm1seqr,0,2.0,40,0.4,0.631960400164023,0.6325103978859259,0.9991304526791319,0.9990280042146658,142256.0,1.674776315689087,142256.0,0.5999984741210938
lowsp_dm1seqr_netseed0_snp_rescale_p50_pruneseed0,snp_rescale,simulation_noise_prune_rescale,dm1seqr,0,0.0,50,0.5,0.6282471019350807,0.6325103978859259,0.9932597219506674,0.9924655948000718,124259.0,1.6825995445251465,124259.0,0.5
lowsp_dm1seqr_netseed0_snp_rescale_p50_pruneseed1,snp_rescale,simulation_noise_prune_rescale,dm1seqr,0,1.0,50,0.5,0.6206447665601386,0.6325103978859259,0.9812404169710941,0.9790301974359251,123930.0,1.698028802871704,123930.0,0.5
lowsp_dm1seqr_netseed0_snp_rescale_p50_pruneseed2,snp_rescale,simulation_noise_prune_rescale,dm1seqr,0,2.0,50,0.5,0.6269616043010473,0.6325103978859259,0.991227348035029,0.9901937703313912,124178.0,1.731990933418274,124178.0,0.5
lowsp_dm1seqr_netseed0_snp_rescale_p60_pruneseed0,snp_rescale,simulation_noise_prune_rescale,dm1seqr,0,0.0,60,0.6,0.6231344012184565,0.6325103978859259,0.9851765335418876,0.9834300600145092,102598.0,1.6246881484985352,102598.0,0.4000015258789062
lowsp_dm1seqr_netseed0_snp_rescale_p60_pruneseed1,snp_rescale,simulation_noise_prune_rescale,dm1seqr,0,1.0,60,0.6,0.6168663798433971,0.6325103978859259,0.9752667812342427,0.9723527589343093,102450.0,1.7215416431427002,102450.0,0.4000015258789062
lowsp_dm1seqr_netseed0_snp_rescale_p60_pruneseed2,snp_rescale,simulation_noise_prune_rescale,dm1seqr,0,2.0,60,0.6,0.6252790668914389,0.6325103978859259,0.9885672535682312,0.9872202684318774,102539.0,1.7247567176818848,102539.0,0.4000015258789062
lowsp_dm1seqr_netseed0_snp_rescale_p70_pruneseed0,snp_rescale,simulation_noise_prune_rescale,dm1seqr,0,0.0,70,0.7,0.6085122724343746,0.6325103978859259,0.9620589234078023,0.9575887756150606,78355.0,1.622158408164978,78355.0,0.2999992370605469
lowsp_dm1seqr_netseed0_snp_rescale_p70_pruneseed1,snp_rescale,simulation_noise_prune_rescale,dm1seqr,0,1.0,70,0.7,0.6048673171176214,0.6325103978859259,0.9562962429381439,0.9511471467418395,77936.0,1.842950463294983,77936.0,0.2999992370605469
lowsp_dm1seqr_netseed0_snp_rescale_p70_pruneseed2,snp_rescale,simulation_noise_prune_rescale,dm1seqr,0,2.0,70,0.7,0.6050170206395595,0.6325103978859259,0.9565329244574334,0.9514117136419897,78089.0,1.7225531339645386,78089.0,0.2999992370605469
lowsp_dm1seqr_netseed0_snp_rescale_p80_pruneseed0,snp_rescale,simulation_noise_prune_rescale,dm1seqr,0,0.0,80,0.8,0.5383599002844367,0.6325103978859259,0.8511479053685543,0.8336104256229593,52429.0,2.0373239517211914,52535.0,0.2000007629394531
lowsp_dm1seqr_netseed0_snp_rescale_p80_pruneseed1,snp_rescale,simulation_noise_prune_rescale,dm1seqr,0,1.0,80,0.8,0.5417510104987731,0.6325103978859259,0.8565092563055043,0.8396034410567952,52072.0,2.0435609817504883,52072.0,0.2000007629394531
lowsp_dm1seqr_netseed0_snp_rescale_p80_pruneseed2,snp_rescale,simulation_noise_prune_rescale,dm1seqr,0,2.0,80,0.8,0.5665985407161035,0.6325103978859259,0.8957932432571493,0.8835157950273692,52429.0,2.052701950073242,52442.0,0.2000007629394531
lowsp_dm1seqr_netseed1_random_p10_pruneseed0,random,random_unstructured,dm1seqr,1,0.0,10,0.1,0.3670860534897193,0.5831798329829403,0.629456014643184,0.5816296784177202,235472.0,0.4469041228294372,,
lowsp_dm1seqr_netseed1_random_p10_pruneseed1,random,random_unstructured,dm1seqr,1,1.0,10,0.1,0.3678606064945293,0.5831798329829403,0.630784169289493,0.5831292587872469,235464.0,0.4525707066059112,,
lowsp_dm1seqr_netseed1_random_p10_pruneseed2,random,random_unstructured,dm1seqr,1,2.0,10,0.1,0.3548624354810364,0.5831798329829403,0.6084957253510123,0.5579640319137585,235468.0,0.4759598672389984,,
lowsp_dm1seqr_netseed1_random_p20_pruneseed0,random,random_unstructured,dm1seqr,1,0.0,20,0.2,0.1611656046395074,0.5831798329829403,0.2763566151030157,0.1829555258906541,209302.0,0.29839026927948,,
lowsp_dm1seqr_netseed1_random_p20_pruneseed1,random,random_unstructured,dm1seqr,1,1.0,20,0.2,0.1578851448544296,0.5831798329829403,0.2707314895421773,0.17660436197265805,209305.0,0.3318660855293274,,
lowsp_dm1seqr_netseed1_random_p20_pruneseed2,random,random_unstructured,dm1seqr,1,2.0,20,0.2,0.1567363330447743,0.5831798329829403,0.26876157949954227,0.17438019444978828,209312.0,0.3434040546417236,,
lowsp_dm1seqr_netseed1_random_p30_pruneseed0,random,random_unstructured,dm1seqr,1,0.0,30,0.3,0.0828706626658942,0.5831798329829403,0.1421013861916559,0.031371893411339356,183150.0,0.2806908786296844,,
lowsp_dm1seqr_netseed1_random_p30_pruneseed1,random,random_unstructured,dm1seqr,1,1.0,30,0.3,0.0851162154949654,0.5831798329829403,0.14595191856961093,0.035719416331396324,183143.0,0.269211083650589,,
lowsp_dm1seqr_netseed1_random_p30_pruneseed2,random,random_unstructured,dm1seqr,1,2.0,30,0.3,0.0827046870220064,0.5831798329829403,0.1418167816245898,0.03105055476072658,183150.0,0.2821693420410156,,
lowsp_dm1seqr_netseed1_random_p40_pruneseed0,random,random_unstructured,dm1seqr,1,0.0,40,0.4,0.0401107806062341,0.5831798329829403,0.06877943704100525,-0.05141376404753978,156984.0,0.1801542788743972,,
lowsp_dm1seqr_netseed1_random_p40_pruneseed1,random,random_unstructured,dm1seqr,1,1.0,40,0.4,0.0423823688304249,0.5831798329829403,0.07267461327261758,-0.047015835064641694,156972.0,0.1682446002960205,,
lowsp_dm1seqr_netseed1_random_p40_pruneseed2,random,random_unstructured,dm1seqr,1,2.0,40,0.4,0.0395965815526207,0.5831798329829403,0.06789772093127064,-0.052409283788654275,156984.0,0.1827843785285949,,
lowsp_dm1seqr_netseed1_magnitude_p10_pruneseed0,magnitude,l1_unstructured,dm1seqr,1,0.0,10,0.1,0.5833783528707277,0.5831798329829403,1.000340409384138,1.0003843462291644,235930.0,0.5669352412223816,,
lowsp_dm1seqr_netseed1_magnitude_p20_pruneseed0,magnitude,l1_unstructured,dm1seqr,1,0.0,20,0.2,0.5826884149000566,0.5831798329829403,0.9991573472622157,0.9990485855638717,209715.0,0.5618682503700256,,
lowsp_dm1seqr_netseed1_magnitude_p30_pruneseed0,magnitude,l1_unstructured,dm1seqr,1,0.0,30,0.3,0.5815135676952817,0.5831798329829403,0.9971427933659234,0.9967740119781607,183501.0,0.5279906988143921,,
lowsp_dm1seqr_netseed1_magnitude_p40_pruneseed0,magnitude,l1_unstructured,dm1seqr,1,0.0,40,0.4,0.574568626047111,0.5831798329829403,0.9852340454027991,0.9833281947152603,157286.0,0.4831254780292511,,
lowsp_dm1seqr_netseed1_obs_p10_pruneseed0,obs,obs_compensated,dm1seqr,1,0.0,10,0.1,0.5832449214707395,0.5831798329829403,1.0001116096341436,1.0001260151571032,235930.0,0.5651711225509644,,
lowsp_dm1seqr_netseed1_obs_p20_pruneseed0,obs,obs_compensated,dm1seqr,1,0.0,20,0.2,0.5830984723731913,0.5831798329829403,0.9998604879573205,0.9998424810536212,209715.0,0.5564276576042175,,
lowsp_dm1seqr_netseed1_obs_p30_pruneseed0,obs,obs_compensated,dm1seqr,1,0.0,30,0.3,0.5828771715146742,0.5831798329829403,0.9994810152012322,0.9994140295194707,183501.0,0.5307633280754089,,
lowsp_dm1seqr_netseed1_obs_p40_pruneseed0,obs,obs_compensated,dm1seqr,1,0.0,40,0.4,0.5826949237488366,0.5831798329829403,0.9991685082256301,0.999061187079582,157286.0,0.4834349453449249,,
lowsp_dm1seqr_netseed1_lnp_mask_p10_pruneseed0,lnp_mask,vanilla_mask_only,dm1seqr,1,0.0,10,0.1,0.5833100099585387,0.5831798329829403,1.0002232192682874,1.0002520303142062,235469.0,0.5591263771057129,,
lowsp_dm1seqr_netseed1_lnp_mask_p20_pruneseed0,lnp_mask,vanilla_mask_only,dm1seqr,1,0.0,20,0.2,0.5830496560073419,0.5831798329829403,0.9997767807317127,0.9997479696857937,209306.0,0.5341576933860779,,
lowsp_dm1seqr_netseed1_lnp_mask_p30_pruneseed0,lnp_mask,vanilla_mask_only,dm1seqr,1,0.0,30,0.3,0.5816697800659997,0.5831798329829403,0.997410656487868,0.9970764483552081,183142.0,0.4760279357433319,,
lowsp_dm1seqr_netseed1_lnp_mask_p40_pruneseed0,lnp_mask,vanilla_mask_only,dm1seqr,1,0.0,40,0.4,0.5777774884956098,0.5831798329829403,0.9907364003660797,0.9895407419604432,156979.0,0.3974426686763763,,
lowsp_dm1seqr_netseed1_lnp_rescale_p10_pruneseed0,lnp_rescale,noise_prune,dm1seqr,1,0.0,10,0.1,0.5843416624901554,0.5831798329829403,1.0019922319694636,1.0022493705542903,182786.0,0.6045219898223877,182786.0,0.9000015258789062
lowsp_dm1seqr_netseed1_lnp_rescale_p10_pruneseed1,lnp_rescale,noise_prune,dm1seqr,1,1.0,10,0.1,0.582890189212234,0.5831798329829403,0.9995033371280608,0.9994392325508912,182789.0,0.5556715726852417,182789.0,0.9000015258789062
lowsp_dm1seqr_netseed1_lnp_rescale_p10_pruneseed2,lnp_rescale,noise_prune,dm1seqr,1,2.0,10,0.1,0.5834206603877972,0.5831798329829403,1.0004129556463313,1.0004662560812814,182802.0,0.5842739939689636,182802.0,0.9000015258789062
lowsp_dm1seqr_netseed1_lnp_rescale_p20_pruneseed0,lnp_rescale,noise_prune,dm1seqr,1,0.0,20,0.2,0.5847354478413404,0.5831798329829403,1.0026674702560325,1.003011762254764,173050.0,0.6381956934928894,173050.0,0.7999992370605469
lowsp_dm1seqr_netseed1_lnp_rescale_p20_pruneseed1,lnp_rescale,noise_prune,dm1seqr,1,1.0,20,0.2,0.5825322025293387,0.5831798329829403,0.9988894841402711,0.9987461491868244,173257.0,0.5518367290496826,173257.0,0.7999992370605469
lowsp_dm1seqr_netseed1_lnp_rescale_p20_pruneseed2,lnp_rescale,noise_prune,dm1seqr,1,2.0,20,0.2,0.5820212579001152,0.5831798329829403,0.9980133485122435,0.9977569302035648,173167.0,0.554916262626648,173167.0,0.7999992370605469
lowsp_dm1seqr_netseed1_lnp_rescale_p30_pruneseed0,lnp_rescale,noise_prune,dm1seqr,1,0.0,30,0.3,0.5848591159681588,0.5831798329829403,1.0028795285609056,1.00325119105326,161272.0,0.6513972282409668,161272.0,0.7000007629394531
lowsp_dm1seqr_netseed1_lnp_rescale_p30_pruneseed1,lnp_rescale,noise_prune,dm1seqr,1,1.0,30,0.3,0.5820310211732851,0.5831798329829403,0.9980300899573652,0.9977758324771304,161267.0,0.5904815793037415,161267.0,0.7000007629394531
lowsp_dm1seqr_netseed1_lnp_rescale_p30_pruneseed2,lnp_rescale,noise_prune,dm1seqr,1,2.0,30,0.3,0.5818975897732968,0.5831798329829403,0.9978012902073706,0.9975175014050689,161343.0,0.6615720391273499,161343.0,0.7000007629394531
lowsp_dm1seqr_netseed1_lnp_rescale_p40_pruneseed0,lnp_rescale,noise_prune,dm1seqr,1,0.0,40,0.4,0.5853277530803127,0.5831798329829403,1.0036831179267396,1.0041585001844022,146056.0,0.705129086971283,146056.0,0.5999984741210938
lowsp_dm1seqr_netseed1_lnp_rescale_p40_pruneseed1,lnp_rescale,noise_prune,dm1seqr,1,1.0,40,0.4,0.5808041031782709,0.5831798329829403,0.995926248353758,0.9954004467657371,146211.0,0.6475957036018372,146211.0,0.5999984741210938
lowsp_dm1seqr_netseed1_lnp_rescale_p40_pruneseed2,lnp_rescale,noise_prune,dm1seqr,1,2.0,40,0.4,0.58553603624127,0.5831798329829403,1.004040268755999,1.004561748687132,146112.0,0.7125799059867859,146112.0,0.5999984741210938
lowsp_dm1seqr_netseed1_snp_mask_p10_pruneseed0,snp_mask,simulation_noise_prune_mask_only,dm1seqr,1,0.0,10,0.1,0.5827307224171261,0.5831798329829403,0.999229893524409,0.9991304954159886,235469.0,0.5644599795341492,,
lowsp_dm1seqr_netseed1_snp_mask_p10_pruneseed1,snp_mask,simulation_noise_prune_mask_only,dm1seqr,1,1.0,10,0.1,0.5826526162317671,0.5831798329829403,0.9990959619634368,0.998979277227465,235469.0,0.5658108592033386,,
lowsp_dm1seqr_netseed1_snp_mask_p10_pruneseed2,snp_mask,simulation_noise_prune_mask_only,dm1seqr,1,2.0,10,0.1,0.5826688883537169,0.5831798329829403,0.9991238643719726,0.9990107810167407,235469.0,0.5651686191558838,,
lowsp_dm1seqr_netseed1_snp_mask_p20_pruneseed0,snp_mask,simulation_noise_prune_mask_only,dm1seqr,1,0.0,20,0.2,0.5785032251345704,0.5831798329829403,0.991980847786781,0.9909458109621425,209306.0,0.5508167147636414,,
lowsp_dm1seqr_netseed1_snp_mask_p20_pruneseed1,snp_mask,simulation_noise_prune_mask_only,dm1seqr,1,1.0,20,0.2,0.5786073667150491,0.5831798329829403,0.9921594232014107,0.9911474352135075,209306.0,0.5524487495422363,,
lowsp_dm1seqr_netseed1_snp_mask_p20_pruneseed2,snp_mask,simulation_noise_prune_mask_only,dm1seqr,1,2.0,20,0.2,0.5785910945930993,0.5831798329829403,0.9921315207928749,0.9911159314242317,209306.0,0.5522544384002686,,
lowsp_dm1seqr_netseed1_snp_mask_p30_pruneseed0,snp_mask,simulation_noise_prune_mask_only,dm1seqr,1,0.0,30,0.3,0.56765297421845,0.5831798329829403,0.9733755217750396,0.9699390842730563,183142.0,0.5198548436164856,,
lowsp_dm1seqr_netseed1_snp_mask_p30_pruneseed1,snp_mask,simulation_noise_prune_mask_only,dm1seqr,1,1.0,30,0.3,0.5677180627062491,0.5831798329829403,0.9734871314091833,0.9700650994301595,183142.0,0.5253147482872009,,
lowsp_dm1seqr_netseed1_snp_mask_p30_pruneseed2,snp_mask,simulation_noise_prune_mask_only,dm1seqr,1,2.0,30,0.3,0.5676627374916199,0.5831798329829403,0.9733922632201613,0.9699579865466219,183142.0,0.525740921497345,,
lowsp_dm1seqr_netseed1_snp_mask_p40_pruneseed0,snp_mask,simulation_noise_prune_mask_only,dm1seqr,1,0.0,40,0.4,0.5535417900635915,0.5831798329829403,0.949178553092703,0.9426189982131052,156979.0,0.4451150298118591,,
lowsp_dm1seqr_netseed1_snp_mask_p40_pruneseed1,snp_mask,simulation_noise_prune_mask_only,dm1seqr,1,1.0,40,0.4,0.5533725599953137,0.5831798329829403,0.9488883680439296,0.9422913588046371,156979.0,0.4494781196117401,,
lowsp_dm1seqr_netseed1_snp_mask_p40_pruneseed2,snp_mask,simulation_noise_prune_mask_only,dm1seqr,1,2.0,40,0.4,0.5528681242148701,0.5831798329829403,0.9480233933793165,0.941314741337088,156979.0,0.4519838094711303,,
lowsp_dm1seqr_netseed1_snp_rescale_p10_pruneseed0,snp_rescale,simulation_noise_prune_rescale,dm1seqr,1,0.0,10,0.1,0.5820082402025554,0.5831798329829403,0.9979910265854148,0.9977317271721443,179340.0,0.6410830616950989,179340.0,0.9000015258789062
lowsp_dm1seqr_netseed1_snp_rescale_p10_pruneseed1,snp_rescale,simulation_noise_prune_rescale,dm1seqr,1,1.0,10,0.1,0.5818617911050072,0.5831798329829403,0.9977399049085917,0.9974481930686623,179226.0,0.5763993263244629,179226.0,0.9000015258789062
lowsp_dm1seqr_netseed1_snp_rescale_p10_pruneseed2,snp_rescale,simulation_noise_prune_rescale,dm1seqr,1,2.0,10,0.1,0.5829975852171027,0.5831798329829403,0.9996874930243979,0.9996471575601114,179440.0,0.6231712698936462,179440.0,0.9000015258789062
lowsp_dm1seqr_netseed1_snp_rescale_p20_pruneseed0,snp_rescale,simulation_noise_prune_rescale,dm1seqr,1,0.0,20,0.2,0.5821677069976633,0.5831798329829403,0.9982644701890667,0.9980404643070468,169690.0,0.5988761186599731,169690.0,0.7999992370605469
lowsp_dm1seqr_netseed1_snp_rescale_p20_pruneseed1,snp_rescale,simulation_noise_prune_rescale,dm1seqr,1,1.0,20,0.2,0.5817478862513588,0.5831798329829403,0.9975445880488405,0.997227666543732,169363.0,0.6260485649108887,169363.0,0.7999992370605469
lowsp_dm1seqr_netseed1_snp_rescale_p20_pruneseed2,snp_rescale,simulation_noise_prune_rescale,dm1seqr,1,2.0,20,0.2,0.5826461073829872,0.5831798329829403,0.9990848010000223,0.9989666757117547,169824.0,0.6626922488212585,169824.0,0.7999992370605469
lowsp_dm1seqr_netseed1_snp_rescale_p30_pruneseed0,snp_rescale,simulation_noise_prune_rescale,dm1seqr,1,0.0,30,0.3,0.5819040986220767,0.5831798329829403,0.9978124511707851,0.9975301029207794,157752.0,0.6842990517616272,157752.0,0.7000007629394531
lowsp_dm1seqr_netseed1_snp_rescale_p30_pruneseed1,snp_rescale,simulation_noise_prune_rescale,dm1seqr,1,1.0,30,0.3,0.581259722592865,0.5831798329829403,0.9967075157927632,0.9962825528654586,157580.0,0.7334380745887756,157580.0,0.7000007629394531
lowsp_dm1seqr_netseed1_snp_rescale_p30_pruneseed2,snp_rescale,simulation_noise_prune_rescale,dm1seqr,1,2.0,30,0.3,0.5823206649439914,0.5831798329829403,0.9985267528293043,0.9983365999262391,157721.0,0.7053606510162354,157721.0,0.7000007629394531
lowsp_dm1seqr_netseed1_snp_rescale_p40_pruneseed0,snp_rescale,simulation_noise_prune_rescale,dm1seqr,1,0.0,40,0.4,0.5827014325976164,0.5831798329829403,0.9991796691890443,0.9990737885952922,142990.0,0.7395123839378357,142990.0,0.5999984741210938
lowsp_dm1seqr_netseed1_snp_rescale_p40_pruneseed1,snp_rescale,simulation_noise_prune_rescale,dm1seqr,1,1.0,40,0.4,0.5810058774904483,0.5831798329829403,0.9962722382196032,0.9957910937527567,142548.0,0.8874701261520386,142548.0,0.5999984741210938
lowsp_dm1seqr_netseed1_snp_rescale_p40_pruneseed2,snp_rescale,simulation_noise_prune_rescale,dm1seqr,1,2.0,40,0.4,0.5841529058755378,0.5831798329829403,1.0016685640304472,1.0018839265986914,142525.0,0.6901814341545105,142525.0,0.5999984741210938
lowsp_dm1seqr_netseed1_snp_rescale_p50_pruneseed0,snp_rescale,simulation_noise_prune_rescale,dm1seqr,1,0.0,50,0.5,0.5786854729004081,0.5831798329829403,0.992293354762383,0.9912986534020312,124594.0,0.974236249923706,124594.0,0.5
lowsp_dm1seqr_netseed1_snp_rescale_p50_pruneseed1,snp_rescale,simulation_noise_prune_rescale,dm1seqr,1,1.0,50,0.5,0.5851585230120349,0.5831798329829403,1.003392932877966,1.003830860775934,124046.0,0.8591254353523254,124046.0,0.5
lowsp_dm1seqr_netseed1_snp_rescale_p50_pruneseed2,snp_rescale,simulation_noise_prune_rescale,dm1seqr,1,2.0,50,0.5,0.5830756914024616,0.5831798329829403,0.9998214245853702,0.9997983757486351,124258.0,0.8696709275245667,124258.0,0.5
lowsp_dm1seqr_netseed1_snp_rescale_p60_pruneseed0,snp_rescale,simulation_noise_prune_rescale,dm1seqr,1,0.0,60,0.6,0.5690881753744216,0.5831798329829403,0.9758365142079065,0.9727177184871798,102917.0,1.1557130813598633,102917.0,0.4000015258789062
lowsp_dm1seqr_netseed1_snp_rescale_p60_pruneseed1,snp_rescale,simulation_noise_prune_rescale,dm1seqr,1,1.0,60,0.6,0.5805144594075646,0.5831798329829403,0.9954295854818189,0.9948396793166283,102347.0,1.0810641050338743,102347.0,0.4000015258789062
lowsp_dm1seqr_netseed1_snp_rescale_p60_pruneseed2,snp_rescale,simulation_noise_prune_rescale,dm1seqr,1,2.0,60,0.6,0.5816535079440499,0.5831798329829403,0.9973827540793321,0.9970449445659324,102701.0,1.0635149478912354,102701.0,0.4000015258789062
lowsp_dm1seqr_netseed1_snp_rescale_p70_pruneseed0,snp_rescale,simulation_noise_prune_rescale,dm1seqr,1,0.0,70,0.7,0.5636174879749019,0.5831798329829403,0.9664557244581352,0.9621261445326643,78378.0,1.3841696977615356,78378.0,0.2999992370605469
lowsp_dm1seqr_netseed1_snp_rescale_p70_pruneseed1,snp_rescale,simulation_noise_prune_rescale,dm1seqr,1,1.0,70,0.7,0.5697162792816834,0.5831798329829403,0.9769135471773923,0.9739337647532246,77799.0,1.3591922521591189,77799.0,0.2999992370605469
lowsp_dm1seqr_netseed1_snp_rescale_p70_pruneseed2,snp_rescale,simulation_noise_prune_rescale,dm1seqr,1,2.0,70,0.7,0.575193475529983,0.5831798329829403,0.986305497890578,0.9845379402234501,78215.0,1.3962217569351196,78215.0,0.2999992370605469
lowsp_dm1seqr_netseed1_snp_rescale_p80_pruneseed0,snp_rescale,simulation_noise_prune_rescale,dm1seqr,1,0.0,80,0.8,0.4937970671127398,0.5831798329829403,0.8467320699122749,0.826949685508173,52429.0,2.000525951385498,52559.0,0.2000007629394531
lowsp_dm1seqr_netseed1_snp_rescale_p80_pruneseed1,snp_rescale,simulation_noise_prune_rescale,dm1seqr,1,1.0,80,0.8,0.5419592936597304,0.5831798329829403,0.9293176186968459,0.9201946010066091,52141.0,1.921634078025818,52141.0,0.2000007629394531
lowsp_dm1seqr_netseed1_snp_rescale_p80_pruneseed2,snp_rescale,simulation_noise_prune_rescale,dm1seqr,1,2.0,80,0.8,0.5618438266823746,0.5831798329829403,0.9634143619277216,0.958692231501605,52313.0,1.9621156454086304,52313.0,0.2000007629394531
lowsp_dm1seqr_netseed2_random_p10_pruneseed0,random,random_unstructured,dm1seqr,2,0.0,10,0.1,0.3847315425320723,0.6092770621660147,0.6314558128355099,0.5861754188706615,235472.0,0.8175880908966064,,
lowsp_dm1seqr_netseed2_random_p10_pruneseed1,random,random_unstructured,dm1seqr,2,1.0,10,0.1,0.3678475887969695,0.6092770621660147,0.6037443580909649,0.5550592554592233,235471.0,0.8301746845245361,,
lowsp_dm1seqr_netseed2_random_p10_pruneseed2,random,random_unstructured,dm1seqr,2,2.0,10,0.1,0.3829123192980857,0.6092770621660147,0.6284699409769515,0.5828226942471083,235469.0,0.8783653378486633,,
lowsp_dm1seqr_netseed2_random_p20_pruneseed0,random,random_unstructured,dm1seqr,2,0.0,20,0.2,0.1492153582795811,0.6092770621660147,0.24490558982987473,0.1521325287860498,209302.0,0.631004810333252,,
lowsp_dm1seqr_netseed2_random_p20_pruneseed1,random,random_unstructured,dm1seqr,2,1.0,20,0.2,0.1505496722794639,0.6092770621660147,0.24709558528964018,0.15459159335788658,209306.0,0.6153255701065063,,
lowsp_dm1seqr_netseed2_random_p20_pruneseed2,random,random_unstructured,dm1seqr,2,2.0,20,0.2,0.152489309215879,0.6092770621660147,0.2502790908848116,0.15816623356475198,209305.0,0.6908194422721863,,
lowsp_dm1seqr_netseed2_random_p30_pruneseed0,random,random_unstructured,dm1seqr,2,0.0,30,0.3,0.0666017951404935,0.6092770621660147,0.1093128221563443,-0.00011955452146004184,183150.0,0.4633659422397613,,
lowsp_dm1seqr_netseed2_random_p30_pruneseed1,random,random_unstructured,dm1seqr,2,1.0,30,0.3,0.0650201448869738,0.6092770621660147,0.10671687631867098,-0.0030344456968569855,183132.0,0.387753814458847,,
lowsp_dm1seqr_netseed2_random_p30_pruneseed2,random,random_unstructured,dm1seqr,2,2.0,30,0.3,0.0656905563113052,0.6092770621660147,0.10781721550089465,-0.0017989156924706163,183147.0,0.4728178679943084,,
lowsp_dm1seqr_netseed2_random_p40_pruneseed0,random,random_unstructured,dm1seqr,2,0.0,40,0.4,0.0290522465291563,0.6092770621660147,0.047683145047138165,-0.06932123020403054,156984.0,0.2730468213558197,,
lowsp_dm1seqr_netseed2_random_p40_pruneseed1,random,random_unstructured,dm1seqr,2,1.0,40,0.4,0.0280531382414392,0.6092770621660147,0.04604331917848457,-0.07116252977367415,156967.0,0.1962093859910965,,
lowsp_dm1seqr_netseed2_random_p40_pruneseed2,random,random_unstructured,dm1seqr,2,2.0,40,0.4,0.0280987001828986,0.6092770621660147,0.046118099511257026,-0.07107856171512364,156981.0,0.2754596173763275,,
lowsp_dm1seqr_netseed2_magnitude_p10_pruneseed0,magnitude,l1_unstructured,dm1seqr,2,0.0,10,0.1,0.6092965887123545,0.6092770621660147,1.0000320487140453,1.0000359863108073,235930.0,1.0638132095336914,,
lowsp_dm1seqr_netseed2_magnitude_p20_pruneseed0,magnitude,l1_unstructured,dm1seqr,2,0.0,20,0.2,0.6109010199366038,0.6092770621660147,1.0026653847181048,1.0029928615154795,209715.0,1.0500727891921997,,
lowsp_dm1seqr_netseed2_magnitude_p30_pruneseed0,magnitude,l1_unstructured,dm1seqr,2,0.0,30,0.3,0.6147347318679746,0.6092770621660147,1.008957615575675,1.0100581738706595,183501.0,1.0507919788360596,,
lowsp_dm1seqr_netseed2_magnitude_p40_pruneseed0,magnitude,l1_unstructured,dm1seqr,2,0.0,40,0.4,0.6125477586779227,0.6092770621660147,1.0053681596025958,1.0060277070602344,157286.0,1.0264415740966797,,
lowsp_dm1seqr_netseed2_obs_p10_pruneseed0,obs,obs_compensated,dm1seqr,2,0.0,10,0.1,0.609254281195285,0.6092770621660147,0.9999626098336137,0.9999580159707248,235930.0,1.0635781288146973,,
lowsp_dm1seqr_netseed2_obs_p20_pruneseed0,obs,obs_compensated,dm1seqr,2,0.0,20,0.2,0.6093714404733235,0.6092770621660147,1.0001549021178857,1.0001739338355689,209715.0,1.061538815498352,,
lowsp_dm1seqr_netseed2_obs_p30_pruneseed0,obs,obs_compensated,dm1seqr,2,0.0,30,0.3,0.6106797190780867,0.6092770621660147,1.0023021659589242,1.0025850166596626,183501.0,1.061367750167847,,
lowsp_dm1seqr_netseed2_obs_p40_pruneseed0,obs,obs_compensated,dm1seqr,2,0.0,40,0.4,0.6141814797216816,0.6092770621660147,1.0080495686777233,1.0090385617311173,157286.0,1.0543960332870483,,
lowsp_dm1seqr_netseed2_lnp_mask_p10_pruneseed0,lnp_mask,vanilla_mask_only,dm1seqr,2,0.0,10,0.1,0.6091533940391963,0.6092770621660147,0.9997970248110462,0.99977208669822,235469.0,1.0609480142593384,,
lowsp_dm1seqr_netseed2_lnp_mask_p20_pruneseed0,lnp_mask,vanilla_mask_only,dm1seqr,2,0.0,20,0.2,0.6104551637951795,0.6092770621660147,1.0019336057474026,1.0021711740853778,209306.0,1.0442285537719729,,
lowsp_dm1seqr_netseed2_lnp_mask_p30_pruneseed0,lnp_mask,vanilla_mask_only,dm1seqr,2,0.0,30,0.3,0.6136542629705084,0.6092770621660147,1.007184253398499,1.0080669313393185,183142.0,1.032259225845337,,
lowsp_dm1seqr_netseed2_lnp_mask_p40_pruneseed0,lnp_mask,vanilla_mask_only,dm1seqr,2,0.0,40,0.4,0.6130098869412967,0.6092770621660147,1.0061266458350024,1.0068793830826752,156979.0,0.9963714480400084,,
lowsp_dm1seqr_netseed2_lnp_rescale_p10_pruneseed0,lnp_rescale,noise_prune,dm1seqr,2,0.0,10,0.1,0.6109530907268431,0.6092770621660147,1.002750847955559,1.0030888250109657,180933.0,1.0446316003799438,180933.0,0.9000015258789062
lowsp_dm1seqr_netseed2_lnp_rescale_p10_pruneseed1,lnp_rescale,noise_prune,dm1seqr,2,1.0,10,0.1,0.6099019116488866,0.6092770621660147,1.001025558849451,1.0011515619458358,180864.0,1.0873500108718872,180864.0,0.9000015258789062
lowsp_dm1seqr_netseed2_lnp_rescale_p10_pruneseed2,lnp_rescale,noise_prune,dm1seqr,2,2.0,10,0.1,0.6100581240196047,0.6092770621660147,1.0012819485618139,1.0014394524322947,180776.0,1.086254000663757,180776.0,0.9000015258789062
lowsp_dm1seqr_netseed2_lnp_rescale_p20_pruneseed0,lnp_rescale,noise_prune,dm1seqr,2,0.0,20,0.2,0.6101883009952029,0.6092770621660147,1.0014956066554495,1.0016793611710104,171437.0,1.0427144765853882,171437.0,0.7999992370605469
lowsp_dm1seqr_netseed2_lnp_rescale_p20_pruneseed1,lnp_rescale,noise_prune,dm1seqr,2,1.0,20,0.2,0.6091501396148064,0.6092770621660147,0.9997916833587052,0.999766088979752,171505.0,1.0848095417022705,171505.0,0.7999992370605469
lowsp_dm1seqr_netseed2_lnp_rescale_p20_pruneseed2,lnp_rescale,noise_prune,dm1seqr,2,2.0,20,0.2,0.6106309027122373,0.6092770621660147,1.0022220441738108,1.0024950508826442,171189.0,1.1110306978225708,171189.0,0.7999992370605469
lowsp_dm1seqr_netseed2_lnp_rescale_p30_pruneseed0,lnp_rescale,noise_prune,dm1seqr,2,0.0,30,0.3,0.6105430332537084,0.6092770621660147,1.0020778249606066,1.002333112484011,159380.0,1.0562273263931274,159380.0,0.7000007629394531
lowsp_dm1seqr_netseed2_lnp_rescale_p30_pruneseed1,lnp_rescale,noise_prune,dm1seqr,2,1.0,30,0.3,0.6105039801610289,0.6092770621660147,1.002013727532516,1.0022611398623962,159429.0,1.1018646955490112,159429.0,0.7000007629394531
lowsp_dm1seqr_netseed2_lnp_rescale_p30_pruneseed2,lnp_rescale,noise_prune,dm1seqr,2,2.0,30,0.3,0.6088962945123896,0.6092770621660147,0.9993750500761156,0.9992982669392562,159224.0,1.0967341661453247,159224.0,0.7000007629394531
lowsp_dm1seqr_netseed2_lnp_rescale_p40_pruneseed0,lnp_rescale,noise_prune,dm1seqr,2,0.0,40,0.4,0.6112036814048699,0.6092770621660147,1.0031621397858077,1.0035506493329935,144386.0,1.0613924264907837,144386.0,0.5999984741210938
lowsp_dm1seqr_netseed2_lnp_rescale_p40_pruneseed1,lnp_rescale,noise_prune,dm1seqr,2,1.0,40,0.4,0.6130521944583661,0.6092770621660147,1.006196084715434,1.0069573534227578,144538.0,1.1419832706451416,144538.0,0.5999984741210938
lowsp_dm1seqr_netseed2_lnp_rescale_p40_pruneseed2,lnp_rescale,noise_prune,dm1seqr,2,2.0,40,0.4,0.6083853498831662,0.6092770621660147,0.9985364420585957,0.9983566251397967,144419.0,1.1131712198257446,144419.0,0.5999984741210938
lowsp_dm1seqr_netseed2_snp_mask_p10_pruneseed0,snp_mask,simulation_noise_prune_mask_only,dm1seqr,2,0.0,10,0.1,0.607858133131993,0.6092770621660147,0.9976711267793713,0.9973849947479979,235469.0,1.0440856218338013,,
lowsp_dm1seqr_netseed2_snp_mask_p10_pruneseed1,snp_mask,simulation_noise_prune_mask_only,dm1seqr,2,1.0,10,0.1,0.6078939318002825,0.6092770621660147,0.9977298827551211,0.9974509696511447,235469.0,1.0443779230117798,,
lowsp_dm1seqr_netseed2_snp_mask_p10_pruneseed2,snp_mask,simulation_noise_prune_mask_only,dm1seqr,2,2.0,10,0.1,0.6078874229515026,0.6092770621660147,0.9977191998504392,0.9974389742142088,235469.0,1.0446425676345823,,
lowsp_dm1seqr_netseed2_snp_mask_p20_pruneseed0,snp_mask,simulation_noise_prune_mask_only,dm1seqr,2,0.0,20,0.2,0.6046492706834942,0.6092770621660147,0.9924044547712522,0.9914712443386534,209306.0,0.986577808856964,,
lowsp_dm1seqr_netseed2_snp_mask_p20_pruneseed1,snp_mask,simulation_noise_prune_mask_only,dm1seqr,2,1.0,20,0.2,0.6042815207274289,0.6092770621660147,0.9918008706567315,0.9907935021517813,209306.0,0.9852704405784608,,
lowsp_dm1seqr_netseed2_snp_mask_p20_pruneseed2,snp_mask,simulation_noise_prune_mask_only,dm1seqr,2,2.0,20,0.2,0.6044474963713168,0.6092770621660147,0.9920732847261169,0.991099385793644,209306.0,0.985098361968994,,
lowsp_dm1seqr_netseed2_snp_mask_p30_pruneseed0,snp_mask,simulation_noise_prune_mask_only,dm1seqr,2,0.0,30,0.3,0.6029634788494959,0.6092770621660147,0.9896375824586704,0.9883644261722839,183142.0,0.8906078934669495,,
lowsp_dm1seqr_netseed2_snp_mask_p30_pruneseed1,snp_mask,simulation_noise_prune_mask_only,dm1seqr,2,1.0,30,0.3,0.6026543085324498,0.6092770621660147,0.9891301444862857,0.9877946429178339,183142.0,0.89102703332901,,
lowsp_dm1seqr_netseed2_snp_mask_p30_pruneseed2,snp_mask,simulation_noise_prune_mask_only,dm1seqr,2,2.0,30,0.3,0.6030611115811947,0.6092770621660147,0.9897978260288973,0.9885443577263209,183142.0,0.8892669081687927,,
lowsp_dm1seqr_netseed2_snp_mask_p40_pruneseed0,snp_mask,simulation_noise_prune_mask_only,dm1seqr,2,0.0,40,0.4,0.6045158392835059,0.6092770621660147,0.9921854552252757,0.9912253378814698,156979.0,0.7410908341407776,,
lowsp_dm1seqr_netseed2_snp_mask_p40_pruneseed1,snp_mask,simulation_noise_prune_mask_only,dm1seqr,2,1.0,40,0.4,0.6046492706834942,0.6092770621660147,0.9924044547712522,0.9914712443386534,156979.0,0.7436538934707642,,
lowsp_dm1seqr_netseed2_snp_mask_p40_pruneseed2,snp_mask,simulation_noise_prune_mask_only,dm1seqr,2,2.0,40,0.4,0.6045646556493554,0.6092770621660147,0.9922655770103892,0.9913153036584883,156979.0,0.7409986257553101,,
lowsp_dm1seqr_netseed2_snp_rescale_p10_pruneseed0,snp_rescale,simulation_noise_prune_rescale,dm1seqr,2,0.0,10,0.1,0.6056906864882808,0.6092770621660147,0.9941137195203376,0.9933905142483799,178828.0,1.0700550079345703,178828.0,0.9000015258789062
lowsp_dm1seqr_netseed2_snp_rescale_p10_pruneseed1,snp_rescale,simulation_noise_prune_rescale,dm1seqr,2,1.0,10,0.1,0.6073309163808197,0.6092770621660147,0.9968058115001468,0.9964133643561988,178708.0,1.0346477031707764,178708.0,0.9000015258789062
lowsp_dm1seqr_netseed2_snp_rescale_p10_pruneseed2,snp_rescale,simulation_noise_prune_rescale,dm1seqr,2,2.0,10,0.1,0.6084146397026758,0.6092770621660147,0.9985845151296637,0.998410604606008,178788.0,1.041961669921875,178788.0,0.9000015258789062
lowsp_dm1seqr_netseed2_snp_rescale_p20_pruneseed0,snp_rescale,simulation_noise_prune_rescale,dm1seqr,2,0.0,20,0.2,0.6059608037126474,0.6092770621660147,0.9945570600646315,0.9938883248812151,169273.0,1.0472261905670166,169273.0,0.7999992370605469
lowsp_dm1seqr_netseed2_snp_rescale_p20_pruneseed1,snp_rescale,simulation_noise_prune_rescale,dm1seqr,2,1.0,20,0.2,0.6046199808639846,0.6092770621660147,0.9923563817001843,0.9914172648724425,169064.0,1.0231378078460691,169064.0,0.7999992370605469
lowsp_dm1seqr_netseed2_snp_rescale_p20_pruneseed2,snp_rescale,simulation_noise_prune_rescale,dm1seqr,2,2.0,20,0.2,0.6094397833855126,0.6092770621660147,1.0002670726170446,1.0002998859233947,169244.0,1.0481855869293213,169244.0,0.7999992370605469
lowsp_dm1seqr_netseed2_snp_rescale_p30_pruneseed0,snp_rescale,simulation_noise_prune_rescale,dm1seqr,2,0.0,30,0.3,0.6079102039222323,0.6092770621660147,0.9977565900168255,0.9974809582434842,157477.0,1.0512303113937378,157477.0,0.7000007629394531
lowsp_dm1seqr_netseed2_snp_rescale_p30_pruneseed1,snp_rescale,simulation_noise_prune_rescale,dm1seqr,2,1.0,30,0.3,0.6030220584885151,0.6092770621660147,0.9897337286008064,0.988472385104706,157261.0,1.0424116849899292,157261.0,0.7000007629394531
lowsp_dm1seqr_netseed2_snp_rescale_p30_pruneseed2,snp_rescale,simulation_noise_prune_rescale,dm1seqr,2,2.0,30,0.3,0.6093063519855243,0.6092770621660147,1.000048073071068,1.0000539794662109,157209.0,1.0335988998413086,157209.0,0.7000007629394531
lowsp_dm1seqr_netseed2_snp_rescale_p40_pruneseed0,snp_rescale,simulation_noise_prune_rescale,dm1seqr,2,0.0,40,0.4,0.6090101993660382,0.6092770621660147,0.9995620009080469,0.9995081870856326,142715.0,1.0281344652175903,142715.0,0.5999984741210938
lowsp_dm1seqr_netseed2_snp_rescale_p40_pruneseed1,snp_rescale,simulation_noise_prune_rescale,dm1seqr,2,1.0,40,0.4,0.6040797464152515,0.6092770621660147,0.9914697006115962,0.9904216436067719,142399.0,1.0623528957366943,142399.0,0.5999984741210938
lowsp_dm1seqr_netseed2_snp_rescale_p40_pruneseed2,snp_rescale,simulation_noise_prune_rescale,dm1seqr,2,2.0,40,0.4,0.6078711508295528,0.6092770621660147,0.9976924925887348,0.9974089856218694,142529.0,1.0117201805114746,142529.0,0.5999984741210938
lowsp_dm1seqr_netseed2_snp_rescale_p50_pruneseed0,snp_rescale,simulation_noise_prune_rescale,dm1seqr,2,0.0,50,0.5,0.6105462876780984,0.6092770621660147,1.0020831664129477,1.002339110202479,124479.0,0.9768149852752686,124479.0,0.5
lowsp_dm1seqr_netseed2_snp_rescale_p50_pruneseed1,snp_rescale,simulation_noise_prune_rescale,dm1seqr,2,1.0,50,0.5,0.6058631709809486,0.6092770621660147,0.9943968164944047,0.9937083933271782,124099.0,1.056207537651062,124099.0,0.5
lowsp_dm1seqr_netseed2_snp_rescale_p50_pruneseed2,snp_rescale,simulation_noise_prune_rescale,dm1seqr,2,2.0,50,0.5,0.6029406978787661,0.6092770621660147,0.9896001922922841,0.9883224421430087,124427.0,1.0281437635421753,124427.0,0.5
lowsp_dm1seqr_netseed2_snp_rescale_p60_pruneseed0,snp_rescale,simulation_noise_prune_rescale,dm1seqr,2,0.0,60,0.6,0.6105820863463879,0.6092770621660147,1.0021419223886974,1.0024050851056256,102891.0,1.0586040019989014,102891.0,0.4000015258789062
lowsp_dm1seqr_netseed2_snp_rescale_p60_pruneseed1,snp_rescale,simulation_noise_prune_rescale,dm1seqr,2,1.0,60,0.6,0.6045418746786256,0.6092770621660147,0.9922281868440029,0.9912733196292131,102531.0,1.1199755668640137,102531.0,0.4000015258789062
lowsp_dm1seqr_netseed2_snp_rescale_p60_pruneseed2,snp_rescale,simulation_noise_prune_rescale,dm1seqr,2,2.0,60,0.6,0.6051439431907678,0.6092770621660147,0.9932163555270677,0.9923828975457735,102758.0,1.048825979232788,102758.0,0.4000015258789062
lowsp_dm1seqr_netseed2_snp_rescale_p70_pruneseed0,snp_rescale,simulation_noise_prune_rescale,dm1seqr,2,0.0,70,0.7,0.609563451512331,0.6092770621660147,1.0004700478059985,1.0005277992251747,78426.0,1.4898419380187988,78426.0,0.2999992370605469
lowsp_dm1seqr_netseed2_snp_rescale_p70_pruneseed1,snp_rescale,simulation_noise_prune_rescale,dm1seqr,2,1.0,70,0.7,0.5866815936265353,0.6092770621660147,0.9629142963971903,0.9583578406774063,77919.0,1.383947730064392,77919.0,0.2999992370605469
lowsp_dm1seqr_netseed2_snp_rescale_p70_pruneseed2,snp_rescale,simulation_noise_prune_rescale,dm1seqr,2,2.0,70,0.7,0.6078093167661436,0.6092770621660147,0.9975910049942579,0.9972950289709794,78182.0,1.4267714023590088,78182.0,0.2999992370605469
lowsp_dm1seqr_netseed2_snp_rescale_p80_pruneseed0,snp_rescale,simulation_noise_prune_rescale,dm1seqr,2,0.0,80,0.8,0.5867857352070139,0.6092770621660147,0.9630852228720989,0.9585497676683788,52429.0,2.0683205127716064,52516.0,0.2000007629394531
lowsp_dm1seqr_netseed2_snp_rescale_p80_pruneseed1,snp_rescale,simulation_noise_prune_rescale,dm1seqr,2,1.0,80,0.8,0.5886798102019696,0.6092770621660147,0.9661939481344977,0.9620404398166936,52142.0,2.0916078090667725,52142.0,0.2000007629394531
lowsp_dm1seqr_netseed2_snp_rescale_p80_pruneseed2,snp_rescale,simulation_noise_prune_rescale,dm1seqr,2,2.0,80,0.8,0.5910848298261486,0.6092770621660147,0.9701412814144165,0.9664727537644678,52415.0,2.0208303928375244,52415.0,0.2000007629394531
lowsp_dm2seql_netseed0_random_p10_pruneseed0,random,random_unstructured,dm2seql,0,0.0,10,0.1,0.3387182927941425,0.6239137798506976,0.5428927902108488,0.4882064342568083,235463.0,1.446537971496582,,
lowsp_dm2seql_netseed0_random_p10_pruneseed1,random,random_unstructured,dm2seql,0,1.0,10,0.1,0.3493850723712495,0.6239137798506976,0.5599893505395205,0.5073483541066188,235471.0,1.4605509042739868,,
lowsp_dm2seql_netseed0_random_p10_pruneseed2,random,random_unstructured,dm2seql,0,2.0,10,0.1,0.3407181104003544,0.6239137798506976,0.5460980690022396,0.491795178924834,235468.0,1.4140255451202393,,
lowsp_dm2seql_netseed0_random_p20_pruneseed0,random,random_unstructured,dm2seql,0,0.0,20,0.2,0.137046132600284,0.6239137798506976,0.2196555630380196,0.12629848458339973,209289.0,1.2434273958206177,,
lowsp_dm2seql_netseed0_random_p20_pruneseed1,random,random_unstructured,dm2seql,0,1.0,20,0.2,0.1437979597951978,0.6239137798506976,0.23047729420178636,0.138414881483753,209306.0,1.2097266912460327,,
lowsp_dm2seql_netseed0_random_p20_pruneseed2,random,random_unstructured,dm2seql,0,2.0,20,0.2,0.1390720064619513,0.6239137798506976,0.22290260441952603,0.12993398813960794,209312.0,1.196131944656372,,
lowsp_dm2seql_netseed0_random_p30_pruneseed0,random,random_unstructured,dm2seql,0,0.0,30,0.3,0.0610693487238948,0.6239137798506976,0.09788107058399748,-0.010044588496456418,183124.0,1.0044924020767212,,
lowsp_dm2seql_netseed0_random_p30_pruneseed1,random,random_unstructured,dm2seql,0,1.0,30,0.3,0.064762822934716,0.6239137798506976,0.10380091773291772,-0.0034165160965525256,183132.0,0.9230731725692748,,
lowsp_dm2seql_netseed0_random_p30_pruneseed2,random,random_unstructured,dm2seql,0,2.0,30,0.3,0.0620920567505243,0.6239137798506976,0.09952025224604417,-0.008209302135283737,183150.0,0.9811291098594666,,
lowsp_dm2seql_netseed0_random_p40_pruneseed0,random,random_unstructured,dm2seql,0,0.0,40,0.4,0.0260008859126854,0.6239137798506976,0.04167384461184269,-0.07297620712940577,156953.0,0.726329505443573,,
lowsp_dm2seql_netseed0_random_p40_pruneseed1,random,random_unstructured,dm2seql,0,1.0,40,0.4,0.0278085386349127,0.6239137798506976,0.044571124301129035,-0.06973230926172795,156967.0,0.6214614510536194,,
lowsp_dm2seql_netseed0_random_p40_pruneseed2,random,random_unstructured,dm2seql,0,2.0,40,0.4,0.0275512331122894,0.6239137798506976,0.044158718723735196,-0.07019405328253246,156984.0,0.6787492036819458,,
lowsp_dm2seql_netseed0_magnitude_p10_pruneseed0,magnitude,l1_unstructured,dm2seql,0,0.0,10,0.1,0.6239300650103574,0.6239137798506976,1.0000261016188225,1.0000292243051143,235930.0,1.747331619262695,,
lowsp_dm2seql_netseed0_magnitude_p20_pruneseed0,magnitude,l1_unstructured,dm2seql,0,0.0,20,0.2,0.6232623734643095,0.6239137798506976,0.9989559352471041,0.9988310277954315,209715.0,1.7427761554718018,,
lowsp_dm2seql_netseed0_magnitude_p30_pruneseed0,magnitude,l1_unstructured,dm2seql,0,0.0,30,0.3,0.6194646742316662,0.6239137798506976,0.9928690377377206,0.9920159198427967,183501.0,1.7300772666931152,,
lowsp_dm2seql_netseed0_magnitude_p40_pruneseed0,magnitude,l1_unstructured,dm2seql,0,0.0,40,0.4,0.6019939549487343,0.6239137798506976,0.9648672210650505,0.9606640853162675,157286.0,1.6918483972549438,,
lowsp_dm2seql_netseed0_obs_p10_pruneseed0,obs,obs_compensated,dm2seql,0,0.0,10,0.1,0.6239072657868338,0.6239137798506976,0.999989559352471,0.9999883102779543,235930.0,1.7481404542922974,,
lowsp_dm2seql_netseed0_obs_p20_pruneseed0,obs,obs_compensated,dm2seql,0,0.0,20,0.2,0.6236662454238702,0.6239137798506976,0.9996032553938996,0.9995557905622641,209715.0,1.7484914064407349,,
lowsp_dm2seql_netseed0_obs_p30_pruneseed0,obs,obs_compensated,dm2seql,0,0.0,30,0.3,0.6226630795888323,0.6239137798506976,0.9979953956744397,0.9977555733672283,183501.0,1.7514629364013672,,
lowsp_dm2seql_netseed0_obs_p40_pruneseed0,obs,obs_compensated,dm2seql,0,0.0,40,0.4,0.6148950584311529,0.6239137798506976,0.9855449234961553,0.9838155798277481,157286.0,1.7699450254440308,,
lowsp_dm2seql_netseed0_lnp_mask_p10_pruneseed0,lnp_mask,vanilla_mask_only,dm2seql,0,0.0,10,0.1,0.6239040087549018,0.6239137798506976,0.9999843390287065,0.9999824654169315,235469.0,1.7419557571411133,,
lowsp_dm2seql_netseed0_lnp_mask_p20_pruneseed0,lnp_mask,vanilla_mask_only,dm2seql,0,0.0,20,0.2,0.6233763695819274,0.6239137798506976,0.999138646578861,0.9990355979312311,209306.0,1.7169561386108398,,
lowsp_dm2seql_netseed0_lnp_mask_p30_pruneseed0,lnp_mask,vanilla_mask_only,dm2seql,0,0.0,30,0.3,0.6207870291960342,0.6239137798506976,0.9949884891860994,0.9943889334180709,183142.0,1.682894229888916,,
lowsp_dm2seql_netseed0_lnp_mask_p40_pruneseed0,lnp_mask,vanilla_mask_only,dm2seql,0,0.0,40,0.4,0.6057949112133095,0.6239137798506976,0.9709593388981985,0.967485038129925,156979.0,1.6258149147033691,,
lowsp_dm2seql_netseed0_lnp_rescale_p10_pruneseed0,lnp_rescale,noise_prune,dm2seql,0,0.0,10,0.1,0.622904099951796,0.6239137798506976,0.9983816996330114,0.9981880930829188,178148.0,1.730781316757202,178148.0,0.9000015258789062
lowsp_dm2seql_netseed0_lnp_rescale_p10_pruneseed1,lnp_rescale,noise_prune,dm2seql,0,1.0,10,0.1,0.6247084956420913,0.6239137798506976,1.0012737589985332,1.0014261460895737,178101.0,1.7359777688980105,178101.0,0.9000015258789062
lowsp_dm2seql_netseed0_lnp_rescale_p10_pruneseed2,lnp_rescale,noise_prune,dm2seql,0,2.0,10,0.1,0.6247866644084579,0.6239137798506976,1.0013990467688807,1.0015664227541219,178026.0,1.7568801641464231,178026.0,0.9000015258789062
lowsp_dm2seql_netseed0_lnp_rescale_p20_pruneseed0,lnp_rescale,noise_prune,dm2seql,0,0.0,20,0.2,0.6232460883046498,0.6239137798506976,0.9989298336282817,0.9988018034903173,168418.0,1.7235835790634155,168418.0,0.7999992370605469
lowsp_dm2seql_netseed0_lnp_rescale_p20_pruneseed1,lnp_rescale,noise_prune,dm2seql,0,1.0,20,0.2,0.6241808564691168,0.6239137798506976,1.0004280665486873,1.0004792786038732,168565.0,1.727027416229248,168565.0,0.7999992370605469
lowsp_dm2seql_netseed0_lnp_rescale_p20_pruneseed2,lnp_rescale,noise_prune,dm2seql,0,2.0,20,0.2,0.6242655392993472,0.6239137798506976,1.0005637949665638,1.000631244990467,168530.0,1.766815423965454,168530.0,0.7999992370605469
lowsp_dm2seql_netseed0_lnp_rescale_p30_pruneseed0,lnp_rescale,noise_prune,dm2seql,0,0.0,30,0.3,0.623288429719765,0.6239137798506976,0.9989976978372199,0.9988777866836142,156577.0,1.7276848554611206,156577.0,0.7000007629394531
lowsp_dm2seql_netseed0_lnp_rescale_p30_pruneseed1,lnp_rescale,noise_prune,dm2seql,0,1.0,30,0.3,0.6232460883046498,0.6239137798506976,0.9989298336282817,0.9988018034903173,156984.0,1.7350122928619385,156984.0,0.7000007629394531
lowsp_dm2seql_netseed0_lnp_rescale_p30_pruneseed2,lnp_rescale,noise_prune,dm2seql,0,2.0,30,0.3,0.6240114908086559,0.6239137798506976,1.0001566097129344,1.0001753458306855,156656.0,1.789327621459961,156656.0,0.7000007629394531
lowsp_dm2seql_netseed0_lnp_rescale_p40_pruneseed0,lnp_rescale,noise_prune,dm2seql,0,0.0,40,0.4,0.621246270698438,0.6239137798506976,0.995724554836891,0.9952130588222918,141693.0,1.7244207859039309,141693.0,0.5999984741210938
lowsp_dm2seql_netseed0_lnp_rescale_p40_pruneseed1,lnp_rescale,noise_prune,dm2seql,0,1.0,40,0.4,0.6205688080565942,0.6239137798506976,0.9946387274938793,0.9939973277295404,142171.0,1.7355409860610962,142171.0,0.5999984741210938
lowsp_dm2seql_netseed0_lnp_rescale_p40_pruneseed2,lnp_rescale,noise_prune,dm2seql,0,2.0,40,0.4,0.6227607905467906,0.6239137798506976,0.9981520053873743,0.9979309191979138,141869.0,1.7660982608795166,141869.0,0.5999984741210938
lowsp_dm2seql_netseed0_snp_mask_p10_pruneseed0,snp_mask,simulation_noise_prune_mask_only,dm2seql,0,0.0,10,0.1,0.6237541852860325,0.6239137798506976,0.9997442041355405,0.9997136018098808,235469.0,1.7319244146347046,,
lowsp_dm2seql_netseed0_snp_mask_p10_pruneseed1,snp_mask,simulation_noise_prune_mask_only,dm2seql,0,1.0,10,0.1,0.6237900126372838,0.6239137798506976,0.9998016276969497,0.9997778952811319,235469.0,1.7321113348007202,,
lowsp_dm2seql_netseed0_snp_mask_p10_pruneseed2,snp_mask,simulation_noise_prune_mask_only,dm2seql,0,2.0,10,0.1,0.6238030407650117,0.6239137798506976,0.9998225089920078,0.9998012747252235,235469.0,1.7318936586380005,,
lowsp_dm2seql_netseed0_snp_mask_p20_pruneseed0,snp_mask,simulation_noise_prune_mask_only,dm2seql,0,0.0,20,0.2,0.6231646625063512,0.6239137798506976,0.9987993255341696,0.9986556819647461,209306.0,1.6822481155395508,,
lowsp_dm2seql_netseed0_snp_mask_p20_pruneseed1,snp_mask,simulation_noise_prune_mask_only,dm2seql,0,1.0,20,0.2,0.6231614054744192,0.6239137798506976,0.9987941052104051,0.9986498371037232,209306.0,1.6821869611740112,,
lowsp_dm2seql_netseed0_snp_mask_p20_pruneseed2,snp_mask,simulation_noise_prune_mask_only,dm2seql,0,2.0,20,0.2,0.6232135179853303,0.6239137798506976,0.9988776303906368,0.9987433548800888,209306.0,1.6825391054153442,,
lowsp_dm2seql_netseed0_snp_mask_p30_pruneseed0,snp_mask,simulation_noise_prune_mask_only,dm2seql,0,0.0,30,0.3,0.6218097372226637,0.6239137798506976,0.9966276708481461,0.9962242197792436,183142.0,1.5926499366760254,,
lowsp_dm2seql_netseed0_snp_mask_p30_pruneseed1,snp_mask,simulation_noise_prune_mask_only,dm2seql,0,1.0,30,0.3,0.6215296324765168,0.6239137798506976,0.9961787230044008,0.9957215617312791,183142.0,1.5960183143615725,,
lowsp_dm2seql_netseed0_snp_mask_p30_pruneseed2,snp_mask,simulation_noise_prune_mask_only,dm2seql,0,2.0,30,0.3,0.6215394035723126,0.6239137798506976,0.9961943839756943,0.9957390963143476,183142.0,1.5940966606140137,,
lowsp_dm2seql_netseed0_snp_mask_p40_pruneseed0,snp_mask,simulation_noise_prune_mask_only,dm2seql,0,0.0,40,0.4,0.6102244746407494,0.6239137798506976,0.9780589792178911,0.9754340491209914,156979.0,1.4768832921981812,,
lowsp_dm2seql_netseed0_snp_mask_p40_pruneseed1,snp_mask,simulation_noise_prune_mask_only,dm2seql,0,1.0,40,0.4,0.61041012546087,0.6239137798506976,0.9783565376724666,0.9757672061992935,156979.0,1.478850245475769,,
lowsp_dm2seql_netseed0_snp_mask_p40_pruneseed2,snp_mask,simulation_noise_prune_mask_only,dm2seql,0,2.0,40,0.4,0.6101430488424509,0.6239137798506976,0.9779284711237791,0.9752879275954204,156979.0,1.4766175746917725,,
lowsp_dm2seql_netseed0_snp_rescale_p10_pruneseed0,snp_rescale,simulation_noise_prune_rescale,dm2seql,0,0.0,10,0.1,0.6237476712221687,0.6239137798506976,0.9997337634880116,0.9997019120878351,177946.0,1.755740523338318,177946.0,0.9000015258789062
lowsp_dm2seql_netseed0_snp_rescale_p10_pruneseed1,snp_rescale,simulation_noise_prune_rescale,dm2seql,0,1.0,10,0.1,0.6211159894211603,0.6239137798506976,0.9955157418863119,0.9949792643813781,177716.0,1.777378797531128,177716.0,0.9000015258789062
lowsp_dm2seql_netseed0_snp_rescale_p10_pruneseed2,snp_rescale,simulation_noise_prune_rescale,dm2seql,0,2.0,10,0.1,0.6247475800252745,0.6239137798506976,1.0013364028837068,1.0014962844218478,177645.0,1.752124905586243,177645.0,0.9000015258789062
lowsp_dm2seql_netseed0_snp_rescale_p20_pruneseed0,snp_rescale,simulation_noise_prune_rescale,dm2seql,0,0.0,20,0.2,0.6227770757064502,0.6239137798506976,0.9981781070061966,0.997960143503028,168453.0,1.749860167503357,168453.0,0.7999992370605469
lowsp_dm2seql_netseed0_snp_rescale_p20_pruneseed1,snp_rescale,simulation_noise_prune_rescale,dm2seql,0,1.0,20,0.2,0.6215947731151557,0.6239137798506976,0.9962831294796904,0.995838458951736,167910.0,1.7789310216903689,167910.0,0.7999992370605469
lowsp_dm2seql_netseed0_snp_rescale_p20_pruneseed2,snp_rescale,simulation_noise_prune_rescale,dm2seql,0,2.0,20,0.2,0.6237053298070534,0.6239137798506976,0.9996658992790733,0.999625928894538,168036.0,1.7489179372787476,168036.0,0.7999992370605469
lowsp_dm2seql_netseed0_snp_rescale_p30_pruneseed0,snp_rescale,simulation_noise_prune_rescale,dm2seql,0,0.0,30,0.3,0.6193897624972315,0.6239137798506976,0.9927489702911375,0.9918814880392713,156503.0,1.7579518556594849,156503.0,0.7000007629394531
lowsp_dm2seql_netseed0_snp_rescale_p30_pruneseed1,snp_rescale,simulation_noise_prune_rescale,dm2seql,0,1.0,30,0.3,0.6224481154813242,0.6239137798506976,0.9976508543059841,0.9973698125397208,156092.0,1.7580147981643677,156092.0,0.7000007629394531
lowsp_dm2seql_netseed0_snp_rescale_p30_pruneseed2,snp_rescale,simulation_noise_prune_rescale,dm2seql,0,2.0,30,0.3,0.6197122086584936,0.6239137798506976,0.9932657823438209,0.9924601292805326,156190.0,1.752273440361023,156190.0,0.7000007629394531
lowsp_dm2seql_netseed0_snp_rescale_p40_pruneseed0,snp_rescale,simulation_noise_prune_rescale,dm2seql,0,0.0,40,0.4,0.6147940904412627,0.6239137798506976,0.9853830934594564,0.98363438913604,141887.0,1.756397366523743,141887.0,0.5999984741210938
lowsp_dm2seql_netseed0_snp_rescale_p40_pruneseed1,snp_rescale,simulation_noise_prune_rescale,dm2seql,0,1.0,40,0.4,0.6224676576729158,0.6239137798506976,0.9976821762485709,0.9974048817058577,141563.0,1.7671674489974976,141563.0,0.5999984741210938
lowsp_dm2seql_netseed0_snp_rescale_p40_pruneseed2,snp_rescale,simulation_noise_prune_rescale,dm2seql,0,2.0,40,0.4,0.6215915160832237,0.6239137798506976,0.996277909155926,0.9958326140907131,141832.0,1.7820852994918823,141832.0,0.5999984741210938
lowsp_dm2seql_netseed0_snp_rescale_p50_pruneseed0,snp_rescale,simulation_noise_prune_rescale,dm2seql,0,0.0,50,0.5,0.6159275375535782,0.6239137798506976,0.9871997661294954,0.9856684007719894,123834.0,1.7158663272857666,123834.0,0.5
lowsp_dm2seql_netseed0_snp_rescale_p50_pruneseed1,snp_rescale,simulation_noise_prune_rescale,dm2seql,0,1.0,50,0.5,0.6206795471422801,0.6239137798506976,0.9948162185018714,0.994196053004317,123327.0,1.7672102451324463,123327.0,0.5
lowsp_dm2seql_netseed0_snp_rescale_p50_pruneseed2,snp_rescale,simulation_noise_prune_rescale,dm2seql,0,2.0,50,0.5,0.6198001485206561,0.6239137798506976,0.9934067310854621,0.9926179405281496,123832.0,1.7797609567642212,123832.0,0.5
lowsp_dm2seql_netseed0_snp_rescale_p60_pruneseed0,snp_rescale,simulation_noise_prune_rescale,dm2seql,0,0.0,60,0.6,0.6044595281212137,0.6239137798506976,0.9688190061547618,0.9650886451105596,102058.0,1.7301676273345947,102058.0,0.4000015258789062
lowsp_dm2seql_netseed0_snp_rescale_p60_pruneseed1,snp_rescale,simulation_noise_prune_rescale,dm2seql,0,1.0,60,0.6,0.6223699467149576,0.6239137798506976,0.9975255665356366,0.9972295358751725,101804.0,1.7566779851913452,101804.0,0.4000015258789062
lowsp_dm2seql_netseed0_snp_rescale_p60_pruneseed2,snp_rescale,simulation_noise_prune_rescale,dm2seql,0,2.0,60,0.6,0.6175137121044335,0.6239137798506976,0.9897420638027972,0.9885148480901138,102322.0,1.8273769617080688,102322.0,0.4000015258789062
lowsp_dm2seql_netseed0_snp_rescale_p70_pruneseed0,snp_rescale,simulation_noise_prune_rescale,dm2seql,0,0.0,70,0.7,0.589079823338588,0.6239137798506976,0.9441686373388878,0.9374892113606954,77997.0,1.830812931060791,77997.0,0.2999992370605469
lowsp_dm2seql_netseed0_snp_rescale_p70_pruneseed1,snp_rescale,simulation_noise_prune_rescale,dm2seql,0,1.0,70,0.7,0.620415727555793,0.6239137798506976,0.9943933722769487,0.9937226192614669,77614.0,1.825396180152893,77614.0,0.2999992370605469
lowsp_dm2seql_netseed0_snp_rescale_p70_pruneseed2,snp_rescale,simulation_noise_prune_rescale,dm2seql,0,2.0,70,0.7,0.5978379822035775,0.6239137798506976,0.9582060879415742,0.95320604265112,78017.0,1.8414549827575684,78017.0,0.2999992370605469
lowsp_dm2seql_netseed0_snp_rescale_p80_pruneseed0,snp_rescale,simulation_noise_prune_rescale,dm2seql,0,0.0,80,0.8,0.5170342770040518,0.6239137798506976,0.8286950756685931,0.8082008855354108,52307.0,2.0578174591064453,52307.0,0.2000007629394531
lowsp_dm2seql_netseed0_snp_rescale_p80_pruneseed1,snp_rescale,simulation_noise_prune_rescale,dm2seql,0,1.0,80,0.8,0.5921479474184765,0.6239137798506976,0.949086182325028,0.9429950704442135,52123.0,2.0252249240875244,52123.0,0.2000007629394531
lowsp_dm2seql_netseed0_snp_rescale_p80_pruneseed2,snp_rescale,simulation_noise_prune_rescale,dm2seql,0,2.0,80,0.8,0.4977917323501439,0.6239137798506976,0.7978534028680458,0.7736694466124548,52429.0,2.0076353549957275,52518.0,0.2000007629394531
lowsp_dm2seql_netseed1_random_p10_pruneseed0,random,random_unstructured,dm2seql,1,0.0,10,0.1,0.3153588597782613,0.615442239795719,0.5124101652219012,0.45317649926286196,235472.0,1.435038447380066,,
lowsp_dm2seql_netseed1_random_p10_pruneseed1,random,random_unstructured,dm2seql,1,1.0,10,0.1,0.3177886055994893,0.615442239795719,0.5163581324950518,0.45760407574439865,235464.0,1.376553654670715,,
lowsp_dm2seql_netseed1_random_p10_pruneseed2,random,random_unstructured,dm2seql,1,2.0,10,0.1,0.3231952786065115,0.615442239795719,0.5251431535050117,0.4674563236791855,235468.0,1.3448257446289062,,
lowsp_dm2seql_netseed1_random_p20_pruneseed0,random,random_unstructured,dm2seql,1,0.0,20,0.2,0.1208912542178563,0.615442239795719,0.19642989447390416,0.0988101333337553,209302.0,1.1795654296875,,
lowsp_dm2seql_netseed1_random_p20_pruneseed1,random,random_unstructured,dm2seql,1,1.0,20,0.2,0.1236890446473937,0.615442239795719,0.20097587823749188,0.10390837488555166,209305.0,1.206760048866272,,
lowsp_dm2seql_netseed1_random_p20_pruneseed2,random,random_unstructured,dm2seql,1,2.0,20,0.2,0.115715830478002,0.615442239795719,0.18802061833846673,0.08937927672629979,209312.0,1.0789660215377808,,
lowsp_dm2seql_netseed1_random_p30_pruneseed0,random,random_unstructured,dm2seql,1,0.0,30,0.3,0.0532394439595085,0.615442239795719,0.08650599604144822,-0.024467602722544224,183150.0,0.8736231923103333,,
lowsp_dm2seql_netseed1_random_p30_pruneseed1,random,random_unstructured,dm2seql,1,1.0,30,0.3,0.053600974503954,0.615442239795719,0.08709342816922272,-0.02380880783051924,183143.0,0.94124573469162,,
lowsp_dm2seql_netseed1_random_p30_pruneseed2,random,random_unstructured,dm2seql,1,2.0,30,0.3,0.0494971142697083,0.615442239795719,0.08042527969178336,-0.03128702011836942,183150.0,0.8112907409667969,,
lowsp_dm2seql_netseed1_random_p40_pruneseed0,random,random_unstructured,dm2seql,1,0.0,40,0.4,0.0217113748583191,0.615442239795719,0.035277680754453346,-0.08191926537840942,156984.0,0.5842390060424805,,
lowsp_dm2seql_netseed1_random_p40_pruneseed1,random,random_unstructured,dm2seql,1,1.0,40,0.4,0.0227731672681318,0.615442239795719,0.03700293186845738,-0.07998442632615627,156972.0,0.7184831500053406,,
lowsp_dm2seql_netseed1_random_p40_pruneseed2,random,random_unstructured,dm2seql,1,2.0,40,0.4,0.020939458290449,0.615442239795719,0.03402343377893487,-0.08332588149921948,156984.0,0.5876663327217102,,
lowsp_dm2seql_netseed1_magnitude_p10_pruneseed0,magnitude,l1_unstructured,dm2seql,1,0.0,10,0.1,0.615383613220944,0.615442239795719,0.9999047407360365,0.9998931683958878,235930.0,1.6532132625579834,,
lowsp_dm2seql_netseed1_magnitude_p20_pruneseed0,magnitude,l1_unstructured,dm2seql,1,0.0,20,0.2,0.6137062417759944,0.615442239795719,0.9971792673504165,0.9968365975004571,209715.0,1.6478536128997805,,
lowsp_dm2seql_netseed1_magnitude_p30_pruneseed0,magnitude,l1_unstructured,dm2seql,1,0.0,30,0.3,0.6056418307125083,0.615442239795719,0.9840758263741148,0.9821413168459195,183501.0,1.635205626487732,,
lowsp_dm2seql_netseed1_magnitude_p40_pruneseed0,magnitude,l1_unstructured,dm2seql,1,0.0,40,0.4,0.5779440311632815,0.615442239795719,0.93907111633273,0.9316693189920477,157286.0,1.6161645650863647,,
lowsp_dm2seql_netseed1_obs_p10_pruneseed0,obs,obs_compensated,dm2seql,1,0.0,10,0.1,0.6154748101150384,0.615442239795719,1.000052921813313,1.0000593508911733,235930.0,1.6539498567581177,,
lowsp_dm2seql_netseed1_obs_p20_pruneseed0,obs,obs_compensated,dm2seql,1,0.0,20,0.2,0.6154161835402634,0.615442239795719,0.9999576625493495,0.9999525192870612,209715.0,1.6503313779830933,,
lowsp_dm2seql_netseed1_obs_p30_pruneseed0,obs,obs_compensated,dm2seql,1,0.0,30,0.3,0.6112862670505622,0.615442239795719,0.9932471766212598,0.9924268262862723,183501.0,1.6528465747833252,,
lowsp_dm2seql_netseed1_obs_p40_pruneseed0,obs,obs_compensated,dm2seql,1,0.0,40,0.4,0.6026127910158031,0.615442239795719,0.9791540977360048,0.9766216839667919,157286.0,1.642819046974182,,
lowsp_dm2seql_netseed1_lnp_mask_p10_pruneseed0,lnp_mask,vanilla_mask_only,dm2seql,1,0.0,10,0.1,0.6155594929452688,0.615442239795719,1.0001905185279267,1.0002136632082241,235469.0,1.6477341651916504,,
lowsp_dm2seql_netseed1_lnp_mask_p20_pruneseed0,lnp_mask,vanilla_mask_only,dm2seql,1,0.0,20,0.2,0.6148071185689904,0.615442239795719,0.9989680246403961,0.9988426576221182,209306.0,1.6313804388046265,,
lowsp_dm2seql_netseed1_lnp_mask_p30_pruneseed0,lnp_mask,vanilla_mask_only,dm2seql,1,0.0,30,0.3,0.6077882147556575,0.615442239795719,0.9875633738714423,0.9860525405742475,183142.0,1.5964760780334473,,
lowsp_dm2seql_netseed1_lnp_mask_p40_pruneseed0,lnp_mask,vanilla_mask_only,dm2seql,1,0.0,40,0.4,0.5850671599984366,0.615442239795719,0.9506451169042855,0.9446493588916735,156979.0,1.542760968208313,,
lowsp_dm2seql_netseed1_lnp_rescale_p10_pruneseed0,lnp_rescale,noise_prune,dm2seql,1,0.0,10,0.1,0.6126183931107261,0.615442239795719,0.9954116787857619,0.9948542777352649,179363.0,1.6683461666107178,179363.0,0.9000015258789062
lowsp_dm2seql_netseed1_lnp_rescale_p10_pruneseed1,lnp_rescale,noise_prune,dm2seql,1,1.0,10,0.1,0.6119604726604739,0.615442239795719,0.994342658156839,0.9936553897335618,179307.0,1.653656244277954,179307.0,0.9000015258789062
lowsp_dm2seql_netseed1_lnp_rescale_p10_pruneseed2,lnp_rescale,noise_prune,dm2seql,1,2.0,10,0.1,0.613175345571088,0.615442239795719,0.9963166417934144,0.9958691779743303,179450.0,1.6514724493026731,179450.0,0.9000015258789062
lowsp_dm2seql_netseed1_lnp_rescale_p20_pruneseed0,lnp_rescale,noise_prune,dm2seql,1,0.0,20,0.2,0.6129994658467631,0.615442239795719,0.9960308640015241,0.9955486831619937,169686.0,1.675454020500183,169686.0,0.7999992370605469
lowsp_dm2seql_netseed1_lnp_rescale_p20_pruneseed1,lnp_rescale,noise_prune,dm2seql,1,1.0,20,0.2,0.6118073921596727,0.615442239795719,0.9940939256342679,0.9933764405450468,169682.0,1.6390929222106934,169682.0,0.7999992370605469
lowsp_dm2seql_netseed1_lnp_rescale_p20_pruneseed2,lnp_rescale,noise_prune,dm2seql,1,2.0,20,0.2,0.6131036908685853,0.615442239795719,0.9962002138041257,0.9957386060137488,169684.0,1.6501531600952148,169684.0,0.7999992370605469
lowsp_dm2seql_netseed1_lnp_rescale_p30_pruneseed0,lnp_rescale,noise_prune,dm2seql,1,0.0,30,0.3,0.6124392563544693,0.615442239795719,0.9951206088125403,0.9945278478338111,157800.0,1.6838254928588867,157800.0,0.7000007629394531
lowsp_dm2seql_netseed1_lnp_rescale_p30_pruneseed1,lnp_rescale,noise_prune,dm2seql,1,1.0,30,0.3,0.6117585366806936,0.615442239795719,0.9940145429142982,0.9932874142082867,157813.0,1.6492364406585691,157813.0,0.7000007629394531
lowsp_dm2seql_netseed1_lnp_rescale_p30_pruneseed2,lnp_rescale,noise_prune,dm2seql,1,2.0,30,0.3,0.6125923368552705,0.615442239795719,0.9953693413351113,0.9948067970223261,157461.0,1.6464810371398926,157461.0,0.7000007629394531
lowsp_dm2seql_netseed1_lnp_rescale_p40_pruneseed0,lnp_rescale,noise_prune,dm2seql,1,0.0,40,0.4,0.6147940904412627,0.615442239795719,0.9989468559150709,0.998818917265649,143049.0,1.7028024196624756,143049.0,0.5999984741210938
lowsp_dm2seql_netseed1_lnp_rescale_p40_pruneseed1,lnp_rescale,noise_prune,dm2seql,1,1.0,40,0.4,0.6127258751644801,0.615442239795719,0.9955863207696948,0.9950501356761371,143168.0,1.6628185510635376,143168.0,0.5999984741210938
lowsp_dm2seql_netseed1_lnp_rescale_p40_pruneseed2,lnp_rescale,noise_prune,dm2seql,1,2.0,40,0.4,0.61383326602134,0.615442239795719,0.9973856624223371,0.9970680659760331,142726.0,1.6249794960021973,142726.0,0.5999984741210938
lowsp_dm2seql_netseed1_snp_mask_p10_pruneseed0,snp_mask,simulation_noise_prune_mask_only,dm2seql,1,0.0,10,0.1,0.6163151243534791,0.615442239795719,1.0014183045967886,1.0015906038834475,235469.0,1.6380486488342283,,
lowsp_dm2seql_netseed1_snp_mask_p10_pruneseed1,snp_mask,simulation_noise_prune_mask_only,dm2seql,1,1.0,10,0.1,0.6162597548106362,0.615442239795719,1.0013283375141566,1.0014897073684528,235469.0,1.6376978158950806,,
lowsp_dm2seql_netseed1_snp_mask_p10_pruneseed2,snp_mask,simulation_noise_prune_mask_only,dm2seql,1,2.0,10,0.1,0.6162988391938194,0.615442239795719,1.0013918436901321,1.0015609284378608,235469.0,1.6375601291656494,,
lowsp_dm2seql_netseed1_snp_mask_p20_pruneseed0,snp_mask,simulation_noise_prune_mask_only,dm2seql,1,0.0,20,0.2,0.6170707557616895,0.615442239795719,1.0026460906656505,1.0029675445586705,209306.0,1.5869053602218628,,
lowsp_dm2seql_netseed1_snp_mask_p20_pruneseed1,snp_mask,simulation_noise_prune_mask_only,dm2seql,1,1.0,20,0.2,0.617041442474302,0.615442239795719,1.002598461033669,1.0029141287566146,209306.0,1.5863656997680664,,
lowsp_dm2seql_netseed1_snp_mask_p20_pruneseed2,snp_mask,simulation_noise_prune_mask_only,dm2seql,1,2.0,20,0.2,0.6170023580911187,0.615442239795719,1.0025349548576932,1.0028429076872065,209306.0,1.5869709253311155,,
lowsp_dm2seql_netseed1_snp_mask_p30_pruneseed0,snp_mask,simulation_noise_prune_mask_only,dm2seql,1,0.0,30,0.3,0.6158135414359602,0.615442239795719,1.0006033086717683,1.0006766001593768,183142.0,1.4958181381225586,,
lowsp_dm2seql_netseed1_snp_mask_p30_pruneseed1,snp_mask,simulation_noise_prune_mask_only,dm2seql,1,1.0,30,0.3,0.615823312531756,0.615442239795719,1.0006191852157622,1.0006944054267288,183142.0,1.4949965476989746,,
lowsp_dm2seql_netseed1_snp_mask_p30_pruneseed2,snp_mask,simulation_noise_prune_mask_only,dm2seql,1,2.0,30,0.3,0.6155529788814049,0.615442239795719,1.0001799341652642,1.0002017930299896,183142.0,1.4956119060516355,,
lowsp_dm2seql_netseed1_snp_mask_p40_pruneseed0,snp_mask,simulation_noise_prune_mask_only,dm2seql,1,0.0,40,0.4,0.6050067094857798,0.615442239795719,0.9830438510145112,0.980983974468038,156979.0,1.3556095361709597,,
lowsp_dm2seql_netseed1_snp_mask_p40_pruneseed1,snp_mask,simulation_noise_prune_mask_only,dm2seql,1,1.0,40,0.4,0.6050881352840783,0.615442239795719,0.9831761555477937,0.9811323516959715,156979.0,1.352977991104126,,
lowsp_dm2seql_netseed1_snp_mask_p40_pruneseed2,snp_mask,simulation_noise_prune_mask_only,dm2seql,1,2.0,40,0.4,0.6051988743697643,0.615442239795719,0.9833560897130578,0.9813341447259609,156979.0,1.3540812730789185,,
lowsp_dm2seql_netseed1_snp_rescale_p10_pruneseed0,snp_rescale,simulation_noise_prune_rescale,dm2seql,1,0.0,10,0.1,0.6144846724077283,0.615442239795719,0.9984440986885974,0.9982550837995016,178378.0,1.6711947917938232,178378.0,0.9000015258789062
lowsp_dm2seql_netseed1_snp_rescale_p10_pruneseed1,snp_rescale,simulation_noise_prune_rescale,dm2seql,1,1.0,10,0.1,0.6129701525593757,0.615442239795719,0.9959832343695424,0.9954952673599378,178118.0,1.6354550123214722,178118.0,0.9000015258789062
lowsp_dm2seql_netseed1_snp_rescale_p10_pruneseed2,snp_rescale,simulation_noise_prune_rescale,dm2seql,1,2.0,10,0.1,0.6124229711948096,0.615442239795719,0.9950941479058838,0.9944981723882244,178493.0,1.680172324180603,178493.0,0.9000015258789062
lowsp_dm2seql_netseed1_snp_rescale_p20_pruneseed0,snp_rescale,simulation_noise_prune_rescale,dm2seql,1,0.0,20,0.2,0.612957124431648,0.615442239795719,0.9959620656442172,0.9954715270034684,168811.0,1.6800341606140137,168811.0,0.7999992370605469
lowsp_dm2seql_netseed1_snp_rescale_p20_pruneseed1,snp_rescale,simulation_noise_prune_rescale,dm2seql,1,1.0,20,0.2,0.6117813359042172,0.615442239795719,0.9940515881836175,0.9933289598321082,168529.0,1.6402859687805176,168529.0,0.7999992370605469
lowsp_dm2seql_netseed1_snp_rescale_p20_pruneseed2,snp_rescale,simulation_noise_prune_rescale,dm2seql,1,2.0,20,0.2,0.6108205114842946,0.615442239795719,0.9924903946908836,0.9915781085424924,168808.0,1.6752625703811646,168808.0,0.7999992370605469
lowsp_dm2seql_netseed1_snp_rescale_p30_pruneseed0,snp_rescale,simulation_noise_prune_rescale,dm2seql,1,0.0,30,0.3,0.6099345987988066,0.615442239795719,0.9910509213687697,0.9899637643025755,156758.0,1.6795119047164917,156758.0,0.7000007629394531
lowsp_dm2seql_netseed1_snp_rescale_p30_pruneseed1,snp_rescale,simulation_noise_prune_rescale,dm2seql,1,1.0,30,0.3,0.6142045676615814,0.615442239795719,0.9979889710941056,0.9977446661354102,156725.0,1.618687391281128,156725.0,0.7000007629394531
lowsp_dm2seql_netseed1_snp_rescale_p30_pruneseed2,snp_rescale,simulation_noise_prune_rescale,dm2seql,1,2.0,30,0.3,0.6083809945672707,0.615442239795719,0.988526550873739,0.9871327267936035,156974.0,1.677971124649048,156974.0,0.7000007629394531
lowsp_dm2seql_netseed1_snp_rescale_p40_pruneseed0,snp_rescale,simulation_noise_prune_rescale,dm2seql,1,0.0,40,0.4,0.6118399624789922,0.615442239795719,0.994146847447581,0.9934357914362204,142186.0,1.680490493774414,142186.0,0.5999984741210938
lowsp_dm2seql_netseed1_snp_rescale_p40_pruneseed1,snp_rescale,simulation_noise_prune_rescale,dm2seql,1,1.0,40,0.4,0.6141524551506703,0.615442239795719,0.9979042961928047,0.9976497047095327,142133.0,1.6300417184829712,142133.0,0.5999984741210938
lowsp_dm2seql_netseed1_snp_rescale_p40_pruneseed2,snp_rescale,simulation_noise_prune_rescale,dm2seql,1,2.0,40,0.4,0.60322837005094,0.615442239795719,0.9801543200076207,0.9777434158099695,142356.0,1.6512635946273804,142356.0,0.5999984741210938
lowsp_dm2seql_netseed1_snp_rescale_p50_pruneseed0,snp_rescale,simulation_noise_prune_rescale,dm2seql,1,0.0,50,0.5,0.6081725445236265,0.615442239795719,0.9881878512685357,0.9867528810900937,123966.0,1.6396098136901855,123966.0,0.5
lowsp_dm2seql_netseed1_snp_rescale_p50_pruneseed1,snp_rescale,simulation_noise_prune_rescale,dm2seql,1,1.0,50,0.5,0.6107553708456558,0.615442239795719,0.9923845510642576,0.9914594067601457,123903.0,1.6013277769088743,123903.0,0.5
lowsp_dm2seql_netseed1_snp_rescale_p50_pruneseed2,snp_rescale,simulation_noise_prune_rescale,dm2seql,1,2.0,50,0.5,0.5994371848821606,0.615442239795719,0.9739942209379862,0.970834972077384,124409.0,1.648112654685974,124409.0,0.5
lowsp_dm2seql_netseed1_snp_rescale_p60_pruneseed0,snp_rescale,simulation_noise_prune_rescale,dm2seql,1,0.0,60,0.6,0.6075602225204216,0.615442239795719,0.9871929211782513,0.9856370843360337,102379.0,1.6943843364715576,102379.0,0.4000015258789062
lowsp_dm2seql_netseed1_snp_rescale_p60_pruneseed1,snp_rescale,simulation_noise_prune_rescale,dm2seql,1,1.0,60,0.6,0.6089314329637687,0.615442239795719,0.9894209295187288,0.9881357568544342,101970.0,1.637608528137207,101970.0,0.4000015258789062
lowsp_dm2seql_netseed1_snp_rescale_p60_pruneseed2,snp_rescale,simulation_noise_prune_rescale,dm2seql,1,2.0,60,0.6,0.5974308532120849,0.615442239795719,0.9707342372379046,0.9671789571811017,102823.0,1.6762317419052124,102823.0,0.4000015258789062
lowsp_dm2seql_netseed1_snp_rescale_p70_pruneseed0,snp_rescale,simulation_noise_prune_rescale,dm2seql,1,0.0,70,0.7,0.6082735125135167,0.615442239795719,0.9883519088898062,0.9869368688527314,78153.0,1.817395806312561,78153.0,0.2999992370605469
lowsp_dm2seql_netseed1_snp_rescale_p70_pruneseed1,snp_rescale,simulation_noise_prune_rescale,dm2seql,1,1.0,70,0.7,0.601792018968954,0.615442239795719,0.9778204680405168,0.9751260415092219,77705.0,1.6106551885604858,77705.0,0.2999992370605469
lowsp_dm2seql_netseed1_snp_rescale_p70_pruneseed2,snp_rescale,simulation_noise_prune_rescale,dm2seql,1,2.0,70,0.7,0.5830087158174498,0.615442239795719,0.9473004583029032,0.9408983825695136,78376.0,1.6583324670791626,78376.0,0.2999992370605469
lowsp_dm2seql_netseed1_snp_rescale_p80_pruneseed0,snp_rescale,simulation_noise_prune_rescale,dm2seql,1,0.0,80,0.8,0.5465397292755059,0.615442239795719,0.8880439039363245,0.8744431897226415,52377.0,2.0909345149993896,52377.0,0.2000007629394531
lowsp_dm2seql_netseed1_snp_rescale_p80_pruneseed1,snp_rescale,simulation_noise_prune_rescale,dm2seql,1,1.0,80,0.8,0.5744557499641727,0.615442239795719,0.9334031901269065,0.9253128385473751,52302.0,2.1378650665283203,52302.0,0.2000007629394531
lowsp_dm2seql_netseed1_snp_rescale_p80_pruneseed2,snp_rescale,simulation_noise_prune_rescale,dm2seql,1,2.0,80,0.8,0.518343603840692,0.615442239795719,0.8422294901512504,0.8230631232338163,52429.0,1.9788974523544312,52550.0,0.2000007629394531
lowsp_dm2seql_netseed2_random_p10_pruneseed0,random,random_unstructured,dm2seql,2,0.0,10,0.1,0.2842704899878838,0.5528095157444923,0.5142286481900452,0.4476129263939484,235472.0,0.82707279920578,,
lowsp_dm2seql_netseed2_random_p10_pruneseed1,random,random_unstructured,dm2seql,2,1.0,10,0.1,0.2809874018004872,0.5528095157444923,0.5082897341628959,0.44085958590231233,235471.0,0.8268587589263916,,
lowsp_dm2seql_netseed2_random_p10_pruneseed2,random,random_unstructured,dm2seql,2,2.0,10,0.1,0.2739001003165835,0.5528095157444923,0.49546922134238314,0.42628094611084416,235469.0,0.8681966066360474,,
lowsp_dm2seql_netseed2_random_p20_pruneseed0,random,random_unstructured,dm2seql,2,0.0,20,0.2,0.1247345518975468,0.5528095157444923,0.22563749057315236,0.11944613674978516,209302.0,0.6213940382003784,,
lowsp_dm2seql_netseed2_random_p20_pruneseed1,random,random_unstructured,dm2seql,2,1.0,20,0.2,0.1265519757155699,0.5528095157444923,0.22892510369532426,0.12318459309336936,209306.0,0.5959089994430542,,
lowsp_dm2seql_netseed2_random_p20_pruneseed2,random,random_unstructured,dm2seql,2,2.0,20,0.2,0.1273336633792357,0.5528095157444923,0.23033913084464547,0.12479253130566358,209305.0,0.6505389213562012,,
lowsp_dm2seql_netseed2_random_p30_pruneseed0,random,random_unstructured,dm2seql,2,0.0,30,0.3,0.067801633727217,0.5528095157444923,0.12264917986425328,0.002334636954350499,183150.0,0.4196603298187256,,
lowsp_dm2seql_netseed2_random_p30_pruneseed1,random,random_unstructured,dm2seql,2,1.0,30,0.3,0.065870213791576,0.5528095157444923,0.11915535444947208,-0.0016383103785265532,183132.0,0.3621337115764618,,
lowsp_dm2seql_netseed2_random_p30_pruneseed2,random,random_unstructured,dm2seql,2,2.0,30,0.3,0.0685540081034954,0.5528095157444923,0.12401018099547505,0.0038822774836838126,183147.0,0.4418243765830993,,
lowsp_dm2seql_netseed2_random_p40_pruneseed0,random,random_unstructured,dm2seql,2,0.0,40,0.4,0.0336418828250192,0.5528095157444923,0.06085619343891399,-0.06793226292291012,156984.0,0.2753648161888122,,
lowsp_dm2seql_netseed2_random_p40_pruneseed1,random,random_unstructured,dm2seql,2,1.0,40,0.4,0.0317853746238128,0.5528095157444923,0.057497878959275994,-0.07175111617710907,156967.0,0.2061230242252349,,
lowsp_dm2seql_netseed2_random_p40_pruneseed2,random,random_unstructured,dm2seql,2,2.0,40,0.4,0.0351205753221204,0.5528095157444923,0.06353106146304666,-0.06489057980465349,156981.0,0.322409451007843,,
lowsp_dm2seql_netseed2_magnitude_p10_pruneseed0,magnitude,l1_unstructured,dm2seql,2,0.0,10,0.1,0.5523535312740206,0.5528095157444923,0.9991751508295628,0.9990620360428285,235930.0,1.0655947923660278,,
lowsp_dm2seql_netseed2_magnitude_p20_pruneseed0,magnitude,l1_unstructured,dm2seql,2,0.0,20,0.2,0.5503830269551963,0.5528095157444923,0.9956106240573153,0.9950086917993365,209715.0,1.0527864694595337,,
lowsp_dm2seql_netseed2_magnitude_p30_pruneseed0,magnitude,l1_unstructured,dm2seql,2,0.0,30,0.3,0.5379574501348411,0.5528095157444923,0.9731334841628959,0.9694491739664084,183501.0,1.0260058641433716,,
lowsp_dm2seql_netseed2_magnitude_p40_pruneseed0,magnitude,l1_unstructured,dm2seql,2,0.0,40,0.4,0.5148748648331748,0.5528095157444923,0.9313784407993967,0.921968098505868,157286.0,0.9630300998687744,,
lowsp_dm2seql_netseed2_obs_p10_pruneseed0,obs,obs_compensated,dm2seql,2,0.0,10,0.1,0.5528225438722201,0.5528095157444923,1.0000235671191553,1.000026798970205,235930.0,1.066332221031189,,
lowsp_dm2seql_netseed2_obs_p20_pruneseed0,obs,obs_compensated,dm2seql,2,0.0,20,0.2,0.5525131258386857,0.5528095157444923,0.9994638480392157,0.9993903234278385,209715.0,1.0605418682098389,,
lowsp_dm2seql_netseed2_obs_p30_pruneseed0,obs,obs_compensated,dm2seql,2,0.0,30,0.3,0.5502006331670076,0.5528095157444923,0.9952806843891404,0.994633506216468,183501.0,1.0584744215011597,,
lowsp_dm2seql_netseed2_obs_p40_pruneseed0,obs,obs_compensated,dm2seql,2,0.0,40,0.4,0.5450903500657921,0.5528095157444923,0.9860364819004527,0.984121610153594,157286.0,1.028980016708374,,
lowsp_dm2seql_netseed2_lnp_mask_p10_pruneseed0,lnp_mask,vanilla_mask_only,dm2seql,2,0.0,10,0.1,0.5526824914991466,0.5528095157444923,0.9997702205882353,0.9997387100405022,235469.0,1.0623693466186523,,
lowsp_dm2seql_netseed2_lnp_mask_p20_pruneseed0,lnp_mask,vanilla_mask_only,dm2seql,2,0.0,20,0.2,0.5506891879567988,0.5528095157444923,0.9961644513574662,0.9956384675991519,209306.0,1.040660738945007,,
lowsp_dm2seql_netseed2_lnp_mask_p30_pruneseed0,lnp_mask,vanilla_mask_only,dm2seql,2,0.0,30,0.3,0.5401396615292416,0.5528095157444923,0.9770809766214179,0.9739380014757301,183142.0,0.9916985630989076,,
lowsp_dm2seql_netseed2_lnp_mask_p40_pruneseed0,lnp_mask,vanilla_mask_only,dm2seql,2,0.0,40,0.4,0.5179332178172675,0.5528095157444923,0.9369108220211163,0.9282591567614696,156979.0,0.9234453439712524,,
lowsp_dm2seql_netseed2_lnp_rescale_p10_pruneseed0,lnp_rescale,noise_prune,dm2seql,2,0.0,10,0.1,0.5517835506859309,0.5528095157444923,0.9981440893665158,0.9978895810963637,182371.0,1.063858151435852,182371.0,0.9000015258789062
lowsp_dm2seql_netseed2_lnp_rescale_p10_pruneseed1,lnp_rescale,noise_prune,dm2seql,2,1.0,10,0.1,0.5545031723491017,0.5528095157444923,1.0030637254901962,1.0034838661266376,182414.0,1.0710242986679075,182414.0,0.9000015258789062
lowsp_dm2seql_netseed2_lnp_rescale_p10_pruneseed2,lnp_rescale,noise_prune,dm2seql,2,2.0,10,0.1,0.5514578474927369,0.5528095157444923,0.9975549113876321,0.9972196068412412,182396.0,1.0463095903396606,182396.0,0.9000015258789062
lowsp_dm2seql_netseed2_lnp_rescale_p20_pruneseed0,lnp_rescale,noise_prune,dm2seql,2,0.0,20,0.2,0.5507608426593015,0.5528095157444923,0.9962940705128206,0.9957858619352788,172773.0,1.047373652458191,172773.0,0.7999992370605469
lowsp_dm2seql_netseed2_lnp_rescale_p20_pruneseed1,lnp_rescale,noise_prune,dm2seql,2,1.0,20,0.2,0.5560470054848418,0.5528095157444923,1.0058564291101055,1.006659544095919,173021.0,1.0505729913711548,173021.0,0.7999992370605469
lowsp_dm2seql_netseed2_lnp_rescale_p20_pruneseed2,lnp_rescale,noise_prune,dm2seql,2,2.0,20,0.2,0.5538778222181691,0.5528095157444923,1.0019325037707392,1.0021975155568024,172748.0,1.0372205972671509,172748.0,0.7999992370605469
lowsp_dm2seql_netseed2_lnp_rescale_p30_pruneseed0,lnp_rescale,noise_prune,dm2seql,2,0.0,30,0.3,0.5535521190249749,0.5528095157444923,1.0013433257918554,1.0015275413016795,160799.0,1.0263279676437378,160799.0,0.7000007629394531
lowsp_dm2seql_netseed2_lnp_rescale_p30_pruneseed1,lnp_rescale,noise_prune,dm2seql,2,1.0,30,0.3,0.5557506155790352,0.5528095157444923,1.0053202771493213,1.0060498675237575,161090.0,1.0037130117416382,161090.0,0.7000007629394531
lowsp_dm2seql_netseed2_lnp_rescale_p30_pruneseed2,lnp_rescale,noise_prune,dm2seql,2,2.0,30,0.3,0.5530863634587073,0.5528095157444923,1.0005008012820513,1.0005694781168541,160783.0,1.0372129678726196,160783.0,0.7000007629394531
lowsp_dm2seql_netseed2_lnp_rescale_p40_pruneseed0,lnp_rescale,noise_prune,dm2seql,2,0.0,40,0.4,0.5571478822778378,0.5528095157444923,1.0078478506787332,1.0089240570782334,145718.0,0.9981210231781006,145718.0,0.5999984741210938
lowsp_dm2seql_netseed2_lnp_rescale_p40_pruneseed1,lnp_rescale,noise_prune,dm2seql,2,1.0,40,0.4,0.5585451489766405,0.5528095157444923,1.0103754242081449,1.0117982466327093,145991.0,0.955773651599884,145991.0,0.5999984741210938
lowsp_dm2seql_netseed2_lnp_rescale_p40_pruneseed2,lnp_rescale,noise_prune,dm2seql,2,2.0,40,0.4,0.5493798611201585,0.5528095157444923,0.993795955882353,0.992945171093559,145812.0,0.8735997080802917,145812.0,0.5999984741210938
lowsp_dm2seql_netseed2_snp_mask_p10_pruneseed0,snp_mask,simulation_noise_prune_mask_only,dm2seql,2,0.0,10,0.1,0.5564150500931511,0.5528095157444923,1.0065222002262444,1.0074166150042074,235469.0,1.047698974609375,,
lowsp_dm2seql_netseed2_snp_mask_p10_pruneseed1,snp_mask,simulation_noise_prune_mask_only,dm2seql,2,1.0,10,0.1,0.5563955079015594,0.5528095157444923,1.0064868495475114,1.0073764165489,235469.0,1.047374963760376,,
lowsp_dm2seql_netseed2_snp_mask_p10_pruneseed2,snp_mask,simulation_noise_prune_mask_only,dm2seql,2,2.0,10,0.1,0.5563857368057636,0.5528095157444923,1.0064691742081449,1.0073563173212465,235469.0,1.048017501831055,,
lowsp_dm2seql_netseed2_snp_mask_p20_pruneseed0,snp_mask,simulation_noise_prune_mask_only,dm2seql,2,0.0,20,0.2,0.5641342157718514,0.5528095157444923,1.0204857183257918,1.0232950048506135,209306.0,0.9850580096244812,,
lowsp_dm2seql_netseed2_snp_mask_p20_pruneseed1,snp_mask,simulation_noise_prune_mask_only,dm2seql,2,1.0,20,0.2,0.5642547259533333,0.5528095157444923,1.020703714177979,1.023542895325009,209306.0,0.9831051230430604,,
lowsp_dm2seql_netseed2_snp_mask_p20_pruneseed2,snp_mask,simulation_noise_prune_mask_only,dm2seql,2,2.0,20,0.2,0.5642254126659457,0.5528095157444923,1.0206506881598794,1.0234825976420479,209306.0,0.9847151637077332,,
lowsp_dm2seql_netseed2_snp_mask_p30_pruneseed0,snp_mask,simulation_noise_prune_mask_only,dm2seql,2,0.0,30,0.3,0.5694301496931876,0.5528095157444923,1.0300657522624435,1.0341887862389076,183142.0,0.8812105059623718,,
lowsp_dm2seql_netseed2_snp_mask_p30_pruneseed1,snp_mask,simulation_noise_prune_mask_only,dm2seql,2,1.0,30,0.3,0.5695441458108055,0.5528095157444923,1.0302719645550527,1.0344232772282003,183142.0,0.8858603239059448,,
lowsp_dm2seql_netseed2_snp_mask_p30_pruneseed2,snp_mask,simulation_noise_prune_mask_only,dm2seql,2,2.0,30,0.3,0.5696483708326276,0.5528095157444923,1.0304605015082957,1.0346376689898398,183142.0,0.8844013214111328,,
lowsp_dm2seql_netseed2_snp_mask_p40_pruneseed0,snp_mask,simulation_noise_prune_mask_only,dm2seql,2,0.0,40,0.4,0.570348632697995,0.5528095157444923,1.031727234162896,1.0360781136383532,156979.0,0.7262307405471802,,
lowsp_dm2seql_netseed2_snp_mask_p40_pruneseed1,snp_mask,simulation_noise_prune_mask_only,dm2seql,2,1.0,40,0.4,0.5702020662610576,0.5528095157444923,1.0314621040723984,1.035776625223548,156979.0,0.7228079438209534,,
lowsp_dm2seql_netseed2_snp_mask_p40_pruneseed2,snp_mask,simulation_noise_prune_mask_only,dm2seql,2,2.0,40,0.4,0.5703388616021992,0.5528095157444923,1.0317095588235294,1.0360580144106997,156979.0,0.7232189774513245,,
lowsp_dm2seql_netseed2_snp_rescale_p10_pruneseed0,snp_rescale,simulation_noise_prune_rescale,dm2seql,2,0.0,10,0.1,0.5506273043500919,0.5528095157444923,0.9960525075414782,0.9955111724906786,178361.0,1.1165755987167358,178361.0,0.9000015258789062
lowsp_dm2seql_netseed2_snp_rescale_p10_pruneseed1,snp_rescale,simulation_noise_prune_rescale,dm2seql,2,1.0,10,0.1,0.5539266776971481,0.5528095157444923,1.0020208804675717,1.0022980116950706,178266.0,1.071256399154663,178266.0,0.9000015258789062
lowsp_dm2seql_netseed2_snp_rescale_p10_pruneseed2,snp_rescale,simulation_noise_prune_rescale,dm2seql,2,2.0,10,0.1,0.5540048464635148,0.5528095157444923,1.0021622831825039,1.0024588055163002,178238.0,1.105212926864624,178238.0,0.9000015258789062
lowsp_dm2seql_netseed2_snp_rescale_p20_pruneseed0,snp_rescale,simulation_noise_prune_rescale,dm2seql,2,0.0,20,0.2,0.553604231535886,0.5528095157444923,1.0014375942684768,1.0016347371824994,168588.0,1.1593642234802246,168588.0,0.7999992370605469
lowsp_dm2seql_netseed2_snp_rescale_p20_pruneseed1,snp_rescale,simulation_noise_prune_rescale,dm2seql,2,1.0,20,0.2,0.5529919095326811,0.5528095157444923,1.000329939668175,1.0003751855828686,168377.0,1.0915297269821167,168377.0,0.7999992370605469
lowsp_dm2seql_netseed2_snp_rescale_p20_pruneseed2,snp_rescale,simulation_noise_prune_rescale,dm2seql,2,2.0,20,0.2,0.5515751006422867,0.5528095157444923,0.9977670154600301,0.9974607975730853,168384.0,1.1048717498779297,168384.0,0.7999992370605469
lowsp_dm2seql_netseed2_snp_rescale_p30_pruneseed0,snp_rescale,simulation_noise_prune_rescale,dm2seql,2,0.0,30,0.3,0.5469989707779095,0.5528095157444923,0.989489064856712,0.9880476592886124,156489.0,1.166133999824524,156489.0,0.7000007629394531
lowsp_dm2seql_netseed2_snp_rescale_p30_pruneseed1,snp_rescale,simulation_noise_prune_rescale,dm2seql,2,1.0,30,0.3,0.5528616282554034,0.5528095157444923,1.0000942684766214,1.0001071958808196,156183.0,1.107530951499939,156183.0,0.7000007629394531
lowsp_dm2seql_netseed2_snp_rescale_p30_pruneseed2,snp_rescale,simulation_noise_prune_rescale,dm2seql,2,2.0,30,0.3,0.5515718436103547,0.5528095157444923,0.9977611236802413,0.997454097830534,156506.0,1.0576423406600952,156506.0,0.7000007629394531
lowsp_dm2seql_netseed2_snp_rescale_p40_pruneseed0,snp_rescale,simulation_noise_prune_rescale,dm2seql,2,0.0,40,0.4,0.5448037312557812,0.5528095157444923,0.9855180052790347,0.9835320328090859,141404.0,1.1776729822158811,141404.0,0.5999984741210938
lowsp_dm2seql_netseed2_snp_rescale_p40_pruneseed1,snp_rescale,simulation_noise_prune_rescale,dm2seql,2,1.0,40,0.4,0.5518291491329781,0.5528095157444923,0.9982265742835597,0.997983377492081,141282.0,1.0564262866973877,141282.0,0.5999984741210938
lowsp_dm2seql_netseed2_snp_rescale_p40_pruneseed2,snp_rescale,simulation_noise_prune_rescale,dm2seql,2,2.0,40,0.4,0.549620881483122,0.5528095157444923,0.9942319475867271,0.9934409520423495,141553.0,0.9917200803756714,141553.0,0.5999984741210938
lowsp_dm2seql_netseed2_snp_rescale_p50_pruneseed0,snp_rescale,simulation_noise_prune_rescale,dm2seql,2,0.0,50,0.5,0.5356547285589588,0.5528095157444923,0.9689679958521871,0.9647124559826915,123374.0,1.0924698114395142,123374.0,0.5
lowsp_dm2seql_netseed2_snp_rescale_p50_pruneseed1,snp_rescale,simulation_noise_prune_rescale,dm2seql,2,1.0,50,0.5,0.548852221947184,0.5528095157444923,0.9928414875565611,0.9918598128002601,123090.0,1.0799038410186768,123090.0,0.5
lowsp_dm2seql_netseed2_snp_rescale_p50_pruneseed2,snp_rescale,simulation_noise_prune_rescale,dm2seql,2,2.0,50,0.5,0.5478946545591933,0.5528095157444923,0.9911093042986425,0.9898900884901997,123485.0,1.0468838214874268,123485.0,0.5
lowsp_dm2seql_netseed2_snp_rescale_p60_pruneseed0,snp_rescale,simulation_noise_prune_rescale,dm2seql,2,0.0,60,0.6,0.5180472139348854,0.5528095157444923,0.9371170343137255,0.9284936477507625,101969.0,1.1456246376037598,101969.0,0.4000015258789062
lowsp_dm2seql_netseed2_snp_rescale_p60_pruneseed1,snp_rescale,simulation_noise_prune_rescale,dm2seql,2,1.0,60,0.6,0.5425433510950142,0.5528095157444923,0.9814291101055808,0.978882411478535,101727.0,1.0864335298538208,101727.0,0.4000015258789062
lowsp_dm2seql_netseed2_snp_rescale_p60_pruneseed2,snp_rescale,simulation_noise_prune_rescale,dm2seql,2,2.0,60,0.6,0.5443119194340581,0.5528095157444923,0.98462834653092,0.9825203716838508,102064.0,1.2069990634918213,102064.0,0.4000015258789062
lowsp_dm2seql_netseed2_snp_rescale_p70_pruneseed0,snp_rescale,simulation_noise_prune_rescale,dm2seql,2,0.0,70,0.7,0.5388889612673763,0.5528095157444923,0.9748185331825039,0.9713653003360592,78162.0,1.6285463571548462,78162.0,0.2999992370605469
lowsp_dm2seql_netseed2_snp_rescale_p70_pruneseed1,snp_rescale,simulation_noise_prune_rescale,dm2seql,2,1.0,70,0.7,0.5251866279297003,0.5528095157444923,0.9500318156108599,0.9431794834230505,77798.0,1.3433135747909546,77798.0,0.2999992370605469
lowsp_dm2seql_netseed2_snp_rescale_p70_pruneseed2,snp_rescale,simulation_noise_prune_rescale,dm2seql,2,2.0,70,0.7,0.5142364865745144,0.5528095157444923,0.9302236519607844,0.9206549489658278,77990.0,1.3995472192764282,77990.0,0.2999992370605469
lowsp_dm2seql_netseed2_snp_rescale_p80_pruneseed0,snp_rescale,simulation_noise_prune_rescale,dm2seql,2,0.0,80,0.8,0.511217217973605,0.5528095157444923,0.9247619720965309,0.914444287620841,52423.0,1.9393339157104492,52423.0,0.2000007629394531
lowsp_dm2seql_netseed2_snp_rescale_p80_pruneseed1,snp_rescale,simulation_noise_prune_rescale,dm2seql,2,1.0,80,0.8,0.4919714162877653,0.5528095157444923,0.8899474453242836,0.8748555088856453,52070.0,1.9727567434310913,52070.0,0.2000007629394531
lowsp_dm2seql_netseed2_snp_rescale_p80_pruneseed2,snp_rescale,simulation_noise_prune_rescale,dm2seql,2,2.0,80,0.8,0.4824445978868377,0.5528095157444923,0.8727139894419307,0.8552587619233085,52429.0,1.9920188188552856,52544.0,0.2000007629394531
lowsp_dmsintseq_netseed0_random_p10_pruneseed0,random,random_unstructured,dmsintseq,0,0.0,10,0.1,0.04402051897875,0.8641139769226753,0.05094295446477791,-0.02839829967028976,235463.0,2.48657751083374,,
lowsp_dmsintseq_netseed0_random_p10_pruneseed1,random,random_unstructured,dmsintseq,0,1.0,10,0.1,0.038838563149376,0.8641139769226753,0.044946111492941906,-0.034896479252474834,235471.0,2.480663061141968,,
lowsp_dmsintseq_netseed0_random_p10_pruneseed2,random,random_unstructured,dmsintseq,0,2.0,10,0.1,0.0352620999321255,0.8641139769226753,0.04080723246452118,-0.03938136893891986,235468.0,2.507903814315796,,
lowsp_dmsintseq_netseed0_random_p20_pruneseed0,random,random_unstructured,dmsintseq,0,0.0,20,0.2,0.0001305278546441,0.8641139769226753,0.00015105397913935166,-0.08343640759244912,209289.0,2.159595727920532,,
lowsp_dmsintseq_netseed0_random_p20_pruneseed1,random,random_unstructured,dmsintseq,0,1.0,20,0.2,0.0001957917819662,0.8641139769226753,0.00022658096870908535,-0.08335456653977674,209306.0,2.0683648586273193,,
lowsp_dmsintseq_netseed0_random_p20_pruneseed2,random,random_unstructured,dmsintseq,0,2.0,20,0.2,5.2211141857672424e-05,0.8641139769226753,6.0421591655778186e-05,-0.08353461685565583,209312.0,2.1508867740631104,,
lowsp_dmsintseq_netseed0_random_p30_pruneseed0,random,random_unstructured,dmsintseq,0,0.0,30,0.3,0.0,0.8641139769226753,0.0,-0.08360008969779373,183124.0,1.679471135139465,,
lowsp_dmsintseq_netseed0_random_p30_pruneseed1,random,random_unstructured,dmsintseq,0,1.0,30,0.3,0.0,0.8641139769226753,0.0,-0.08360008969779373,183132.0,1.6763873100280762,,
lowsp_dmsintseq_netseed0_random_p30_pruneseed2,random,random_unstructured,dmsintseq,0,2.0,30,0.3,0.0,0.8641139769226753,0.0,-0.08360008969779373,183150.0,1.8087276220321655,,
lowsp_dmsintseq_netseed0_random_p40_pruneseed0,random,random_unstructured,dmsintseq,0,0.0,40,0.4,0.0,0.8641139769226753,0.0,-0.08360008969779373,156953.0,1.3152059316635132,,
lowsp_dmsintseq_netseed0_random_p40_pruneseed1,random,random_unstructured,dmsintseq,0,1.0,40,0.4,0.0,0.8641139769226753,0.0,-0.08360008969779373,156967.0,1.351121187210083,,
lowsp_dmsintseq_netseed0_random_p40_pruneseed2,random,random_unstructured,dmsintseq,0,2.0,40,0.4,0.0,0.8641139769226753,0.0,-0.08360008969779373,156984.0,1.389291763305664,,
lowsp_dmsintseq_netseed0_magnitude_p10_pruneseed0,magnitude,l1_unstructured,dmsintseq,0,0.0,10,0.1,0.8643032423119094,0.8641139769226753,1.000219028269752,1.0002373390527497,235930.0,2.8694095611572266,,
lowsp_dmsintseq_netseed0_magnitude_p20_pruneseed0,magnitude,l1_unstructured,dmsintseq,0,0.0,20,0.2,0.8681016028820551,0.8641139769226753,1.00461469906271,1.005000488318281,209715.0,2.867600679397583,,
lowsp_dmsintseq_netseed0_magnitude_p30_pruneseed0,magnitude,l1_unstructured,dmsintseq,0,0.0,30,0.3,0.8681603404166449,0.8641139769226753,1.0046826733533227,1.005074145265686,183501.0,2.7978668212890625,,
lowsp_dmsintseq_netseed0_magnitude_p40_pruneseed0,magnitude,l1_unstructured,dmsintseq,0,0.0,40,0.4,0.8656476792147444,0.8641139769226753,1.0017748842548884,1.0019232647378002,157286.0,2.707366704940796,,
lowsp_dmsintseq_netseed0_obs_p10_pruneseed0,obs,obs_compensated,dmsintseq,0,0.0,10,0.1,0.8630893332637185,0.8641139769226753,0.9988142262637554,0.998715095473044,235930.0,2.878915786743164,,
lowsp_dmsintseq_netseed0_obs_p20_pruneseed0,obs,obs_compensated,dmsintseq,0,0.0,20,0.2,0.8651647261525609,0.8641139769226753,1.0012159845320725,1.001317640948025,209715.0,2.868544578552246,,
lowsp_dmsintseq_netseed0_obs_p30_pruneseed0,obs,obs_compensated,dmsintseq,0,0.0,30,0.3,0.8603221427452619,0.8641139769226753,0.9956118819059991,0.9952450348397361,183501.0,2.7450144290924072,,
lowsp_dmsintseq_netseed0_obs_p40_pruneseed0,obs,obs_compensated,dmsintseq,0,0.0,40,0.4,0.8513809847021354,0.8641139769226753,0.9852646843349471,0.9840328106236232,157286.0,2.535167694091797,,
lowsp_dmsintseq_netseed0_lnp_mask_p10_pruneseed0,lnp_mask,vanilla_mask_only,dmsintseq,0,0.0,10,0.1,0.8620320576411006,0.8641139769226753,0.9975906890327257,0.9973892704197518,235469.0,2.861265182495117,,
lowsp_dmsintseq_netseed0_lnp_mask_p20_pruneseed0,lnp_mask,vanilla_mask_only,dmsintseq,0,0.0,20,0.2,0.8595455020101289,0.8641139769226753,0.9947131107301194,0.994271126312935,209306.0,2.8291025161743164,,
lowsp_dmsintseq_netseed0_lnp_mask_p30_pruneseed0,lnp_mask,vanilla_mask_only,dmsintseq,0,0.0,30,0.3,0.8430989923249621,0.8641139769226753,0.9756803093585492,0.9736471810395013,183142.0,2.7478415966033936,,
lowsp_dmsintseq_netseed0_lnp_mask_p40_pruneseed0,lnp_mask,vanilla_mask_only,dmsintseq,0,0.0,40,0.4,0.8408408604396178,0.8641139769226753,0.9730670755194368,0.9708154806170378,156979.0,2.590972423553467,,
lowsp_dmsintseq_netseed0_lnp_rescale_p10_pruneseed0,lnp_rescale,noise_prune,dmsintseq,0,0.0,10,0.1,0.8553163995196575,0.8641139769226753,0.9898189618060014,0.9889678260997664,180462.0,2.8701868057250977,180462.0,0.9000015258789062
lowsp_dmsintseq_netseed0_lnp_rescale_p10_pruneseed1,lnp_rescale,noise_prune,dmsintseq,0,1.0,10,0.1,0.8378256669973372,0.8641139769226753,0.9695777286013156,0.967034423983575,180343.0,2.8820178508758545,180343.0,0.9000015258789062
lowsp_dmsintseq_netseed0_lnp_rescale_p10_pruneseed2,lnp_rescale,noise_prune,dmsintseq,0,2.0,10,0.1,0.8725264971544928,0.8641139769226753,1.0097354289555374,1.0105493116894666,180076.0,2.877930164337158,180076.0,0.9000015258789062
lowsp_dmsintseq_netseed0_lnp_rescale_p20_pruneseed0,lnp_rescale,noise_prune,dmsintseq,0,0.0,20,0.2,0.8366052315564141,0.8641139769226753,0.9681653738963618,0.9655039962986018,170650.0,2.849322557449341,170650.0,0.7999992370605469
lowsp_dmsintseq_netseed0_lnp_rescale_p20_pruneseed1,lnp_rescale,noise_prune,dmsintseq,0,1.0,20,0.2,0.8333616143685062,0.8641139769226753,0.9644116825147465,0.9614364959807858,170624.0,2.871187686920166,170624.0,0.7999992370605469
lowsp_dmsintseq_netseed0_lnp_rescale_p20_pruneseed2,lnp_rescale,noise_prune,dmsintseq,0,2.0,20,0.2,0.8693742494648358,0.8641139769226753,1.0060874753593196,1.0065963888453917,170492.0,2.8939247131347656,170492.0,0.7999992370605469
lowsp_dmsintseq_netseed0_lnp_rescale_p30_pruneseed0,lnp_rescale,noise_prune,dmsintseq,0,0.0,30,0.3,0.8611248890513236,0.8641139769226753,0.9965408638777067,0.9962516797876061,158612.0,2.851998805999756,158612.0,0.7000007629394531
lowsp_dmsintseq_netseed0_lnp_rescale_p30_pruneseed1,lnp_rescale,noise_prune,dmsintseq,0,1.0,30,0.3,0.8501279172975513,0.8641139769226753,0.9838145661352085,0.9824614624123141,158608.0,2.8637406826019287,158608.0,0.7000007629394531
lowsp_dmsintseq_netseed0_lnp_rescale_p30_pruneseed2,lnp_rescale,noise_prune,dmsintseq,0,2.0,30,0.3,0.8638398684279225,0.8641139769226753,0.999682786643807,0.999656267578776,158451.0,2.900434732437134,158451.0,0.7000007629394531
lowsp_dmsintseq_netseed0_lnp_rescale_p40_pruneseed0,lnp_rescale,noise_prune,dmsintseq,0,0.0,40,0.4,0.8581684331436329,0.8641139769226753,0.9931194912501983,0.9925442801015484,143589.0,2.862352132797241,143589.0,0.5999984741210938
lowsp_dmsintseq_netseed0_lnp_rescale_p40_pruneseed1,lnp_rescale,noise_prune,dmsintseq,0,1.0,40,0.4,0.8707904766877251,0.8641139769226753,1.0077264110329827,1.008372339688382,143499.0,2.9313390254974365,143499.0,0.5999984741210938
lowsp_dmsintseq_netseed0_lnp_rescale_p40_pruneseed2,lnp_rescale,noise_prune,dmsintseq,0,2.0,40,0.4,0.8037056857933483,0.8641139769226753,0.9300922184542646,0.9242479216464674,143275.0,2.9012036323547363,143275.0,0.5999984741210938
lowsp_dmsintseq_netseed0_snp_mask_p10_pruneseed0,snp_mask,simulation_noise_prune_mask_only,dmsintseq,0,0.0,10,0.1,0.8563540959640787,0.8641139769226753,0.9910198409401599,0.9902690988372569,235469.0,2.865434408187866,,
lowsp_dmsintseq_netseed0_snp_mask_p10_pruneseed1,snp_mask,simulation_noise_prune_mask_only,dmsintseq,0,1.0,10,0.1,0.857019788022764,0.8641139769226753,0.9917902162337711,0.9911038775745148,235469.0,2.864292621612549,,
lowsp_dmsintseq_netseed0_snp_mask_p10_pruneseed2,snp_mask,simulation_noise_prune_mask_only,dmsintseq,0,2.0,10,0.1,0.8570654727718895,0.8641139769226753,0.9918430851264699,0.9911611663113855,235469.0,2.86510705947876,,
lowsp_dmsintseq_netseed0_snp_mask_p20_pruneseed0,snp_mask,simulation_noise_prune_mask_only,dmsintseq,0,0.0,20,0.2,0.8272202788074975,0.8641139769226753,0.9573045927962357,0.9537352529243172,209306.0,2.834821939468384,,
lowsp_dmsintseq_netseed0_snp_mask_p20_pruneseed1,snp_mask,simulation_noise_prune_mask_only,dmsintseq,0,1.0,20,0.2,0.8284537670338851,0.8641139769226753,0.9587320528991035,0.9552820488198247,209306.0,2.834118127822876,,
lowsp_dmsintseq_netseed0_snp_mask_p20_pruneseed2,snp_mask,simulation_noise_prune_mask_only,dmsintseq,0,2.0,20,0.2,0.8281927113245967,0.8641139769226753,0.9584299449408246,0.9549546846091354,209306.0,2.8371386528015137,,
lowsp_dmsintseq_netseed0_snp_mask_p30_pruneseed0,snp_mask,simulation_noise_prune_mask_only,dmsintseq,0,0.0,30,0.3,0.7230459980159766,0.8641139769226753,0.8367484120450442,0.8231005646487026,183142.0,2.7373147010803223,,
lowsp_dmsintseq_netseed0_snp_mask_p30_pruneseed1,snp_mask,simulation_noise_prune_mask_only,dmsintseq,0,1.0,30,0.3,0.7287500652639273,0.8641139769226753,0.8433494709334379,0.8302534726522666,183142.0,2.737196683883667,,
lowsp_dmsintseq_netseed0_snp_mask_p30_pruneseed2,snp_mask,simulation_noise_prune_mask_only,dmsintseq,0,2.0,30,0.3,0.7243643293478829,0.8641139769226753,0.8382740572343527,0.8247537539126844,183142.0,2.736024856567383,,
lowsp_dmsintseq_netseed0_snp_mask_p40_pruneseed0,snp_mask,simulation_noise_prune_mask_only,dmsintseq,0,0.0,40,0.4,0.6489910196836005,0.8641139769226753,0.7510479369802799,0.7302355221813805,156979.0,2.5992238521575928,,
lowsp_dmsintseq_netseed0_snp_mask_p40_pruneseed1,snp_mask,simulation_noise_prune_mask_only,dmsintseq,0,1.0,40,0.4,0.6576058580901164,0.8641139769226753,0.7610174996034832,0.7410385411341314,156979.0,2.6018269062042236,,
lowsp_dmsintseq_netseed0_snp_mask_p40_pruneseed2,snp_mask,simulation_noise_prune_mask_only,dmsintseq,0,2.0,40,0.4,0.6544275048295306,0.8641139769226753,0.7573393352114378,0.7370528818689877,156979.0,2.6070404052734375,,
lowsp_dmsintseq_netseed0_snp_rescale_p10_pruneseed0,snp_rescale,simulation_noise_prune_rescale,dmsintseq,0,0.0,10,0.1,0.8681472876311805,0.8641139769226753,1.004667567955409,1.0050577770551516,180589.0,2.8827855587005615,180589.0,0.9000015258789062
lowsp_dmsintseq_netseed0_snp_rescale_p10_pruneseed1,snp_rescale,simulation_noise_prune_rescale,dmsintseq,0,1.0,10,0.1,0.8662220017751788,0.8641139769226753,1.002439521763102,1.002643466001317,180421.0,2.841909408569336,180421.0,0.9000015258789062
lowsp_dmsintseq_netseed0_snp_rescale_p10_pruneseed2,snp_rescale,simulation_noise_prune_rescale,dmsintseq,0,2.0,10,0.1,0.8525883673575941,0.8641139769226753,0.986661933641987,0.985546870098062,180649.0,2.869112014770508,180649.0,0.9000015258789062
lowsp_dmsintseq_netseed0_snp_rescale_p20_pruneseed0,snp_rescale,simulation_noise_prune_rescale,dmsintseq,0,0.0,20,0.2,0.8628021719835013,0.8641139769226753,0.9984819075096485,0.9983549948412856,170911.0,2.8983943462371826,170911.0,0.7999992370605469
lowsp_dmsintseq_netseed0_snp_rescale_p20_pruneseed1,snp_rescale,simulation_noise_prune_rescale,dmsintseq,0,1.0,20,0.2,0.8723176525870621,0.8641139769226753,1.0094937425889141,1.0102874203209151,170613.0,2.832179546356201,170613.0,0.7999992370605469
lowsp_dmsintseq_netseed0_snp_rescale_p20_pruneseed2,snp_rescale,simulation_noise_prune_rescale,dmsintseq,0,2.0,20,0.2,0.8567261003498147,0.8641139769226753,0.9914503447807074,0.9907355928374892,171112.0,2.864227533340454,171112.0,0.7999992370605469
lowsp_dmsintseq_netseed0_snp_rescale_p30_pruneseed0,snp_rescale,simulation_noise_prune_rescale,dmsintseq,0,0.0,30,0.3,0.8606745679528012,0.8641139769226753,0.9960197276496756,0.9956869765241668,158871.0,2.8554065227508545,158871.0,0.7000007629394531
lowsp_dmsintseq_netseed0_snp_rescale_p30_pruneseed1,snp_rescale,simulation_noise_prune_rescale,dmsintseq,0,1.0,30,0.3,0.8594410797264136,0.8641139769226753,0.9945922675468077,0.9941401806286593,158617.0,2.880953788757324,158617.0,0.7000007629394531
lowsp_dmsintseq_netseed0_snp_rescale_p30_pruneseed2,snp_rescale,simulation_noise_prune_rescale,dmsintseq,0,2.0,30,0.3,0.8554338745888372,0.8641139769226753,0.9899549103872268,0.9891151399945766,159095.0,2.8485827445983887,159095.0,0.7000007629394531
lowsp_dmsintseq_netseed0_snp_rescale_p40_pruneseed0,snp_rescale,simulation_noise_prune_rescale,dmsintseq,0,0.0,40,0.4,0.8606876207382655,0.8641139769226753,0.9960348330475896,0.9957033447347012,143816.0,2.8562307357788086,143816.0,0.5999984741210938
lowsp_dmsintseq_netseed0_snp_rescale_p40_pruneseed1,snp_rescale,simulation_noise_prune_rescale,dmsintseq,0,1.0,40,0.4,0.7847660940844776,0.8641139769226753,0.908174286081131,0.9004976481609497,143753.0,2.9300146102905273,143753.0,0.5999984741210938
lowsp_dmsintseq_netseed0_snp_rescale_p40_pruneseed2,snp_rescale,simulation_noise_prune_rescale,dmsintseq,0,2.0,40,0.4,0.860296037174333,0.8641139769226753,0.9955816711101712,0.9952122984186671,144100.0,2.8391222953796387,144100.0,0.5999984741210938
lowsp_dmsintseq_netseed0_snp_rescale_p50_pruneseed0,snp_rescale,simulation_noise_prune_rescale,dmsintseq,0,0.0,50,0.5,0.8455659687777372,0.8641139769226753,0.9785352295642847,0.9767407728305164,125134.0,2.8360116481781006,125134.0,0.5
lowsp_dmsintseq_netseed0_snp_rescale_p50_pruneseed1,snp_rescale,simulation_noise_prune_rescale,dmsintseq,0,1.0,50,0.5,0.6909426721662403,0.8641139769226753,0.7995966858756977,0.7828429508391709,124952.0,2.914212942123413,124952.0,0.5
lowsp_dmsintseq_netseed0_snp_rescale_p50_pruneseed2,snp_rescale,simulation_noise_prune_rescale,dmsintseq,0,2.0,50,0.5,0.8389873649036704,0.8641139769226753,0.9709221090156567,0.968491194721143,125542.0,2.785890817642212,125542.0,0.5
lowsp_dmsintseq_netseed0_snp_rescale_p60_pruneseed0,snp_rescale,simulation_noise_prune_rescale,dmsintseq,0,0.0,60,0.6,0.5739897144050541,0.8641139769226753,0.6642523205667545,0.6361837844503092,102580.0,2.883023977279663,102580.0,0.4000015258789062
lowsp_dmsintseq_netseed0_snp_rescale_p60_pruneseed1,snp_rescale,simulation_noise_prune_rescale,dmsintseq,0,1.0,60,0.6,0.377623609878348,0.8641139769226753,0.43700671434937266,0.3899404251697246,102686.0,2.996403932571411,102686.0,0.4000015258789062
lowsp_dmsintseq_netseed0_snp_rescale_p60_pruneseed2,snp_rescale,simulation_noise_prune_rescale,dmsintseq,0,2.0,60,0.6,0.8529668981360622,0.8641139769226753,0.9870999901814913,0.9860215482035615,103285.0,2.8748586177825928,103285.0,0.4000015258789062
lowsp_dmsintseq_netseed0_snp_rescale_p70_pruneseed0,snp_rescale,simulation_noise_prune_rescale,dmsintseq,0,0.0,70,0.7,0.2202983866757166,0.8641139769226753,0.2549413532925991,0.19265438359774362,77964.0,2.8258559703826904,77964.0,0.2999992370605469
lowsp_dmsintseq_netseed0_snp_rescale_p70_pruneseed1,snp_rescale,simulation_noise_prune_rescale,dmsintseq,0,1.0,70,0.7,0.1687203049130684,0.8641139769226753,0.19525237343564714,0.12797539967078064,77976.0,3.0130724906921387,77976.0,0.2999992370605469
lowsp_dmsintseq_netseed0_snp_rescale_p70_pruneseed2,snp_rescale,simulation_noise_prune_rescale,dmsintseq,0,2.0,70,0.7,0.5206560329974417,0.8641139769226753,0.6025316646903771,0.5693032762064599,78643.0,2.804497241973877,78654.0,0.2999992370605469
lowsp_dmsintseq_netseed0_snp_rescale_p80_pruneseed0,snp_rescale,simulation_noise_prune_rescale,dmsintseq,0,0.0,80,0.8,0.1192633007883882,0.8641139769226753,0.13801802073971128,0.06595624995566939,52360.0,2.884140729904175,52360.0,0.2000007629394531
lowsp_dmsintseq_netseed0_snp_rescale_p80_pruneseed1,snp_rescale,simulation_noise_prune_rescale,dmsintseq,0,1.0,80,0.8,0.1039458570458936,0.8641139769226753,0.1202918362876974,0.0467481548934675,52313.0,3.2067975997924805,52313.0,0.2000007629394531
lowsp_dmsintseq_netseed0_snp_rescale_p80_pruneseed2,snp_rescale,simulation_noise_prune_rescale,dmsintseq,0,2.0,80,0.8,0.1674672375084843,0.8641139769226753,0.19380225523590852,0.12640405145947148,52429.0,2.8342792987823486,52669.0,0.2000007629394531
lowsp_dmsintseq_netseed1_random_p10_pruneseed0,random,random_unstructured,dmsintseq,1,0.0,10,0.1,0.0318357437477157,0.8851224351276562,0.03596761587353078,-0.04255687877238185,235472.0,2.2351856231689453,,
lowsp_dmsintseq_netseed1_random_p10_pruneseed1,random,random_unstructured,dmsintseq,1,1.0,10,0.1,0.0413446979585443,0.8851224351276562,0.04671071065166413,-0.030938713714166094,235464.0,2.3131179809570312,,
lowsp_dmsintseq_netseed1_random_p10_pruneseed2,random,random_unstructured,dmsintseq,1,2.0,10,0.1,0.039367200960685,0.8851224351276562,0.04447655985017179,-0.033354845500466225,235468.0,2.330490827560425,,
lowsp_dmsintseq_netseed1_random_p20_pruneseed0,random,random_unstructured,dmsintseq,1,0.0,20,0.2,0.0003263196366104,0.8851224351276562,0.0003686717494211259,-0.08105550670722445,209302.0,1.950061321258545,,
lowsp_dmsintseq_netseed1_random_p20_pruneseed1,random,random_unstructured,dmsintseq,1,1.0,20,0.2,0.000437268313058,0.8851224351276562,0.0004940201442243809,-0.08091994815815803,209305.0,1.9898992776870728,,
lowsp_dmsintseq_netseed1_random_p20_pruneseed2,random,random_unstructured,dmsintseq,1,2.0,20,0.2,0.0005416905967733,0.8851224351276562,0.0006119951040391096,-0.08079236364138977,209312.0,1.9181336164474487,,
lowsp_dmsintseq_netseed1_random_p30_pruneseed0,random,random_unstructured,dmsintseq,1,0.0,30,0.3,0.0,0.8851224351276562,0.0,-0.0814542083221254,183150.0,1.6242104768753052,,
lowsp_dmsintseq_netseed1_random_p30_pruneseed1,random,random_unstructured,dmsintseq,1,1.0,30,0.3,6.526392732209053e-06,0.8851224351276562,7.373434988423707e-06,-0.08144623428982736,183143.0,1.6749329566955566,,
lowsp_dmsintseq_netseed1_random_p30_pruneseed2,random,random_unstructured,dmsintseq,1,2.0,30,0.3,2.6105570928836212e-05,0.8851224351276562,2.9493739953694828e-05,-0.08142231219293332,183150.0,1.5687164068222046,,
lowsp_dmsintseq_netseed1_random_p40_pruneseed0,random,random_unstructured,dmsintseq,1,0.0,40,0.4,0.0,0.8851224351276562,0.0,-0.0814542083221254,156984.0,1.2563046216964722,,
lowsp_dmsintseq_netseed1_random_p40_pruneseed1,random,random_unstructured,dmsintseq,1,1.0,40,0.4,0.0,0.8851224351276562,0.0,-0.0814542083221254,156972.0,1.2295513153076172,,
lowsp_dmsintseq_netseed1_random_p40_pruneseed2,random,random_unstructured,dmsintseq,1,2.0,40,0.4,6.526392732209053e-06,0.8851224351276562,7.373434988423707e-06,-0.08144623428982736,156984.0,1.2030293941497805,,
lowsp_dmsintseq_netseed1_magnitude_p10_pruneseed0,magnitude,l1_unstructured,dmsintseq,1,0.0,10,0.1,0.8858925494700569,0.8851224351276562,1.000870065328634,1.0009409358111665,235930.0,2.6564037799835205,,
lowsp_dmsintseq_netseed1_magnitude_p20_pruneseed0,magnitude,l1_unstructured,dmsintseq,1,0.0,20,0.2,0.8879679423588994,0.8851224351276562,1.003214817654953,1.003476678081937,209715.0,2.672348737716675,,
lowsp_dmsintseq_netseed1_magnitude_p30_pruneseed0,magnitude,l1_unstructured,dmsintseq,1,0.0,30,0.3,0.8785242520753929,0.8851224351276562,0.9925454572267036,0.9919382533467014,183501.0,2.643550157546997,,
lowsp_dmsintseq_netseed1_magnitude_p40_pruneseed0,magnitude,l1_unstructured,dmsintseq,1,0.0,40,0.4,0.8222014827964288,0.8851224351276562,0.9289127132766071,0.9231223546147852,157286.0,2.5974855422973633,,
lowsp_dmsintseq_netseed1_obs_p10_pruneseed0,obs,obs_compensated,dmsintseq,1,0.0,10,0.1,0.8840260011486452,0.8851224351276562,0.9987612629219449,0.9986603625739326,235930.0,2.6526739597320557,,
lowsp_dmsintseq_netseed1_obs_p20_pruneseed0,obs,obs_compensated,dmsintseq,1,0.0,20,0.2,0.8819375554743383,0.8851224351276562,0.9964017637256494,0.9961086722385661,209715.0,2.6625328063964844,,
lowsp_dmsintseq_netseed1_obs_p30_pruneseed0,obs,obs_compensated,dmsintseq,1,0.0,30,0.3,0.8680232861692685,0.8851224351276562,0.9806816003303299,0.9791080353791866,183501.0,2.606884241104126,,
lowsp_dmsintseq_netseed1_obs_p40_pruneseed0,obs,obs_compensated,dmsintseq,1,0.0,40,0.4,0.8590625489479455,0.8851224351276562,0.9705578740912242,0.9681596890340045,157286.0,2.519676923751831,,
lowsp_dmsintseq_netseed1_lnp_mask_p10_pruneseed0,lnp_mask,vanilla_mask_only,dmsintseq,1,0.0,10,0.1,0.8858142327572704,0.8851224351276562,1.000781584108773,1.0008452474235903,235469.0,2.649825096130371,,
lowsp_dmsintseq_netseed1_lnp_mask_p20_pruneseed0,lnp_mask,vanilla_mask_only,dmsintseq,1,0.0,20,0.2,0.8898344906803112,0.8851224351276562,1.005323620061642,1.0057572513191708,209306.0,2.6479392051696777,,
lowsp_dmsintseq_netseed1_lnp_mask_p30_pruneseed0,lnp_mask,vanilla_mask_only,dmsintseq,1,0.0,30,0.3,0.8946183365530204,0.8851224351276562,1.0107283479081566,1.0116022169936196,183142.0,2.60105299949646,,
lowsp_dmsintseq_netseed1_lnp_mask_p40_pruneseed0,lnp_mask,vanilla_mask_only,dmsintseq,1,0.0,40,0.4,0.8923667310604083,0.8851224351276562,1.0081845128371505,1.0088511758508028,156979.0,2.5174057483673096,,
lowsp_dmsintseq_netseed1_lnp_rescale_p10_pruneseed0,lnp_rescale,noise_prune,dmsintseq,1,0.0,10,0.1,0.8899258601785621,0.8851224351276562,1.0054268481514799,1.005868887771343,182320.0,2.685514450073242,182320.0,0.9000015258789062
lowsp_dmsintseq_netseed1_lnp_rescale_p10_pruneseed1,lnp_rescale,noise_prune,dmsintseq,1,1.0,10,0.1,0.8607463582728554,0.8851224351276562,0.9724602203182374,0.9702169893668937,182393.0,2.6766586303710938,182393.0,0.9000015258789062
lowsp_dmsintseq_netseed1_lnp_rescale_p10_pruneseed2,lnp_rescale,noise_prune,dmsintseq,1,2.0,10,0.1,0.8648840912650759,0.8851224351276562,0.9771349781008981,0.9752725258438387,182096.0,2.6307549476623535,182096.0,0.9000015258789062
lowsp_dmsintseq_netseed1_lnp_rescale_p20_pruneseed0,lnp_rescale,noise_prune,dmsintseq,1,0.0,20,0.2,0.8739296715919177,0.8851224351276562,0.9873545589948534,0.986324534608895,172668.0,2.6569788455963135,172668.0,0.7999992370605469
lowsp_dmsintseq_netseed1_lnp_rescale_p20_pruneseed1,lnp_rescale,noise_prune,dmsintseq,1,1.0,20,0.2,0.8526209993212551,0.8851224351276562,0.9632802937576499,0.9602893191558584,172677.0,2.672853469848633,172677.0,0.7999992370605469
lowsp_dmsintseq_netseed1_lnp_rescale_p20_pruneseed2,lnp_rescale,noise_prune,dmsintseq,1,2.0,20,0.2,0.8501801284394089,0.8851224351276562,0.9605226290719795,0.9573070310763987,172479.0,2.6218512058258057,172479.0,0.7999992370605469
lowsp_dmsintseq_netseed1_lnp_rescale_p30_pruneseed0,lnp_rescale,noise_prune,dmsintseq,1,0.0,30,0.3,0.8602177204615465,0.8851224351276562,0.9718629720841753,0.9695710927507541,160626.0,2.676477432250977,160626.0,0.7000007629394531
lowsp_dmsintseq_netseed1_lnp_rescale_p30_pruneseed1,lnp_rescale,noise_prune,dmsintseq,1,1.0,30,0.3,0.8152835065002871,0.8851224351276562,0.9210968721888779,0.9146698803788835,160632.0,2.642712116241455,160632.0,0.7000007629394531
lowsp_dmsintseq_netseed1_lnp_rescale_p30_pruneseed2,lnp_rescale,noise_prune,dmsintseq,1,2.0,30,0.3,0.8475043074192032,0.8851224351276562,0.9574995207267257,0.9540376778342103,160345.0,2.641590118408203,160345.0,0.7000007629394531
lowsp_dmsintseq_netseed1_lnp_rescale_p40_pruneseed0,lnp_rescale,noise_prune,dmsintseq,1,0.0,40,0.4,0.8531104787761709,0.8851224351276562,0.9638333013817818,0.9608873715782099,145409.0,2.681312084197998,145409.0,0.5999984741210938
lowsp_dmsintseq_netseed1_lnp_rescale_p40_pruneseed1,lnp_rescale,noise_prune,dmsintseq,1,1.0,40,0.4,0.7584190466245497,0.8851224351276562,0.8568521331347423,0.8451921369662316,145406.0,2.625786304473877,145406.0,0.5999984741210938
lowsp_dmsintseq_netseed1_lnp_rescale_p40_pruneseed2,lnp_rescale,noise_prune,dmsintseq,1,2.0,40,0.4,0.8265611131415445,0.8851224351276562,0.9338381678488742,0.9284490081898629,145168.0,2.637223243713379,145168.0,0.5999984741210938
lowsp_dmsintseq_netseed1_snp_mask_p10_pruneseed0,snp_mask,simulation_noise_prune_mask_only,dmsintseq,1,0.0,10,0.1,0.8857816007936093,0.8851224351276562,1.0007447169338308,1.0008053772621002,235469.0,2.652123212814331,,
lowsp_dmsintseq_netseed1_snp_mask_p10_pruneseed1,snp_mask,simulation_noise_prune_mask_only,dmsintseq,1,1.0,10,0.1,0.8855401242625176,0.8851224351276562,1.0004718998392592,1.0005103380670732,235469.0,2.651857376098633,,
lowsp_dmsintseq_netseed1_snp_mask_p10_pruneseed2,snp_mask,simulation_noise_prune_mask_only,dmsintseq,1,2.0,10,0.1,0.8856053881898397,0.8851224351276562,1.0005456341891434,1.0005900783900534,235469.0,2.652122735977173,,
lowsp_dmsintseq_netseed1_snp_mask_p20_pruneseed0,snp_mask,simulation_noise_prune_mask_only,dmsintseq,1,0.0,20,0.2,0.8629522790163421,0.8851224351276562,0.9749524413443247,0.9729122122836247,209306.0,2.65392541885376,,
lowsp_dmsintseq_netseed1_snp_mask_p20_pruneseed1,snp_mask,simulation_noise_prune_mask_only,dmsintseq,1,1.0,20,0.2,0.8636375502532241,0.8851224351276562,0.9757266520181093,0.9737494856749169,209306.0,2.6534314155578613,,
lowsp_dmsintseq_netseed1_snp_mask_p20_pruneseed2,snp_mask,simulation_noise_prune_mask_only,dmsintseq,1,2.0,20,0.2,0.863885553177048,0.8851224351276562,0.9760068425476692,0.9740524989022415,209306.0,2.655221700668335,,
lowsp_dmsintseq_netseed1_snp_mask_p30_pruneseed0,snp_mask,simulation_noise_prune_mask_only,dmsintseq,1,0.0,30,0.3,0.7844201952696706,0.8851224351276562,0.8862278981286222,0.876960681641545,183142.0,2.6097593307495117,,
lowsp_dmsintseq_netseed1_snp_mask_p30_pruneseed1,snp_mask,simulation_noise_prune_mask_only,dmsintseq,1,1.0,30,0.3,0.7892497258915052,0.8851224351276562,0.8916842400200558,0.88286146554208,183142.0,2.60788631439209,,
lowsp_dmsintseq_netseed1_snp_mask_p30_pruneseed2,snp_mask,simulation_noise_prune_mask_only,dmsintseq,1,2.0,30,0.3,0.7881337127342976,0.8851224351276562,0.8904233826370354,0.8814979060191187,183142.0,2.6124467849731445,,
lowsp_dmsintseq_netseed1_snp_mask_p40_pruneseed0,snp_mask,simulation_noise_prune_mask_only,dmsintseq,1,0.0,40,0.4,0.7124275570406725,0.8851224351276562,0.8048915367713203,0.7889991313620818,156979.0,2.5292153358459473,,
lowsp_dmsintseq_netseed1_snp_mask_p40_pruneseed1,snp_mask,simulation_noise_prune_mask_only,dmsintseq,1,1.0,40,0.4,0.7005691014462486,0.8851224351276562,0.7914940053973545,0.7745103146765786,156979.0,2.520890951156616,,
lowsp_dmsintseq_netseed1_snp_mask_p40_pruneseed2,snp_mask,simulation_noise_prune_mask_only,dmsintseq,1,2.0,40,0.4,0.709196992638229,0.8851224351276562,0.8012416864520506,0.7850519853745616,156979.0,2.5282037258148193,,
lowsp_dmsintseq_netseed1_snp_rescale_p10_pruneseed0,snp_rescale,simulation_noise_prune_rescale,dmsintseq,1,0.0,10,0.1,0.8836996815120347,0.8851224351276562,0.9983925911725238,0.9982616609590317,181802.0,2.621863842010498,181802.0,0.9000015258789062
lowsp_dmsintseq_netseed1_snp_rescale_p10_pruneseed1,snp_rescale,simulation_noise_prune_rescale,dmsintseq,1,1.0,10,0.1,0.8862710802485251,0.8851224351276562,1.0012977245579626,1.0014034296844516,181663.0,2.6048803329467773,181663.0,0.9000015258789062
lowsp_dmsintseq_netseed1_snp_rescale_p10_pruneseed2,snp_rescale,simulation_noise_prune_rescale,dmsintseq,1,2.0,10,0.1,0.8577442176160393,0.8851224351276562,0.9690684402235625,0.9665489345098044,181805.0,2.686022996902466,181805.0,0.9000015258789062
lowsp_dmsintseq_netseed1_snp_rescale_p20_pruneseed0,snp_rescale,simulation_noise_prune_rescale,dmsintseq,1,0.0,20,0.2,0.8774539236673106,0.8851224351276562,0.9913362138886022,0.990630512049826,172105.0,2.632502317428589,172105.0,0.7999992370605469
lowsp_dmsintseq_netseed1_snp_rescale_p20_pruneseed1,snp_rescale,simulation_noise_prune_rescale,dmsintseq,1,1.0,20,0.2,0.8823160862528063,0.8851224351276562,0.9968294229549778,0.9965711661118513,172115.0,2.6188833713531494,172115.0,0.7999992370605469
lowsp_dmsintseq_netseed1_snp_rescale_p20_pruneseed2,snp_rescale,simulation_noise_prune_rescale,dmsintseq,1,2.0,20,0.2,0.8599436119667937,0.8851224351276562,0.9715532878146613,0.9692361833942372,172093.0,2.674673318862915,172093.0,0.7999992370605469
lowsp_dmsintseq_netseed1_snp_rescale_p30_pruneseed0,snp_rescale,simulation_noise_prune_rescale,dmsintseq,1,0.0,30,0.3,0.8805017490732522,0.8851224351276562,0.994779608028196,0.9943543851330016,160399.0,2.6470699310302734,160399.0,0.7000007629394531
lowsp_dmsintseq_netseed1_snp_rescale_p30_pruneseed1,snp_rescale,simulation_noise_prune_rescale,dmsintseq,1,1.0,30,0.3,0.8804560643241268,0.8851224351276562,0.9947279939832772,0.9942985669069155,160170.0,2.6238718032836914,160170.0,0.7000007629394531
lowsp_dmsintseq_netseed1_snp_rescale_p30_pruneseed2,snp_rescale,simulation_noise_prune_rescale,dmsintseq,1,2.0,30,0.3,0.8225604343967002,0.8851224351276562,0.9293182522009703,0.9235609263911763,160257.0,2.661094665527344,160257.0,0.7000007629394531
lowsp_dmsintseq_netseed1_snp_rescale_p40_pruneseed0,snp_rescale,simulation_noise_prune_rescale,dmsintseq,1,0.0,40,0.4,0.8655367305382968,0.8851224351276562,0.9778723215997405,0.9760699290736408,145350.0,2.638796806335449,145350.0,0.5999984741210938
lowsp_dmsintseq_netseed1_snp_rescale_p40_pruneseed1,snp_rescale,simulation_noise_prune_rescale,dmsintseq,1,1.0,40,0.4,0.8841304234323605,0.8851224351276562,0.9988792378817597,0.998787947090701,144923.0,2.591661214828491,144923.0,0.5999984741210938
lowsp_dmsintseq_netseed1_snp_rescale_p40_pruneseed2,snp_rescale,simulation_noise_prune_rescale,dmsintseq,1,2.0,40,0.4,0.8439800553438104,0.8851224351276562,0.953517865832977,0.9497317003932794,145089.0,2.641634941101074,145089.0,0.5999984741210938
lowsp_dmsintseq_netseed1_snp_rescale_p50_pruneseed0,snp_rescale,simulation_noise_prune_rescale,dmsintseq,1,0.0,50,0.5,0.8457682869524357,0.8851224351276562,0.9555381870198051,0.951916585242937,126384.0,2.6126303672790527,126384.0,0.5
lowsp_dmsintseq_netseed1_snp_rescale_p50_pruneseed1,snp_rescale,simulation_noise_prune_rescale,dmsintseq,1,1.0,50,0.5,0.8798425834072992,0.8851224351276562,0.9940348910943653,0.9935490078709016,125751.0,2.503176689147949,125751.0,0.5
lowsp_dmsintseq_netseed1_snp_rescale_p50_pruneseed2,snp_rescale,simulation_noise_prune_rescale,dmsintseq,1,2.0,50,0.5,0.7764384169581788,0.8851224351276562,0.87721018713778,0.8672084401410659,126335.0,2.5896639823913574,126335.0,0.5
lowsp_dmsintseq_netseed1_snp_rescale_p60_pruneseed0,snp_rescale,simulation_noise_prune_rescale,dmsintseq,1,0.0,60,0.6,0.5294666631859238,0.8851224351276562,0.59818466030585,0.5654551099193772,103700.0,2.609474420547486,103700.0,0.4000015258789062
lowsp_dmsintseq_netseed1_snp_rescale_p60_pruneseed1,snp_rescale,simulation_noise_prune_rescale,dmsintseq,1,1.0,60,0.6,0.8171892131780922,0.8851224351276562,0.9232499152054977,0.9169982978099055,103209.0,2.4983839988708496,103209.0,0.4000015258789062
lowsp_dmsintseq_netseed1_snp_rescale_p60_pruneseed2,snp_rescale,simulation_noise_prune_rescale,dmsintseq,1,2.0,60,0.6,0.5609499817261003,0.8851224351276562,0.6337541106900061,0.6039218417250277,103987.0,2.6031103134155273,103987.0,0.4000015258789062
lowsp_dmsintseq_netseed1_snp_rescale_p70_pruneseed0,snp_rescale,simulation_noise_prune_rescale,dmsintseq,1,0.0,70,0.7,0.2642862736908056,0.8851224351276562,0.298587249856218,0.24145422958621152,78590.0,2.433082103729248,78590.0,0.2999992370605469
lowsp_dmsintseq_netseed1_snp_rescale_p70_pruneseed1,snp_rescale,simulation_noise_prune_rescale,dmsintseq,1,1.0,70,0.7,0.4413603613011017,0.8851224351276562,0.4986432879621301,0.4578056738961016,78133.0,2.4496004581451416,78133.0,0.2999992370605469
lowsp_dmsintseq_netseed1_snp_rescale_p70_pruneseed2,snp_rescale,simulation_noise_prune_rescale,dmsintseq,1,2.0,70,0.7,0.1516342087401451,0.8851224351276562,0.17131438852103636,0.103814458090081,78643.0,2.769106388092041,78744.0,0.2999992370605469
lowsp_dmsintseq_netseed1_snp_rescale_p80_pruneseed0,snp_rescale,simulation_noise_prune_rescale,dmsintseq,1,0.0,80,0.8,0.2121860805095807,0.8851224351276562,0.23972511834363153,0.17779752975111449,52391.0,2.390871524810791,52391.0,0.2000007629394531
lowsp_dmsintseq_netseed1_snp_rescale_p80_pruneseed1,snp_rescale,simulation_noise_prune_rescale,dmsintseq,1,1.0,80,0.8,0.1080248525035242,0.8851224351276562,0.12204509592838915,0.05053197427470854,52204.0,2.4617979526519775,52204.0,0.2000007629394531
lowsp_dmsintseq_netseed1_snp_rescale_p80_pruneseed2,snp_rescale,simulation_noise_prune_rescale,dmsintseq,1,2.0,80,0.8,0.0397979428810108,0.8851224351276562,0.04496320655940776,-0.032828559368796875,52429.0,2.810802698135376,52646.0,0.2000007629394531
lowsp_dmsintseq_netseed2_random_p10_pruneseed0,random,random_unstructured,dmsintseq,2,0.0,10,0.1,0.0340155589202735,0.9267412415809534,0.036704483834393106,-0.03796311238435005,235472.0,2.826521158218384,,
lowsp_dmsintseq_netseed2_random_p10_pruneseed1,random,random_unstructured,dmsintseq,2,1.0,10,0.1,0.035653683496058,0.9267412415809534,0.03847210191621061,-0.0360584815260925,235471.0,2.848432779312134,,
lowsp_dmsintseq_netseed2_random_p10_pruneseed2,random,random_unstructured,dmsintseq,2,2.0,10,0.1,0.0315616352529629,0.9267412415809534,0.034056577863224295,-0.04081626458636132,235469.0,2.766526460647583,,
lowsp_dmsintseq_netseed2_random_p20_pruneseed0,random,random_unstructured,dmsintseq,2,0.0,20,0.2,2.6105570928836212e-05,0.9267412415809534,2.8169212459242667e-05,-0.07748230565050605,209302.0,2.4664084911346436,,
lowsp_dmsintseq_netseed2_random_p20_pruneseed1,random,random_unstructured,dmsintseq,2,1.0,20,0.2,5.2211141857672424e-05,0.9267412415809534,5.6338424918485335e-05,-0.07745195296750593,209306.0,2.438767194747925,,
lowsp_dmsintseq_netseed2_random_p20_pruneseed2,random,random_unstructured,dmsintseq,2,2.0,20,0.2,9.78958909831358e-05,0.9267412415809534,0.00010563454672216002,-0.07739883577225572,209305.0,2.346867561340332,,
lowsp_dmsintseq_netseed2_random_p30_pruneseed0,random,random_unstructured,dmsintseq,2,0.0,30,0.3,0.0,0.9267412415809534,0.0,-0.07751265833350617,183150.0,2.027761697769165,,
lowsp_dmsintseq_netseed2_random_p30_pruneseed1,random,random_unstructured,dmsintseq,2,1.0,30,0.3,0.0,0.9267412415809534,0.0,-0.07751265833350617,183132.0,2.071641206741333,,
lowsp_dmsintseq_netseed2_random_p30_pruneseed2,random,random_unstructured,dmsintseq,2,2.0,30,0.3,0.0,0.9267412415809534,0.0,-0.07751265833350617,183147.0,1.9793636798858645,,
lowsp_dmsintseq_netseed2_random_p40_pruneseed0,random,random_unstructured,dmsintseq,2,0.0,40,0.4,0.0,0.9267412415809534,0.0,-0.07751265833350617,156984.0,1.5438048839569092,,
lowsp_dmsintseq_netseed2_random_p40_pruneseed1,random,random_unstructured,dmsintseq,2,1.0,40,0.4,0.0,0.9267412415809534,0.0,-0.07751265833350617,156967.0,1.5555161237716677,,
lowsp_dmsintseq_netseed2_random_p40_pruneseed2,random,random_unstructured,dmsintseq,2,2.0,40,0.4,0.0,0.9267412415809534,0.0,-0.07751265833350617,156981.0,1.5509902238845823,,
lowsp_dmsintseq_netseed2_magnitude_p10_pruneseed0,magnitude,l1_unstructured,dmsintseq,2,0.0,10,0.1,0.9271719835012792,0.9267412415809534,1.0004647920055776,1.000500819269502,235930.0,3.240034341812134,,
lowsp_dmsintseq_netseed2_magnitude_p20_pruneseed0,magnitude,l1_unstructured,dmsintseq,2,0.0,20,0.2,0.927387354461442,0.9267412415809534,1.0006971880083662,1.0007512289042528,209715.0,3.2335755825042725,,
lowsp_dmsintseq_netseed2_magnitude_p30_pruneseed0,magnitude,l1_unstructured,dmsintseq,2,0.0,30,0.3,0.9196535790737744,0.9267412415809534,0.9923520588173157,0.9917592465654675,183501.0,3.184596300125122,,
lowsp_dmsintseq_netseed2_magnitude_p40_pruneseed0,magnitude,l1_unstructured,dmsintseq,2,0.0,40,0.4,0.8922818879548896,0.9267412415809534,0.9628166395537997,0.9599344584398418,157286.0,3.1324398517608643,,
lowsp_dmsintseq_netseed2_obs_p10_pruneseed0,obs,obs_compensated,dmsintseq,2,0.0,10,0.1,0.9276549365634628,0.9267412415809534,1.0009859224360735,1.0010623439050044,235930.0,3.2408926486968994,,
lowsp_dmsintseq_netseed2_obs_p20_pruneseed0,obs,obs_compensated,dmsintseq,2,0.0,20,0.2,0.9248551140813448,0.9267412415809534,0.9979647743998196,0.9978070186532412,209715.0,3.190812826156616,,
lowsp_dmsintseq_netseed2_obs_p30_pruneseed0,obs,obs_compensated,dmsintseq,2,0.0,30,0.3,0.9279225186654833,0.9267412415809534,1.0012746568637807,1.0013734589057555,183501.0,3.0813193321228027,,
lowsp_dmsintseq_netseed2_obs_p40_pruneseed0,obs,obs_compensated,dmsintseq,2,0.0,40,0.4,0.9292016916409962,0.9267412415809534,1.0026549482742837,1.0028607403727612,157286.0,2.9765002727508545,,
lowsp_dmsintseq_netseed2_lnp_mask_p10_pruneseed0,lnp_mask,vanilla_mask_only,dmsintseq,2,0.0,10,0.1,0.928105257661985,0.9267412415809534,1.0014718413509953,1.0015859276867562,235469.0,3.222592353820801,,
lowsp_dmsintseq_netseed2_lnp_mask_p20_pruneseed0,lnp_mask,vanilla_mask_only,dmsintseq,2,0.0,20,0.2,0.9263039732678954,0.9267412415809534,0.9995281656913076,0.999491592559748,209306.0,3.1642162799835205,,
lowsp_dmsintseq_netseed2_lnp_mask_p30_pruneseed0,lnp_mask,vanilla_mask_only,dmsintseq,2,0.0,30,0.3,0.9228841434762178,0.9267412415809534,0.9958379988591469,0.9955153910867323,183142.0,3.044329881668091,,
lowsp_dmsintseq_netseed2_lnp_mask_p40_pruneseed0,lnp_mask,vanilla_mask_only,dmsintseq,2,0.0,40,0.4,0.9264018691588785,0.9267412415809534,0.9996338002380297,0.9996054151209983,156979.0,2.9002089500427246,,
lowsp_dmsintseq_netseed2_lnp_rescale_p10_pruneseed0,lnp_rescale,noise_prune,dmsintseq,2,0.0,10,0.1,0.9137994047929828,0.9267412415809534,0.9860351129233305,0.9849526574026906,176944.0,3.2916066646575928,176944.0,0.9000015258789062
lowsp_dmsintseq_netseed2_lnp_rescale_p10_pruneseed1,lnp_rescale,noise_prune,dmsintseq,2,1.0,10,0.1,0.9266890304390956,0.9267412415809534,0.9999436615750813,0.9999392946339996,176944.0,3.255760669708252,176944.0,0.9000015258789062
lowsp_dmsintseq_netseed2_lnp_rescale_p10_pruneseed2,lnp_rescale,noise_prune,dmsintseq,2,2.0,10,0.1,0.884613376494544,0.9267412415809534,0.9545419333938971,0.9510183578085566,176955.0,3.2819437980651855,176955.0,0.9000015258789062
lowsp_dmsintseq_netseed2_lnp_rescale_p20_pruneseed0,lnp_rescale,noise_prune,dmsintseq,2,0.0,20,0.2,0.8983710123740406,0.9267412415809534,0.969387108359918,0.9670142217496197,167110.0,3.2812628746032715,167110.0,0.7999992370605469
lowsp_dmsintseq_netseed2_lnp_rescale_p20_pruneseed1,lnp_rescale,noise_prune,dmsintseq,2,1.0,20,0.2,0.9262256565551088,0.9267412415809534,0.9994436580539299,0.9994005345107475,167039.0,3.228384494781494,167039.0,0.7999992370605469
lowsp_dmsintseq_netseed2_lnp_rescale_p20_pruneseed2,lnp_rescale,noise_prune,dmsintseq,2,2.0,20,0.2,0.8730420821803373,0.9267412415809534,0.9420559299713378,0.9375645310687534,167105.0,3.268850564956665,167105.0,0.7999992370605469
lowsp_dmsintseq_netseed2_lnp_rescale_p30_pruneseed0,lnp_rescale,noise_prune,dmsintseq,2,0.0,30,0.3,0.8916031431107398,0.9267412415809534,0.9620842400298594,0.9591452886818387,154713.0,3.326939105987549,154713.0,0.7000007629394531
lowsp_dmsintseq_netseed2_lnp_rescale_p30_pruneseed1,lnp_rescale,noise_prune,dmsintseq,2,1.0,30,0.3,0.916338171565812,0.9267412415809534,0.9887745688349916,0.9879044558244521,154909.0,3.1726138591766357,154909.0,0.7000007629394531
lowsp_dmsintseq_netseed2_lnp_rescale_p30_pruneseed2,lnp_rescale,noise_prune,dmsintseq,2,2.0,30,0.3,0.8461011329817784,0.9267412415809534,0.9129853027133994,0.9062405622126297,154964.0,3.2735090255737305,154964.0,0.7000007629394531
lowsp_dmsintseq_netseed2_lnp_rescale_p40_pruneseed0,lnp_rescale,noise_prune,dmsintseq,2,0.0,40,0.4,0.8386806244452566,0.9267412415809534,0.9049782040718596,0.8976128120698456,139544.0,3.323589563369751,139544.0,0.5999984741210938
lowsp_dmsintseq_netseed2_lnp_rescale_p40_pruneseed1,lnp_rescale,noise_prune,dmsintseq,2,1.0,40,0.4,0.8976204772098366,0.9267412415809534,0.9685772435017148,0.9661415821133663,139693.0,3.226512670516968,139693.0,0.5999984741210938
lowsp_dmsintseq_netseed2_lnp_rescale_p40_pruneseed2,lnp_rescale,noise_prune,dmsintseq,2,2.0,40,0.4,0.7789314989818827,0.9267412415809534,0.840505919055768,0.8281431088533212,139768.0,3.312538146972656,139768.0,0.5999984741210938
lowsp_dmsintseq_netseed2_snp_mask_p10_pruneseed0,snp_mask,simulation_noise_prune_mask_only,dmsintseq,2,0.0,10,0.1,0.928790528898867,0.9267412415809534,1.0022112831780505,1.0023826856155094,235469.0,3.236713171005249,,
lowsp_dmsintseq_netseed2_snp_mask_p10_pruneseed1,snp_mask,simulation_noise_prune_mask_only,dmsintseq,2,1.0,10,0.1,0.928823160862528,0.9267412415809534,1.0022464946936245,1.0024206264692594,235469.0,3.2368741035461426,,
lowsp_dmsintseq_netseed2_snp_mask_p10_pruneseed2,snp_mask,simulation_noise_prune_mask_only,dmsintseq,2,2.0,10,0.1,0.928881898397118,0.9267412415809534,1.002309875421658,1.0024889200060099,235469.0,3.2369399070739746,,
lowsp_dmsintseq_netseed2_snp_mask_p20_pruneseed0,snp_mask,simulation_noise_prune_mask_only,dmsintseq,2,0.0,20,0.2,0.9269827181120452,0.9267412415809534,1.000260565215248,1.0002807623177512,209306.0,3.2140252590179443,,
lowsp_dmsintseq_netseed2_snp_mask_p20_pruneseed1,snp_mask,simulation_noise_prune_mask_only,dmsintseq,2,1.0,20,0.2,0.9272437738213336,0.9267412415809534,1.0005422573398406,1.0005842891477525,209306.0,3.2132349014282227,,
lowsp_dmsintseq_netseed2_snp_mask_p20_pruneseed2,snp_mask,simulation_noise_prune_mask_only,dmsintseq,2,2.0,20,0.2,0.926695556831828,0.9267412415809534,0.9999507038781964,0.9999468828047499,209306.0,3.212874412536621,,
lowsp_dmsintseq_netseed2_snp_mask_p30_pruneseed0,snp_mask,simulation_noise_prune_mask_only,dmsintseq,2,0.0,30,0.3,0.9281248368401817,0.9267412415809534,1.0014929682603397,1.0016086921990064,183142.0,3.1394705772399902,,
lowsp_dmsintseq_netseed2_snp_mask_p30_pruneseed1,snp_mask,simulation_noise_prune_mask_only,dmsintseq,2,1.0,30,0.3,0.9282096799457004,0.9267412415809534,1.0015845182008323,1.0017073384187567,183142.0,3.146350622177124,,
lowsp_dmsintseq_netseed2_snp_mask_p30_pruneseed2,snp_mask,simulation_noise_prune_mask_only,dmsintseq,2,2.0,30,0.3,0.9283075758366836,0.9267412415809534,1.0016901527475546,1.0018211609800072,183142.0,3.1388463973999023,,
lowsp_dmsintseq_netseed2_snp_mask_p40_pruneseed0,snp_mask,simulation_noise_prune_mask_only,dmsintseq,2,0.0,40,0.4,0.9339920639064376,0.9267412415809534,1.0078239987605546,1.0084304577032832,156979.0,3.0376381874084473,,
lowsp_dmsintseq_netseed2_snp_mask_p40_pruneseed1,snp_mask,simulation_noise_prune_mask_only,dmsintseq,2,1.0,40,0.4,0.9330914217093929,0.9267412415809534,1.0068521609307108,1.0073832901397792,156979.0,3.0411882400512695,,
lowsp_dmsintseq_netseed2_snp_mask_p40_pruneseed2,snp_mask,simulation_noise_prune_mask_only,dmsintseq,2,2.0,40,0.4,0.9332741607058946,0.9267412415809534,1.0070493454179255,1.00759575892078,156979.0,3.0389275550842285,,
lowsp_dmsintseq_netseed2_snp_rescale_p10_pruneseed0,snp_rescale,simulation_noise_prune_rescale,dmsintseq,2,0.0,10,0.1,0.9241111053098732,0.9267412415809534,0.9971619518447313,0.996941967187738,179530.0,3.183138847351074,179530.0,0.9000015258789062
lowsp_dmsintseq_netseed2_snp_rescale_p10_pruneseed1,snp_rescale,simulation_noise_prune_rescale,dmsintseq,2,1.0,10,0.1,0.9185571450947632,0.9267412415809534,0.9911689518940273,0.9904844338794623,179434.0,3.270702838897705,179434.0,0.9000015258789062
lowsp_dmsintseq_netseed2_snp_rescale_p10_pruneseed2,snp_rescale,simulation_noise_prune_rescale,dmsintseq,2,2.0,10,0.1,0.925951548060356,0.9267412415809534,0.9991478813231077,0.9990818313392462,179516.0,3.278419733047486,179516.0,0.9000015258789062
lowsp_dmsintseq_netseed2_snp_rescale_p20_pruneseed0,snp_rescale,simulation_noise_prune_rescale,dmsintseq,2,0.0,20,0.2,0.9191379940479298,0.9267412415809534,0.9917957168712456,0.991159781076215,169854.0,3.2614567279815674,169854.0,0.7999992370605469
lowsp_dmsintseq_netseed2_snp_rescale_p20_pruneseed1,snp_rescale,simulation_noise_prune_rescale,dmsintseq,2,1.0,20,0.2,0.8853051741241581,0.9267412415809534,0.955288417524067,0.9518227039080597,169477.0,3.259023427963257,169477.0,0.7999992370605469
lowsp_dmsintseq_netseed2_snp_rescale_p20_pruneseed2,snp_rescale,simulation_noise_prune_rescale,dmsintseq,2,2.0,20,0.2,0.9123505456064324,0.9267412415809534,0.9844717216318424,0.9832680834961839,169834.0,3.25757098197937,169834.0,0.7999992370605469
lowsp_dmsintseq_netseed2_snp_rescale_p30_pruneseed0,snp_rescale,simulation_noise_prune_rescale,dmsintseq,2,0.0,30,0.3,0.9112606380201534,0.9267412415809534,0.983295657011669,0.9820008589809288,157773.0,3.23397159576416,157773.0,0.7000007629394531
lowsp_dmsintseq_netseed2_snp_rescale_p30_pruneseed1,snp_rescale,simulation_noise_prune_rescale,dmsintseq,2,1.0,30,0.3,0.8488617971075028,0.9267412415809534,0.9159641969309643,0.9094503584398923,157512.0,3.2573766708374023,157512.0,0.7000007629394531
lowsp_dmsintseq_netseed2_snp_rescale_p30_pruneseed2,snp_rescale,simulation_noise_prune_rescale,dmsintseq,2,2.0,30,0.3,0.8791246802067562,0.9267412415809534,0.9486193564743414,0.9446367062077814,157903.0,3.2713816165924072,157903.0,0.7000007629394531
lowsp_dmsintseq_netseed2_snp_rescale_p40_pruneseed0,snp_rescale,simulation_noise_prune_rescale,dmsintseq,2,0.0,40,0.4,0.8284733462120817,0.9267412415809534,0.8939640420002958,0.8857449130167987,142732.0,3.3391618728637695,142732.0,0.5999984741210938
lowsp_dmsintseq_netseed2_snp_rescale_p40_pruneseed1,snp_rescale,simulation_noise_prune_rescale,dmsintseq,2,1.0,40,0.4,0.7982496214692215,0.9267412415809534,0.8613511362756076,0.8506040942734099,142596.0,3.2997348308563232,142596.0,0.5999984741210938
lowsp_dmsintseq_netseed2_snp_rescale_p40_pruneseed2,snp_rescale,simulation_noise_prune_rescale,dmsintseq,2,2.0,40,0.4,0.845154806035608,0.9267412415809534,0.9119641687617518,0.9051402774538753,142961.0,3.2932095527648926,142961.0,0.5999984741210938
lowsp_dmsintseq_netseed2_snp_rescale_p50_pruneseed0,snp_rescale,simulation_noise_prune_rescale,dmsintseq,2,0.0,50,0.5,0.7644102751527176,0.9267412415809534,0.8248367946253143,0.8112594289345045,124130.0,3.249925136566162,124130.0,0.5
lowsp_dmsintseq_netseed2_snp_rescale_p50_pruneseed1,snp_rescale,simulation_noise_prune_rescale,dmsintseq,2,1.0,50,0.5,0.721029342661724,0.9267412415809534,0.7780266058211678,0.7608208579590553,124462.0,3.3011653423309326,124462.0,0.5
lowsp_dmsintseq_netseed2_snp_rescale_p50_pruneseed2,snp_rescale,simulation_noise_prune_rescale,dmsintseq,2,2.0,50,0.5,0.7101824779407926,0.9267412415809534,0.7663222980443525,0.7482093181725055,124512.0,3.2935500144958496,124512.0,0.5
lowsp_dmsintseq_netseed2_snp_rescale_p60_pruneseed0,snp_rescale,simulation_noise_prune_rescale,dmsintseq,2,0.0,60,0.6,0.5613807236464261,0.9267412415809534,0.6057577870266692,0.575199025071822,102058.0,3.1560633182525635,102058.0,0.4000015258789062
lowsp_dmsintseq_netseed2_snp_rescale_p60_pruneseed1,snp_rescale,simulation_noise_prune_rescale,dmsintseq,2,1.0,60,0.6,0.469906803111784,0.9267412415809534,0.5070528665694828,0.46884322383940186,102373.0,3.252418041229248,102373.0,0.4000015258789062
lowsp_dmsintseq_netseed2_snp_rescale_p60_pruneseed2,snp_rescale,simulation_noise_prune_rescale,dmsintseq,2,2.0,60,0.6,0.616163264240589,0.9267412415809534,0.66487087937239,0.6388941303475737,102606.0,3.2027506828308105,102606.0,0.4000015258789062
lowsp_dmsintseq_netseed2_snp_rescale_p70_pruneseed0,snp_rescale,simulation_noise_prune_rescale,dmsintseq,2,0.0,70,0.7,0.3162102542682608,0.9267412415809534,0.34120662821569164,0.29014180267619605,77732.0,3.0996170043945312,77732.0,0.2999992370605469
lowsp_dmsintseq_netseed2_snp_rescale_p70_pruneseed1,snp_rescale,simulation_noise_prune_rescale,dmsintseq,2,1.0,70,0.7,0.1472354200386362,0.9267412415809534,0.15887435827012863,0.09367647378716998,77867.0,3.3650853633880615,77867.0,0.2999992370605469
lowsp_dmsintseq_netseed2_snp_rescale_p70_pruneseed2,snp_rescale,simulation_noise_prune_rescale,dmsintseq,2,2.0,70,0.7,0.281874902104109,0.9267412415809534,0.3041570715286727,0.25022043636028835,78299.0,3.219925880432129,78299.0,0.2999992370605469
lowsp_dmsintseq_netseed2_snp_rescale_p80_pruneseed0,snp_rescale,simulation_noise_prune_rescale,dmsintseq,2,0.0,80,0.8,0.1567443742494648,0.9267412415809534,0.16913499390840778,0.10473243856996366,52396.0,3.4168126583099365,52396.0,0.2000007629394531
lowsp_dmsintseq_netseed2_snp_rescale_p80_pruneseed1,snp_rescale,simulation_noise_prune_rescale,dmsintseq,2,1.0,80,0.8,0.0575040463634939,0.9267412415809534,0.062049732744596714,-0.010653285854992162,52257.0,3.2087602615356445,52257.0,0.2000007629394531
lowsp_dmsintseq_netseed2_snp_rescale_p80_pruneseed2,snp_rescale,simulation_noise_prune_rescale,dmsintseq,2,2.0,80,0.8,0.0954289145303607,0.9267412415809534,0.1029725561447615,0.03344157437343201,52429.0,2.8456997871398926,52723.0,0.2000007629394531
lowsp_multidlydmintseq_netseed0_random_p10_pruneseed0,random,random_unstructured,multidlydmintseq,0,0.0,10,0.1,0.2086637121170184,0.5692826696450959,0.3665379665379665,0.2825159656853302,235463.0,0.1068645939230918,,
lowsp_multidlydmintseq_netseed0_random_p10_pruneseed1,random,random_unstructured,multidlydmintseq,0,1.0,10,0.1,0.2125354529676291,0.5692826696450959,0.37333905333905326,0.2902191443101001,235471.0,0.187126949429512,,
lowsp_multidlydmintseq_netseed0_random_p10_pruneseed2,random,random_unstructured,multidlydmintseq,0,2.0,10,0.1,0.217511079561181,0.5692826696450959,0.382079222079222,0.30011860346792046,235468.0,0.0523307584226131,,
lowsp_multidlydmintseq_netseed0_random_p20_pruneseed0,random,random_unstructured,multidlydmintseq,0,0.0,20,0.2,0.0791215804778294,0.5692826696450959,0.13898469898469884,0.02478017758558567,209289.0,0.127243623137474,,
lowsp_multidlydmintseq_netseed0_random_p20_pruneseed1,random,random_unstructured,multidlydmintseq,0,1.0,20,0.2,0.0825146452098197,0.5692826696450959,0.14494494494494495,0.031530986775670136,209306.0,0.0817055627703666,,
lowsp_multidlydmintseq_netseed0_random_p20_pruneseed2,random,random_unstructured,multidlydmintseq,0,2.0,20,0.2,0.079984500011397,0.5692826696450959,0.1405005005005004,0.026497034049474726,209312.0,0.0359618104994297,,
lowsp_multidlydmintseq_netseed0_random_p30_pruneseed0,random,random_unstructured,multidlydmintseq,0,0.0,30,0.3,0.0429961868725516,0.5692826696450959,0.0755269555269554,-0.047094560566808955,183124.0,0.184874877333641,,
lowsp_multidlydmintseq_netseed0_random_p30_pruneseed1,random,random_unstructured,multidlydmintseq,0,1.0,30,0.3,0.0441456608172662,0.5692826696450959,0.07754611754611754,-0.04480757818283593,183132.0,0.0368746519088745,,
lowsp_multidlydmintseq_netseed0_random_p30_pruneseed2,random,random_unstructured,multidlydmintseq,0,2.0,30,0.3,0.0443280136243597,0.5692826696450959,0.07786643786643781,-0.04444477077914623,183150.0,0.0664373934268951,,
lowsp_multidlydmintseq_netseed0_random_p40_pruneseed0,random,random_unstructured,multidlydmintseq,0,0.0,40,0.4,0.0365943008235183,0.5692826696450959,0.06428142428142428,-0.05983169191777402,156953.0,0.0896292850375175,,
lowsp_multidlydmintseq_netseed0_random_p40_pruneseed1,random,random_unstructured,multidlydmintseq,0,1.0,40,0.4,0.0344809620413094,0.5692826696450959,0.06056914056914052,-0.06403637057839279,156967.0,0.0640533119440078,,
lowsp_multidlydmintseq_netseed0_random_p40_pruneseed2,random,random_unstructured,multidlydmintseq,0,2.0,40,0.4,0.0345460880438428,0.5692826696450959,0.060683540683540635,-0.06390679650564644,156984.0,0.1071813553571701,,
lowsp_multidlydmintseq_netseed0_magnitude_p10_pruneseed0,magnitude,l1_unstructured,multidlydmintseq,0,0.0,10,0.1,0.568777943125462,0.5692826696450959,0.9991133991133991,0.9989958009362159,235930.0,0.1342060267925262,,
lowsp_multidlydmintseq_netseed0_magnitude_p20_pruneseed0,magnitude,l1_unstructured,multidlydmintseq,0,0.0,20,0.2,0.5669967469561734,0.5692826696450959,0.9959845559845558,0.9954519500466034,209715.0,0.1287351697683334,,
lowsp_multidlydmintseq_netseed0_magnitude_p30_pruneseed0,magnitude,l1_unstructured,multidlydmintseq,0,0.0,30,0.3,0.5564040026441157,0.5692826696450959,0.9773773773773773,0.9743767271144113,183501.0,0.1421228945255279,,
lowsp_multidlydmintseq_netseed0_magnitude_p40_pruneseed0,magnitude,l1_unstructured,multidlydmintseq,0,0.0,40,0.4,0.5158500408665666,0.5692826696450959,0.9061404261404261,0.8936909520152655,157286.0,0.1286640167236328,,
lowsp_multidlydmintseq_netseed0_obs_p10_pruneseed0,obs,obs_compensated,multidlydmintseq,0,0.0,10,0.1,0.5692761570448425,0.5692826696450959,0.9999885599885598,0.9999870425927252,235930.0,0.1331391036510467,,
lowsp_multidlydmintseq_netseed0_obs_p20_pruneseed0,obs,obs_compensated,multidlydmintseq,0,0.0,20,0.2,0.5691686991406624,0.5692826696450959,0.9997997997997997,0.9997732453726937,209715.0,0.1299289017915725,,
lowsp_multidlydmintseq_netseed0_obs_p30_pruneseed0,obs,obs_compensated,multidlydmintseq,0,0.0,30,0.3,0.5673972718717539,0.5692826696450959,0.9966881166881167,0.9962488305939935,183501.0,0.1323306411504745,,
lowsp_multidlydmintseq_netseed0_obs_p40_pruneseed0,obs,obs_compensated,multidlydmintseq,0,0.0,40,0.4,0.5610377177243672,0.5692826696450959,0.9855169455169454,0.9835959223903132,157286.0,0.1440289467573166,,
lowsp_multidlydmintseq_netseed0_lnp_mask_p10_pruneseed0,lnp_mask,vanilla_mask_only,multidlydmintseq,0,0.0,10,0.1,0.5688984262301487,0.5692826696450959,0.9993250393250392,0.9992355129707965,235469.0,0.1342494487762451,,
lowsp_multidlydmintseq_netseed0_lnp_mask_p20_pruneseed0,lnp_mask,vanilla_mask_only,multidlydmintseq,0,0.0,20,0.2,0.567247482065927,0.5692826696450959,0.9964249964249963,0.9959508102266768,209306.0,0.1240793541073799,,
lowsp_multidlydmintseq_netseed0_lnp_mask_p30_pruneseed0,lnp_mask,vanilla_mask_only,multidlydmintseq,0,0.0,30,0.3,0.5579898208058041,0.5692826696450959,0.9801630201630201,0.9775318557857847,183142.0,0.1167334765195846,,
lowsp_multidlydmintseq_netseed0_lnp_mask_p40_pruneseed0,lnp_mask,vanilla_mask_only,multidlydmintseq,0,0.0,40,0.4,0.517198149119008,0.5692826696450959,0.9085085085085084,0.8963731353211146,156979.0,0.0872304365038871,,
lowsp_multidlydmintseq_netseed0_lnp_rescale_p10_pruneseed0,lnp_rescale,noise_prune,multidlydmintseq,0,0.0,10,0.1,0.5679280487924011,0.5692826696450959,0.9976204776204776,0.9973048592868761,170760.0,0.2803308963775635,170760.0,0.9000015258789062
lowsp_multidlydmintseq_netseed0_lnp_rescale_p10_pruneseed1,lnp_rescale,noise_prune,multidlydmintseq,0,1.0,10,0.1,0.5670423351579469,0.5692826696450959,0.9960646360646361,0.9955426518975259,170608.0,0.3922145068645477,170608.0,0.9000015258789062
lowsp_multidlydmintseq_netseed0_lnp_rescale_p10_pruneseed2,lnp_rescale,noise_prune,multidlydmintseq,0,2.0,10,0.1,0.56686323865098,0.5692826696450959,0.9957500357500357,0.9951863231974734,170628.0,0.2384985387325287,170628.0,0.9000015258789062
lowsp_multidlydmintseq_netseed0_lnp_rescale_p20_pruneseed0,lnp_rescale,noise_prune,multidlydmintseq,0,0.0,20,0.2,0.566163134123746,0.5692826696450959,0.9945202345202345,0.9937934019154504,160795.0,0.3700769245624542,160795.0,0.7999992370605469
lowsp_multidlydmintseq_netseed0_lnp_rescale_p20_pruneseed1,lnp_rescale,noise_prune,multidlydmintseq,0,1.0,20,0.2,0.5641800473466039,0.5692826696450959,0.991036751036751,0.9898478714003243,160708.0,0.2568491995334625,160708.0,0.7999992370605469
lowsp_multidlydmintseq_netseed0_lnp_rescale_p20_pruneseed2,lnp_rescale,noise_prune,multidlydmintseq,0,2.0,20,0.2,0.5674754230747939,0.5692826696450959,0.9968253968253967,0.9964043194812889,160547.0,0.2145805656909942,160547.0,0.7999992370605469
lowsp_multidlydmintseq_netseed0_lnp_rescale_p30_pruneseed0,lnp_rescale,noise_prune,multidlydmintseq,0,0.0,30,0.3,0.5637404468295034,0.5692826696450959,0.9902645502645503,0.9889732464092865,148829.0,0.4135572016239166,148829.0,0.7000007629394531
lowsp_multidlydmintseq_netseed0_lnp_rescale_p30_pruneseed1,lnp_rescale,noise_prune,multidlydmintseq,0,1.0,30,0.3,0.5492954994675949,0.5692826696450959,0.9648906048906049,0.9602337170741483,148554.0,0.2845941483974457,148554.0,0.7000007629394531
lowsp_multidlydmintseq_netseed0_lnp_rescale_p30_pruneseed2,lnp_rescale,noise_prune,multidlydmintseq,0,2.0,30,0.3,0.5608488523170203,0.5692826696450959,0.985185185185185,0.9832201575793489,148469.0,0.2630541324615478,148469.0,0.7000007629394531
lowsp_multidlydmintseq_netseed0_lnp_rescale_p40_pruneseed0,lnp_rescale,noise_prune,multidlydmintseq,0,0.0,40,0.4,0.5602268989928264,0.5692826696450959,0.984092664092664,0.9819827251846215,134248.0,0.4421479403972626,134248.0,0.5999984741210938
lowsp_multidlydmintseq_netseed0_lnp_rescale_p40_pruneseed1,lnp_rescale,noise_prune,multidlydmintseq,0,1.0,40,0.4,0.5379668313269097,0.5692826696450959,0.9449907049907048,0.9376943071199224,134413.0,0.3639492988586426,134413.0,0.5999984741210938
lowsp_multidlydmintseq_netseed0_lnp_rescale_p40_pruneseed2,lnp_rescale,noise_prune,multidlydmintseq,0,2.0,40,0.4,0.5466676652653721,0.5692826696450959,0.9602745602745602,0.9550054032388334,134087.0,0.3949754536151886,134087.0,0.5999984741210938
lowsp_multidlydmintseq_netseed0_snp_mask_p10_pruneseed0,snp_mask,simulation_noise_prune_mask_only,multidlydmintseq,0,0.0,10,0.1,0.5694324594509227,0.5692826696450959,1.0002631202631203,1.0002980203673166,235469.0,0.1354619562625885,,
lowsp_multidlydmintseq_netseed0_snp_mask_p10_pruneseed1,snp_mask,simulation_noise_prune_mask_only,multidlydmintseq,0,1.0,10,0.1,0.569419434250416,0.5692826696450959,1.0002402402402402,1.0002721055527672,235469.0,0.1362364739179611,,
lowsp_multidlydmintseq_netseed0_snp_mask_p10_pruneseed2,snp_mask,simulation_noise_prune_mask_only,multidlydmintseq,0,2.0,10,0.1,0.569458509851936,0.5692826696450959,1.0003088803088802,1.000349849996415,235469.0,0.135111853480339,,
lowsp_multidlydmintseq_netseed0_snp_mask_p20_pruneseed0,snp_mask,simulation_noise_prune_mask_only,multidlydmintseq,0,0.0,20,0.2,0.5691686991406624,0.5692826696450959,0.9997997997997997,0.9997732453726937,209306.0,0.1274052709341049,,
lowsp_multidlydmintseq_netseed0_snp_mask_p20_pruneseed1,snp_mask,simulation_noise_prune_mask_only,multidlydmintseq,0,1.0,20,0.2,0.5692273125429425,0.5692826696450959,0.9999027599027598,0.9998898620381655,209306.0,0.1289019584655761,,
lowsp_multidlydmintseq_netseed0_snp_mask_p20_pruneseed2,snp_mask,simulation_noise_prune_mask_only,multidlydmintseq,0,2.0,20,0.2,0.5692077747421824,0.5692826696450959,0.9998684398684398,0.9998509898163416,209306.0,0.1472594141960144,,
lowsp_multidlydmintseq_netseed0_snp_mask_p30_pruneseed0,snp_mask,simulation_noise_prune_mask_only,multidlydmintseq,0,0.0,30,0.3,0.5651276306834648,0.5692826696450959,0.9927012727012726,0.9917331741587835,183142.0,0.1327787339687347,,
lowsp_multidlydmintseq_netseed0_snp_mask_p30_pruneseed1,snp_mask,simulation_noise_prune_mask_only,multidlydmintseq,0,1.0,30,0.3,0.5655542060000586,0.5692826696450959,0.9934505934505933,0.9925818843352718,183142.0,0.1351276040077209,,
lowsp_multidlydmintseq_netseed0_snp_mask_p30_pruneseed2,snp_mask,simulation_noise_prune_mask_only,multidlydmintseq,0,2.0,30,0.3,0.5652513700882783,0.5692826696450959,0.9929186329186329,0.9919793648970016,183142.0,0.132023274898529,,
lowsp_multidlydmintseq_netseed0_snp_mask_p40_pruneseed0,snp_mask,simulation_noise_prune_mask_only,multidlydmintseq,0,0.0,40,0.4,0.553154215117699,0.5692826696450959,0.9716688116688117,0.967910980884369,156979.0,0.140308603644371,,
lowsp_multidlydmintseq_netseed0_snp_mask_p40_pruneseed1,snp_mask,simulation_noise_prune_mask_only,multidlydmintseq,0,1.0,40,0.4,0.5536654542375862,0.5692826696450959,0.9725668525668525,0.9689281373554277,156979.0,0.1493126153945922,,
lowsp_multidlydmintseq_netseed0_snp_mask_p40_pruneseed2,snp_mask,simulation_noise_prune_mask_only,multidlydmintseq,0,2.0,40,0.4,0.5530435009133922,0.5692826696450959,0.9714743314743314,0.9676907049607001,156979.0,0.1422754228115081,,
lowsp_multidlydmintseq_netseed0_snp_rescale_p10_pruneseed0,snp_rescale,simulation_noise_prune_rescale,multidlydmintseq,0,0.0,10,0.1,0.5640628205420437,0.5692826696450959,0.9908308308308308,0.9896146380693808,169806.0,0.2079612612724304,169806.0,0.9000015258789062
lowsp_multidlydmintseq_netseed0_snp_rescale_p10_pruneseed1,snp_rescale,simulation_noise_prune_rescale,multidlydmintseq,0,1.0,10,0.1,0.5616140828467878,0.5692826696450959,0.9865293865293865,0.9847426529341184,169740.0,0.218258261680603,169740.0,0.9000015258789062
lowsp_multidlydmintseq_netseed0_snp_rescale_p10_pruneseed2,snp_rescale,simulation_noise_prune_rescale,multidlydmintseq,0,2.0,10,0.1,0.5644405513567374,0.5692826696450959,0.9914943514943514,0.9903661676913096,169573.0,0.2695139646530151,169573.0,0.9000015258789062
lowsp_multidlydmintseq_netseed0_snp_rescale_p20_pruneseed0,snp_rescale,simulation_noise_prune_rescale,multidlydmintseq,0,0.0,20,0.2,0.5624249015783287,0.5692826696450959,0.9879536679536679,0.9863558501398104,159997.0,0.2100239247083664,159997.0,0.7999992370605469
lowsp_multidlydmintseq_netseed0_snp_rescale_p20_pruneseed1,snp_rescale,simulation_noise_prune_rescale,multidlydmintseq,0,1.0,20,0.2,0.5613828855377943,0.5692826696450959,0.9861232661232661,0.9842826649758689,159969.0,0.2552263736724853,159969.0,0.7999992370605469
lowsp_multidlydmintseq_netseed0_snp_rescale_p20_pruneseed2,snp_rescale,simulation_noise_prune_rescale,multidlydmintseq,0,2.0,20,0.2,0.5642842489506573,0.5692826696450959,0.9912197912197912,0.9900551899167184,160004.0,0.3084862530231476,160004.0,0.7999992370605469
lowsp_multidlydmintseq_netseed0_snp_rescale_p30_pruneseed0,snp_rescale,simulation_noise_prune_rescale,multidlydmintseq,0,0.0,30,0.3,0.5570943382709698,0.5692826696450959,0.9785900185900186,0.9757502122855225,148224.0,0.3109596371650696,148224.0,0.7000007629394531
lowsp_multidlydmintseq_netseed0_snp_rescale_p30_pruneseed1,snp_rescale,simulation_noise_prune_rescale,multidlydmintseq,0,1.0,30,0.3,0.5542711260611468,0.5692826696450959,0.9736307736307735,0.9701331762319686,148211.0,0.3398343324661255,148211.0,0.7000007629394531
lowsp_multidlydmintseq_netseed0_snp_rescale_p30_pruneseed2,snp_rescale,simulation_noise_prune_rescale,multidlydmintseq,0,2.0,30,0.3,0.5592597778552053,0.5692826696450959,0.9823938223938222,0.9800585502043382,148188.0,0.3166830539703369,148188.0,0.7000007629394531
lowsp_multidlydmintseq_netseed0_snp_rescale_p40_pruneseed0,snp_rescale,simulation_noise_prune_rescale,multidlydmintseq,0,0.0,40,0.4,0.5510832082371367,0.5692826696450959,0.9680308880308879,0.9637905253710352,134067.0,0.3822490572929382,134067.0,0.5999984741210938
lowsp_multidlydmintseq_netseed0_snp_rescale_p40_pruneseed1,snp_rescale,simulation_noise_prune_rescale,multidlydmintseq,0,1.0,40,0.4,0.5412329003539599,0.5692826696450959,0.9507278707278708,0.9441924468681515,134136.0,0.4151217937469482,134136.0,0.5999984741210938
lowsp_multidlydmintseq_netseed0_snp_rescale_p40_pruneseed2,snp_rescale,simulation_noise_prune_rescale,multidlydmintseq,0,2.0,40,0.4,0.5522619888829914,0.5692826696450959,0.9701015301015301,0.9661358160877441,134224.0,0.397067666053772,134224.0,0.5999984741210938
lowsp_multidlydmintseq_netseed0_snp_rescale_p50_pruneseed0,snp_rescale,simulation_noise_prune_rescale,multidlydmintseq,0,0.0,50,0.5,0.5348896277072065,0.5692826696450959,0.9395852995852995,0.9315719321826579,117254.0,0.6139615774154663,117254.0,0.5
lowsp_multidlydmintseq_netseed0_snp_rescale_p50_pruneseed1,snp_rescale,simulation_noise_prune_rescale,multidlydmintseq,0,1.0,50,0.5,0.5123951064321697,0.5692826696450959,0.9000715000715,0.8868170474560723,117213.0,0.5881028771400452,117213.0,0.5
lowsp_multidlydmintseq_netseed0_snp_rescale_p50_pruneseed2,snp_rescale,simulation_noise_prune_rescale,multidlydmintseq,0,2.0,50,0.5,0.537826810421463,0.5692826696450959,0.9447447447447448,0.9374157228635179,117494.0,0.5542083382606506,117494.0,0.5
lowsp_multidlydmintseq_netseed0_snp_rescale_p60_pruneseed0,snp_rescale,simulation_noise_prune_rescale,multidlydmintseq,0,0.0,60,0.6,0.4463312894622872,0.5692826696450959,0.784024024024024,0.7553771080621852,97376.0,0.8525921702384949,97376.0,0.4000015258789062
lowsp_multidlydmintseq_netseed0_snp_rescale_p60_pruneseed1,snp_rescale,simulation_noise_prune_rescale,multidlydmintseq,0,1.0,60,0.6,0.4658495524215476,0.5692826696450959,0.8183097383097382,0.7942104576642631,97472.0,0.82908695936203,97472.0,0.4000015258789062
lowsp_multidlydmintseq_netseed0_snp_rescale_p60_pruneseed2,snp_rescale,simulation_noise_prune_rescale,multidlydmintseq,0,2.0,60,0.6,0.4631565922167914,0.5692826696450959,0.8135792935792935,0.7888525697562019,97783.0,1.0103425979614258,97783.0,0.4000015258789062
lowsp_multidlydmintseq_netseed0_snp_rescale_p70_pruneseed0,snp_rescale,simulation_noise_prune_rescale,multidlydmintseq,0,0.0,70,0.7,0.3285899894821505,0.5692826696450959,0.5772000572000571,0.5211201419440774,75283.0,1.2839770317077637,75283.0,0.2999992370605469
lowsp_multidlydmintseq_netseed0_snp_rescale_p70_pruneseed1,snp_rescale,simulation_noise_prune_rescale,multidlydmintseq,0,1.0,70,0.7,0.3375610963311266,0.5692826696450959,0.5929586729586728,0.5389689704648857,75490.0,1.2612236738204956,75490.0,0.2999992370605469
lowsp_multidlydmintseq_netseed0_snp_rescale_p70_pruneseed2,snp_rescale,simulation_noise_prune_rescale,multidlydmintseq,0,2.0,70,0.7,0.3279289605564365,0.5692826696450959,0.5760388960388959,0.5198049651057021,75602.0,1.2425888776779177,75602.0,0.2999992370605469
lowsp_multidlydmintseq_netseed0_snp_rescale_p80_pruneseed0,snp_rescale,simulation_noise_prune_rescale,multidlydmintseq,0,0.0,80,0.8,0.1460776236824195,0.5692826696450959,0.2565994565994565,0.1579952817760976,51262.0,1.9698543548583984,51262.0,0.2000007629394531
lowsp_multidlydmintseq_netseed0_snp_rescale_p80_pruneseed1,snp_rescale,simulation_noise_prune_rescale,multidlydmintseq,0,1.0,80,0.8,0.1294086233339954,0.5692826696450959,0.2273187473187472,0.12483079785667194,51352.0,1.919172286987305,51352.0,0.2000007629394531
lowsp_multidlydmintseq_netseed0_snp_rescale_p80_pruneseed2,snp_rescale,simulation_noise_prune_rescale,multidlydmintseq,0,2.0,80,0.8,0.1549705793283555,0.5692826696450959,0.27222079222079215,0.17568862140961033,51430.0,1.7815334796905518,51430.0,0.2000007629394531
lowsp_multidlydmintseq_netseed1_random_p10_pruneseed0,random,random_unstructured,multidlydmintseq,1,0.0,10,0.1,0.1728378981233942,0.6083908341664035,0.28409024005138217,0.19598762216341237,235472.0,0.2820229530334472,,
lowsp_multidlydmintseq_netseed1_random_p10_pruneseed1,random,random_unstructured,multidlydmintseq,1,1.0,10,0.1,0.1975597286850734,0.6083908341664035,0.3247250247544624,0.24162308028923282,235464.0,0.3673337697982788,,
lowsp_multidlydmintseq_netseed1_random_p10_pruneseed2,random,random_unstructured,multidlydmintseq,1,2.0,10,0.1,0.1874977612936629,0.6083908341664035,0.30818636765060076,0.22304911221642137,235468.0,0.1652936339378357,,
lowsp_multidlydmintseq_netseed1_random_p20_pruneseed0,random,random_unstructured,multidlydmintseq,1,0.0,20,0.2,0.0599517416321227,0.6083908341664035,0.09854149383145547,-0.01239546883340262,209302.0,0.1352693289518356,,
lowsp_multidlydmintseq_netseed1_random_p20_pruneseed1,random,random_unstructured,multidlydmintseq,1,1.0,20,0.2,0.0697629739137796,0.6083908341664035,0.11466802258677428,0.005715652785814541,209305.0,0.3592205345630646,,
lowsp_multidlydmintseq_netseed1_random_p20_pruneseed2,random,random_unstructured,multidlydmintseq,1,2.0,20,0.2,0.0674379756233372,0.6083908341664035,0.11084646880937717,0.0014238038524853286,209312.0,0.2023928314447403,,
lowsp_multidlydmintseq_netseed1_random_p30_pruneseed0,random,random_unstructured,multidlydmintseq,1,0.0,30,0.3,0.034751234951823,0.6083908341664035,0.05711991864479347,-0.058914542916085,183150.0,0.1395464241504669,,
lowsp_multidlydmintseq_netseed1_random_p30_pruneseed1,random,random_unstructured,multidlydmintseq,1,1.0,30,0.3,0.0397398867458815,0.6083908341664035,0.06531966708593127,-0.04970570178742902,183143.0,0.1015042215585708,,
lowsp_multidlydmintseq_netseed1_random_p30_pruneseed2,random,random_unstructured,multidlydmintseq,1,2.0,30,0.3,0.036991569438972,0.6083908341664035,0.060802312200604725,-0.054778979798255134,183150.0,0.0535238794982433,,
lowsp_multidlydmintseq_netseed1_random_p40_pruneseed0,random,random_unstructured,multidlydmintseq,1,0.0,40,0.4,0.0377144680670928,0.6083908341664035,0.06199052640029971,-0.053444539373606464,156984.0,0.094566524028778,,
lowsp_multidlydmintseq_netseed1_random_p40_pruneseed1,random,random_unstructured,multidlydmintseq,1,1.0,40,0.4,0.040505117275649,0.6083908341664035,0.0665774613964192,-0.048293118455030676,156972.0,0.1629102081060409,,
lowsp_multidlydmintseq_netseed1_random_p40_pruneseed2,random,random_unstructured,multidlydmintseq,1,2.0,40,0.4,0.0374669892574658,0.6083908341664035,0.0615837503679716,-0.05390137483429711,156984.0,0.1069931387901306,,
lowsp_multidlydmintseq_netseed1_magnitude_p10_pruneseed0,magnitude,l1_unstructured,multidlydmintseq,1,0.0,10,0.1,0.6075897843352426,0.6083908341664035,0.9986833302111487,0.9985212957456595,235930.0,0.1453529447317123,,
lowsp_multidlydmintseq_netseed1_magnitude_p20_pruneseed0,magnitude,l1_unstructured,multidlydmintseq,1,0.0,20,0.2,0.6046884209223796,0.6083908341664035,0.9939144164637247,0.9931655010683538,209715.0,0.1244592741131782,,
lowsp_multidlydmintseq_netseed1_magnitude_p30_pruneseed0,magnitude,l1_unstructured,multidlydmintseq,1,0.0,30,0.3,0.5808718417959147,0.6083908341664035,0.9547675756683704,0.9492010989697959,183501.0,0.1827020347118377,,
lowsp_multidlydmintseq_netseed1_magnitude_p40_pruneseed0,magnitude,l1_unstructured,multidlydmintseq,1,0.0,40,0.4,0.4992233724197892,0.6083908341664035,0.8205635988974228,0.7984814628993503,157286.0,0.1977510899305343,,
lowsp_multidlydmintseq_netseed1_obs_p10_pruneseed0,obs,obs_compensated,multidlydmintseq,1,0.0,10,0.1,0.6083029140629833,0.6083908341664035,0.9998554874621991,0.9998377031915966,235930.0,0.1441521942615509,,
lowsp_multidlydmintseq_netseed1_obs_p20_pruneseed0,obs,obs_compensated,multidlydmintseq,1,0.0,20,0.2,0.6079837966505697,0.6083908341664035,0.9993309604731446,0.9992486258870221,209715.0,0.1093427017331123,,
lowsp_multidlydmintseq_netseed1_obs_p30_pruneseed0,obs,obs_compensated,multidlydmintseq,1,0.0,30,0.3,0.6031514472625913,0.6083908341664035,0.9913881232103192,0.9903283124177494,183501.0,0.1585172861814499,,
lowsp_multidlydmintseq_netseed1_obs_p40_pruneseed0,obs,obs_compensated,multidlydmintseq,1,0.0,40,0.4,0.5845384357385451,0.6083908341664035,0.9607942837262825,0.9559694769795,157286.0,0.2073632776737213,,
lowsp_multidlydmintseq_netseed1_lnp_mask_p10_pruneseed0,lnp_mask,vanilla_mask_only,multidlydmintseq,1,0.0,10,0.1,0.6087425145800838,0.6083908341664035,1.0005780501512027,1.0006491872336127,235469.0,0.132070317864418,,
lowsp_multidlydmintseq_netseed1_lnp_mask_p20_pruneseed0,lnp_mask,vanilla_mask_only,multidlydmintseq,1,0.0,20,0.2,0.607003650312442,0.6083908341664035,0.9977199132924772,0.9974393170229715,209306.0,0.1271071583032608,,
lowsp_multidlydmintseq_netseed1_lnp_mask_p30_pruneseed0,lnp_mask,vanilla_mask_only,multidlydmintseq,1,0.0,30,0.3,0.5863880142104938,0.6083908341664035,0.9638343993363128,0.9593837209488713,183142.0,0.1491010338068008,,
lowsp_multidlydmintseq_netseed1_lnp_mask_p40_pruneseed0,lnp_mask,vanilla_mask_only,multidlydmintseq,1,0.0,40,0.4,0.5156709443595997,0.6083908341664035,0.8475981480985896,0.8288429880565578,156979.0,0.1802413612604141,,
lowsp_multidlydmintseq_netseed1_lnp_rescale_p10_pruneseed0,lnp_rescale,noise_prune,multidlydmintseq,1,0.0,10,0.1,0.5979902115618192,0.6083908341664035,0.9829047020097946,0.9808008886651908,170238.0,0.3147395849227905,170238.0,0.9000015258789062
lowsp_multidlydmintseq_netseed1_lnp_rescale_p10_pruneseed1,lnp_rescale,noise_prune,multidlydmintseq,1,1.0,10,0.1,0.607309742524349,0.6083908341664035,0.9982230310166724,0.9980043503559308,170121.0,0.2371898740530014,170121.0,0.9000015258789062
lowsp_multidlydmintseq_netseed1_lnp_rescale_p10_pruneseed2,lnp_rescale,noise_prune,multidlydmintseq,1,2.0,10,0.1,0.5813993624164352,0.6083908341664035,0.9556346508951749,0.9501748798202151,170094.0,0.2094574123620987,170094.0,0.9000015258789062
lowsp_multidlydmintseq_netseed1_lnp_rescale_p20_pruneseed0,lnp_rescale,noise_prune,multidlydmintseq,1,0.0,20,0.2,0.6020540741199035,0.6083908341664035,0.9895843926459175,0.9883026078091613,160329.0,0.3031781017780304,160329.0,0.7999992370605469
lowsp_multidlydmintseq_netseed1_lnp_rescale_p20_pruneseed1,lnp_rescale,noise_prune,multidlydmintseq,1,1.0,20,0.2,0.5932295007766276,0.6083908341664035,0.9750796157036957,0.9720128170398024,160188.0,0.241264596581459,160188.0,0.7999992370605469
lowsp_multidlydmintseq_netseed1_lnp_rescale_p20_pruneseed2,lnp_rescale,noise_prune,multidlydmintseq,1,2.0,20,0.2,0.5848933724523522,0.6083908341664035,0.9613776861937002,0.9566246752060167,160242.0,0.3200076520442962,160242.0,0.7999992370605469
lowsp_multidlydmintseq_netseed1_lnp_rescale_p30_pruneseed0,lnp_rescale,noise_prune,multidlydmintseq,1,0.0,30,0.3,0.5930894798711808,0.6083908341664035,0.9748494661064575,0.9717543443449379,148310.0,0.3702808022499084,148310.0,0.7000007629394531
lowsp_multidlydmintseq_netseed1_lnp_rescale_p30_pruneseed1,lnp_rescale,noise_prune,multidlydmintseq,1,1.0,30,0.3,0.5610865622262673,0.6083908341664035,0.9222469023469906,0.9126783060861704,148129.0,0.2843443155288696,148129.0,0.7000007629394531
lowsp_multidlydmintseq_netseed1_lnp_rescale_p30_pruneseed2,lnp_rescale,noise_prune,multidlydmintseq,1,2.0,30,0.3,0.5534765888302393,0.6083908341664035,0.9097385393529049,0.8986306156699371,148161.0,0.3470743000507355,148161.0,0.7000007629394531
lowsp_multidlydmintseq_netseed1_lnp_rescale_p40_pruneseed0,lnp_rescale,noise_prune,multidlydmintseq,1,0.0,40,0.4,0.5783286713969853,0.6083908341664035,0.9505874167045788,0.9445065135119105,133875.0,0.4330652952194214,133875.0,0.5999984741210938
lowsp_multidlydmintseq_netseed1_lnp_rescale_p40_pruneseed1,lnp_rescale,noise_prune,multidlydmintseq,1,1.0,40,0.4,0.5458568465338314,0.6083908341664035,0.8972141194101748,0.8845648922749925,133829.0,0.4551975727081299,133829.0,0.5999984741210938
lowsp_multidlydmintseq_netseed1_lnp_rescale_p40_pruneseed2,lnp_rescale,noise_prune,multidlydmintseq,1,2.0,40,0.4,0.5042999443172679,0.6083908341664035,0.8289078598763615,0.8078526008364096,133868.0,0.4341302514076233,133868.0,0.5999984741210938
lowsp_multidlydmintseq_netseed1_snp_mask_p10_pruneseed0,snp_mask,simulation_noise_prune_mask_only,multidlydmintseq,1,0.0,10,0.1,0.613734422674269,0.6083908341664035,1.0087831509085556,1.0098640393551725,235469.0,0.1399431079626083,,
lowsp_multidlydmintseq_netseed1_snp_mask_p10_pruneseed1,snp_mask,simulation_noise_prune_mask_only,multidlydmintseq,1,1.0,10,0.1,0.6138223427776891,0.6083908341664035,1.0089276634463562,1.0100263361635757,235469.0,0.1363444477319717,,
lowsp_multidlydmintseq_netseed1_snp_mask_p10_pruneseed2,snp_mask,simulation_noise_prune_mask_only,multidlydmintseq,1,2.0,10,0.1,0.6137865234762958,0.6083908341664035,1.0088687879679932,1.0099602152416338,235469.0,0.1377671360969543,,
lowsp_multidlydmintseq_netseed1_snp_mask_p20_pruneseed0,snp_mask,simulation_noise_prune_mask_only,multidlydmintseq,1,0.0,20,0.2,0.623584730557446,0.6083908341664035,1.0249739074584525,1.0280472928892357,209306.0,0.175352856516838,,
lowsp_multidlydmintseq_netseed1_snp_mask_p20_pruneseed1,snp_mask,simulation_noise_prune_mask_only,multidlydmintseq,1,1.0,20,0.2,0.6237670833645396,0.6083908341664035,1.0252736371664837,1.0283839084918498,209306.0,0.1658620834350586,,
lowsp_multidlydmintseq_netseed1_snp_mask_p20_pruneseed2,snp_mask,simulation_noise_prune_mask_only,multidlydmintseq,1,2.0,20,0.2,0.6237931337655529,0.6083908341664035,1.0253164556962024,1.0284319964350803,209306.0,0.1779607534408569,,
lowsp_multidlydmintseq_netseed1_snp_mask_p30_pruneseed0,snp_mask,simulation_noise_prune_mask_only,multidlydmintseq,1,0.0,30,0.3,0.6240731755764465,0.6083908341664035,1.0257767548906789,1.028948941824809,183142.0,0.2316122651100158,,
lowsp_multidlydmintseq_netseed1_snp_mask_p30_pruneseed1,snp_mask,simulation_noise_prune_mask_only,multidlydmintseq,1,1.0,30,0.3,0.6237084699622595,0.6083908341664035,1.0251772954746166,1.028275710619581,183142.0,0.2185450047254562,,
lowsp_multidlydmintseq_netseed1_snp_mask_p30_pruneseed2,snp_mask,simulation_noise_prune_mask_only,multidlydmintseq,1,2.0,30,0.3,0.6234805289533926,0.6083908341664035,1.0248026333395777,1.0278549411163134,183142.0,0.2175596952438354,,
lowsp_multidlydmintseq_netseed1_snp_mask_p40_pruneseed0,snp_mask,simulation_noise_prune_mask_only,multidlydmintseq,1,0.0,40,0.4,0.5977297075516856,0.6083908341664035,0.9824765167126074,0.9803200092328851,156979.0,0.2232648134231567,,
lowsp_multidlydmintseq_netseed1_snp_mask_p40_pruneseed1,snp_mask,simulation_noise_prune_mask_only,multidlydmintseq,1,1.0,40,0.4,0.5975799177458588,0.6083908341664035,0.9822303101667247,0.9800435035593092,156979.0,0.2220900207757949,,
lowsp_multidlydmintseq_netseed1_snp_mask_p40_pruneseed2,snp_mask,simulation_noise_prune_mask_only,multidlydmintseq,1,2.0,40,0.4,0.5975147917433254,0.6083908341664035,0.9821232638424278,0.9799232837012328,156979.0,0.2164169996976852,,
lowsp_multidlydmintseq_netseed1_snp_rescale_p10_pruneseed0,snp_rescale,simulation_noise_prune_rescale,multidlydmintseq,1,0.0,10,0.1,0.6129463980436148,0.6083908341664035,1.0074878903845639,1.0084093790724475,171122.0,0.2009857296943664,171122.0,0.9000015258789062
lowsp_multidlydmintseq_netseed1_snp_rescale_p10_pruneseed1,snp_rescale,simulation_noise_prune_rescale,multidlydmintseq,1,1.0,10,0.1,0.610823290361026,0.6083908341664035,1.0039981802124869,1.0044902116991554,170915.0,0.2221230119466781,170915.0,0.9000015258789062
lowsp_multidlydmintseq_netseed1_snp_rescale_p10_pruneseed2,snp_rescale,simulation_noise_prune_rescale,multidlydmintseq,1,2.0,10,0.1,0.5923535560425534,0.6083908341664035,0.9736398426419033,0.970395859948674,171085.0,0.2851938903331756,171085.0,0.9000015258789062
lowsp_multidlydmintseq_netseed1_snp_rescale_p20_pruneseed0,snp_rescale,simulation_noise_prune_rescale,multidlydmintseq,1,0.0,20,0.2,0.6066812765999017,0.6083908341664035,0.997190033987208,0.9968442287254932,161568.0,0.3408414423465729,161568.0,0.7999992370605469
lowsp_multidlydmintseq_netseed1_snp_rescale_p20_pruneseed1,snp_rescale,simulation_noise_prune_rescale,multidlydmintseq,1,1.0,20,0.2,0.6072022846201689,0.6083908341664035,0.9980464045815827,0.9978059875901047,161470.0,0.2744624018669128,161470.0,0.7999992370605469
lowsp_multidlydmintseq_netseed1_snp_rescale_p20_pruneseed2,snp_rescale,simulation_noise_prune_rescale,multidlydmintseq,1,2.0,20,0.2,0.5807415897908479,0.6083908341664035,0.9545534830197768,0.948960659253643,161274.0,0.3581850230693817,161274.0,0.7999992370605469
lowsp_multidlydmintseq_netseed1_snp_rescale_p30_pruneseed0,snp_rescale,simulation_noise_prune_rescale,multidlydmintseq,1,0.0,30,0.3,0.5921418965343198,0.6083908341664035,0.9732919420879386,0.9700051454099257,149876.0,0.3836077451705932,149876.0,0.7000007629394531
lowsp_multidlydmintseq_netseed1_snp_rescale_p30_pruneseed1,snp_rescale,simulation_noise_prune_rescale,multidlydmintseq,1,1.0,30,0.3,0.5929494589657339,0.6083908341664035,0.9746193165092193,0.9714958716500736,149903.0,0.3555274903774261,149903.0,0.7000007629394531
lowsp_multidlydmintseq_netseed1_snp_rescale_p30_pruneseed2,snp_rescale,simulation_noise_prune_rescale,multidlydmintseq,1,2.0,30,0.3,0.5662250038261526,0.6083908341664035,0.9306928573340112,0.9221636528884022,149740.0,0.2776312828063965,149740.0,0.7000007629394531
lowsp_multidlydmintseq_netseed1_snp_rescale_p40_pruneseed0,snp_rescale,simulation_noise_prune_rescale,multidlydmintseq,1,0.0,40,0.4,0.5602496930937131,0.6083908341664035,0.9208713570797763,0.911133480909888,136063.0,0.4379889070987701,136063.0,0.5999984741210938
lowsp_multidlydmintseq_netseed1_snp_rescale_p40_pruneseed1,snp_rescale,simulation_noise_prune_rescale,multidlydmintseq,1,1.0,40,0.4,0.5767200591344103,0.6083908341664035,0.9479433724944468,0.9415370830174221,135861.0,0.3682561814785003,135861.0,0.5999984741210938
lowsp_multidlydmintseq_netseed1_snp_rescale_p40_pruneseed2,snp_rescale,simulation_noise_prune_rescale,multidlydmintseq,1,2.0,40,0.4,0.5504449734123095,0.6083908341664035,0.904755532956887,0.8930343812764784,135888.0,0.3946224749088287,135888.0,0.5999984741210938
lowsp_multidlydmintseq_netseed1_snp_rescale_p50_pruneseed0,snp_rescale,simulation_noise_prune_rescale,multidlydmintseq,1,0.0,50,0.5,0.4997932249419564,0.6083908341664035,0.82150025423502,0.799533386657519,119225.0,0.7255880832672119,119225.0,0.5
lowsp_multidlydmintseq_netseed1_snp_rescale_p50_pruneseed1,snp_rescale,simulation_noise_prune_rescale,multidlydmintseq,1,1.0,50,0.5,0.5196045549126171,0.6083908341664035,0.8540637460861187,0.8361042674843753,118920.0,0.5819273591041565,118920.0,0.5
lowsp_multidlydmintseq_netseed1_snp_rescale_p50_pruneseed2,snp_rescale,simulation_noise_prune_rescale,multidlydmintseq,1,2.0,50,0.5,0.5070873372256974,0.6083908341664035,0.8334894425562662,0.8129980107620817,119292.0,0.5464760661125183,119292.0,0.5
lowsp_multidlydmintseq_netseed1_snp_rescale_p60_pruneseed0,snp_rescale,simulation_noise_prune_rescale,multidlydmintseq,1,0.0,60,0.6,0.4357190073494694,0.6083908341664035,0.7161827280755747,0.6812550792890036,99563.0,0.8186336159706116,99563.0,0.4000015258789062
lowsp_multidlydmintseq_netseed1_snp_rescale_p60_pruneseed1,snp_rescale,simulation_noise_prune_rescale,multidlydmintseq,1,1.0,60,0.6,0.3867019215427048,0.6083908341664035,0.6356143120935585,0.5907716031077634,99124.0,0.8706483244895935,99124.0,0.4000015258789062
lowsp_multidlydmintseq_netseed1_snp_rescale_p60_pruneseed2,snp_rescale,simulation_noise_prune_rescale,multidlydmintseq,1,2.0,60,0.6,0.415923958879442,0.6083908341664035,0.6836459978055504,0.6447142534266667,99306.0,0.8458872437477112,99306.0,0.4000015258789062
lowsp_multidlydmintseq_netseed1_snp_rescale_p70_pruneseed0,snp_rescale,simulation_noise_prune_rescale,multidlydmintseq,1,0.0,70,0.7,0.2435126360726415,0.6083908341664035,0.4002569111783123,0.32645021214797615,76683.0,1.2513980865478516,76683.0,0.2999992370605469
lowsp_multidlydmintseq_netseed1_snp_rescale_p70_pruneseed1,snp_rescale,simulation_noise_prune_rescale,multidlydmintseq,1,1.0,70,0.7,0.2249549816507488,0.6083908341664035,0.369754061069928,0.2921935635890917,76439.0,1.3000315427780151,76439.0,0.2999992370605469
lowsp_multidlydmintseq_netseed1_snp_rescale_p70_pruneseed2,snp_rescale,simulation_noise_prune_rescale,multidlydmintseq,1,2.0,70,0.7,0.2491720856927941,0.6083908341664035,0.4095592367597077,0.33689731781481963,76566.0,1.2847156524658203,76566.0,0.2999992370605469
lowsp_multidlydmintseq_netseed1_snp_rescale_p80_pruneseed0,snp_rescale,simulation_noise_prune_rescale,multidlydmintseq,1,0.0,80,0.8,0.1384741628866449,0.6083908341664035,0.22760724703615484,0.13255361404937344,51994.0,2.1769614219665527,51994.0,0.2000007629394531
lowsp_multidlydmintseq_netseed1_snp_rescale_p80_pruneseed1,snp_rescale,simulation_noise_prune_rescale,multidlydmintseq,1,1.0,80,0.8,0.1027558067972008,0.6083908341664035,0.16889769047555314,0.0666190328873442,51927.0,2.0755817890167236,51927.0,0.2000007629394531
lowsp_multidlydmintseq_netseed1_snp_rescale_p80_pruneseed2,snp_rescale,simulation_noise_prune_rescale,multidlydmintseq,1,2.0,80,0.8,0.1073211395747923,0.6083908341664035,0.1764016378087617,0.07504644493850349,52048.0,1.959961175918579,52048.0,0.2000007629394531
lowsp_multidlydmintseq_netseed2_random_p10_pruneseed0,random,random_unstructured,multidlydmintseq,2,0.0,10,0.1,0.2105849291917537,0.5695985307573829,0.369707641120042,0.2861585689848592,235472.0,0.1707361787557602,,
lowsp_multidlydmintseq_netseed2_random_p10_pruneseed1,random,random_unstructured,multidlydmintseq,2,1.0,10,0.1,0.2133820910005633,0.5695985307573829,0.37461840134459923,0.29172028023945773,235471.0,0.1893464922904968,,
lowsp_multidlydmintseq_netseed2_random_p10_pruneseed2,random,random_unstructured,multidlydmintseq,2,2.0,10,0.1,0.2066122430372162,0.5695985307573829,0.36273310389773716,0.27825951458368303,235469.0,0.2687008380889892,,
lowsp_multidlydmintseq_netseed2_random_p20_pruneseed0,random,random_unstructured,multidlydmintseq,2,0.0,20,0.2,0.0906749333272549,0.5695985307573829,0.15919095368221264,0.04773661876444112,209302.0,0.0518299452960491,,
lowsp_multidlydmintseq_netseed2_random_p20_pruneseed1,random,random_unstructured,multidlydmintseq,2,1.0,20,0.2,0.0855267228269895,0.5695985307573829,0.15015263946216026,0.03750022121668744,209306.0,0.0884742438793182,,
lowsp_multidlydmintseq_netseed2_random_p20_pruneseed2,random,random_unstructured,multidlydmintseq,2,2.0,20,0.2,0.0837259888569409,0.5695985307573829,0.14699123037696787,0.033919748197137806,209305.0,0.2549174726009369,,
lowsp_multidlydmintseq_netseed2_random_p30_pruneseed0,random,random_unstructured,multidlydmintseq,2,0.0,30,0.3,0.0489389346037245,0.5695985307573829,0.08591829501149073,-0.03524877489119387,183150.0,0.1022031158208847,,
lowsp_multidlydmintseq_netseed2_random_p30_pruneseed1,random,random_unstructured,multidlydmintseq,2,1.0,30,0.3,0.047147969534056,0.5695985307573829,0.08277403642766487,-0.038809824006478116,183132.0,0.1227867975831031,,
lowsp_multidlydmintseq_netseed2_random_p30_pruneseed2,random,random_unstructured,multidlydmintseq,2,2.0,30,0.3,0.0472684526387428,0.5695985307573829,0.08298555927784954,-0.03857026252054079,183147.0,0.1556073874235153,,
lowsp_multidlydmintseq_netseed2_random_p40_pruneseed0,random,random_unstructured,multidlydmintseq,2,0.0,40,0.4,0.0400134159565218,0.5695985307573829,0.07024845359646,-0.05299574875481997,156984.0,0.0293993055820465,,
lowsp_multidlydmintseq_netseed2_random_p40_pruneseed1,random,random_unstructured,multidlydmintseq,2,1.0,40,0.4,0.0378577452726662,0.5695985307573829,0.06646390962829131,-0.05728195696267131,156967.0,0.1552983969449997,,
lowsp_multidlydmintseq_netseed2_random_p40_pruneseed2,random,random_unstructured,multidlydmintseq,2,2.0,40,0.4,0.0353992386770303,0.5695985307573829,0.06214770011776662,-0.06217030620274342,156981.0,0.08407773822546,,
lowsp_multidlydmintseq_netseed2_magnitude_p10_pruneseed0,magnitude,l1_unstructured,multidlydmintseq,2,0.0,10,0.1,0.5692110310423091,0.5695985307573829,0.9993196967791358,0.9992295184641474,235930.0,0.3722787797451019,,
lowsp_multidlydmintseq_netseed2_magnitude_p20_pruneseed0,magnitude,l1_unstructured,multidlydmintseq,2,0.0,20,0.2,0.5634929680198765,0.5695985307573829,0.989280936646048,0.987860059834258,209715.0,0.3838726282119751,,
lowsp_multidlydmintseq_netseed2_magnitude_p30_pruneseed0,magnitude,l1_unstructured,multidlydmintseq,2,0.0,30,0.3,0.5425321641045012,0.5695985307573829,0.952481677547707,0.9461828359159213,183501.0,0.3907559216022491,,
lowsp_multidlydmintseq_netseed2_magnitude_p40_pruneseed0,magnitude,l1_unstructured,multidlydmintseq,2,0.0,40,0.4,0.4915222226202144,0.5695985307573829,0.8629274762465554,0.8447576824778684,157286.0,0.3912430703639984,,
lowsp_multidlydmintseq_netseed2_obs_p10_pruneseed0,obs,obs_compensated,multidlydmintseq,2,0.0,10,0.1,0.5696734256602962,0.5695985307573829,1.0001314871771416,1.0001489165993662,235930.0,0.3756949603557586,,
lowsp_multidlydmintseq_netseed2_obs_p20_pruneseed0,obs,obs_compensated,multidlydmintseq,2,0.0,20,0.2,0.5687258423234353,0.5695985307573829,0.9984678885446084,0.9982647978856433,209715.0,0.3768445551395416,,
lowsp_multidlydmintseq_netseed2_obs_p30_pruneseed0,obs,obs_compensated,multidlydmintseq,2,0.0,30,0.3,0.5639944382393837,0.5695985307573829,0.9901613290495193,0.9888571535865376,183501.0,0.3882052302360534,,
lowsp_multidlydmintseq_netseed2_obs_p40_pruneseed0,obs,obs_compensated,multidlydmintseq,2,0.0,40,0.4,0.5495462345773485,0.5695985307573829,0.964795737528727,0.9601291991783256,157286.0,0.3812716901302337,,
lowsp_multidlydmintseq_netseed2_lnp_mask_p10_pruneseed0,lnp_mask,vanilla_mask_only,multidlydmintseq,2,0.0,10,0.1,0.57012930767803,0.5695985307573829,1.00093184390757,1.0010553654650751,235469.0,0.3699525594711303,,
lowsp_multidlydmintseq_netseed2_lnp_mask_p20_pruneseed0,lnp_mask,vanilla_mask_only,multidlydmintseq,2,0.0,20,0.2,0.5670097721566801,0.5695985307573829,0.9954551171379243,0.9948526653697254,209306.0,0.3589908182621002,,
lowsp_multidlydmintseq_netseed2_lnp_mask_p30_pruneseed0,lnp_mask,vanilla_mask_only,multidlydmintseq,2,0.0,30,0.3,0.5528416103055387,0.5695985307573829,0.9705811733229669,0.966681529550449,183142.0,0.3584482669830322,,
lowsp_multidlydmintseq_netseed2_lnp_mask_p40_pruneseed0,lnp_mask,vanilla_mask_only,multidlydmintseq,2,0.0,40,0.4,0.4986144442961019,0.5695985307573829,0.8753787402385064,0.8588594369743946,156979.0,0.345786452293396,,
lowsp_multidlydmintseq_netseed2_lnp_rescale_p10_pruneseed0,lnp_rescale,noise_prune,multidlydmintseq,2,0.0,10,0.1,0.5591523199510252,0.5695985307573829,0.9816603972056115,0.9792293717057596,166279.0,0.3911679685115814,166279.0,0.9000015258789062
lowsp_multidlydmintseq_netseed2_lnp_rescale_p10_pruneseed1,lnp_rescale,noise_prune,multidlydmintseq,2,1.0,10,0.1,0.5613503225365275,0.5695985307573829,0.9855192600130342,0.9835997501654268,166408.0,0.3445207178592682,166408.0,0.9000015258789062
lowsp_multidlydmintseq_netseed2_lnp_rescale_p10_pruneseed2,lnp_rescale,noise_prune,multidlydmintseq,2,2.0,10,0.1,0.5670781544593402,0.5695985307573829,0.9955751706474885,0.9949886326995816,166453.0,0.3703331053256988,166453.0,0.9000015258789062
lowsp_multidlydmintseq_netseed2_lnp_rescale_p20_pruneseed0,lnp_rescale,noise_prune,multidlydmintseq,2,0.0,20,0.2,0.5602952812954864,0.5695985307573829,0.9836670058654714,0.9815019685047867,155935.0,0.3760828375816345,155935.0,0.7999992370605469
lowsp_multidlydmintseq_netseed2_lnp_rescale_p20_pruneseed1,lnp_rescale,noise_prune,multidlydmintseq,2,1.0,20,0.2,0.5493020120678482,0.5695985307573829,0.9643669749945689,0.9596436015716959,155984.0,0.343345582485199,155984.0,0.7999992370605469
lowsp_multidlydmintseq_netseed2_lnp_rescale_p20_pruneseed2,lnp_rescale,noise_prune,multidlydmintseq,2,2.0,20,0.2,0.5625779476842822,0.5695985307573829,0.9876745063514023,0.9860406874680854,156111.0,0.3610904812812805,156111.0,0.7999992370605469
lowsp_multidlydmintseq_netseed2_lnp_rescale_p30_pruneseed0,lnp_rescale,noise_prune,multidlydmintseq,2,0.0,30,0.3,0.5535612526335327,0.5695985307573829,0.971844593590286,0.9681124238313176,143873.0,0.4230449497699737,143873.0,0.7000007629394531
lowsp_multidlydmintseq_netseed2_lnp_rescale_p30_pruneseed1,lnp_rescale,noise_prune,multidlydmintseq,2,1.0,30,0.3,0.5381133648326099,0.5695985307573829,0.9447239340963399,0.9373967565533015,143892.0,0.4131187498569488,143892.0,0.7000007629394531
lowsp_multidlydmintseq_netseed2_lnp_rescale_p30_pruneseed2,lnp_rescale,noise_prune,multidlydmintseq,2,2.0,30,0.3,0.5572832036783166,0.5695985307573829,0.9783789346108551,0.975512931356354,143815.0,0.3464250564575195,143815.0,0.7000007629394531
lowsp_multidlydmintseq_netseed2_lnp_rescale_p40_pruneseed0,lnp_rescale,noise_prune,multidlydmintseq,2,0.0,40,0.4,0.5392270194759311,0.5695985307573829,0.9466790912521009,0.939611081639533,129297.0,0.5355170965194702,129297.0,0.5999984741210938
lowsp_multidlydmintseq_netseed2_lnp_rescale_p40_pruneseed1,lnp_rescale,noise_prune,multidlydmintseq,2,1.0,40,0.4,0.5201353318332644,0.5695985307573829,0.9131612947485165,0.901650298070602,129301.0,0.4838597774505615,129301.0,0.5999984741210938
lowsp_multidlydmintseq_netseed2_lnp_rescale_p40_pruneseed2,lnp_rescale,noise_prune,multidlydmintseq,2,2.0,40,0.4,0.5317310165843365,0.5695985307573829,0.9335189398703422,0.9247064724333791,128926.0,0.5359265208244324,128926.0,0.5999984741210938
lowsp_multidlydmintseq_netseed2_snp_mask_p10_pruneseed0,snp_mask,simulation_noise_prune_mask_only,multidlydmintseq,2,0.0,10,0.1,0.5748346613610683,0.5695985307573829,1.0091926687323491,1.0104112126861402,235469.0,0.3734227418899536,,
lowsp_multidlydmintseq_netseed2_snp_mask_p10_pruneseed1,snp_mask,simulation_noise_prune_mask_only,multidlydmintseq,2,1.0,10,0.1,0.5748639680622084,0.5695985307573829,1.0092441202364484,1.010469484398936,235469.0,0.3736350834369659,,
lowsp_multidlydmintseq_netseed2_snp_mask_p10_pruneseed2,snp_mask,simulation_noise_prune_mask_only,multidlydmintseq,2,2.0,10,0.1,0.5747727916586616,0.5695985307573829,1.0090840488903625,1.010288194625794,235469.0,0.3728334605693817,,
lowsp_multidlydmintseq_netseed2_snp_mask_p20_pruneseed0,snp_mask,simulation_noise_prune_mask_only,multidlydmintseq,2,0.0,20,0.2,0.5813895935160552,0.5695985307573829,1.0207006551491522,1.0234446524480811,209306.0,0.3858700096607208,,
lowsp_multidlydmintseq_netseed2_snp_mask_p20_pruneseed1,snp_mask,simulation_noise_prune_mask_only,multidlydmintseq,2,1.0,20,0.2,0.5814710010192219,0.5695985307573829,1.0208435759938714,1.0236065183169574,209306.0,0.3859614133834839,,
lowsp_multidlydmintseq_netseed2_snp_mask_p20_pruneseed2,snp_mask,simulation_noise_prune_mask_only,multidlydmintseq,2,2.0,20,0.2,0.581510076620742,0.5695985307573829,1.0209121779993366,1.023684213934018,209306.0,0.3854274153709411,,
lowsp_multidlydmintseq_netseed2_snp_mask_p30_pruneseed0,snp_mask,simulation_noise_prune_mask_only,multidlydmintseq,2,0.0,30,0.3,0.5827311891682433,0.5695985307573829,1.0230559906701273,1.0261122019671667,183142.0,0.3941388428211212,,
lowsp_multidlydmintseq_netseed2_snp_mask_p30_pruneseed1,snp_mask,simulation_noise_prune_mask_only,multidlydmintseq,2,1.0,30,0.3,0.5826074497634298,0.5695985307573829,1.0228387509861538,1.0258661658464743,183142.0,0.3962752819061279,,
lowsp_multidlydmintseq_netseed2_snp_mask_p30_pruneseed2,snp_mask,simulation_noise_prune_mask_only,multidlydmintseq,2,2.0,30,0.3,0.5828777226739434,0.5695985307573829,1.0233132481906222,1.0264035605311446,183142.0,0.3928753137588501,,
lowsp_multidlydmintseq_netseed2_snp_mask_p40_pruneseed0,snp_mask,simulation_noise_prune_mask_only,multidlydmintseq,2,0.0,40,0.4,0.5693673334483893,0.5695985307573829,0.999594104800997,0.9995403009323905,156979.0,0.3414076864719391,,
lowsp_multidlydmintseq_netseed2_snp_mask_p40_pruneseed1,snp_mask,simulation_noise_prune_mask_only,multidlydmintseq,2,1.0,40,0.4,0.5684751072136817,0.5695985307573829,0.9980276923428728,0.9977662510095034,156979.0,0.3445974588394165,,
lowsp_multidlydmintseq_netseed2_snp_mask_p40_pruneseed2,snp_mask,simulation_noise_prune_mask_only,multidlydmintseq,2,2.0,40,0.4,0.5699762615720766,0.5695985307573829,1.0006631527194978,1.0007510576315872,156979.0,0.3370929062366485,,
lowsp_multidlydmintseq_netseed2_snp_rescale_p10_pruneseed0,snp_rescale,simulation_noise_prune_rescale,multidlydmintseq,2,0.0,10,0.1,0.5516367792586707,0.5695985307573829,0.9684659448211203,0.9642859146910757,173064.0,0.3740050196647644,173064.0,0.9000015258789062
lowsp_multidlydmintseq_netseed2_snp_rescale_p10_pruneseed1,snp_rescale,simulation_noise_prune_rescale,multidlydmintseq,2,1.0,10,0.1,0.5720277306518787,0.5695985307573829,1.0042647580064257,1.0048300775272765,173225.0,0.402880311012268,173225.0,0.9000015258789062
lowsp_multidlydmintseq_netseed2_snp_rescale_p10_pruneseed2,snp_rescale,simulation_noise_prune_rescale,multidlydmintseq,2,2.0,10,0.1,0.5610051547231005,0.5695985307573829,0.9849132756314243,0.9829134388813903,173355.0,0.3710547983646393,173355.0,0.9000015258789062
lowsp_multidlydmintseq_netseed2_snp_rescale_p20_pruneseed0,snp_rescale,simulation_noise_prune_rescale,multidlydmintseq,2,0.0,20,0.2,0.5428382563164081,0.5695985307573829,0.9530190599238517,0.946791451582897,163426.0,0.3666718900203705,163426.0,0.7999992370605469
lowsp_multidlydmintseq_netseed2_snp_rescale_p20_pruneseed1,snp_rescale,simulation_noise_prune_rescale,multidlydmintseq,2,1.0,20,0.2,0.5661761593242526,0.5695985307573829,0.993991607687998,0.9931951588724294,163620.0,0.389228880405426,163620.0,0.7999992370605469
lowsp_multidlydmintseq_netseed2_snp_rescale_p20_pruneseed2,snp_rescale,simulation_noise_prune_rescale,multidlydmintseq,2,2.0,20,0.2,0.5555150327095347,0.5695985307573829,0.9752746938635505,0.9719972046843549,163515.0,0.4257312715053558,163515.0,0.7999992370605469
lowsp_multidlydmintseq_netseed2_snp_rescale_p30_pruneseed0,snp_rescale,simulation_noise_prune_rescale,multidlydmintseq,2,0.0,30,0.3,0.5245573874052823,0.5695985307573829,0.9209247550336721,0.9104428520679767,151736.0,0.4489122927188873,151736.0,0.7000007629394531
lowsp_multidlydmintseq_netseed2_snp_rescale_p30_pruneseed1,snp_rescale,simulation_noise_prune_rescale,multidlydmintseq,2,1.0,30,0.3,0.5639553626378636,0.5695985307573829,0.9900927270440539,0.9887794579694769,151873.0,0.4204260408878326,151873.0,0.7000007629394531
lowsp_multidlydmintseq_netseed2_snp_rescale_p30_pruneseed2,snp_rescale,simulation_noise_prune_rescale,multidlydmintseq,2,2.0,30,0.3,0.544231952770623,0.5695985307573829,0.9554658647854473,0.9495625952580639,151926.0,0.4598883986473083,151926.0,0.7000007629394531
lowsp_multidlydmintseq_netseed2_snp_rescale_p40_pruneseed0,snp_rescale,simulation_noise_prune_rescale,multidlydmintseq,2,0.0,40,0.4,0.5140460505963914,0.5695985307573829,0.9024708155635084,0.8895427310786354,137825.0,0.4504334628582001,137825.0,0.5999984741210938
lowsp_multidlydmintseq_netseed2_snp_rescale_p40_pruneseed1,snp_rescale,simulation_noise_prune_rescale,multidlydmintseq,2,1.0,40,0.4,0.5453879393155908,0.5695985307573829,0.9574953407804621,0.9518610905961109,137787.0,0.545812726020813,137787.0,0.5999984741210938
lowsp_multidlydmintseq_netseed2_snp_rescale_p40_pruneseed2,snp_rescale,simulation_noise_prune_rescale,multidlydmintseq,2,2.0,40,0.4,0.5218676835006529,0.5695985307573829,0.9162026503241445,0.9050948037602953,137942.0,0.5573859810829163,137942.0,0.5999984741210938
lowsp_multidlydmintseq_netseed2_snp_rescale_p50_pruneseed0,snp_rescale,simulation_noise_prune_rescale,multidlydmintseq,2,0.0,50,0.5,0.4679368408027431,0.5695985307573829,0.8215204491144624,0.7978619029469516,120831.0,0.6057811379432678,120831.0,0.5
lowsp_multidlydmintseq_netseed2_snp_rescale_p50_pruneseed1,snp_rescale,simulation_noise_prune_rescale,multidlydmintseq,2,1.0,50,0.5,0.5159379609699867,0.5695985307573829,0.9057922959947862,0.8933044938713265,120645.0,0.5828349590301514,120645.0,0.5
lowsp_multidlydmintseq_netseed2_snp_rescale_p50_pruneseed2,snp_rescale,simulation_noise_prune_rescale,multidlydmintseq,2,2.0,50,0.5,0.4842020599354601,0.5695985307573829,0.8500760338893907,0.8302027035484882,120751.0,0.6929486989974976,120751.0,0.5
lowsp_multidlydmintseq_netseed2_snp_rescale_p60_pruneseed0,snp_rescale,simulation_noise_prune_rescale,multidlydmintseq,2,0.0,60,0.6,0.3915538087314432,0.5695985307573829,0.6874206789311808,0.6459863954974527,100362.0,0.8852507472038269,100362.0,0.4000015258789062
lowsp_multidlydmintseq_netseed2_snp_rescale_p60_pruneseed1,snp_rescale,simulation_noise_prune_rescale,multidlydmintseq,2,1.0,60,0.6,0.4514046050596391,0.5695985307573829,0.7924960839688545,0.7649901822954996,100555.0,0.8070464134216309,100555.0,0.4000015258789062
lowsp_multidlydmintseq_netseed2_snp_rescale_p60_pruneseed2,snp_rescale,simulation_noise_prune_rescale,multidlydmintseq,2,2.0,60,0.6,0.4120359365281979,0.5695985307573829,0.7233795634625718,0.6867118481067952,100414.0,0.9963615536689758,100414.0,0.4000015258789062
lowsp_multidlydmintseq_netseed2_snp_rescale_p70_pruneseed0,snp_rescale,simulation_noise_prune_rescale,multidlydmintseq,2,0.0,70,0.7,0.2569220799942689,0.5695985307573829,0.45105818593430214,0.37829262154939736,77149.0,1.205461859703064,77149.0,0.2999992370605469
lowsp_multidlydmintseq_netseed2_snp_rescale_p70_pruneseed1,snp_rescale,simulation_noise_prune_rescale,multidlydmintseq,2,1.0,70,0.7,0.3195602692308945,0.5695985307573829,0.561027200695167,0.5028386956977778,77124.0,1.2043238878250122,77124.0,0.2999992370605469
lowsp_multidlydmintseq_netseed2_snp_rescale_p70_pruneseed2,snp_rescale,simulation_noise_prune_rescale,multidlydmintseq,2,2.0,70,0.7,0.2780554678163577,0.5695985307573829,0.48816043722344815,0.4203130011097524,77294.0,1.16448974609375,77294.0,0.2999992370605469
lowsp_multidlydmintseq_netseed2_snp_rescale_p80_pruneseed0,snp_rescale,simulation_noise_prune_rescale,multidlydmintseq,2,0.0,80,0.8,0.1284317332959944,0.5695985307573829,0.22547764146305202,0.12281000874938969,52136.0,1.95638108253479,52136.0,0.2000007629394531
lowsp_multidlydmintseq_netseed2_snp_rescale_p80_pruneseed1,snp_rescale,simulation_noise_prune_rescale,multidlydmintseq,2,1.0,80,0.8,0.1702719336235782,0.5695985307573829,0.29893323881501466,0.20600259071718663,52171.0,1.767082929611206,52171.0,0.2000007629394531
lowsp_multidlydmintseq_netseed2_snp_rescale_p80_pruneseed2,snp_rescale,simulation_noise_prune_rescale,multidlydmintseq,2,2.0,80,0.8,0.1144296427513131,0.5695985307573829,0.20089525617132206,0.09496907930262138,52181.0,1.9169126749038696,52181.0,0.2000007629394531
